time_s,component,type,terminal_a,terminal_b,value,unit,closed,initial_value,initial_unit,voltage_a_minus_b_V,current_a_to_b_A,power_absorbed_W,stored_energy_J,voltage_known,current_known,method,relative_local_tolerance,absolute_state_tolerance,window_s,source_waveform,source_amplitude,source_frequency_Hz,source_phase_deg,pulse_width_percent,pulse_edge_percent,initial_switch_closed,switch_timing_enabled,switch_schedule_s,time_side,switch_events,diode_model,diode_Is_A,diode_emission,diode_thermal_voltage_V,nonlinear_iterations,controlled_source_kind,control_positive,control_negative,sense_source_id,control_gain,control_value,control_unit,opamp_model,opamp_lower_V,opamp_upper_V,opamp_region,opamp_unlimited_output_V,opamp_headroom_V,opamp_regions_checked,opamp_timing_enabled,opamp_gbw_Hz,opamp_slew_V_per_us,opamp_starting_output_V,opamp_timing_active,opamp_local_slope_V_per_s,opamp_step_slope_V_per_s,zener_knee_V,zener_slope_resistance_ohm,zener_region,diode_series_resistance_ohm,diode_junction_voltage_V,diode_series_voltage_V,diode_junction_power_W,diode_series_power_W,requested_integration,integration_restart
0,V1,voltage,A,0,5,V,,0,,5,-0.05,-0.25,0,true,true,initial_constraints,0.00002,,0.008,dc,5,10,0,50,2,,,,,,,,,,0,,,,,,,,,,,,,,,,,,,,,,,,,,,,,,trapezoidal,
0,S2,switch,A,B,0,,true,0,,0,0.05,0,0,true,true,initial_constraints,0.00002,,0.008,,,,,,,true,true,1@0.003=open,,,,,,,0,,,,,,,,,,,,,,,,,,,,,,,,,,,,,,trapezoidal,
0,R3,resistor,B,0,100,Ω,,0,,5,0.05,0.25,0,true,true,initial_constraints,0.00002,,0.008,,,,,,,,,,,,,,,,0,,,,,,,,,,,,,,,,,,,,,,,,,,,,,,trapezoidal,
0,L4,inductor,B,0,100,mH,,0,A,5,0,0,0,true,true,initial_constraints,0.00002,1e-10,0.008,,,,,,,,,,,,,,,,0,,,,,,,,,,,,,,,,,,,,,,,,,,,,,,trapezoidal,
0.00004,V1,voltage,A,0,5,V,,0,,5,-0.052,-0.26,0,true,true,backward_euler_step_doubling,0.00002,,0.008,dc,5,10,0,50,2,,,,,,,,,,0,,,,,,,,,,,,,,,,,,,,,,,,,,,,,,trapezoidal,startup
0.00004,S2,switch,A,B,0,,true,0,,0,0.052,0,0,true,true,backward_euler_step_doubling,0.00002,,0.008,,,,,,,true,true,1@0.003=open,,,,,,,0,,,,,,,,,,,,,,,,,,,,,,,,,,,,,,trapezoidal,startup
0.00004,R3,resistor,B,0,100,Ω,,0,,5,0.05,0.25,0,true,true,backward_euler_step_doubling,0.00002,,0.008,,,,,,,,,,,,,,,,0,,,,,,,,,,,,,,,,,,,,,,,,,,,,,,trapezoidal,startup
0.00004,L4,inductor,B,0,100,mH,,0,A,5,0.002,0.01,2.0000000000000002e-7,true,true,backward_euler_step_doubling,0.00002,1e-10,0.008,,,,,,,,,,,,,,,,0,,,,,,,,,,,,,,,,,,,,,,,,,,,,,,trapezoidal,startup
0.00008,V1,voltage,A,0,5,V,,0,,5,-0.054,-0.27,0,true,true,backward_euler_step_doubling,0.00002,,0.008,dc,5,10,0,50,2,,,,,,,,,,0,,,,,,,,,,,,,,,,,,,,,,,,,,,,,,trapezoidal,startup
0.00008,S2,switch,A,B,0,,true,0,,0,0.054,0,0,true,true,backward_euler_step_doubling,0.00002,,0.008,,,,,,,true,true,1@0.003=open,,,,,,,0,,,,,,,,,,,,,,,,,,,,,,,,,,,,,,trapezoidal,startup
0.00008,R3,resistor,B,0,100,Ω,,0,,5,0.05,0.25,0,true,true,backward_euler_step_doubling,0.00002,,0.008,,,,,,,,,,,,,,,,0,,,,,,,,,,,,,,,,,,,,,,,,,,,,,,trapezoidal,startup
0.00008,L4,inductor,B,0,100,mH,,0,A,5,0.004,0.02,8.000000000000001e-7,true,true,backward_euler_step_doubling,0.00002,1e-10,0.008,,,,,,,,,,,,,,,,0,,,,,,,,,,,,,,,,,,,,,,,,,,,,,,trapezoidal,startup
0.00012000000000000002,V1,voltage,A,0,5,V,,0,,5,-0.056,-0.28,0,true,true,trapezoidal_step_doubling,0.00002,,0.008,dc,5,10,0,50,2,,,,,,,,,,0,,,,,,,,,,,,,,,,,,,,,,,,,,,,,,trapezoidal,
0.00012000000000000002,S2,switch,A,B,0,,true,0,,0,0.056,0,0,true,true,trapezoidal_step_doubling,0.00002,,0.008,,,,,,,true,true,1@0.003=open,,,,,,,0,,,,,,,,,,,,,,,,,,,,,,,,,,,,,,trapezoidal,
0.00012000000000000002,R3,resistor,B,0,100,Ω,,0,,5,0.05,0.25,0,true,true,trapezoidal_step_doubling,0.00002,,0.008,,,,,,,,,,,,,,,,0,,,,,,,,,,,,,,,,,,,,,,,,,,,,,,trapezoidal,
0.00012000000000000002,L4,inductor,B,0,100,mH,,0,A,5,0.006,0.03,0.0000018000000000000001,true,true,trapezoidal_step_doubling,0.00002,1e-10,0.008,,,,,,,,,,,,,,,,0,,,,,,,,,,,,,,,,,,,,,,,,,,,,,,trapezoidal,
0.00016,V1,voltage,A,0,5,V,,0,,5,-0.058,-0.29000000000000004,0,true,true,trapezoidal_step_doubling,0.00002,,0.008,dc,5,10,0,50,2,,,,,,,,,,0,,,,,,,,,,,,,,,,,,,,,,,,,,,,,,trapezoidal,
0.00016,S2,switch,A,B,0,,true,0,,0,0.058,0,0,true,true,trapezoidal_step_doubling,0.00002,,0.008,,,,,,,true,true,1@0.003=open,,,,,,,0,,,,,,,,,,,,,,,,,,,,,,,,,,,,,,trapezoidal,
0.00016,R3,resistor,B,0,100,Ω,,0,,5,0.05,0.25,0,true,true,trapezoidal_step_doubling,0.00002,,0.008,,,,,,,,,,,,,,,,0,,,,,,,,,,,,,,,,,,,,,,,,,,,,,,trapezoidal,
0.00016,L4,inductor,B,0,100,mH,,0,A,5,0.008,0.04,0.0000032000000000000003,true,true,trapezoidal_step_doubling,0.00002,1e-10,0.008,,,,,,,,,,,,,,,,0,,,,,,,,,,,,,,,,,,,,,,,,,,,,,,trapezoidal,
0.00020000000000000004,V1,voltage,A,0,5,V,,0,,5,-0.060000000000000005,-0.30000000000000004,0,true,true,trapezoidal_step_doubling,0.00002,,0.008,dc,5,10,0,50,2,,,,,,,,,,0,,,,,,,,,,,,,,,,,,,,,,,,,,,,,,trapezoidal,
0.00020000000000000004,S2,switch,A,B,0,,true,0,,0,0.060000000000000005,0,0,true,true,trapezoidal_step_doubling,0.00002,,0.008,,,,,,,true,true,1@0.003=open,,,,,,,0,,,,,,,,,,,,,,,,,,,,,,,,,,,,,,trapezoidal,
0.00020000000000000004,R3,resistor,B,0,100,Ω,,0,,5,0.05,0.25,0,true,true,trapezoidal_step_doubling,0.00002,,0.008,,,,,,,,,,,,,,,,0,,,,,,,,,,,,,,,,,,,,,,,,,,,,,,trapezoidal,
0.00020000000000000004,L4,inductor,B,0,100,mH,,0,A,5,0.01,0.05,0.000005,true,true,trapezoidal_step_doubling,0.00002,1e-10,0.008,,,,,,,,,,,,,,,,0,,,,,,,,,,,,,,,,,,,,,,,,,,,,,,trapezoidal,
0.00024000000000000003,V1,voltage,A,0,5,V,,0,,5,-0.062000000000000006,-0.31000000000000005,0,true,true,trapezoidal_step_doubling,0.00002,,0.008,dc,5,10,0,50,2,,,,,,,,,,0,,,,,,,,,,,,,,,,,,,,,,,,,,,,,,trapezoidal,
0.00024000000000000003,S2,switch,A,B,0,,true,0,,0,0.062000000000000006,0,0,true,true,trapezoidal_step_doubling,0.00002,,0.008,,,,,,,true,true,1@0.003=open,,,,,,,0,,,,,,,,,,,,,,,,,,,,,,,,,,,,,,trapezoidal,
0.00024000000000000003,R3,resistor,B,0,100,Ω,,0,,5,0.05,0.25,0,true,true,trapezoidal_step_doubling,0.00002,,0.008,,,,,,,,,,,,,,,,0,,,,,,,,,,,,,,,,,,,,,,,,,,,,,,trapezoidal,
0.00024000000000000003,L4,inductor,B,0,100,mH,,0,A,5,0.012,0.06,0.0000072000000000000005,true,true,trapezoidal_step_doubling,0.00002,1e-10,0.008,,,,,,,,,,,,,,,,0,,,,,,,,,,,,,,,,,,,,,,,,,,,,,,trapezoidal,
0.00028000000000000003,V1,voltage,A,0,5,V,,0,,5,-0.064,-0.32,0,true,true,trapezoidal_step_doubling,0.00002,,0.008,dc,5,10,0,50,2,,,,,,,,,,0,,,,,,,,,,,,,,,,,,,,,,,,,,,,,,trapezoidal,
0.00028000000000000003,S2,switch,A,B,0,,true,0,,0,0.064,0,0,true,true,trapezoidal_step_doubling,0.00002,,0.008,,,,,,,true,true,1@0.003=open,,,,,,,0,,,,,,,,,,,,,,,,,,,,,,,,,,,,,,trapezoidal,
0.00028000000000000003,R3,resistor,B,0,100,Ω,,0,,5,0.05,0.25,0,true,true,trapezoidal_step_doubling,0.00002,,0.008,,,,,,,,,,,,,,,,0,,,,,,,,,,,,,,,,,,,,,,,,,,,,,,trapezoidal,
0.00028000000000000003,L4,inductor,B,0,100,mH,,0,A,5,0.014,0.07,0.000009800000000000001,true,true,trapezoidal_step_doubling,0.00002,1e-10,0.008,,,,,,,,,,,,,,,,0,,,,,,,,,,,,,,,,,,,,,,,,,,,,,,trapezoidal,
0.00032,V1,voltage,A,0,5,V,,0,,5,-0.066,-0.33,0,true,true,trapezoidal_step_doubling,0.00002,,0.008,dc,5,10,0,50,2,,,,,,,,,,0,,,,,,,,,,,,,,,,,,,,,,,,,,,,,,trapezoidal,
0.00032,S2,switch,A,B,0,,true,0,,0,0.066,0,0,true,true,trapezoidal_step_doubling,0.00002,,0.008,,,,,,,true,true,1@0.003=open,,,,,,,0,,,,,,,,,,,,,,,,,,,,,,,,,,,,,,trapezoidal,
0.00032,R3,resistor,B,0,100,Ω,,0,,5,0.05,0.25,0,true,true,trapezoidal_step_doubling,0.00002,,0.008,,,,,,,,,,,,,,,,0,,,,,,,,,,,,,,,,,,,,,,,,,,,,,,trapezoidal,
0.00032,L4,inductor,B,0,100,mH,,0,A,5,0.016,0.08,0.000012800000000000001,true,true,trapezoidal_step_doubling,0.00002,1e-10,0.008,,,,,,,,,,,,,,,,0,,,,,,,,,,,,,,,,,,,,,,,,,,,,,,trapezoidal,
0.00036,V1,voltage,A,0,5,V,,0,,5,-0.068,-0.34,0,true,true,trapezoidal_step_doubling,0.00002,,0.008,dc,5,10,0,50,2,,,,,,,,,,0,,,,,,,,,,,,,,,,,,,,,,,,,,,,,,trapezoidal,
0.00036,S2,switch,A,B,0,,true,0,,0,0.068,0,0,true,true,trapezoidal_step_doubling,0.00002,,0.008,,,,,,,true,true,1@0.003=open,,,,,,,0,,,,,,,,,,,,,,,,,,,,,,,,,,,,,,trapezoidal,
0.00036,R3,resistor,B,0,100,Ω,,0,,5,0.05,0.25,0,true,true,trapezoidal_step_doubling,0.00002,,0.008,,,,,,,,,,,,,,,,0,,,,,,,,,,,,,,,,,,,,,,,,,,,,,,trapezoidal,
0.00036,L4,inductor,B,0,100,mH,,0,A,5,0.018000000000000002,0.09000000000000001,0.000016200000000000004,true,true,trapezoidal_step_doubling,0.00002,1e-10,0.008,,,,,,,,,,,,,,,,0,,,,,,,,,,,,,,,,,,,,,,,,,,,,,,trapezoidal,
0.0004,V1,voltage,A,0,5,V,,0,,5,-0.07,-0.35000000000000003,0,true,true,trapezoidal_step_doubling,0.00002,,0.008,dc,5,10,0,50,2,,,,,,,,,,0,,,,,,,,,,,,,,,,,,,,,,,,,,,,,,trapezoidal,
0.0004,S2,switch,A,B,0,,true,0,,0,0.07,0,0,true,true,trapezoidal_step_doubling,0.00002,,0.008,,,,,,,true,true,1@0.003=open,,,,,,,0,,,,,,,,,,,,,,,,,,,,,,,,,,,,,,trapezoidal,
0.0004,R3,resistor,B,0,100,Ω,,0,,5,0.05,0.25,0,true,true,trapezoidal_step_doubling,0.00002,,0.008,,,,,,,,,,,,,,,,0,,,,,,,,,,,,,,,,,,,,,,,,,,,,,,trapezoidal,
0.0004,L4,inductor,B,0,100,mH,,0,A,5,0.020000000000000004,0.10000000000000002,0.00002000000000000001,true,true,trapezoidal_step_doubling,0.00002,1e-10,0.008,,,,,,,,,,,,,,,,0,,,,,,,,,,,,,,,,,,,,,,,,,,,,,,trapezoidal,
0.00044,V1,voltage,A,0,5,V,,0,,5,-0.07200000000000001,-0.36000000000000004,0,true,true,trapezoidal_step_doubling,0.00002,,0.008,dc,5,10,0,50,2,,,,,,,,,,0,,,,,,,,,,,,,,,,,,,,,,,,,,,,,,trapezoidal,
0.00044,S2,switch,A,B,0,,true,0,,0,0.07200000000000001,0,0,true,true,trapezoidal_step_doubling,0.00002,,0.008,,,,,,,true,true,1@0.003=open,,,,,,,0,,,,,,,,,,,,,,,,,,,,,,,,,,,,,,trapezoidal,
0.00044,R3,resistor,B,0,100,Ω,,0,,5,0.05,0.25,0,true,true,trapezoidal_step_doubling,0.00002,,0.008,,,,,,,,,,,,,,,,0,,,,,,,,,,,,,,,,,,,,,,,,,,,,,,trapezoidal,
0.00044,L4,inductor,B,0,100,mH,,0,A,5,0.022000000000000006,0.11000000000000003,0.000024200000000000012,true,true,trapezoidal_step_doubling,0.00002,1e-10,0.008,,,,,,,,,,,,,,,,0,,,,,,,,,,,,,,,,,,,,,,,,,,,,,,trapezoidal,
0.00048,V1,voltage,A,0,5,V,,0,,5,-0.07400000000000001,-0.37000000000000005,0,true,true,trapezoidal_step_doubling,0.00002,,0.008,dc,5,10,0,50,2,,,,,,,,,,0,,,,,,,,,,,,,,,,,,,,,,,,,,,,,,trapezoidal,
0.00048,S2,switch,A,B,0,,true,0,,0,0.07400000000000001,0,0,true,true,trapezoidal_step_doubling,0.00002,,0.008,,,,,,,true,true,1@0.003=open,,,,,,,0,,,,,,,,,,,,,,,,,,,,,,,,,,,,,,trapezoidal,
0.00048,R3,resistor,B,0,100,Ω,,0,,5,0.05,0.25,0,true,true,trapezoidal_step_doubling,0.00002,,0.008,,,,,,,,,,,,,,,,0,,,,,,,,,,,,,,,,,,,,,,,,,,,,,,trapezoidal,
0.00048,L4,inductor,B,0,100,mH,,0,A,5,0.024000000000000007,0.12000000000000004,0.000028800000000000022,true,true,trapezoidal_step_doubling,0.00002,1e-10,0.008,,,,,,,,,,,,,,,,0,,,,,,,,,,,,,,,,,,,,,,,,,,,,,,trapezoidal,
0.0005200000000000001,V1,voltage,A,0,5,V,,0,,5,-0.07600000000000001,-0.38000000000000006,0,true,true,trapezoidal_step_doubling,0.00002,,0.008,dc,5,10,0,50,2,,,,,,,,,,0,,,,,,,,,,,,,,,,,,,,,,,,,,,,,,trapezoidal,
0.0005200000000000001,S2,switch,A,B,0,,true,0,,0,0.07600000000000001,0,0,true,true,trapezoidal_step_doubling,0.00002,,0.008,,,,,,,true,true,1@0.003=open,,,,,,,0,,,,,,,,,,,,,,,,,,,,,,,,,,,,,,trapezoidal,
0.0005200000000000001,R3,resistor,B,0,100,Ω,,0,,5,0.05,0.25,0,true,true,trapezoidal_step_doubling,0.00002,,0.008,,,,,,,,,,,,,,,,0,,,,,,,,,,,,,,,,,,,,,,,,,,,,,,trapezoidal,
0.0005200000000000001,L4,inductor,B,0,100,mH,,0,A,5,0.02600000000000001,0.13000000000000006,0.00003380000000000003,true,true,trapezoidal_step_doubling,0.00002,1e-10,0.008,,,,,,,,,,,,,,,,0,,,,,,,,,,,,,,,,,,,,,,,,,,,,,,trapezoidal,
0.0005600000000000001,V1,voltage,A,0,5,V,,0,,5,-0.07800000000000001,-0.39000000000000007,0,true,true,trapezoidal_step_doubling,0.00002,,0.008,dc,5,10,0,50,2,,,,,,,,,,0,,,,,,,,,,,,,,,,,,,,,,,,,,,,,,trapezoidal,
0.0005600000000000001,S2,switch,A,B,0,,true,0,,0,0.07800000000000001,0,0,true,true,trapezoidal_step_doubling,0.00002,,0.008,,,,,,,true,true,1@0.003=open,,,,,,,0,,,,,,,,,,,,,,,,,,,,,,,,,,,,,,trapezoidal,
0.0005600000000000001,R3,resistor,B,0,100,Ω,,0,,5,0.05,0.25,0,true,true,trapezoidal_step_doubling,0.00002,,0.008,,,,,,,,,,,,,,,,0,,,,,,,,,,,,,,,,,,,,,,,,,,,,,,trapezoidal,
0.0005600000000000001,L4,inductor,B,0,100,mH,,0,A,5,0.02800000000000001,0.14000000000000007,0.00003920000000000003,true,true,trapezoidal_step_doubling,0.00002,1e-10,0.008,,,,,,,,,,,,,,,,0,,,,,,,,,,,,,,,,,,,,,,,,,,,,,,trapezoidal,
0.0006000000000000001,V1,voltage,A,0,5,V,,0,,5,-0.08000000000000002,-0.4000000000000001,0,true,true,trapezoidal_step_doubling,0.00002,,0.008,dc,5,10,0,50,2,,,,,,,,,,0,,,,,,,,,,,,,,,,,,,,,,,,,,,,,,trapezoidal,
0.0006000000000000001,S2,switch,A,B,0,,true,0,,0,0.08000000000000002,0,0,true,true,trapezoidal_step_doubling,0.00002,,0.008,,,,,,,true,true,1@0.003=open,,,,,,,0,,,,,,,,,,,,,,,,,,,,,,,,,,,,,,trapezoidal,
0.0006000000000000001,R3,resistor,B,0,100,Ω,,0,,5,0.05,0.25,0,true,true,trapezoidal_step_doubling,0.00002,,0.008,,,,,,,,,,,,,,,,0,,,,,,,,,,,,,,,,,,,,,,,,,,,,,,trapezoidal,
0.0006000000000000001,L4,inductor,B,0,100,mH,,0,A,5,0.030000000000000013,0.15000000000000008,0.00004500000000000004,true,true,trapezoidal_step_doubling,0.00002,1e-10,0.008,,,,,,,,,,,,,,,,0,,,,,,,,,,,,,,,,,,,,,,,,,,,,,,trapezoidal,
0.00064,V1,voltage,A,0,5,V,,0,,5,-0.08200000000000002,-0.4100000000000001,0,true,true,trapezoidal_step_doubling,0.00002,,0.008,dc,5,10,0,50,2,,,,,,,,,,0,,,,,,,,,,,,,,,,,,,,,,,,,,,,,,trapezoidal,
0.00064,S2,switch,A,B,0,,true,0,,0,0.08200000000000002,0,0,true,true,trapezoidal_step_doubling,0.00002,,0.008,,,,,,,true,true,1@0.003=open,,,,,,,0,,,,,,,,,,,,,,,,,,,,,,,,,,,,,,trapezoidal,
0.00064,R3,resistor,B,0,100,Ω,,0,,5,0.05,0.25,0,true,true,trapezoidal_step_doubling,0.00002,,0.008,,,,,,,,,,,,,,,,0,,,,,,,,,,,,,,,,,,,,,,,,,,,,,,trapezoidal,
0.00064,L4,inductor,B,0,100,mH,,0,A,5,0.032000000000000015,0.1600000000000001,0.000051200000000000045,true,true,trapezoidal_step_doubling,0.00002,1e-10,0.008,,,,,,,,,,,,,,,,0,,,,,,,,,,,,,,,,,,,,,,,,,,,,,,trapezoidal,
0.00068,V1,voltage,A,0,5,V,,0,,5,-0.08400000000000002,-0.4200000000000001,0,true,true,trapezoidal_step_doubling,0.00002,,0.008,dc,5,10,0,50,2,,,,,,,,,,0,,,,,,,,,,,,,,,,,,,,,,,,,,,,,,trapezoidal,
0.00068,S2,switch,A,B,0,,true,0,,0,0.08400000000000002,0,0,true,true,trapezoidal_step_doubling,0.00002,,0.008,,,,,,,true,true,1@0.003=open,,,,,,,0,,,,,,,,,,,,,,,,,,,,,,,,,,,,,,trapezoidal,
0.00068,R3,resistor,B,0,100,Ω,,0,,5,0.05,0.25,0,true,true,trapezoidal_step_doubling,0.00002,,0.008,,,,,,,,,,,,,,,,0,,,,,,,,,,,,,,,,,,,,,,,,,,,,,,trapezoidal,
0.00068,L4,inductor,B,0,100,mH,,0,A,5,0.034000000000000016,0.1700000000000001,0.00005780000000000006,true,true,trapezoidal_step_doubling,0.00002,1e-10,0.008,,,,,,,,,,,,,,,,0,,,,,,,,,,,,,,,,,,,,,,,,,,,,,,trapezoidal,
0.00072,V1,voltage,A,0,5,V,,0,,5,-0.08600000000000002,-0.4300000000000001,0,true,true,trapezoidal_step_doubling,0.00002,,0.008,dc,5,10,0,50,2,,,,,,,,,,0,,,,,,,,,,,,,,,,,,,,,,,,,,,,,,trapezoidal,
0.00072,S2,switch,A,B,0,,true,0,,0,0.08600000000000002,0,0,true,true,trapezoidal_step_doubling,0.00002,,0.008,,,,,,,true,true,1@0.003=open,,,,,,,0,,,,,,,,,,,,,,,,,,,,,,,,,,,,,,trapezoidal,
0.00072,R3,resistor,B,0,100,Ω,,0,,5,0.05,0.25,0,true,true,trapezoidal_step_doubling,0.00002,,0.008,,,,,,,,,,,,,,,,0,,,,,,,,,,,,,,,,,,,,,,,,,,,,,,trapezoidal,
0.00072,L4,inductor,B,0,100,mH,,0,A,5,0.03600000000000002,0.1800000000000001,0.00006480000000000007,true,true,trapezoidal_step_doubling,0.00002,1e-10,0.008,,,,,,,,,,,,,,,,0,,,,,,,,,,,,,,,,,,,,,,,,,,,,,,trapezoidal,
0.00076,V1,voltage,A,0,5,V,,0,,5,-0.08800000000000002,-0.4400000000000001,0,true,true,trapezoidal_step_doubling,0.00002,,0.008,dc,5,10,0,50,2,,,,,,,,,,0,,,,,,,,,,,,,,,,,,,,,,,,,,,,,,trapezoidal,
0.00076,S2,switch,A,B,0,,true,0,,0,0.08800000000000002,0,0,true,true,trapezoidal_step_doubling,0.00002,,0.008,,,,,,,true,true,1@0.003=open,,,,,,,0,,,,,,,,,,,,,,,,,,,,,,,,,,,,,,trapezoidal,
0.00076,R3,resistor,B,0,100,Ω,,0,,5,0.05,0.25,0,true,true,trapezoidal_step_doubling,0.00002,,0.008,,,,,,,,,,,,,,,,0,,,,,,,,,,,,,,,,,,,,,,,,,,,,,,trapezoidal,
0.00076,L4,inductor,B,0,100,mH,,0,A,5,0.03800000000000002,0.1900000000000001,0.00007220000000000007,true,true,trapezoidal_step_doubling,0.00002,1e-10,0.008,,,,,,,,,,,,,,,,0,,,,,,,,,,,,,,,,,,,,,,,,,,,,,,trapezoidal,
0.0008,V1,voltage,A,0,5,V,,0,,5,-0.09000000000000002,-0.4500000000000001,0,true,true,trapezoidal_step_doubling,0.00002,,0.008,dc,5,10,0,50,2,,,,,,,,,,0,,,,,,,,,,,,,,,,,,,,,,,,,,,,,,trapezoidal,
0.0008,S2,switch,A,B,0,,true,0,,0,0.09000000000000002,0,0,true,true,trapezoidal_step_doubling,0.00002,,0.008,,,,,,,true,true,1@0.003=open,,,,,,,0,,,,,,,,,,,,,,,,,,,,,,,,,,,,,,trapezoidal,
0.0008,R3,resistor,B,0,100,Ω,,0,,5,0.05,0.25,0,true,true,trapezoidal_step_doubling,0.00002,,0.008,,,,,,,,,,,,,,,,0,,,,,,,,,,,,,,,,,,,,,,,,,,,,,,trapezoidal,
0.0008,L4,inductor,B,0,100,mH,,0,A,5,0.04000000000000002,0.20000000000000012,0.0000800000000000001,true,true,trapezoidal_step_doubling,0.00002,1e-10,0.008,,,,,,,,,,,,,,,,0,,,,,,,,,,,,,,,,,,,,,,,,,,,,,,trapezoidal,
0.00084,V1,voltage,A,0,5,V,,0,,5,-0.09200000000000003,-0.46000000000000013,0,true,true,trapezoidal_step_doubling,0.00002,,0.008,dc,5,10,0,50,2,,,,,,,,,,0,,,,,,,,,,,,,,,,,,,,,,,,,,,,,,trapezoidal,
0.00084,S2,switch,A,B,0,,true,0,,0,0.09200000000000003,0,0,true,true,trapezoidal_step_doubling,0.00002,,0.008,,,,,,,true,true,1@0.003=open,,,,,,,0,,,,,,,,,,,,,,,,,,,,,,,,,,,,,,trapezoidal,
0.00084,R3,resistor,B,0,100,Ω,,0,,5,0.05,0.25,0,true,true,trapezoidal_step_doubling,0.00002,,0.008,,,,,,,,,,,,,,,,0,,,,,,,,,,,,,,,,,,,,,,,,,,,,,,trapezoidal,
0.00084,L4,inductor,B,0,100,mH,,0,A,5,0.04200000000000002,0.21000000000000013,0.0000882000000000001,true,true,trapezoidal_step_doubling,0.00002,1e-10,0.008,,,,,,,,,,,,,,,,0,,,,,,,,,,,,,,,,,,,,,,,,,,,,,,trapezoidal,
0.00088,V1,voltage,A,0,5,V,,0,,5,-0.09400000000000003,-0.47000000000000014,0,true,true,trapezoidal_step_doubling,0.00002,,0.008,dc,5,10,0,50,2,,,,,,,,,,0,,,,,,,,,,,,,,,,,,,,,,,,,,,,,,trapezoidal,
0.00088,S2,switch,A,B,0,,true,0,,0,0.09400000000000003,0,0,true,true,trapezoidal_step_doubling,0.00002,,0.008,,,,,,,true,true,1@0.003=open,,,,,,,0,,,,,,,,,,,,,,,,,,,,,,,,,,,,,,trapezoidal,
0.00088,R3,resistor,B,0,100,Ω,,0,,5,0.05,0.25,0,true,true,trapezoidal_step_doubling,0.00002,,0.008,,,,,,,,,,,,,,,,0,,,,,,,,,,,,,,,,,,,,,,,,,,,,,,trapezoidal,
0.00088,L4,inductor,B,0,100,mH,,0,A,5,0.044000000000000025,0.22000000000000014,0.00009680000000000012,true,true,trapezoidal_step_doubling,0.00002,1e-10,0.008,,,,,,,,,,,,,,,,0,,,,,,,,,,,,,,,,,,,,,,,,,,,,,,trapezoidal,
0.00092,V1,voltage,A,0,5,V,,0,,5,-0.09600000000000003,-0.48000000000000015,0,true,true,trapezoidal_step_doubling,0.00002,,0.008,dc,5,10,0,50,2,,,,,,,,,,0,,,,,,,,,,,,,,,,,,,,,,,,,,,,,,trapezoidal,
0.00092,S2,switch,A,B,0,,true,0,,0,0.09600000000000003,0,0,true,true,trapezoidal_step_doubling,0.00002,,0.008,,,,,,,true,true,1@0.003=open,,,,,,,0,,,,,,,,,,,,,,,,,,,,,,,,,,,,,,trapezoidal,
0.00092,R3,resistor,B,0,100,Ω,,0,,5,0.05,0.25,0,true,true,trapezoidal_step_doubling,0.00002,,0.008,,,,,,,,,,,,,,,,0,,,,,,,,,,,,,,,,,,,,,,,,,,,,,,trapezoidal,
0.00092,L4,inductor,B,0,100,mH,,0,A,5,0.04600000000000003,0.23000000000000015,0.00010580000000000012,true,true,trapezoidal_step_doubling,0.00002,1e-10,0.008,,,,,,,,,,,,,,,,0,,,,,,,,,,,,,,,,,,,,,,,,,,,,,,trapezoidal,
0.00096,V1,voltage,A,0,5,V,,0,,5,-0.09800000000000003,-0.49000000000000016,0,true,true,trapezoidal_step_doubling,0.00002,,0.008,dc,5,10,0,50,2,,,,,,,,,,0,,,,,,,,,,,,,,,,,,,,,,,,,,,,,,trapezoidal,
0.00096,S2,switch,A,B,0,,true,0,,0,0.09800000000000003,0,0,true,true,trapezoidal_step_doubling,0.00002,,0.008,,,,,,,true,true,1@0.003=open,,,,,,,0,,,,,,,,,,,,,,,,,,,,,,,,,,,,,,trapezoidal,
0.00096,R3,resistor,B,0,100,Ω,,0,,5,0.05,0.25,0,true,true,trapezoidal_step_doubling,0.00002,,0.008,,,,,,,,,,,,,,,,0,,,,,,,,,,,,,,,,,,,,,,,,,,,,,,trapezoidal,
0.00096,L4,inductor,B,0,100,mH,,0,A,5,0.04800000000000003,0.24000000000000016,0.00011520000000000014,true,true,trapezoidal_step_doubling,0.00002,1e-10,0.008,,,,,,,,,,,,,,,,0,,,,,,,,,,,,,,,,,,,,,,,,,,,,,,trapezoidal,
0.001,V1,voltage,A,0,5,V,,0,,5,-0.10000000000000003,-0.5000000000000002,0,true,true,trapezoidal_step_doubling,0.00002,,0.008,dc,5,10,0,50,2,,,,,,,,,,0,,,,,,,,,,,,,,,,,,,,,,,,,,,,,,trapezoidal,
0.001,S2,switch,A,B,0,,true,0,,0,0.10000000000000003,0,0,true,true,trapezoidal_step_doubling,0.00002,,0.008,,,,,,,true,true,1@0.003=open,,,,,,,0,,,,,,,,,,,,,,,,,,,,,,,,,,,,,,trapezoidal,
0.001,R3,resistor,B,0,100,Ω,,0,,5,0.05,0.25,0,true,true,trapezoidal_step_doubling,0.00002,,0.008,,,,,,,,,,,,,,,,0,,,,,,,,,,,,,,,,,,,,,,,,,,,,,,trapezoidal,
0.001,L4,inductor,B,0,100,mH,,0,A,5,0.05000000000000003,0.25000000000000017,0.00012500000000000017,true,true,trapezoidal_step_doubling,0.00002,1e-10,0.008,,,,,,,,,,,,,,,,0,,,,,,,,,,,,,,,,,,,,,,,,,,,,,,trapezoidal,
0.0010400000000000001,V1,voltage,A,0,5,V,,0,,5,-0.10200000000000004,-0.5100000000000002,0,true,true,trapezoidal_step_doubling,0.00002,,0.008,dc,5,10,0,50,2,,,,,,,,,,0,,,,,,,,,,,,,,,,,,,,,,,,,,,,,,trapezoidal,
0.0010400000000000001,S2,switch,A,B,0,,true,0,,0,0.10200000000000004,0,0,true,true,trapezoidal_step_doubling,0.00002,,0.008,,,,,,,true,true,1@0.003=open,,,,,,,0,,,,,,,,,,,,,,,,,,,,,,,,,,,,,,trapezoidal,
0.0010400000000000001,R3,resistor,B,0,100,Ω,,0,,5,0.05,0.25,0,true,true,trapezoidal_step_doubling,0.00002,,0.008,,,,,,,,,,,,,,,,0,,,,,,,,,,,,,,,,,,,,,,,,,,,,,,trapezoidal,
0.0010400000000000001,L4,inductor,B,0,100,mH,,0,A,5,0.05200000000000003,0.2600000000000002,0.00013520000000000017,true,true,trapezoidal_step_doubling,0.00002,1e-10,0.008,,,,,,,,,,,,,,,,0,,,,,,,,,,,,,,,,,,,,,,,,,,,,,,trapezoidal,
0.0010800000000000002,V1,voltage,A,0,5,V,,0,,5,-0.10400000000000004,-0.5200000000000002,0,true,true,trapezoidal_step_doubling,0.00002,,0.008,dc,5,10,0,50,2,,,,,,,,,,0,,,,,,,,,,,,,,,,,,,,,,,,,,,,,,trapezoidal,
0.0010800000000000002,S2,switch,A,B,0,,true,0,,0,0.10400000000000004,0,0,true,true,trapezoidal_step_doubling,0.00002,,0.008,,,,,,,true,true,1@0.003=open,,,,,,,0,,,,,,,,,,,,,,,,,,,,,,,,,,,,,,trapezoidal,
0.0010800000000000002,R3,resistor,B,0,100,Ω,,0,,5,0.05,0.25,0,true,true,trapezoidal_step_doubling,0.00002,,0.008,,,,,,,,,,,,,,,,0,,,,,,,,,,,,,,,,,,,,,,,,,,,,,,trapezoidal,
0.0010800000000000002,L4,inductor,B,0,100,mH,,0,A,5,0.054000000000000034,0.2700000000000002,0.00014580000000000018,true,true,trapezoidal_step_doubling,0.00002,1e-10,0.008,,,,,,,,,,,,,,,,0,,,,,,,,,,,,,,,,,,,,,,,,,,,,,,trapezoidal,
0.0011200000000000001,V1,voltage,A,0,5,V,,0,,5,-0.10600000000000004,-0.5300000000000002,0,true,true,trapezoidal_step_doubling,0.00002,,0.008,dc,5,10,0,50,2,,,,,,,,,,0,,,,,,,,,,,,,,,,,,,,,,,,,,,,,,trapezoidal,
0.0011200000000000001,S2,switch,A,B,0,,true,0,,0,0.10600000000000004,0,0,true,true,trapezoidal_step_doubling,0.00002,,0.008,,,,,,,true,true,1@0.003=open,,,,,,,0,,,,,,,,,,,,,,,,,,,,,,,,,,,,,,trapezoidal,
0.0011200000000000001,R3,resistor,B,0,100,Ω,,0,,5,0.05,0.25,0,true,true,trapezoidal_step_doubling,0.00002,,0.008,,,,,,,,,,,,,,,,0,,,,,,,,,,,,,,,,,,,,,,,,,,,,,,trapezoidal,
0.0011200000000000001,L4,inductor,B,0,100,mH,,0,A,5,0.056000000000000036,0.2800000000000002,0.00015680000000000023,true,true,trapezoidal_step_doubling,0.00002,1e-10,0.008,,,,,,,,,,,,,,,,0,,,,,,,,,,,,,,,,,,,,,,,,,,,,,,trapezoidal,
0.00116,V1,voltage,A,0,5,V,,0,,5,-0.10800000000000004,-0.5400000000000003,0,true,true,trapezoidal_step_doubling,0.00002,,0.008,dc,5,10,0,50,2,,,,,,,,,,0,,,,,,,,,,,,,,,,,,,,,,,,,,,,,,trapezoidal,
0.00116,S2,switch,A,B,0,,true,0,,0,0.10800000000000004,0,0,true,true,trapezoidal_step_doubling,0.00002,,0.008,,,,,,,true,true,1@0.003=open,,,,,,,0,,,,,,,,,,,,,,,,,,,,,,,,,,,,,,trapezoidal,
0.00116,R3,resistor,B,0,100,Ω,,0,,5,0.05,0.25,0,true,true,trapezoidal_step_doubling,0.00002,,0.008,,,,,,,,,,,,,,,,0,,,,,,,,,,,,,,,,,,,,,,,,,,,,,,trapezoidal,
0.00116,L4,inductor,B,0,100,mH,,0,A,5,0.05800000000000004,0.2900000000000002,0.0001682000000000002,true,true,trapezoidal_step_doubling,0.00002,1e-10,0.008,,,,,,,,,,,,,,,,0,,,,,,,,,,,,,,,,,,,,,,,,,,,,,,trapezoidal,
0.0012000000000000001,V1,voltage,A,0,5,V,,0,,5,-0.11000000000000004,-0.5500000000000003,0,true,true,trapezoidal_step_doubling,0.00002,,0.008,dc,5,10,0,50,2,,,,,,,,,,0,,,,,,,,,,,,,,,,,,,,,,,,,,,,,,trapezoidal,
0.0012000000000000001,S2,switch,A,B,0,,true,0,,0,0.11000000000000004,0,0,true,true,trapezoidal_step_doubling,0.00002,,0.008,,,,,,,true,true,1@0.003=open,,,,,,,0,,,,,,,,,,,,,,,,,,,,,,,,,,,,,,trapezoidal,
0.0012000000000000001,R3,resistor,B,0,100,Ω,,0,,5,0.05,0.25,0,true,true,trapezoidal_step_doubling,0.00002,,0.008,,,,,,,,,,,,,,,,0,,,,,,,,,,,,,,,,,,,,,,,,,,,,,,trapezoidal,
0.0012000000000000001,L4,inductor,B,0,100,mH,,0,A,5,0.06000000000000004,0.3000000000000002,0.00018000000000000026,true,true,trapezoidal_step_doubling,0.00002,1e-10,0.008,,,,,,,,,,,,,,,,0,,,,,,,,,,,,,,,,,,,,,,,,,,,,,,trapezoidal,
0.0012400000000000002,V1,voltage,A,0,5,V,,0,,5,-0.11200000000000004,-0.5600000000000003,0,true,true,trapezoidal_step_doubling,0.00002,,0.008,dc,5,10,0,50,2,,,,,,,,,,0,,,,,,,,,,,,,,,,,,,,,,,,,,,,,,trapezoidal,
0.0012400000000000002,S2,switch,A,B,0,,true,0,,0,0.11200000000000004,0,0,true,true,trapezoidal_step_doubling,0.00002,,0.008,,,,,,,true,true,1@0.003=open,,,,,,,0,,,,,,,,,,,,,,,,,,,,,,,,,,,,,,trapezoidal,
0.0012400000000000002,R3,resistor,B,0,100,Ω,,0,,5,0.05,0.25,0,true,true,trapezoidal_step_doubling,0.00002,,0.008,,,,,,,,,,,,,,,,0,,,,,,,,,,,,,,,,,,,,,,,,,,,,,,trapezoidal,
0.0012400000000000002,L4,inductor,B,0,100,mH,,0,A,5,0.06200000000000004,0.3100000000000002,0.00019220000000000025,true,true,trapezoidal_step_doubling,0.00002,1e-10,0.008,,,,,,,,,,,,,,,,0,,,,,,,,,,,,,,,,,,,,,,,,,,,,,,trapezoidal,
0.00128,V1,voltage,A,0,5,V,,0,,5,-0.11400000000000005,-0.5700000000000003,0,true,true,trapezoidal_step_doubling,0.00002,,0.008,dc,5,10,0,50,2,,,,,,,,,,0,,,,,,,,,,,,,,,,,,,,,,,,,,,,,,trapezoidal,
0.00128,S2,switch,A,B,0,,true,0,,0,0.11400000000000005,0,0,true,true,trapezoidal_step_doubling,0.00002,,0.008,,,,,,,true,true,1@0.003=open,,,,,,,0,,,,,,,,,,,,,,,,,,,,,,,,,,,,,,trapezoidal,
0.00128,R3,resistor,B,0,100,Ω,,0,,5,0.05,0.25,0,true,true,trapezoidal_step_doubling,0.00002,,0.008,,,,,,,,,,,,,,,,0,,,,,,,,,,,,,,,,,,,,,,,,,,,,,,trapezoidal,
0.00128,L4,inductor,B,0,100,mH,,0,A,5,0.06400000000000004,0.32000000000000023,0.0002048000000000003,true,true,trapezoidal_step_doubling,0.00002,1e-10,0.008,,,,,,,,,,,,,,,,0,,,,,,,,,,,,,,,,,,,,,,,,,,,,,,trapezoidal,
0.00132,V1,voltage,A,0,5,V,,0,,5,-0.11600000000000005,-0.5800000000000003,0,true,true,trapezoidal_step_doubling,0.00002,,0.008,dc,5,10,0,50,2,,,,,,,,,,0,,,,,,,,,,,,,,,,,,,,,,,,,,,,,,trapezoidal,
0.00132,S2,switch,A,B,0,,true,0,,0,0.11600000000000005,0,0,true,true,trapezoidal_step_doubling,0.00002,,0.008,,,,,,,true,true,1@0.003=open,,,,,,,0,,,,,,,,,,,,,,,,,,,,,,,,,,,,,,trapezoidal,
0.00132,R3,resistor,B,0,100,Ω,,0,,5,0.05,0.25,0,true,true,trapezoidal_step_doubling,0.00002,,0.008,,,,,,,,,,,,,,,,0,,,,,,,,,,,,,,,,,,,,,,,,,,,,,,trapezoidal,
0.00132,L4,inductor,B,0,100,mH,,0,A,5,0.06600000000000004,0.33000000000000024,0.0002178000000000003,true,true,trapezoidal_step_doubling,0.00002,1e-10,0.008,,,,,,,,,,,,,,,,0,,,,,,,,,,,,,,,,,,,,,,,,,,,,,,trapezoidal,
0.00136,V1,voltage,A,0,5,V,,0,,5,-0.11800000000000005,-0.5900000000000003,0,true,true,trapezoidal_step_doubling,0.00002,,0.008,dc,5,10,0,50,2,,,,,,,,,,0,,,,,,,,,,,,,,,,,,,,,,,,,,,,,,trapezoidal,
0.00136,S2,switch,A,B,0,,true,0,,0,0.11800000000000005,0,0,true,true,trapezoidal_step_doubling,0.00002,,0.008,,,,,,,true,true,1@0.003=open,,,,,,,0,,,,,,,,,,,,,,,,,,,,,,,,,,,,,,trapezoidal,
0.00136,R3,resistor,B,0,100,Ω,,0,,5,0.05,0.25,0,true,true,trapezoidal_step_doubling,0.00002,,0.008,,,,,,,,,,,,,,,,0,,,,,,,,,,,,,,,,,,,,,,,,,,,,,,trapezoidal,
0.00136,L4,inductor,B,0,100,mH,,0,A,5,0.06800000000000005,0.34000000000000025,0.00023120000000000033,true,true,trapezoidal_step_doubling,0.00002,1e-10,0.008,,,,,,,,,,,,,,,,0,,,,,,,,,,,,,,,,,,,,,,,,,,,,,,trapezoidal,
0.0014000000000000002,V1,voltage,A,0,5,V,,0,,5,-0.12000000000000005,-0.6000000000000003,0,true,true,trapezoidal_step_doubling,0.00002,,0.008,dc,5,10,0,50,2,,,,,,,,,,0,,,,,,,,,,,,,,,,,,,,,,,,,,,,,,trapezoidal,
0.0014000000000000002,S2,switch,A,B,0,,true,0,,0,0.12000000000000005,0,0,true,true,trapezoidal_step_doubling,0.00002,,0.008,,,,,,,true,true,1@0.003=open,,,,,,,0,,,,,,,,,,,,,,,,,,,,,,,,,,,,,,trapezoidal,
0.0014000000000000002,R3,resistor,B,0,100,Ω,,0,,5,0.05,0.25,0,true,true,trapezoidal_step_doubling,0.00002,,0.008,,,,,,,,,,,,,,,,0,,,,,,,,,,,,,,,,,,,,,,,,,,,,,,trapezoidal,
0.0014000000000000002,L4,inductor,B,0,100,mH,,0,A,5,0.07000000000000005,0.35000000000000026,0.00024500000000000037,true,true,trapezoidal_step_doubling,0.00002,1e-10,0.008,,,,,,,,,,,,,,,,0,,,,,,,,,,,,,,,,,,,,,,,,,,,,,,trapezoidal,
0.00144,V1,voltage,A,0,5,V,,0,,5,-0.12200000000000005,-0.6100000000000003,0,true,true,trapezoidal_step_doubling,0.00002,,0.008,dc,5,10,0,50,2,,,,,,,,,,0,,,,,,,,,,,,,,,,,,,,,,,,,,,,,,trapezoidal,
0.00144,S2,switch,A,B,0,,true,0,,0,0.12200000000000005,0,0,true,true,trapezoidal_step_doubling,0.00002,,0.008,,,,,,,true,true,1@0.003=open,,,,,,,0,,,,,,,,,,,,,,,,,,,,,,,,,,,,,,trapezoidal,
0.00144,R3,resistor,B,0,100,Ω,,0,,5,0.05,0.25,0,true,true,trapezoidal_step_doubling,0.00002,,0.008,,,,,,,,,,,,,,,,0,,,,,,,,,,,,,,,,,,,,,,,,,,,,,,trapezoidal,
0.00144,L4,inductor,B,0,100,mH,,0,A,5,0.07200000000000005,0.36000000000000026,0.00025920000000000034,true,true,trapezoidal_step_doubling,0.00002,1e-10,0.008,,,,,,,,,,,,,,,,0,,,,,,,,,,,,,,,,,,,,,,,,,,,,,,trapezoidal,
0.00148,V1,voltage,A,0,5,V,,0,,5,-0.12400000000000005,-0.6200000000000003,0,true,true,trapezoidal_step_doubling,0.00002,,0.008,dc,5,10,0,50,2,,,,,,,,,,0,,,,,,,,,,,,,,,,,,,,,,,,,,,,,,trapezoidal,
0.00148,S2,switch,A,B,0,,true,0,,0,0.12400000000000005,0,0,true,true,trapezoidal_step_doubling,0.00002,,0.008,,,,,,,true,true,1@0.003=open,,,,,,,0,,,,,,,,,,,,,,,,,,,,,,,,,,,,,,trapezoidal,
0.00148,R3,resistor,B,0,100,Ω,,0,,5,0.05,0.25,0,true,true,trapezoidal_step_doubling,0.00002,,0.008,,,,,,,,,,,,,,,,0,,,,,,,,,,,,,,,,,,,,,,,,,,,,,,trapezoidal,
0.00148,L4,inductor,B,0,100,mH,,0,A,5,0.07400000000000005,0.3700000000000003,0.0002738000000000004,true,true,trapezoidal_step_doubling,0.00002,1e-10,0.008,,,,,,,,,,,,,,,,0,,,,,,,,,,,,,,,,,,,,,,,,,,,,,,trapezoidal,
0.00152,V1,voltage,A,0,5,V,,0,,5,-0.12600000000000006,-0.6300000000000003,0,true,true,trapezoidal_step_doubling,0.00002,,0.008,dc,5,10,0,50,2,,,,,,,,,,0,,,,,,,,,,,,,,,,,,,,,,,,,,,,,,trapezoidal,
0.00152,S2,switch,A,B,0,,true,0,,0,0.12600000000000006,0,0,true,true,trapezoidal_step_doubling,0.00002,,0.008,,,,,,,true,true,1@0.003=open,,,,,,,0,,,,,,,,,,,,,,,,,,,,,,,,,,,,,,trapezoidal,
0.00152,R3,resistor,B,0,100,Ω,,0,,5,0.05,0.25,0,true,true,trapezoidal_step_doubling,0.00002,,0.008,,,,,,,,,,,,,,,,0,,,,,,,,,,,,,,,,,,,,,,,,,,,,,,trapezoidal,
0.00152,L4,inductor,B,0,100,mH,,0,A,5,0.07600000000000005,0.3800000000000003,0.00028880000000000046,true,true,trapezoidal_step_doubling,0.00002,1e-10,0.008,,,,,,,,,,,,,,,,0,,,,,,,,,,,,,,,,,,,,,,,,,,,,,,trapezoidal,
0.0015600000000000002,V1,voltage,A,0,5,V,,0,,5,-0.12800000000000006,-0.6400000000000003,0,true,true,trapezoidal_step_doubling,0.00002,,0.008,dc,5,10,0,50,2,,,,,,,,,,0,,,,,,,,,,,,,,,,,,,,,,,,,,,,,,trapezoidal,
0.0015600000000000002,S2,switch,A,B,0,,true,0,,0,0.12800000000000006,0,0,true,true,trapezoidal_step_doubling,0.00002,,0.008,,,,,,,true,true,1@0.003=open,,,,,,,0,,,,,,,,,,,,,,,,,,,,,,,,,,,,,,trapezoidal,
0.0015600000000000002,R3,resistor,B,0,100,Ω,,0,,5,0.05,0.25,0,true,true,trapezoidal_step_doubling,0.00002,,0.008,,,,,,,,,,,,,,,,0,,,,,,,,,,,,,,,,,,,,,,,,,,,,,,trapezoidal,
0.0015600000000000002,L4,inductor,B,0,100,mH,,0,A,5,0.07800000000000006,0.3900000000000003,0.00030420000000000046,true,true,trapezoidal_step_doubling,0.00002,1e-10,0.008,,,,,,,,,,,,,,,,0,,,,,,,,,,,,,,,,,,,,,,,,,,,,,,trapezoidal,
0.0016,V1,voltage,A,0,5,V,,0,,5,-0.13000000000000006,-0.6500000000000004,0,true,true,trapezoidal_step_doubling,0.00002,,0.008,dc,5,10,0,50,2,,,,,,,,,,0,,,,,,,,,,,,,,,,,,,,,,,,,,,,,,trapezoidal,
0.0016,S2,switch,A,B,0,,true,0,,0,0.13000000000000006,0,0,true,true,trapezoidal_step_doubling,0.00002,,0.008,,,,,,,true,true,1@0.003=open,,,,,,,0,,,,,,,,,,,,,,,,,,,,,,,,,,,,,,trapezoidal,
0.0016,R3,resistor,B,0,100,Ω,,0,,5,0.05,0.25,0,true,true,trapezoidal_step_doubling,0.00002,,0.008,,,,,,,,,,,,,,,,0,,,,,,,,,,,,,,,,,,,,,,,,,,,,,,trapezoidal,
0.0016,L4,inductor,B,0,100,mH,,0,A,5,0.08000000000000006,0.4000000000000003,0.00032000000000000046,true,true,trapezoidal_step_doubling,0.00002,1e-10,0.008,,,,,,,,,,,,,,,,0,,,,,,,,,,,,,,,,,,,,,,,,,,,,,,trapezoidal,
0.00164,V1,voltage,A,0,5,V,,0,,5,-0.13200000000000006,-0.6600000000000004,0,true,true,trapezoidal_step_doubling,0.00002,,0.008,dc,5,10,0,50,2,,,,,,,,,,0,,,,,,,,,,,,,,,,,,,,,,,,,,,,,,trapezoidal,
0.00164,S2,switch,A,B,0,,true,0,,0,0.13200000000000006,0,0,true,true,trapezoidal_step_doubling,0.00002,,0.008,,,,,,,true,true,1@0.003=open,,,,,,,0,,,,,,,,,,,,,,,,,,,,,,,,,,,,,,trapezoidal,
0.00164,R3,resistor,B,0,100,Ω,,0,,5,0.05,0.25,0,true,true,trapezoidal_step_doubling,0.00002,,0.008,,,,,,,,,,,,,,,,0,,,,,,,,,,,,,,,,,,,,,,,,,,,,,,trapezoidal,
0.00164,L4,inductor,B,0,100,mH,,0,A,5,0.08200000000000006,0.4100000000000003,0.0003362000000000005,true,true,trapezoidal_step_doubling,0.00002,1e-10,0.008,,,,,,,,,,,,,,,,0,,,,,,,,,,,,,,,,,,,,,,,,,,,,,,trapezoidal,
0.00168,V1,voltage,A,0,5,V,,0,,5,-0.13400000000000006,-0.6700000000000004,0,true,true,trapezoidal_step_doubling,0.00002,,0.008,dc,5,10,0,50,2,,,,,,,,,,0,,,,,,,,,,,,,,,,,,,,,,,,,,,,,,trapezoidal,
0.00168,S2,switch,A,B,0,,true,0,,0,0.13400000000000006,0,0,true,true,trapezoidal_step_doubling,0.00002,,0.008,,,,,,,true,true,1@0.003=open,,,,,,,0,,,,,,,,,,,,,,,,,,,,,,,,,,,,,,trapezoidal,
0.00168,R3,resistor,B,0,100,Ω,,0,,5,0.05,0.25,0,true,true,trapezoidal_step_doubling,0.00002,,0.008,,,,,,,,,,,,,,,,0,,,,,,,,,,,,,,,,,,,,,,,,,,,,,,trapezoidal,
0.00168,L4,inductor,B,0,100,mH,,0,A,5,0.08400000000000006,0.4200000000000003,0.0003528000000000005,true,true,trapezoidal_step_doubling,0.00002,1e-10,0.008,,,,,,,,,,,,,,,,0,,,,,,,,,,,,,,,,,,,,,,,,,,,,,,trapezoidal,
0.0017200000000000002,V1,voltage,A,0,5,V,,0,,5,-0.13600000000000007,-0.6800000000000004,0,true,true,trapezoidal_step_doubling,0.00002,,0.008,dc,5,10,0,50,2,,,,,,,,,,0,,,,,,,,,,,,,,,,,,,,,,,,,,,,,,trapezoidal,
0.0017200000000000002,S2,switch,A,B,0,,true,0,,0,0.13600000000000007,0,0,true,true,trapezoidal_step_doubling,0.00002,,0.008,,,,,,,true,true,1@0.003=open,,,,,,,0,,,,,,,,,,,,,,,,,,,,,,,,,,,,,,trapezoidal,
0.0017200000000000002,R3,resistor,B,0,100,Ω,,0,,5,0.05,0.25,0,true,true,trapezoidal_step_doubling,0.00002,,0.008,,,,,,,,,,,,,,,,0,,,,,,,,,,,,,,,,,,,,,,,,,,,,,,trapezoidal,
0.0017200000000000002,L4,inductor,B,0,100,mH,,0,A,5,0.08600000000000006,0.4300000000000003,0.0003698000000000006,true,true,trapezoidal_step_doubling,0.00002,1e-10,0.008,,,,,,,,,,,,,,,,0,,,,,,,,,,,,,,,,,,,,,,,,,,,,,,trapezoidal,
0.00176,V1,voltage,A,0,5,V,,0,,5,-0.13800000000000007,-0.6900000000000004,0,true,true,trapezoidal_step_doubling,0.00002,,0.008,dc,5,10,0,50,2,,,,,,,,,,0,,,,,,,,,,,,,,,,,,,,,,,,,,,,,,trapezoidal,
0.00176,S2,switch,A,B,0,,true,0,,0,0.13800000000000007,0,0,true,true,trapezoidal_step_doubling,0.00002,,0.008,,,,,,,true,true,1@0.003=open,,,,,,,0,,,,,,,,,,,,,,,,,,,,,,,,,,,,,,trapezoidal,
0.00176,R3,resistor,B,0,100,Ω,,0,,5,0.05,0.25,0,true,true,trapezoidal_step_doubling,0.00002,,0.008,,,,,,,,,,,,,,,,0,,,,,,,,,,,,,,,,,,,,,,,,,,,,,,trapezoidal,
0.00176,L4,inductor,B,0,100,mH,,0,A,5,0.08800000000000006,0.44000000000000034,0.00038720000000000063,true,true,trapezoidal_step_doubling,0.00002,1e-10,0.008,,,,,,,,,,,,,,,,0,,,,,,,,,,,,,,,,,,,,,,,,,,,,,,trapezoidal,
0.0018,V1,voltage,A,0,5,V,,0,,5,-0.14000000000000007,-0.7000000000000004,0,true,true,trapezoidal_step_doubling,0.00002,,0.008,dc,5,10,0,50,2,,,,,,,,,,0,,,,,,,,,,,,,,,,,,,,,,,,,,,,,,trapezoidal,
0.0018,S2,switch,A,B,0,,true,0,,0,0.14000000000000007,0,0,true,true,trapezoidal_step_doubling,0.00002,,0.008,,,,,,,true,true,1@0.003=open,,,,,,,0,,,,,,,,,,,,,,,,,,,,,,,,,,,,,,trapezoidal,
0.0018,R3,resistor,B,0,100,Ω,,0,,5,0.05,0.25,0,true,true,trapezoidal_step_doubling,0.00002,,0.008,,,,,,,,,,,,,,,,0,,,,,,,,,,,,,,,,,,,,,,,,,,,,,,trapezoidal,
0.0018,L4,inductor,B,0,100,mH,,0,A,5,0.09000000000000007,0.45000000000000034,0.0004050000000000006,true,true,trapezoidal_step_doubling,0.00002,1e-10,0.008,,,,,,,,,,,,,,,,0,,,,,,,,,,,,,,,,,,,,,,,,,,,,,,trapezoidal,
0.00184,V1,voltage,A,0,5,V,,0,,5,-0.14200000000000007,-0.7100000000000004,0,true,true,trapezoidal_step_doubling,0.00002,,0.008,dc,5,10,0,50,2,,,,,,,,,,0,,,,,,,,,,,,,,,,,,,,,,,,,,,,,,trapezoidal,
0.00184,S2,switch,A,B,0,,true,0,,0,0.14200000000000007,0,0,true,true,trapezoidal_step_doubling,0.00002,,0.008,,,,,,,true,true,1@0.003=open,,,,,,,0,,,,,,,,,,,,,,,,,,,,,,,,,,,,,,trapezoidal,
0.00184,R3,resistor,B,0,100,Ω,,0,,5,0.05,0.25,0,true,true,trapezoidal_step_doubling,0.00002,,0.008,,,,,,,,,,,,,,,,0,,,,,,,,,,,,,,,,,,,,,,,,,,,,,,trapezoidal,
0.00184,L4,inductor,B,0,100,mH,,0,A,5,0.09200000000000007,0.46000000000000035,0.00042320000000000064,true,true,trapezoidal_step_doubling,0.00002,1e-10,0.008,,,,,,,,,,,,,,,,0,,,,,,,,,,,,,,,,,,,,,,,,,,,,,,trapezoidal,
0.0018800000000000002,V1,voltage,A,0,5,V,,0,,5,-0.14400000000000007,-0.7200000000000004,0,true,true,trapezoidal_step_doubling,0.00002,,0.008,dc,5,10,0,50,2,,,,,,,,,,0,,,,,,,,,,,,,,,,,,,,,,,,,,,,,,trapezoidal,
0.0018800000000000002,S2,switch,A,B,0,,true,0,,0,0.14400000000000007,0,0,true,true,trapezoidal_step_doubling,0.00002,,0.008,,,,,,,true,true,1@0.003=open,,,,,,,0,,,,,,,,,,,,,,,,,,,,,,,,,,,,,,trapezoidal,
0.0018800000000000002,R3,resistor,B,0,100,Ω,,0,,5,0.05,0.25,0,true,true,trapezoidal_step_doubling,0.00002,,0.008,,,,,,,,,,,,,,,,0,,,,,,,,,,,,,,,,,,,,,,,,,,,,,,trapezoidal,
0.0018800000000000002,L4,inductor,B,0,100,mH,,0,A,5,0.09400000000000007,0.47000000000000036,0.00044180000000000066,true,true,trapezoidal_step_doubling,0.00002,1e-10,0.008,,,,,,,,,,,,,,,,0,,,,,,,,,,,,,,,,,,,,,,,,,,,,,,trapezoidal,
0.00192,V1,voltage,A,0,5,V,,0,,5,-0.14600000000000007,-0.7300000000000004,0,true,true,trapezoidal_step_doubling,0.00002,,0.008,dc,5,10,0,50,2,,,,,,,,,,0,,,,,,,,,,,,,,,,,,,,,,,,,,,,,,trapezoidal,
0.00192,S2,switch,A,B,0,,true,0,,0,0.14600000000000007,0,0,true,true,trapezoidal_step_doubling,0.00002,,0.008,,,,,,,true,true,1@0.003=open,,,,,,,0,,,,,,,,,,,,,,,,,,,,,,,,,,,,,,trapezoidal,
0.00192,R3,resistor,B,0,100,Ω,,0,,5,0.05,0.25,0,true,true,trapezoidal_step_doubling,0.00002,,0.008,,,,,,,,,,,,,,,,0,,,,,,,,,,,,,,,,,,,,,,,,,,,,,,trapezoidal,
0.00192,L4,inductor,B,0,100,mH,,0,A,5,0.09600000000000007,0.48000000000000037,0.00046080000000000074,true,true,trapezoidal_step_doubling,0.00002,1e-10,0.008,,,,,,,,,,,,,,,,0,,,,,,,,,,,,,,,,,,,,,,,,,,,,,,trapezoidal,
0.00196,V1,voltage,A,0,5,V,,0,,5,-0.14800000000000008,-0.7400000000000004,0,true,true,trapezoidal_step_doubling,0.00002,,0.008,dc,5,10,0,50,2,,,,,,,,,,0,,,,,,,,,,,,,,,,,,,,,,,,,,,,,,trapezoidal,
0.00196,S2,switch,A,B,0,,true,0,,0,0.14800000000000008,0,0,true,true,trapezoidal_step_doubling,0.00002,,0.008,,,,,,,true,true,1@0.003=open,,,,,,,0,,,,,,,,,,,,,,,,,,,,,,,,,,,,,,trapezoidal,
0.00196,R3,resistor,B,0,100,Ω,,0,,5,0.05,0.25,0,true,true,trapezoidal_step_doubling,0.00002,,0.008,,,,,,,,,,,,,,,,0,,,,,,,,,,,,,,,,,,,,,,,,,,,,,,trapezoidal,
0.00196,L4,inductor,B,0,100,mH,,0,A,5,0.09800000000000007,0.4900000000000004,0.0004802000000000008,true,true,trapezoidal_step_doubling,0.00002,1e-10,0.008,,,,,,,,,,,,,,,,0,,,,,,,,,,,,,,,,,,,,,,,,,,,,,,trapezoidal,
0.002,V1,voltage,A,0,5,V,,0,,5,-0.15000000000000008,-0.7500000000000004,0,true,true,trapezoidal_step_doubling,0.00002,,0.008,dc,5,10,0,50,2,,,,,,,,,,0,,,,,,,,,,,,,,,,,,,,,,,,,,,,,,trapezoidal,
0.002,S2,switch,A,B,0,,true,0,,0,0.15000000000000008,0,0,true,true,trapezoidal_step_doubling,0.00002,,0.008,,,,,,,true,true,1@0.003=open,,,,,,,0,,,,,,,,,,,,,,,,,,,,,,,,,,,,,,trapezoidal,
0.002,R3,resistor,B,0,100,Ω,,0,,5,0.05,0.25,0,true,true,trapezoidal_step_doubling,0.00002,,0.008,,,,,,,,,,,,,,,,0,,,,,,,,,,,,,,,,,,,,,,,,,,,,,,trapezoidal,
0.002,L4,inductor,B,0,100,mH,,0,A,5,0.10000000000000007,0.5000000000000003,0.0005000000000000008,true,true,trapezoidal_step_doubling,0.00002,1e-10,0.008,,,,,,,,,,,,,,,,0,,,,,,,,,,,,,,,,,,,,,,,,,,,,,,trapezoidal,
0.00204,V1,voltage,A,0,5,V,,0,,5,-0.15200000000000008,-0.7600000000000005,0,true,true,trapezoidal_step_doubling,0.00002,,0.008,dc,5,10,0,50,2,,,,,,,,,,0,,,,,,,,,,,,,,,,,,,,,,,,,,,,,,trapezoidal,
0.00204,S2,switch,A,B,0,,true,0,,0,0.15200000000000008,0,0,true,true,trapezoidal_step_doubling,0.00002,,0.008,,,,,,,true,true,1@0.003=open,,,,,,,0,,,,,,,,,,,,,,,,,,,,,,,,,,,,,,trapezoidal,
0.00204,R3,resistor,B,0,100,Ω,,0,,5,0.05,0.25,0,true,true,trapezoidal_step_doubling,0.00002,,0.008,,,,,,,,,,,,,,,,0,,,,,,,,,,,,,,,,,,,,,,,,,,,,,,trapezoidal,
0.00204,L4,inductor,B,0,100,mH,,0,A,5,0.10200000000000008,0.5100000000000003,0.0005202000000000008,true,true,trapezoidal_step_doubling,0.00002,1e-10,0.008,,,,,,,,,,,,,,,,0,,,,,,,,,,,,,,,,,,,,,,,,,,,,,,trapezoidal,
0.0020800000000000003,V1,voltage,A,0,5,V,,0,,5,-0.15400000000000008,-0.7700000000000005,0,true,true,trapezoidal_step_doubling,0.00002,,0.008,dc,5,10,0,50,2,,,,,,,,,,0,,,,,,,,,,,,,,,,,,,,,,,,,,,,,,trapezoidal,
0.0020800000000000003,S2,switch,A,B,0,,true,0,,0,0.15400000000000008,0,0,true,true,trapezoidal_step_doubling,0.00002,,0.008,,,,,,,true,true,1@0.003=open,,,,,,,0,,,,,,,,,,,,,,,,,,,,,,,,,,,,,,trapezoidal,
0.0020800000000000003,R3,resistor,B,0,100,Ω,,0,,5,0.05,0.25,0,true,true,trapezoidal_step_doubling,0.00002,,0.008,,,,,,,,,,,,,,,,0,,,,,,,,,,,,,,,,,,,,,,,,,,,,,,trapezoidal,
0.0020800000000000003,L4,inductor,B,0,100,mH,,0,A,5,0.10400000000000008,0.5200000000000004,0.0005408000000000008,true,true,trapezoidal_step_doubling,0.00002,1e-10,0.008,,,,,,,,,,,,,,,,0,,,,,,,,,,,,,,,,,,,,,,,,,,,,,,trapezoidal,
0.0021200000000000004,V1,voltage,A,0,5,V,,0,,5,-0.15600000000000008,-0.7800000000000005,0,true,true,trapezoidal_step_doubling,0.00002,,0.008,dc,5,10,0,50,2,,,,,,,,,,0,,,,,,,,,,,,,,,,,,,,,,,,,,,,,,trapezoidal,
0.0021200000000000004,S2,switch,A,B,0,,true,0,,0,0.15600000000000008,0,0,true,true,trapezoidal_step_doubling,0.00002,,0.008,,,,,,,true,true,1@0.003=open,,,,,,,0,,,,,,,,,,,,,,,,,,,,,,,,,,,,,,trapezoidal,
0.0021200000000000004,R3,resistor,B,0,100,Ω,,0,,5,0.05,0.25,0,true,true,trapezoidal_step_doubling,0.00002,,0.008,,,,,,,,,,,,,,,,0,,,,,,,,,,,,,,,,,,,,,,,,,,,,,,trapezoidal,
0.0021200000000000004,L4,inductor,B,0,100,mH,,0,A,5,0.10600000000000008,0.5300000000000004,0.0005618000000000009,true,true,trapezoidal_step_doubling,0.00002,1e-10,0.008,,,,,,,,,,,,,,,,0,,,,,,,,,,,,,,,,,,,,,,,,,,,,,,trapezoidal,
0.0021600000000000005,V1,voltage,A,0,5,V,,0,,5,-0.15800000000000008,-0.7900000000000005,0,true,true,trapezoidal_step_doubling,0.00002,,0.008,dc,5,10,0,50,2,,,,,,,,,,0,,,,,,,,,,,,,,,,,,,,,,,,,,,,,,trapezoidal,
0.0021600000000000005,S2,switch,A,B,0,,true,0,,0,0.15800000000000008,0,0,true,true,trapezoidal_step_doubling,0.00002,,0.008,,,,,,,true,true,1@0.003=open,,,,,,,0,,,,,,,,,,,,,,,,,,,,,,,,,,,,,,trapezoidal,
0.0021600000000000005,R3,resistor,B,0,100,Ω,,0,,5,0.05,0.25,0,true,true,trapezoidal_step_doubling,0.00002,,0.008,,,,,,,,,,,,,,,,0,,,,,,,,,,,,,,,,,,,,,,,,,,,,,,trapezoidal,
0.0021600000000000005,L4,inductor,B,0,100,mH,,0,A,5,0.10800000000000008,0.5400000000000004,0.000583200000000001,true,true,trapezoidal_step_doubling,0.00002,1e-10,0.008,,,,,,,,,,,,,,,,0,,,,,,,,,,,,,,,,,,,,,,,,,,,,,,trapezoidal,
0.0022000000000000006,V1,voltage,A,0,5,V,,0,,5,-0.1600000000000001,-0.8000000000000005,0,true,true,trapezoidal_step_doubling,0.00002,,0.008,dc,5,10,0,50,2,,,,,,,,,,0,,,,,,,,,,,,,,,,,,,,,,,,,,,,,,trapezoidal,
0.0022000000000000006,S2,switch,A,B,0,,true,0,,0,0.1600000000000001,0,0,true,true,trapezoidal_step_doubling,0.00002,,0.008,,,,,,,true,true,1@0.003=open,,,,,,,0,,,,,,,,,,,,,,,,,,,,,,,,,,,,,,trapezoidal,
0.0022000000000000006,R3,resistor,B,0,100,Ω,,0,,5,0.05,0.25,0,true,true,trapezoidal_step_doubling,0.00002,,0.008,,,,,,,,,,,,,,,,0,,,,,,,,,,,,,,,,,,,,,,,,,,,,,,trapezoidal,
0.0022000000000000006,L4,inductor,B,0,100,mH,,0,A,5,0.11000000000000008,0.5500000000000004,0.000605000000000001,true,true,trapezoidal_step_doubling,0.00002,1e-10,0.008,,,,,,,,,,,,,,,,0,,,,,,,,,,,,,,,,,,,,,,,,,,,,,,trapezoidal,
0.0022400000000000007,V1,voltage,A,0,5,V,,0,,5,-0.1620000000000001,-0.8100000000000005,0,true,true,trapezoidal_step_doubling,0.00002,,0.008,dc,5,10,0,50,2,,,,,,,,,,0,,,,,,,,,,,,,,,,,,,,,,,,,,,,,,trapezoidal,
0.0022400000000000007,S2,switch,A,B,0,,true,0,,0,0.1620000000000001,0,0,true,true,trapezoidal_step_doubling,0.00002,,0.008,,,,,,,true,true,1@0.003=open,,,,,,,0,,,,,,,,,,,,,,,,,,,,,,,,,,,,,,trapezoidal,
0.0022400000000000007,R3,resistor,B,0,100,Ω,,0,,5,0.05,0.25,0,true,true,trapezoidal_step_doubling,0.00002,,0.008,,,,,,,,,,,,,,,,0,,,,,,,,,,,,,,,,,,,,,,,,,,,,,,trapezoidal,
0.0022400000000000007,L4,inductor,B,0,100,mH,,0,A,5,0.11200000000000009,0.5600000000000004,0.0006272000000000009,true,true,trapezoidal_step_doubling,0.00002,1e-10,0.008,,,,,,,,,,,,,,,,0,,,,,,,,,,,,,,,,,,,,,,,,,,,,,,trapezoidal,
0.0022800000000000008,V1,voltage,A,0,5,V,,0,,5,-0.1640000000000001,-0.8200000000000005,0,true,true,trapezoidal_step_doubling,0.00002,,0.008,dc,5,10,0,50,2,,,,,,,,,,0,,,,,,,,,,,,,,,,,,,,,,,,,,,,,,trapezoidal,
0.0022800000000000008,S2,switch,A,B,0,,true,0,,0,0.1640000000000001,0,0,true,true,trapezoidal_step_doubling,0.00002,,0.008,,,,,,,true,true,1@0.003=open,,,,,,,0,,,,,,,,,,,,,,,,,,,,,,,,,,,,,,trapezoidal,
0.0022800000000000008,R3,resistor,B,0,100,Ω,,0,,5,0.05,0.25,0,true,true,trapezoidal_step_doubling,0.00002,,0.008,,,,,,,,,,,,,,,,0,,,,,,,,,,,,,,,,,,,,,,,,,,,,,,trapezoidal,
0.0022800000000000008,L4,inductor,B,0,100,mH,,0,A,5,0.11400000000000009,0.5700000000000004,0.000649800000000001,true,true,trapezoidal_step_doubling,0.00002,1e-10,0.008,,,,,,,,,,,,,,,,0,,,,,,,,,,,,,,,,,,,,,,,,,,,,,,trapezoidal,
0.002320000000000001,V1,voltage,A,0,5,V,,0,,5,-0.1660000000000001,-0.8300000000000005,0,true,true,trapezoidal_step_doubling,0.00002,,0.008,dc,5,10,0,50,2,,,,,,,,,,0,,,,,,,,,,,,,,,,,,,,,,,,,,,,,,trapezoidal,
0.002320000000000001,S2,switch,A,B,0,,true,0,,0,0.1660000000000001,0,0,true,true,trapezoidal_step_doubling,0.00002,,0.008,,,,,,,true,true,1@0.003=open,,,,,,,0,,,,,,,,,,,,,,,,,,,,,,,,,,,,,,trapezoidal,
0.002320000000000001,R3,resistor,B,0,100,Ω,,0,,5,0.05,0.25,0,true,true,trapezoidal_step_doubling,0.00002,,0.008,,,,,,,,,,,,,,,,0,,,,,,,,,,,,,,,,,,,,,,,,,,,,,,trapezoidal,
0.002320000000000001,L4,inductor,B,0,100,mH,,0,A,5,0.11600000000000009,0.5800000000000004,0.0006728000000000011,true,true,trapezoidal_step_doubling,0.00002,1e-10,0.008,,,,,,,,,,,,,,,,0,,,,,,,,,,,,,,,,,,,,,,,,,,,,,,trapezoidal,
0.002360000000000001,V1,voltage,A,0,5,V,,0,,5,-0.1680000000000001,-0.8400000000000005,0,true,true,trapezoidal_step_doubling,0.00002,,0.008,dc,5,10,0,50,2,,,,,,,,,,0,,,,,,,,,,,,,,,,,,,,,,,,,,,,,,trapezoidal,
0.002360000000000001,S2,switch,A,B,0,,true,0,,0,0.1680000000000001,0,0,true,true,trapezoidal_step_doubling,0.00002,,0.008,,,,,,,true,true,1@0.003=open,,,,,,,0,,,,,,,,,,,,,,,,,,,,,,,,,,,,,,trapezoidal,
0.002360000000000001,R3,resistor,B,0,100,Ω,,0,,5,0.05,0.25,0,true,true,trapezoidal_step_doubling,0.00002,,0.008,,,,,,,,,,,,,,,,0,,,,,,,,,,,,,,,,,,,,,,,,,,,,,,trapezoidal,
0.002360000000000001,L4,inductor,B,0,100,mH,,0,A,5,0.11800000000000009,0.5900000000000004,0.0006962000000000011,true,true,trapezoidal_step_doubling,0.00002,1e-10,0.008,,,,,,,,,,,,,,,,0,,,,,,,,,,,,,,,,,,,,,,,,,,,,,,trapezoidal,
0.002400000000000001,V1,voltage,A,0,5,V,,0,,5,-0.1700000000000001,-0.8500000000000005,0,true,true,trapezoidal_step_doubling,0.00002,,0.008,dc,5,10,0,50,2,,,,,,,,,,0,,,,,,,,,,,,,,,,,,,,,,,,,,,,,,trapezoidal,
0.002400000000000001,S2,switch,A,B,0,,true,0,,0,0.1700000000000001,0,0,true,true,trapezoidal_step_doubling,0.00002,,0.008,,,,,,,true,true,1@0.003=open,,,,,,,0,,,,,,,,,,,,,,,,,,,,,,,,,,,,,,trapezoidal,
0.002400000000000001,R3,resistor,B,0,100,Ω,,0,,5,0.05,0.25,0,true,true,trapezoidal_step_doubling,0.00002,,0.008,,,,,,,,,,,,,,,,0,,,,,,,,,,,,,,,,,,,,,,,,,,,,,,trapezoidal,
0.002400000000000001,L4,inductor,B,0,100,mH,,0,A,5,0.12000000000000009,0.6000000000000004,0.0007200000000000012,true,true,trapezoidal_step_doubling,0.00002,1e-10,0.008,,,,,,,,,,,,,,,,0,,,,,,,,,,,,,,,,,,,,,,,,,,,,,,trapezoidal,
0.002440000000000001,V1,voltage,A,0,5,V,,0,,5,-0.1720000000000001,-0.8600000000000005,0,true,true,trapezoidal_step_doubling,0.00002,,0.008,dc,5,10,0,50,2,,,,,,,,,,0,,,,,,,,,,,,,,,,,,,,,,,,,,,,,,trapezoidal,
0.002440000000000001,S2,switch,A,B,0,,true,0,,0,0.1720000000000001,0,0,true,true,trapezoidal_step_doubling,0.00002,,0.008,,,,,,,true,true,1@0.003=open,,,,,,,0,,,,,,,,,,,,,,,,,,,,,,,,,,,,,,trapezoidal,
0.002440000000000001,R3,resistor,B,0,100,Ω,,0,,5,0.05,0.25,0,true,true,trapezoidal_step_doubling,0.00002,,0.008,,,,,,,,,,,,,,,,0,,,,,,,,,,,,,,,,,,,,,,,,,,,,,,trapezoidal,
0.002440000000000001,L4,inductor,B,0,100,mH,,0,A,5,0.1220000000000001,0.6100000000000004,0.0007442000000000012,true,true,trapezoidal_step_doubling,0.00002,1e-10,0.008,,,,,,,,,,,,,,,,0,,,,,,,,,,,,,,,,,,,,,,,,,,,,,,trapezoidal,
0.0024800000000000013,V1,voltage,A,0,5,V,,0,,5,-0.1740000000000001,-0.8700000000000006,0,true,true,trapezoidal_step_doubling,0.00002,,0.008,dc,5,10,0,50,2,,,,,,,,,,0,,,,,,,,,,,,,,,,,,,,,,,,,,,,,,trapezoidal,
0.0024800000000000013,S2,switch,A,B,0,,true,0,,0,0.1740000000000001,0,0,true,true,trapezoidal_step_doubling,0.00002,,0.008,,,,,,,true,true,1@0.003=open,,,,,,,0,,,,,,,,,,,,,,,,,,,,,,,,,,,,,,trapezoidal,
0.0024800000000000013,R3,resistor,B,0,100,Ω,,0,,5,0.05,0.25,0,true,true,trapezoidal_step_doubling,0.00002,,0.008,,,,,,,,,,,,,,,,0,,,,,,,,,,,,,,,,,,,,,,,,,,,,,,trapezoidal,
0.0024800000000000013,L4,inductor,B,0,100,mH,,0,A,5,0.1240000000000001,0.6200000000000004,0.0007688000000000012,true,true,trapezoidal_step_doubling,0.00002,1e-10,0.008,,,,,,,,,,,,,,,,0,,,,,,,,,,,,,,,,,,,,,,,,,,,,,,trapezoidal,
0.0025200000000000014,V1,voltage,A,0,5,V,,0,,5,-0.1760000000000001,-0.8800000000000006,0,true,true,trapezoidal_step_doubling,0.00002,,0.008,dc,5,10,0,50,2,,,,,,,,,,0,,,,,,,,,,,,,,,,,,,,,,,,,,,,,,trapezoidal,
0.0025200000000000014,S2,switch,A,B,0,,true,0,,0,0.1760000000000001,0,0,true,true,trapezoidal_step_doubling,0.00002,,0.008,,,,,,,true,true,1@0.003=open,,,,,,,0,,,,,,,,,,,,,,,,,,,,,,,,,,,,,,trapezoidal,
0.0025200000000000014,R3,resistor,B,0,100,Ω,,0,,5,0.05,0.25,0,true,true,trapezoidal_step_doubling,0.00002,,0.008,,,,,,,,,,,,,,,,0,,,,,,,,,,,,,,,,,,,,,,,,,,,,,,trapezoidal,
0.0025200000000000014,L4,inductor,B,0,100,mH,,0,A,5,0.1260000000000001,0.6300000000000006,0.0007938000000000015,true,true,trapezoidal_step_doubling,0.00002,1e-10,0.008,,,,,,,,,,,,,,,,0,,,,,,,,,,,,,,,,,,,,,,,,,,,,,,trapezoidal,
0.0025600000000000015,V1,voltage,A,0,5,V,,0,,5,-0.1780000000000001,-0.8900000000000006,0,true,true,trapezoidal_step_doubling,0.00002,,0.008,dc,5,10,0,50,2,,,,,,,,,,0,,,,,,,,,,,,,,,,,,,,,,,,,,,,,,trapezoidal,
0.0025600000000000015,S2,switch,A,B,0,,true,0,,0,0.1780000000000001,0,0,true,true,trapezoidal_step_doubling,0.00002,,0.008,,,,,,,true,true,1@0.003=open,,,,,,,0,,,,,,,,,,,,,,,,,,,,,,,,,,,,,,trapezoidal,
0.0025600000000000015,R3,resistor,B,0,100,Ω,,0,,5,0.05,0.25,0,true,true,trapezoidal_step_doubling,0.00002,,0.008,,,,,,,,,,,,,,,,0,,,,,,,,,,,,,,,,,,,,,,,,,,,,,,trapezoidal,
0.0025600000000000015,L4,inductor,B,0,100,mH,,0,A,5,0.1280000000000001,0.6400000000000006,0.0008192000000000016,true,true,trapezoidal_step_doubling,0.00002,1e-10,0.008,,,,,,,,,,,,,,,,0,,,,,,,,,,,,,,,,,,,,,,,,,,,,,,trapezoidal,
0.0026000000000000016,V1,voltage,A,0,5,V,,0,,5,-0.1800000000000001,-0.9000000000000006,0,true,true,trapezoidal_step_doubling,0.00002,,0.008,dc,5,10,0,50,2,,,,,,,,,,0,,,,,,,,,,,,,,,,,,,,,,,,,,,,,,trapezoidal,
0.0026000000000000016,S2,switch,A,B,0,,true,0,,0,0.1800000000000001,0,0,true,true,trapezoidal_step_doubling,0.00002,,0.008,,,,,,,true,true,1@0.003=open,,,,,,,0,,,,,,,,,,,,,,,,,,,,,,,,,,,,,,trapezoidal,
0.0026000000000000016,R3,resistor,B,0,100,Ω,,0,,5,0.05,0.25,0,true,true,trapezoidal_step_doubling,0.00002,,0.008,,,,,,,,,,,,,,,,0,,,,,,,,,,,,,,,,,,,,,,,,,,,,,,trapezoidal,
0.0026000000000000016,L4,inductor,B,0,100,mH,,0,A,5,0.13000000000000012,0.6500000000000006,0.0008450000000000015,true,true,trapezoidal_step_doubling,0.00002,1e-10,0.008,,,,,,,,,,,,,,,,0,,,,,,,,,,,,,,,,,,,,,,,,,,,,,,trapezoidal,
0.0026400000000000017,V1,voltage,A,0,5,V,,0,,5,-0.1820000000000001,-0.9100000000000006,0,true,true,trapezoidal_step_doubling,0.00002,,0.008,dc,5,10,0,50,2,,,,,,,,,,0,,,,,,,,,,,,,,,,,,,,,,,,,,,,,,trapezoidal,
0.0026400000000000017,S2,switch,A,B,0,,true,0,,0,0.1820000000000001,0,0,true,true,trapezoidal_step_doubling,0.00002,,0.008,,,,,,,true,true,1@0.003=open,,,,,,,0,,,,,,,,,,,,,,,,,,,,,,,,,,,,,,trapezoidal,
0.0026400000000000017,R3,resistor,B,0,100,Ω,,0,,5,0.05,0.25,0,true,true,trapezoidal_step_doubling,0.00002,,0.008,,,,,,,,,,,,,,,,0,,,,,,,,,,,,,,,,,,,,,,,,,,,,,,trapezoidal,
0.0026400000000000017,L4,inductor,B,0,100,mH,,0,A,5,0.13200000000000012,0.6600000000000006,0.0008712000000000016,true,true,trapezoidal_step_doubling,0.00002,1e-10,0.008,,,,,,,,,,,,,,,,0,,,,,,,,,,,,,,,,,,,,,,,,,,,,,,trapezoidal,
0.002680000000000002,V1,voltage,A,0,5,V,,0,,5,-0.1840000000000001,-0.9200000000000006,0,true,true,trapezoidal_step_doubling,0.00002,,0.008,dc,5,10,0,50,2,,,,,,,,,,0,,,,,,,,,,,,,,,,,,,,,,,,,,,,,,trapezoidal,
0.002680000000000002,S2,switch,A,B,0,,true,0,,0,0.1840000000000001,0,0,true,true,trapezoidal_step_doubling,0.00002,,0.008,,,,,,,true,true,1@0.003=open,,,,,,,0,,,,,,,,,,,,,,,,,,,,,,,,,,,,,,trapezoidal,
0.002680000000000002,R3,resistor,B,0,100,Ω,,0,,5,0.05,0.25,0,true,true,trapezoidal_step_doubling,0.00002,,0.008,,,,,,,,,,,,,,,,0,,,,,,,,,,,,,,,,,,,,,,,,,,,,,,trapezoidal,
0.002680000000000002,L4,inductor,B,0,100,mH,,0,A,5,0.13400000000000012,0.6700000000000006,0.0008978000000000017,true,true,trapezoidal_step_doubling,0.00002,1e-10,0.008,,,,,,,,,,,,,,,,0,,,,,,,,,,,,,,,,,,,,,,,,,,,,,,trapezoidal,
0.002720000000000002,V1,voltage,A,0,5,V,,0,,5,-0.1860000000000001,-0.9300000000000006,0,true,true,trapezoidal_step_doubling,0.00002,,0.008,dc,5,10,0,50,2,,,,,,,,,,0,,,,,,,,,,,,,,,,,,,,,,,,,,,,,,trapezoidal,
0.002720000000000002,S2,switch,A,B,0,,true,0,,0,0.1860000000000001,0,0,true,true,trapezoidal_step_doubling,0.00002,,0.008,,,,,,,true,true,1@0.003=open,,,,,,,0,,,,,,,,,,,,,,,,,,,,,,,,,,,,,,trapezoidal,
0.002720000000000002,R3,resistor,B,0,100,Ω,,0,,5,0.05,0.25,0,true,true,trapezoidal_step_doubling,0.00002,,0.008,,,,,,,,,,,,,,,,0,,,,,,,,,,,,,,,,,,,,,,,,,,,,,,trapezoidal,
0.002720000000000002,L4,inductor,B,0,100,mH,,0,A,5,0.13600000000000012,0.6800000000000006,0.0009248000000000017,true,true,trapezoidal_step_doubling,0.00002,1e-10,0.008,,,,,,,,,,,,,,,,0,,,,,,,,,,,,,,,,,,,,,,,,,,,,,,trapezoidal,
0.002760000000000002,V1,voltage,A,0,5,V,,0,,5,-0.1880000000000001,-0.9400000000000006,0,true,true,trapezoidal_step_doubling,0.00002,,0.008,dc,5,10,0,50,2,,,,,,,,,,0,,,,,,,,,,,,,,,,,,,,,,,,,,,,,,trapezoidal,
0.002760000000000002,S2,switch,A,B,0,,true,0,,0,0.1880000000000001,0,0,true,true,trapezoidal_step_doubling,0.00002,,0.008,,,,,,,true,true,1@0.003=open,,,,,,,0,,,,,,,,,,,,,,,,,,,,,,,,,,,,,,trapezoidal,
0.002760000000000002,R3,resistor,B,0,100,Ω,,0,,5,0.05,0.25,0,true,true,trapezoidal_step_doubling,0.00002,,0.008,,,,,,,,,,,,,,,,0,,,,,,,,,,,,,,,,,,,,,,,,,,,,,,trapezoidal,
0.002760000000000002,L4,inductor,B,0,100,mH,,0,A,5,0.13800000000000012,0.6900000000000006,0.0009522000000000018,true,true,trapezoidal_step_doubling,0.00002,1e-10,0.008,,,,,,,,,,,,,,,,0,,,,,,,,,,,,,,,,,,,,,,,,,,,,,,trapezoidal,
0.002800000000000002,V1,voltage,A,0,5,V,,0,,5,-0.1900000000000001,-0.9500000000000006,0,true,true,trapezoidal_step_doubling,0.00002,,0.008,dc,5,10,0,50,2,,,,,,,,,,0,,,,,,,,,,,,,,,,,,,,,,,,,,,,,,trapezoidal,
0.002800000000000002,S2,switch,A,B,0,,true,0,,0,0.1900000000000001,0,0,true,true,trapezoidal_step_doubling,0.00002,,0.008,,,,,,,true,true,1@0.003=open,,,,,,,0,,,,,,,,,,,,,,,,,,,,,,,,,,,,,,trapezoidal,
0.002800000000000002,R3,resistor,B,0,100,Ω,,0,,5,0.05,0.25,0,true,true,trapezoidal_step_doubling,0.00002,,0.008,,,,,,,,,,,,,,,,0,,,,,,,,,,,,,,,,,,,,,,,,,,,,,,trapezoidal,
0.002800000000000002,L4,inductor,B,0,100,mH,,0,A,5,0.14000000000000012,0.7000000000000006,0.0009800000000000017,true,true,trapezoidal_step_doubling,0.00002,1e-10,0.008,,,,,,,,,,,,,,,,0,,,,,,,,,,,,,,,,,,,,,,,,,,,,,,trapezoidal,
0.0028400000000000022,V1,voltage,A,0,5,V,,0,,5,-0.19200000000000012,-0.9600000000000006,0,true,true,trapezoidal_step_doubling,0.00002,,0.008,dc,5,10,0,50,2,,,,,,,,,,0,,,,,,,,,,,,,,,,,,,,,,,,,,,,,,trapezoidal,
0.0028400000000000022,S2,switch,A,B,0,,true,0,,0,0.19200000000000012,0,0,true,true,trapezoidal_step_doubling,0.00002,,0.008,,,,,,,true,true,1@0.003=open,,,,,,,0,,,,,,,,,,,,,,,,,,,,,,,,,,,,,,trapezoidal,
0.0028400000000000022,R3,resistor,B,0,100,Ω,,0,,5,0.05,0.25,0,true,true,trapezoidal_step_doubling,0.00002,,0.008,,,,,,,,,,,,,,,,0,,,,,,,,,,,,,,,,,,,,,,,,,,,,,,trapezoidal,
0.0028400000000000022,L4,inductor,B,0,100,mH,,0,A,5,0.14200000000000013,0.7100000000000006,0.0010082000000000018,true,true,trapezoidal_step_doubling,0.00002,1e-10,0.008,,,,,,,,,,,,,,,,0,,,,,,,,,,,,,,,,,,,,,,,,,,,,,,trapezoidal,
0.0028800000000000023,V1,voltage,A,0,5,V,,0,,5,-0.19400000000000012,-0.9700000000000006,0,true,true,trapezoidal_step_doubling,0.00002,,0.008,dc,5,10,0,50,2,,,,,,,,,,0,,,,,,,,,,,,,,,,,,,,,,,,,,,,,,trapezoidal,
0.0028800000000000023,S2,switch,A,B,0,,true,0,,0,0.19400000000000012,0,0,true,true,trapezoidal_step_doubling,0.00002,,0.008,,,,,,,true,true,1@0.003=open,,,,,,,0,,,,,,,,,,,,,,,,,,,,,,,,,,,,,,trapezoidal,
0.0028800000000000023,R3,resistor,B,0,100,Ω,,0,,5,0.05,0.25,0,true,true,trapezoidal_step_doubling,0.00002,,0.008,,,,,,,,,,,,,,,,0,,,,,,,,,,,,,,,,,,,,,,,,,,,,,,trapezoidal,
0.0028800000000000023,L4,inductor,B,0,100,mH,,0,A,5,0.14400000000000013,0.7200000000000006,0.001036800000000002,true,true,trapezoidal_step_doubling,0.00002,1e-10,0.008,,,,,,,,,,,,,,,,0,,,,,,,,,,,,,,,,,,,,,,,,,,,,,,trapezoidal,
0.0029200000000000025,V1,voltage,A,0,5,V,,0,,5,-0.19600000000000012,-0.9800000000000006,0,true,true,trapezoidal_step_doubling,0.00002,,0.008,dc,5,10,0,50,2,,,,,,,,,,0,,,,,,,,,,,,,,,,,,,,,,,,,,,,,,trapezoidal,
0.0029200000000000025,S2,switch,A,B,0,,true,0,,0,0.19600000000000012,0,0,true,true,trapezoidal_step_doubling,0.00002,,0.008,,,,,,,true,true,1@0.003=open,,,,,,,0,,,,,,,,,,,,,,,,,,,,,,,,,,,,,,trapezoidal,
0.0029200000000000025,R3,resistor,B,0,100,Ω,,0,,5,0.05,0.25,0,true,true,trapezoidal_step_doubling,0.00002,,0.008,,,,,,,,,,,,,,,,0,,,,,,,,,,,,,,,,,,,,,,,,,,,,,,trapezoidal,
0.0029200000000000025,L4,inductor,B,0,100,mH,,0,A,5,0.14600000000000013,0.7300000000000006,0.001065800000000002,true,true,trapezoidal_step_doubling,0.00002,1e-10,0.008,,,,,,,,,,,,,,,,0,,,,,,,,,,,,,,,,,,,,,,,,,,,,,,trapezoidal,
0.0029600000000000026,V1,voltage,A,0,5,V,,0,,5,-0.19800000000000012,-0.9900000000000007,0,true,true,trapezoidal_step_doubling,0.00002,,0.008,dc,5,10,0,50,2,,,,,,,,,,0,,,,,,,,,,,,,,,,,,,,,,,,,,,,,,trapezoidal,
0.0029600000000000026,S2,switch,A,B,0,,true,0,,0,0.19800000000000012,0,0,true,true,trapezoidal_step_doubling,0.00002,,0.008,,,,,,,true,true,1@0.003=open,,,,,,,0,,,,,,,,,,,,,,,,,,,,,,,,,,,,,,trapezoidal,
0.0029600000000000026,R3,resistor,B,0,100,Ω,,0,,5,0.05,0.25,0,true,true,trapezoidal_step_doubling,0.00002,,0.008,,,,,,,,,,,,,,,,0,,,,,,,,,,,,,,,,,,,,,,,,,,,,,,trapezoidal,
0.0029600000000000026,L4,inductor,B,0,100,mH,,0,A,5,0.14800000000000013,0.7400000000000007,0.0010952000000000021,true,true,trapezoidal_step_doubling,0.00002,1e-10,0.008,,,,,,,,,,,,,,,,0,,,,,,,,,,,,,,,,,,,,,,,,,,,,,,trapezoidal,
0.0029800000000000013,V1,voltage,A,0,5,V,,0,,5,-0.19900000000000007,-0.9950000000000003,0,true,true,trapezoidal_step_doubling,0.00002,,0.008,dc,5,10,0,50,2,,,,,,,,,,0,,,,,,,,,,,,,,,,,,,,,,,,,,,,,,trapezoidal,
0.0029800000000000013,S2,switch,A,B,0,,true,0,,0,0.19900000000000007,0,0,true,true,trapezoidal_step_doubling,0.00002,,0.008,,,,,,,true,true,1@0.003=open,,,,,,,0,,,,,,,,,,,,,,,,,,,,,,,,,,,,,,trapezoidal,
0.0029800000000000013,R3,resistor,B,0,100,Ω,,0,,5,0.05,0.25,0,true,true,trapezoidal_step_doubling,0.00002,,0.008,,,,,,,,,,,,,,,,0,,,,,,,,,,,,,,,,,,,,,,,,,,,,,,trapezoidal,
0.0029800000000000013,L4,inductor,B,0,100,mH,,0,A,5,0.14900000000000008,0.7450000000000003,0.0011100500000000013,true,true,trapezoidal_step_doubling,0.00002,1e-10,0.008,,,,,,,,,,,,,,,,0,,,,,,,,,,,,,,,,,,,,,,,,,,,,,,trapezoidal,
0.003,V1,voltage,A,0,5,V,,0,,5,-0.2,-1,0,true,true,trapezoidal_step_doubling,0.00002,,0.008,dc,5,10,0,50,2,,,,before,S2=open,,,,,0,,,,,,,,,,,,,,,,,,,,,,,,,,,,,,trapezoidal,
0.003,S2,switch,A,B,0,,true,0,,0,0.2,0,0,true,true,trapezoidal_step_doubling,0.00002,,0.008,,,,,,,true,true,1@0.003=open,before,S2=open,,,,,0,,,,,,,,,,,,,,,,,,,,,,,,,,,,,,trapezoidal,
0.003,R3,resistor,B,0,100,Ω,,0,,5,0.05,0.25,0,true,true,trapezoidal_step_doubling,0.00002,,0.008,,,,,,,,,,before,S2=open,,,,,0,,,,,,,,,,,,,,,,,,,,,,,,,,,,,,trapezoidal,
0.003,L4,inductor,B,0,100,mH,,0,A,5,0.15000000000000002,0.7500000000000001,0.0011250000000000003,true,true,trapezoidal_step_doubling,0.00002,1e-10,0.008,,,,,,,,,,before,S2=open,,,,,0,,,,,,,,,,,,,,,,,,,,,,,,,,,,,,trapezoidal,
0.003,V1,voltage,A,0,5,V,,0,,5,0,0,0,true,true,switch_constraints,0.00002,,0.008,dc,5,10,0,50,2,,,,after,S2=open,,,,,0,,,,,,,,,,,,,,,,,,,,,,,,,,,,,,trapezoidal,
0.003,S2,switch,A,B,0,,false,0,,20,0,0,0,true,true,switch_constraints,0.00002,,0.008,,,,,,,true,true,1@0.003=open,after,S2=open,,,,,0,,,,,,,,,,,,,,,,,,,,,,,,,,,,,,trapezoidal,
0.003,R3,resistor,B,0,100,Ω,,0,,-15.000000000000002,-0.15000000000000002,2.2500000000000004,0,true,true,switch_constraints,0.00002,,0.008,,,,,,,,,,after,S2=open,,,,,0,,,,,,,,,,,,,,,,,,,,,,,,,,,,,,trapezoidal,
0.003,L4,inductor,B,0,100,mH,,0,A,-15.000000000000002,0.15000000000000002,-2.2500000000000004,0.0011250000000000003,true,true,switch_constraints,0.00002,1e-10,0.008,,,,,,,,,,after,S2=open,,,,,0,,,,,,,,,,,,,,,,,,,,,,,,,,,,,,trapezoidal,
0.0030038470638876855,V1,voltage,A,0,5,V,,0,,5,0,0,0,true,true,backward_euler_step_doubling,0.00002,,0.008,dc,5,10,0,50,2,,,,,,,,,,0,,,,,,,,,,,,,,,,,,,,,,,,,,,,,,trapezoidal,switch_event
0.0030038470638876855,S2,switch,A,B,0,,false,0,,19.94251518942358,0,0,0,true,true,backward_euler_step_doubling,0.00002,,0.008,,,,,,,true,true,1@0.003=open,,,,,,,0,,,,,,,,,,,,,,,,,,,,,,,,,,,,,,trapezoidal,switch_event
0.0030038470638876855,R3,resistor,B,0,100,Ω,,0,,-14.942515189423581,-0.1494251518942358,2.2327876018615442,0,true,true,backward_euler_step_doubling,0.00002,,0.008,,,,,,,,,,,,,,,,0,,,,,,,,,,,,,,,,,,,,,,,,,,,,,,trapezoidal,switch_event
0.0030038470638876855,L4,inductor,B,0,100,mH,,0,A,-14.942515189423581,0.14942515189423583,-2.2327876018615447,0.0011163938009307727,true,true,backward_euler_step_doubling,0.00002,1e-10,0.008,,,,,,,,,,,,,,,,0,,,,,,,,,,,,,,,,,,,,,,,,,,,,,,trapezoidal,switch_event
0.0030076941277753706,V1,voltage,A,0,5,V,,0,,5,0,0,0,true,true,backward_euler_step_doubling,0.00002,,0.008,dc,5,10,0,50,2,,,,,,,,,,0,,,,,,,,,,,,,,,,,,,,,,,,,,,,,,trapezoidal,switch_event
0.0030076941277753706,S2,switch,A,B,0,,false,0,,19.88525067907696,0,0,0,true,true,backward_euler_step_doubling,0.00002,,0.008,,,,,,,true,true,1@0.003=open,,,,,,,0,,,,,,,,,,,,,,,,,,,,,,,,,,,,,,trapezoidal,switch_event
0.0030076941277753706,R3,resistor,B,0,100,Ω,,0,,-14.885250679076963,-0.14885250679076964,2.215706877789612,0,true,true,backward_euler_step_doubling,0.00002,,0.008,,,,,,,,,,,,,,,,0,,,,,,,,,,,,,,,,,,,,,,,,,,,,,,trapezoidal,switch_event
0.0030076941277753706,L4,inductor,B,0,100,mH,,0,A,-14.885250679076963,0.14885250679076964,-2.215706877789612,0.0011078534388948061,true,true,backward_euler_step_doubling,0.00002,1e-10,0.008,,,,,,,,,,,,,,,,0,,,,,,,,,,,,,,,,,,,,,,,,,,,,,,trapezoidal,switch_event
0.0030115247831168698,V1,voltage,A,0,5,V,,0,,5,0,0,0,true,true,trapezoidal_step_doubling,0.00002,,0.008,dc,5,10,0,50,2,,,,,,,,,,0,,,,,,,,,,,,,,,,,,,,,,,,,,,,,,trapezoidal,
0.0030115247831168698,S2,switch,A,B,0,,false,0,,19.82833941776716,0,0,0,true,true,trapezoidal_step_doubling,0.00002,,0.008,,,,,,,true,true,1@0.003=open,,,,,,,0,,,,,,,,,,,,,,,,,,,,,,,,,,,,,,trapezoidal,
0.0030115247831168698,R3,resistor,B,0,100,Ω,,0,,-14.828339417767163,-0.14828339417767164,2.1987964988850743,0,true,true,trapezoidal_step_doubling,0.00002,,0.008,,,,,,,,,,,,,,,,0,,,,,,,,,,,,,,,,,,,,,,,,,,,,,,trapezoidal,
0.0030115247831168698,L4,inductor,B,0,100,mH,,0,A,-14.828339417767163,0.14828339417767164,-2.1987964988850743,0.0010993982494425373,true,true,trapezoidal_step_doubling,0.00002,1e-10,0.008,,,,,,,,,,,,,,,,0,,,,,,,,,,,,,,,,,,,,,,,,,,,,,,trapezoidal,
0.0030153554384583694,V1,voltage,A,0,5,V,,0,,5,0,0,0,true,true,trapezoidal_step_doubling,0.00002,,0.008,dc,5,10,0,50,2,,,,,,,,,,0,,,,,,,,,,,,,,,,,,,,,,,,,,,,,,trapezoidal,
0.0030153554384583694,S2,switch,A,B,0,,false,0,,19.771645747127064,0,0,0,true,true,trapezoidal_step_doubling,0.00002,,0.008,,,,,,,true,true,1@0.003=open,,,,,,,0,,,,,,,,,,,,,,,,,,,,,,,,,,,,,,trapezoidal,
0.0030153554384583694,R3,resistor,B,0,100,Ω,,0,,-14.771645747127064,-0.14771645747127063,2.1820151807861707,0,true,true,trapezoidal_step_doubling,0.00002,,0.008,,,,,,,,,,,,,,,,0,,,,,,,,,,,,,,,,,,,,,,,,,,,,,,trapezoidal,
0.0030153554384583694,L4,inductor,B,0,100,mH,,0,A,-14.771645747127064,0.1477164574712706,-2.1820151807861703,0.0010910075903930849,true,true,trapezoidal_step_doubling,0.00002,1e-10,0.008,,,,,,,,,,,,,,,,0,,,,,,,,,,,,,,,,,,,,,,,,,,,,,,trapezoidal,
0.003023016749141368,V1,voltage,A,0,5,V,,0,,5,0,0,0,true,true,trapezoidal_step_doubling,0.00002,,0.008,dc,5,10,0,50,2,,,,,,,,,,0,,,,,,,,,,,,,,,,,,,,,,,,,,,,,,trapezoidal,
0.003023016749141368,S2,switch,A,B,0,,false,0,,19.658907441352326,0,0,0,true,true,trapezoidal_step_doubling,0.00002,,0.008,,,,,,,true,true,1@0.003=open,,,,,,,0,,,,,,,,,,,,,,,,,,,,,,,,,,,,,,trapezoidal,
0.003023016749141368,R3,resistor,B,0,100,Ω,,0,,-14.658907441352328,-0.14658907441352328,2.1488356737413468,0,true,true,trapezoidal_step_doubling,0.00002,,0.008,,,,,,,,,,,,,,,,0,,,,,,,,,,,,,,,,,,,,,,,,,,,,,,trapezoidal,
0.003023016749141368,L4,inductor,B,0,100,mH,,0,A,-14.658907441352328,0.14658907441352328,-2.1488356737413468,0.0010744178368706733,true,true,trapezoidal_step_doubling,0.00002,1e-10,0.008,,,,,,,,,,,,,,,,0,,,,,,,,,,,,,,,,,,,,,,,,,,,,,,trapezoidal,
0.003030678059824367,V1,voltage,A,0,5,V,,0,,5,0,0,0,true,true,trapezoidal_step_doubling,0.00002,,0.008,dc,5,10,0,50,2,,,,,,,,,,0,,,,,,,,,,,,,,,,,,,,,,,,,,,,,,trapezoidal,
0.003030678059824367,S2,switch,A,B,0,,false,0,,19.547029562764013,0,0,0,true,true,trapezoidal_step_doubling,0.00002,,0.008,,,,,,,true,true,1@0.003=open,,,,,,,0,,,,,,,,,,,,,,,,,,,,,,,,,,,,,,trapezoidal,
0.003030678059824367,R3,resistor,B,0,100,Ω,,0,,-14.547029562764013,-0.14547029562764013,2.1161606909993016,0,true,true,trapezoidal_step_doubling,0.00002,,0.008,,,,,,,,,,,,,,,,0,,,,,,,,,,,,,,,,,,,,,,,,,,,,,,trapezoidal,
0.003030678059824367,L4,inductor,B,0,100,mH,,0,A,-14.547029562764013,0.14547029562764016,-2.116160690999302,0.0010580803454996513,true,true,trapezoidal_step_doubling,0.00002,1e-10,0.008,,,,,,,,,,,,,,,,0,,,,,,,,,,,,,,,,,,,,,,,,,,,,,,trapezoidal,
0.0030460006811903646,V1,voltage,A,0,5,V,,0,,5,0,0,0,true,true,trapezoidal_step_doubling,0.00002,,0.008,dc,5,10,0,50,2,,,,,,,,,,0,,,,,,,,,,,,,,,,,,,,,,,,,,,,,,trapezoidal,
0.0030460006811903646,S2,switch,A,B,0,,false,0,,19.325825648683875,0,0,0,true,true,trapezoidal_step_doubling,0.00002,,0.008,,,,,,,true,true,1@0.003=open,,,,,,,0,,,,,,,,,,,,,,,,,,,,,,,,,,,,,,trapezoidal,
0.0030460006811903646,R3,resistor,B,0,100,Ω,,0,,-14.325825648683873,-0.14325825648683874,2.052292805164887,0,true,true,trapezoidal_step_doubling,0.00002,,0.008,,,,,,,,,,,,,,,,0,,,,,,,,,,,,,,,,,,,,,,,,,,,,,,trapezoidal,
0.0030460006811903646,L4,inductor,B,0,100,mH,,0,A,-14.325825648683873,0.14325825648683874,-2.052292805164887,0.0010261464025824436,true,true,trapezoidal_step_doubling,0.00002,1e-10,0.008,,,,,,,,,,,,,,,,0,,,,,,,,,,,,,,,,,,,,,,,,,,,,,,trapezoidal,
0.0030613233025563623,V1,voltage,A,0,5,V,,0,,5,0,0,0,true,true,trapezoidal_step_doubling,0.00002,,0.008,dc,5,10,0,50,2,,,,,,,,,,0,,,,,,,,,,,,,,,,,,,,,,,,,,,,,,trapezoidal,
0.0030613233025563623,S2,switch,A,B,0,,false,0,,19.10798538842689,0,0,0,true,true,trapezoidal_step_doubling,0.00002,,0.008,,,,,,,true,true,1@0.003=open,,,,,,,0,,,,,,,,,,,,,,,,,,,,,,,,,,,,,,trapezoidal,
0.0030613233025563623,R3,resistor,B,0,100,Ω,,0,,-14.107985388426888,-0.14107985388426889,1.9903525172006657,0,true,true,trapezoidal_step_doubling,0.00002,,0.008,,,,,,,,,,,,,,,,0,,,,,,,,,,,,,,,,,,,,,,,,,,,,,,trapezoidal,
0.0030613233025563623,L4,inductor,B,0,100,mH,,0,A,-14.107985388426888,0.14107985388426889,-1.9903525172006657,0.000995176258600333,true,true,trapezoidal_step_doubling,0.00002,1e-10,0.008,,,,,,,,,,,,,,,,0,,,,,,,,,,,,,,,,,,,,,,,,,,,,,,trapezoidal,
0.0030919685452883575,V1,voltage,A,0,5,V,,0,,5,0,0,0,true,true,trapezoidal_step_doubling,0.00002,,0.008,dc,5,10,0,50,2,,,,,,,,,,0,,,,,,,,,,,,,,,,,,,,,,,,,,,,,,trapezoidal,
0.0030919685452883575,S2,switch,A,B,0,,false,0,,18.682167399553443,0,0,0,true,true,trapezoidal_step_doubling,0.00002,,0.008,,,,,,,true,true,1@0.003=open,,,,,,,0,,,,,,,,,,,,,,,,,,,,,,,,,,,,,,trapezoidal,
0.0030919685452883575,R3,resistor,B,0,100,Ω,,0,,-13.682167399553443,-0.13682167399553444,1.8720170474940303,0,true,true,trapezoidal_step_doubling,0.00002,,0.008,,,,,,,,,,,,,,,,0,,,,,,,,,,,,,,,,,,,,,,,,,,,,,,trapezoidal,
0.0030919685452883575,L4,inductor,B,0,100,mH,,0,A,-13.682167399553443,0.13682167399553444,-1.8720170474940303,0.0009360085237470153,true,true,trapezoidal_step_doubling,0.00002,1e-10,0.008,,,,,,,,,,,,,,,,0,,,,,,,,,,,,,,,,,,,,,,,,,,,,,,trapezoidal,
0.0031226137880203527,V1,voltage,A,0,5,V,,0,,5,0,0,0,true,true,trapezoidal_step_doubling,0.00002,,0.008,dc,5,10,0,50,2,,,,,,,,,,0,,,,,,,,,,,,,,,,,,,,,,,,,,,,,,trapezoidal,
0.0031226137880203527,S2,switch,A,B,0,,false,0,,18.269201774405648,0,0,0,true,true,trapezoidal_step_doubling,0.00002,,0.008,,,,,,,true,true,1@0.003=open,,,,,,,0,,,,,,,,,,,,,,,,,,,,,,,,,,,,,,trapezoidal,
0.0031226137880203527,R3,resistor,B,0,100,Ω,,0,,-13.269201774405648,-0.13269201774405648,1.7607171572989,0,true,true,trapezoidal_step_doubling,0.00002,,0.008,,,,,,,,,,,,,,,,0,,,,,,,,,,,,,,,,,,,,,,,,,,,,,,trapezoidal,
0.0031226137880203527,L4,inductor,B,0,100,mH,,0,A,-13.269201774405648,0.13269201774405648,-1.7607171572989,0.00088035857864945,true,true,trapezoidal_step_doubling,0.00002,1e-10,0.008,,,,,,,,,,,,,,,,0,,,,,,,,,,,,,,,,,,,,,,,,,,,,,,trapezoidal,
0.003162613788020353,V1,voltage,A,0,5,V,,0,,5,0,0,0,true,true,trapezoidal_step_doubling,0.00002,,0.008,dc,5,10,0,50,2,,,,,,,,,,0,,,,,,,,,,,,,,,,,,,,,,,,,,,,,,trapezoidal,
0.003162613788020353,S2,switch,A,B,0,,false,0,,17.748840920507384,0,0,0,true,true,trapezoidal_step_doubling,0.00002,,0.008,,,,,,,true,true,1@0.003=open,,,,,,,0,,,,,,,,,,,,,,,,,,,,,,,,,,,,,,trapezoidal,
0.003162613788020353,R3,resistor,B,0,100,Ω,,0,,-12.748840920507385,-0.12748840920507384,1.625329448164036,0,true,true,trapezoidal_step_doubling,0.00002,,0.008,,,,,,,,,,,,,,,,0,,,,,,,,,,,,,,,,,,,,,,,,,,,,,,trapezoidal,
0.003162613788020353,L4,inductor,B,0,100,mH,,0,A,-12.748840920507385,0.12748840920507387,-1.6253294481640361,0.0008126647240820182,true,true,trapezoidal_step_doubling,0.00002,1e-10,0.008,,,,,,,,,,,,,,,,0,,,,,,,,,,,,,,,,,,,,,,,,,,,,,,trapezoidal,
0.003202613788020353,V1,voltage,A,0,5,V,,0,,5,0,0,0,true,true,trapezoidal_step_doubling,0.00002,,0.008,dc,5,10,0,50,2,,,,,,,,,,0,,,,,,,,,,,,,,,,,,,,,,,,,,,,,,trapezoidal,
0.003202613788020353,S2,switch,A,B,0,,false,0,,17.248886374605135,0,0,0,true,true,trapezoidal_step_doubling,0.00002,,0.008,,,,,,,true,true,1@0.003=open,,,,,,,0,,,,,,,,,,,,,,,,,,,,,,,,,,,,,,trapezoidal,
0.003202613788020353,R3,resistor,B,0,100,Ω,,0,,-12.248886374605135,-0.12248886374605135,1.5003521741798733,0,true,true,trapezoidal_step_doubling,0.00002,,0.008,,,,,,,,,,,,,,,,0,,,,,,,,,,,,,,,,,,,,,,,,,,,,,,trapezoidal,
0.003202613788020353,L4,inductor,B,0,100,mH,,0,A,-12.248886374605135,0.12248886374605135,-1.5003521741798733,0.0007501760870899367,true,true,trapezoidal_step_doubling,0.00002,1e-10,0.008,,,,,,,,,,,,,,,,0,,,,,,,,,,,,,,,,,,,,,,,,,,,,,,trapezoidal,
0.003242613788020353,V1,voltage,A,0,5,V,,0,,5,0,0,0,true,true,trapezoidal_step_doubling,0.00002,,0.008,dc,5,10,0,50,2,,,,,,,,,,0,,,,,,,,,,,,,,,,,,,,,,,,,,,,,,trapezoidal,
0.003242613788020353,S2,switch,A,B,0,,false,0,,16.768537889326502,0,0,0,true,true,trapezoidal_step_doubling,0.00002,,0.008,,,,,,,true,true,1@0.003=open,,,,,,,0,,,,,,,,,,,,,,,,,,,,,,,,,,,,,,trapezoidal,
0.003242613788020353,R3,resistor,B,0,100,Ω,,0,,-11.7685378893265,-0.11768537889326501,1.3849848405251346,0,true,true,trapezoidal_step_doubling,0.00002,,0.008,,,,,,,,,,,,,,,,0,,,,,,,,,,,,,,,,,,,,,,,,,,,,,,trapezoidal,
0.003242613788020353,L4,inductor,B,0,100,mH,,0,A,-11.7685378893265,0.11768537889326501,-1.3849848405251346,0.0006924924202625673,true,true,trapezoidal_step_doubling,0.00002,1e-10,0.008,,,,,,,,,,,,,,,,0,,,,,,,,,,,,,,,,,,,,,,,,,,,,,,trapezoidal,
0.003282613788020353,V1,voltage,A,0,5,V,,0,,5,0,0,0,true,true,trapezoidal_step_doubling,0.00002,,0.008,dc,5,10,0,50,2,,,,,,,,,,0,,,,,,,,,,,,,,,,,,,,,,,,,,,,,,trapezoidal,
0.003282613788020353,S2,switch,A,B,0,,false,0,,16.30702659954899,0,0,0,true,true,trapezoidal_step_doubling,0.00002,,0.008,,,,,,,true,true,1@0.003=open,,,,,,,0,,,,,,,,,,,,,,,,,,,,,,,,,,,,,,trapezoidal,
0.003282613788020353,R3,resistor,B,0,100,Ω,,0,,-11.30702659954899,-0.1130702659954899,1.278488505229084,0,true,true,trapezoidal_step_doubling,0.00002,,0.008,,,,,,,,,,,,,,,,0,,,,,,,,,,,,,,,,,,,,,,,,,,,,,,trapezoidal,
0.003282613788020353,L4,inductor,B,0,100,mH,,0,A,-11.30702659954899,0.1130702659954899,-1.278488505229084,0.0006392442526145421,true,true,trapezoidal_step_doubling,0.00002,1e-10,0.008,,,,,,,,,,,,,,,,0,,,,,,,,,,,,,,,,,,,,,,,,,,,,,,trapezoidal,
0.0033226137880203533,V1,voltage,A,0,5,V,,0,,5,0,0,0,true,true,trapezoidal_step_doubling,0.00002,,0.008,dc,5,10,0,50,2,,,,,,,,,,0,,,,,,,,,,,,,,,,,,,,,,,,,,,,,,trapezoidal,
0.0033226137880203533,S2,switch,A,B,0,,false,0,,15.86361379172354,0,0,0,true,true,trapezoidal_step_doubling,0.00002,,0.008,,,,,,,true,true,1@0.003=open,,,,,,,0,,,,,,,,,,,,,,,,,,,,,,,,,,,,,,trapezoidal,
0.0033226137880203533,R3,resistor,B,0,100,Ω,,0,,-10.86361379172354,-0.10863613791723539,1.1801810461572588,0,true,true,trapezoidal_step_doubling,0.00002,,0.008,,,,,,,,,,,,,,,,0,,,,,,,,,,,,,,,,,,,,,,,,,,,,,,trapezoidal,
0.0033226137880203533,L4,inductor,B,0,100,mH,,0,A,-10.86361379172354,0.10863613791723538,-1.1801810461572588,0.0005900905230786294,true,true,trapezoidal_step_doubling,0.00002,1e-10,0.008,,,,,,,,,,,,,,,,0,,,,,,,,,,,,,,,,,,,,,,,,,,,,,,trapezoidal,
0.0033626137880203534,V1,voltage,A,0,5,V,,0,,5,0,0,0,true,true,trapezoidal_step_doubling,0.00002,,0.008,dc,5,10,0,50,2,,,,,,,,,,0,,,,,,,,,,,,,,,,,,,,,,,,,,,,,,trapezoidal,
0.0033626137880203534,S2,switch,A,B,0,,false,0,,15.437589721459869,0,0,0,true,true,trapezoidal_step_doubling,0.00002,,0.008,,,,,,,true,true,1@0.003=open,,,,,,,0,,,,,,,,,,,,,,,,,,,,,,,,,,,,,,trapezoidal,
0.0033626137880203534,R3,resistor,B,0,100,Ω,,0,,-10.437589721459869,-0.10437589721459868,1.089432791935247,0,true,true,trapezoidal_step_doubling,0.00002,,0.008,,,,,,,,,,,,,,,,0,,,,,,,,,,,,,,,,,,,,,,,,,,,,,,trapezoidal,
0.0033626137880203534,L4,inductor,B,0,100,mH,,0,A,-10.437589721459869,0.10437589721459868,-1.089432791935247,0.0005447163959676235,true,true,trapezoidal_step_doubling,0.00002,1e-10,0.008,,,,,,,,,,,,,,,,0,,,,,,,,,,,,,,,,,,,,,,,,,,,,,,trapezoidal,
0.0034026137880203535,V1,voltage,A,0,5,V,,0,,5,0,0,0,true,true,trapezoidal_step_doubling,0.00002,,0.008,dc,5,10,0,50,2,,,,,,,,,,0,,,,,,,,,,,,,,,,,,,,,,,,,,,,,,trapezoidal,
0.0034026137880203535,S2,switch,A,B,0,,false,0,,15.02827247748105,0,0,0,true,true,trapezoidal_step_doubling,0.00002,,0.008,,,,,,,true,true,1@0.003=open,,,,,,,0,,,,,,,,,,,,,,,,,,,,,,,,,,,,,,trapezoidal,
0.0034026137880203535,R3,resistor,B,0,100,Ω,,0,,-10.02827247748105,-0.1002827247748105,1.005662488826039,0,true,true,trapezoidal_step_doubling,0.00002,,0.008,,,,,,,,,,,,,,,,0,,,,,,,,,,,,,,,,,,,,,,,,,,,,,,trapezoidal,
0.0034026137880203535,L4,inductor,B,0,100,mH,,0,A,-10.02827247748105,0.10028272477481048,-1.005662488826039,0.0005028312444130195,true,true,trapezoidal_step_doubling,0.00002,1e-10,0.008,,,,,,,,,,,,,,,,0,,,,,,,,,,,,,,,,,,,,,,,,,,,,,,trapezoidal,
0.0034426137880203536,V1,voltage,A,0,5,V,,0,,5,0,0,0,true,true,trapezoidal_step_doubling,0.00002,,0.008,dc,5,10,0,50,2,,,,,,,,,,0,,,,,,,,,,,,,,,,,,,,,,,,,,,,,,trapezoidal,
0.0034426137880203536,S2,switch,A,B,0,,false,0,,14.63500689012885,0,0,0,true,true,trapezoidal_step_doubling,0.00002,,0.008,,,,,,,true,true,1@0.003=open,,,,,,,0,,,,,,,,,,,,,,,,,,,,,,,,,,,,,,trapezoidal,
0.0034426137880203536,R3,resistor,B,0,100,Ω,,0,,-9.63500689012885,-0.0963500689012885,0.928333577728304,0,true,true,trapezoidal_step_doubling,0.00002,,0.008,,,,,,,,,,,,,,,,0,,,,,,,,,,,,,,,,,,,,,,,,,,,,,,trapezoidal,
0.0034426137880203536,L4,inductor,B,0,100,mH,,0,A,-9.63500689012885,0.0963500689012885,-0.928333577728304,0.0004641667888641521,true,true,trapezoidal_step_doubling,0.00002,1e-10,0.008,,,,,,,,,,,,,,,,0,,,,,,,,,,,,,,,,,,,,,,,,,,,,,,trapezoidal,
0.0034826137880203537,V1,voltage,A,0,5,V,,0,,5,0,0,0,true,true,trapezoidal_step_doubling,0.00002,,0.008,dc,5,10,0,50,2,,,,,,,,,,0,,,,,,,,,,,,,,,,,,,,,,,,,,,,,,trapezoidal,
0.0034826137880203537,S2,switch,A,B,0,,false,0,,14.257163482672816,0,0,0,true,true,trapezoidal_step_doubling,0.00002,,0.008,,,,,,,true,true,1@0.003=open,,,,,,,0,,,,,,,,,,,,,,,,,,,,,,,,,,,,,,trapezoidal,
0.0034826137880203537,R3,resistor,B,0,100,Ω,,0,,-9.257163482672816,-0.09257163482672816,0.8569507574493109,0,true,true,trapezoidal_step_doubling,0.00002,,0.008,,,,,,,,,,,,,,,,0,,,,,,,,,,,,,,,,,,,,,,,,,,,,,,trapezoidal,
0.0034826137880203537,L4,inductor,B,0,100,mH,,0,A,-9.257163482672816,0.09257163482672816,-0.8569507574493109,0.00042847537872465547,true,true,trapezoidal_step_doubling,0.00002,1e-10,0.008,,,,,,,,,,,,,,,,0,,,,,,,,,,,,,,,,,,,,,,,,,,,,,,trapezoidal,
0.003522613788020354,V1,voltage,A,0,5,V,,0,,5,0,0,0,true,true,trapezoidal_step_doubling,0.00002,,0.008,dc,5,10,0,50,2,,,,,,,,,,0,,,,,,,,,,,,,,,,,,,,,,,,,,,,,,trapezoidal,
0.003522613788020354,S2,switch,A,B,0,,false,0,,13.89413746374447,0,0,0,true,true,trapezoidal_step_doubling,0.00002,,0.008,,,,,,,true,true,1@0.003=open,,,,,,,0,,,,,,,,,,,,,,,,,,,,,,,,,,,,,,trapezoidal,
0.003522613788020354,R3,resistor,B,0,100,Ω,,0,,-8.89413746374447,-0.0889413746374447,0.791056812239829,0,true,true,trapezoidal_step_doubling,0.00002,,0.008,,,,,,,,,,,,,,,,0,,,,,,,,,,,,,,,,,,,,,,,,,,,,,,trapezoidal,
0.003522613788020354,L4,inductor,B,0,100,mH,,0,A,-8.89413746374447,0.0889413746374447,-0.791056812239829,0.0003955284061199145,true,true,trapezoidal_step_doubling,0.00002,1e-10,0.008,,,,,,,,,,,,,,,,0,,,,,,,,,,,,,,,,,,,,,,,,,,,,,,trapezoidal,
0.003562613788020354,V1,voltage,A,0,5,V,,0,,5,0,0,0,true,true,trapezoidal_step_doubling,0.00002,,0.008,dc,5,10,0,50,2,,,,,,,,,,0,,,,,,,,,,,,,,,,,,,,,,,,,,,,,,trapezoidal,
0.003562613788020354,S2,switch,A,B,0,,false,0,,13.545347759283901,0,0,0,true,true,trapezoidal_step_doubling,0.00002,,0.008,,,,,,,true,true,1@0.003=open,,,,,,,0,,,,,,,,,,,,,,,,,,,,,,,,,,,,,,trapezoidal,
0.003562613788020354,R3,resistor,B,0,100,Ω,,0,,-8.545347759283901,-0.08545347759283901,0.7302296832709839,0,true,true,trapezoidal_step_doubling,0.00002,,0.008,,,,,,,,,,,,,,,,0,,,,,,,,,,,,,,,,,,,,,,,,,,,,,,trapezoidal,
0.003562613788020354,L4,inductor,B,0,100,mH,,0,A,-8.545347759283901,0.08545347759283901,-0.7302296832709839,0.00036511484163549197,true,true,trapezoidal_step_doubling,0.00002,1e-10,0.008,,,,,,,,,,,,,,,,0,,,,,,,,,,,,,,,,,,,,,,,,,,,,,,trapezoidal,
0.003602613788020354,V1,voltage,A,0,5,V,,0,,5,0,0,0,true,true,trapezoidal_step_doubling,0.00002,,0.008,dc,5,10,0,50,2,,,,,,,,,,0,,,,,,,,,,,,,,,,,,,,,,,,,,,,,,trapezoidal,
0.003602613788020354,S2,switch,A,B,0,,false,0,,13.210236082449237,0,0,0,true,true,trapezoidal_step_doubling,0.00002,,0.008,,,,,,,true,true,1@0.003=open,,,,,,,0,,,,,,,,,,,,,,,,,,,,,,,,,,,,,,trapezoidal,
0.003602613788020354,R3,resistor,B,0,100,Ω,,0,,-8.210236082449237,-0.08210236082449236,0.6740797652955138,0,true,true,trapezoidal_step_doubling,0.00002,,0.008,,,,,,,,,,,,,,,,0,,,,,,,,,,,,,,,,,,,,,,,,,,,,,,trapezoidal,
0.003602613788020354,L4,inductor,B,0,100,mH,,0,A,-8.210236082449237,0.08210236082449238,-0.6740797652955139,0.00033703988264775704,true,true,trapezoidal_step_doubling,0.00002,1e-10,0.008,,,,,,,,,,,,,,,,0,,,,,,,,,,,,,,,,,,,,,,,,,,,,,,trapezoidal,
0.003642613788020354,V1,voltage,A,0,5,V,,0,,5,0,0,0,true,true,trapezoidal_step_doubling,0.00002,,0.008,dc,5,10,0,50,2,,,,,,,,,,0,,,,,,,,,,,,,,,,,,,,,,,,,,,,,,trapezoidal,
0.003642613788020354,S2,switch,A,B,0,,false,0,,12.888266040000246,0,0,0,true,true,trapezoidal_step_doubling,0.00002,,0.008,,,,,,,true,true,1@0.003=open,,,,,,,0,,,,,,,,,,,,,,,,,,,,,,,,,,,,,,trapezoidal,
0.003642613788020354,R3,resistor,B,0,100,Ω,,0,,-7.888266040000247,-0.07888266040000247,0.6222474111782118,0,true,true,trapezoidal_step_doubling,0.00002,,0.008,,,,,,,,,,,,,,,,0,,,,,,,,,,,,,,,,,,,,,,,,,,,,,,trapezoidal,
0.003642613788020354,L4,inductor,B,0,100,mH,,0,A,-7.888266040000247,0.07888266040000247,-0.6222474111782118,0.0003111237055891059,true,true,trapezoidal_step_doubling,0.00002,1e-10,0.008,,,,,,,,,,,,,,,,0,,,,,,,,,,,,,,,,,,,,,,,,,,,,,,trapezoidal,
0.003682613788020354,V1,voltage,A,0,5,V,,0,,5,0,0,0,true,true,trapezoidal_step_doubling,0.00002,,0.008,dc,5,10,0,50,2,,,,,,,,,,0,,,,,,,,,,,,,,,,,,,,,,,,,,,,,,trapezoidal,
0.003682613788020354,S2,switch,A,B,0,,false,0,,12.578922273725727,0,0,0,true,true,trapezoidal_step_doubling,0.00002,,0.008,,,,,,,true,true,1@0.003=open,,,,,,,0,,,,,,,,,,,,,,,,,,,,,,,,,,,,,,trapezoidal,
0.003682613788020354,R3,resistor,B,0,100,Ω,,0,,-7.578922273725726,-0.07578922273725726,0.5744006283117593,0,true,true,trapezoidal_step_doubling,0.00002,,0.008,,,,,,,,,,,,,,,,0,,,,,,,,,,,,,,,,,,,,,,,,,,,,,,trapezoidal,
0.003682613788020354,L4,inductor,B,0,100,mH,,0,A,-7.578922273725726,0.07578922273725727,-0.5744006283117594,0.00028720031415587974,true,true,trapezoidal_step_doubling,0.00002,1e-10,0.008,,,,,,,,,,,,,,,,0,,,,,,,,,,,,,,,,,,,,,,,,,,,,,,trapezoidal,
0.0037226137880203543,V1,voltage,A,0,5,V,,0,,5,0,0,0,true,true,trapezoidal_step_doubling,0.00002,,0.008,dc,5,10,0,50,2,,,,,,,,,,0,,,,,,,,,,,,,,,,,,,,,,,,,,,,,,trapezoidal,
0.0037226137880203543,S2,switch,A,B,0,,false,0,,12.281709635540404,0,0,0,true,true,trapezoidal_step_doubling,0.00002,,0.008,,,,,,,true,true,1@0.003=open,,,,,,,0,,,,,,,,,,,,,,,,,,,,,,,,,,,,,,trapezoidal,
0.0037226137880203543,R3,resistor,B,0,100,Ω,,0,,-7.281709635540404,-0.07281709635540404,0.5302329521632196,0,true,true,trapezoidal_step_doubling,0.00002,,0.008,,,,,,,,,,,,,,,,0,,,,,,,,,,,,,,,,,,,,,,,,,,,,,,trapezoidal,
0.0037226137880203543,L4,inductor,B,0,100,mH,,0,A,-7.281709635540404,0.07281709635540404,-0.5302329521632196,0.0002651164760816098,true,true,trapezoidal_step_doubling,0.00002,1e-10,0.008,,,,,,,,,,,,,,,,0,,,,,,,,,,,,,,,,,,,,,,,,,,,,,,trapezoidal,
0.0037626137880203544,V1,voltage,A,0,5,V,,0,,5,0,0,0,true,true,trapezoidal_step_doubling,0.00002,,0.008,dc,5,10,0,50,2,,,,,,,,,,0,,,,,,,,,,,,,,,,,,,,,,,,,,,,,,trapezoidal,
0.0037626137880203544,S2,switch,A,B,0,,false,0,,11.996152394930975,0,0,0,true,true,trapezoidal_step_doubling,0.00002,,0.008,,,,,,,true,true,1@0.003=open,,,,,,,0,,,,,,,,,,,,,,,,,,,,,,,,,,,,,,trapezoidal,
0.0037626137880203544,R3,resistor,B,0,100,Ω,,0,,-6.996152394930975,-0.06996152394930975,0.4894614833309842,0,true,true,trapezoidal_step_doubling,0.00002,,0.008,,,,,,,,,,,,,,,,0,,,,,,,,,,,,,,,,,,,,,,,,,,,,,,trapezoidal,
0.0037626137880203544,L4,inductor,B,0,100,mH,,0,A,-6.996152394930975,0.06996152394930975,-0.4894614833309842,0.0002447307416654921,true,true,trapezoidal_step_doubling,0.00002,1e-10,0.008,,,,,,,,,,,,,,,,0,,,,,,,,,,,,,,,,,,,,,,,,,,,,,,trapezoidal,
0.0038026137880203545,V1,voltage,A,0,5,V,,0,,5,0,0,0,true,true,trapezoidal_step_doubling,0.00002,,0.008,dc,5,10,0,50,2,,,,,,,,,,0,,,,,,,,,,,,,,,,,,,,,,,,,,,,,,trapezoidal,
0.0038026137880203545,S2,switch,A,B,0,,false,0,,11.721793477482702,0,0,0,true,true,trapezoidal_step_doubling,0.00002,,0.008,,,,,,,true,true,1@0.003=open,,,,,,,0,,,,,,,,,,,,,,,,,,,,,,,,,,,,,,trapezoidal,
0.0038026137880203545,R3,resistor,B,0,100,Ω,,0,,-6.721793477482701,-0.06721793477482702,0.45182507553928986,0,true,true,trapezoidal_step_doubling,0.00002,,0.008,,,,,,,,,,,,,,,,0,,,,,,,,,,,,,,,,,,,,,,,,,,,,,,trapezoidal,
0.0038026137880203545,L4,inductor,B,0,100,mH,,0,A,-6.721793477482701,0.06721793477482702,-0.45182507553928986,0.00022591253776964496,true,true,trapezoidal_step_doubling,0.00002,1e-10,0.008,,,,,,,,,,,,,,,,0,,,,,,,,,,,,,,,,,,,,,,,,,,,,,,trapezoidal,
0.0038426137880203546,V1,voltage,A,0,5,V,,0,,5,0,0,0,true,true,trapezoidal_step_doubling,0.00002,,0.008,dc,5,10,0,50,2,,,,,,,,,,0,,,,,,,,,,,,,,,,,,,,,,,,,,,,,,trapezoidal,
0.0038426137880203546,S2,switch,A,B,0,,false,0,,11.458193733267693,0,0,0,true,true,trapezoidal_step_doubling,0.00002,,0.008,,,,,,,true,true,1@0.003=open,,,,,,,0,,,,,,,,,,,,,,,,,,,,,,,,,,,,,,trapezoidal,
0.0038426137880203546,R3,resistor,B,0,100,Ω,,0,,-6.458193733267693,-0.06458193733267693,0.41708266296418106,0,true,true,trapezoidal_step_doubling,0.00002,,0.008,,,,,,,,,,,,,,,,0,,,,,,,,,,,,,,,,,,,,,,,,,,,,,,trapezoidal,
0.0038426137880203546,L4,inductor,B,0,100,mH,,0,A,-6.458193733267693,0.06458193733267693,-0.41708266296418106,0.00020854133148209055,true,true,trapezoidal_step_doubling,0.00002,1e-10,0.008,,,,,,,,,,,,,,,,0,,,,,,,,,,,,,,,,,,,,,,,,,,,,,,trapezoidal,
0.0038826137880203547,V1,voltage,A,0,5,V,,0,,5,0,0,0,true,true,trapezoidal_step_doubling,0.00002,,0.008,dc,5,10,0,50,2,,,,,,,,,,0,,,,,,,,,,,,,,,,,,,,,,,,,,,,,,trapezoidal,
0.0038826137880203547,S2,switch,A,B,0,,false,0,,11.204931233923862,0,0,0,true,true,trapezoidal_step_doubling,0.00002,,0.008,,,,,,,true,true,1@0.003=open,,,,,,,0,,,,,,,,,,,,,,,,,,,,,,,,,,,,,,trapezoidal,
0.0038826137880203547,R3,resistor,B,0,100,Ω,,0,,-6.204931233923862,-0.06204931233923862,0.385011716177239,0,true,true,trapezoidal_step_doubling,0.00002,,0.008,,,,,,,,,,,,,,,,0,,,,,,,,,,,,,,,,,,,,,,,,,,,,,,trapezoidal,
0.0038826137880203547,L4,inductor,B,0,100,mH,,0,A,-6.204931233923862,0.06204931233923862,-0.385011716177239,0.00019250585808861952,true,true,trapezoidal_step_doubling,0.00002,1e-10,0.008,,,,,,,,,,,,,,,,0,,,,,,,,,,,,,,,,,,,,,,,,,,,,,,trapezoidal,
0.003922613788020355,V1,voltage,A,0,5,V,,0,,5,0,0,0,true,true,trapezoidal_step_doubling,0.00002,,0.008,dc,5,10,0,50,2,,,,,,,,,,0,,,,,,,,,,,,,,,,,,,,,,,,,,,,,,trapezoidal,
0.003922613788020355,S2,switch,A,B,0,,false,0,,10.961600597299396,0,0,0,true,true,trapezoidal_step_doubling,0.00002,,0.008,,,,,,,true,true,1@0.003=open,,,,,,,0,,,,,,,,,,,,,,,,,,,,,,,,,,,,,,trapezoidal,
0.003922613788020355,R3,resistor,B,0,100,Ω,,0,,-5.961600597299396,-0.05961600597299396,0.3554068168172052,0,true,true,trapezoidal_step_doubling,0.00002,,0.008,,,,,,,,,,,,,,,,0,,,,,,,,,,,,,,,,,,,,,,,,,,,,,,trapezoidal,
0.003922613788020355,L4,inductor,B,0,100,mH,,0,A,-5.961600597299396,0.05961600597299396,-0.3554068168172052,0.0001777034084086026,true,true,trapezoidal_step_doubling,0.00002,1e-10,0.008,,,,,,,,,,,,,,,,0,,,,,,,,,,,,,,,,,,,,,,,,,,,,,,trapezoidal,
0.003962613788020355,V1,voltage,A,0,5,V,,0,,5,0,0,0,true,true,trapezoidal_step_doubling,0.00002,,0.008,dc,5,10,0,50,2,,,,,,,,,,0,,,,,,,,,,,,,,,,,,,,,,,,,,,,,,trapezoidal,
0.003962613788020355,S2,switch,A,B,0,,false,0,,10.727812338581773,0,0,0,true,true,trapezoidal_step_doubling,0.00002,,0.008,,,,,,,true,true,1@0.003=open,,,,,,,0,,,,,,,,,,,,,,,,,,,,,,,,,,,,,,trapezoidal,
0.003962613788020355,R3,resistor,B,0,100,Ω,,0,,-5.7278123385817725,-0.057278123385817725,0.32807834186009593,0,true,true,trapezoidal_step_doubling,0.00002,,0.008,,,,,,,,,,,,,,,,0,,,,,,,,,,,,,,,,,,,,,,,,,,,,,,trapezoidal,
0.003962613788020355,L4,inductor,B,0,100,mH,,0,A,-5.7278123385817725,0.057278123385817725,-0.32807834186009593,0.00016403917093004797,true,true,trapezoidal_step_doubling,0.00002,1e-10,0.008,,,,,,,,,,,,,,,,0,,,,,,,,,,,,,,,,,,,,,,,,,,,,,,trapezoidal,
0.004002613788020355,V1,voltage,A,0,5,V,,0,,5,0,0,0,true,true,trapezoidal_step_doubling,0.00002,,0.008,dc,5,10,0,50,2,,,,,,,,,,0,,,,,,,,,,,,,,,,,,,,,,,,,,,,,,trapezoidal,
0.004002613788020355,S2,switch,A,B,0,,false,0,,10.503192246872683,0,0,0,true,true,trapezoidal_step_doubling,0.00002,,0.008,,,,,,,true,true,1@0.003=open,,,,,,,0,,,,,,,,,,,,,,,,,,,,,,,,,,,,,,trapezoidal,
0.004002613788020355,R3,resistor,B,0,100,Ω,,0,,-5.503192246872683,-0.055031922468726825,0.30285124906039607,0,true,true,trapezoidal_step_doubling,0.00002,,0.008,,,,,,,,,,,,,,,,0,,,,,,,,,,,,,,,,,,,,,,,,,,,,,,trapezoidal,
0.004002613788020355,L4,inductor,B,0,100,mH,,0,A,-5.503192246872683,0.055031922468726825,-0.30285124906039607,0.00015142562453019802,true,true,trapezoidal_step_doubling,0.00002,1e-10,0.008,,,,,,,,,,,,,,,,0,,,,,,,,,,,,,,,,,,,,,,,,,,,,,,trapezoidal,
0.004042613788020355,V1,voltage,A,0,5,V,,0,,5,0,0,0,true,true,trapezoidal_step_doubling,0.00002,,0.008,dc,5,10,0,50,2,,,,,,,,,,0,,,,,,,,,,,,,,,,,,,,,,,,,,,,,,trapezoidal,
0.004042613788020355,S2,switch,A,B,0,,false,0,,10.287380786211008,0,0,0,true,true,trapezoidal_step_doubling,0.00002,,0.008,,,,,,,true,true,1@0.003=open,,,,,,,0,,,,,,,,,,,,,,,,,,,,,,,,,,,,,,trapezoidal,
0.004042613788020355,R3,resistor,B,0,100,Ω,,0,,-5.287380786211008,-0.05287380786211008,0.2795639557839334,0,true,true,trapezoidal_step_doubling,0.00002,,0.008,,,,,,,,,,,,,,,,0,,,,,,,,,,,,,,,,,,,,,,,,,,,,,,trapezoidal,
0.004042613788020355,L4,inductor,B,0,100,mH,,0,A,-5.287380786211008,0.05287380786211008,-0.2795639557839334,0.00013978197789196668,true,true,trapezoidal_step_doubling,0.00002,1e-10,0.008,,,,,,,,,,,,,,,,0,,,,,,,,,,,,,,,,,,,,,,,,,,,,,,trapezoidal,
0.004082613788020355,V1,voltage,A,0,5,V,,0,,5,0,0,0,true,true,trapezoidal_step_doubling,0.00002,,0.008,dc,5,10,0,50,2,,,,,,,,,,0,,,,,,,,,,,,,,,,,,,,,,,,,,,,,,trapezoidal,
0.004082613788020355,S2,switch,A,B,0,,false,0,,10.080032520085085,0,0,0,true,true,trapezoidal_step_doubling,0.00002,,0.008,,,,,,,true,true,1@0.003=open,,,,,,,0,,,,,,,,,,,,,,,,,,,,,,,,,,,,,,trapezoidal,
0.004082613788020355,R3,resistor,B,0,100,Ω,,0,,-5.080032520085085,-0.05080032520085085,0.2580673040512202,0,true,true,trapezoidal_step_doubling,0.00002,,0.008,,,,,,,,,,,,,,,,0,,,,,,,,,,,,,,,,,,,,,,,,,,,,,,trapezoidal,
0.004082613788020355,L4,inductor,B,0,100,mH,,0,A,-5.080032520085085,0.05080032520085086,-0.25806730405122025,0.00012903365202561015,true,true,trapezoidal_step_doubling,0.00002,1e-10,0.008,,,,,,,,,,,,,,,,0,,,,,,,,,,,,,,,,,,,,,,,,,,,,,,trapezoidal,
0.004122613788020355,V1,voltage,A,0,5,V,,0,,5,0,0,0,true,true,trapezoidal_step_doubling,0.00002,,0.008,dc,5,10,0,50,2,,,,,,,,,,0,,,,,,,,,,,,,,,,,,,,,,,,,,,,,,trapezoidal,
0.004122613788020355,S2,switch,A,B,0,,false,0,,9.88081555851312,0,0,0,true,true,trapezoidal_step_doubling,0.00002,,0.008,,,,,,,true,true,1@0.003=open,,,,,,,0,,,,,,,,,,,,,,,,,,,,,,,,,,,,,,trapezoidal,
0.004122613788020355,R3,resistor,B,0,100,Ω,,0,,-4.88081555851312,-0.048808155585131206,0.23822360516223745,0,true,true,trapezoidal_step_doubling,0.00002,,0.008,,,,,,,,,,,,,,,,0,,,,,,,,,,,,,,,,,,,,,,,,,,,,,,trapezoidal,
0.004122613788020355,L4,inductor,B,0,100,mH,,0,A,-4.88081555851312,0.04880815558513121,-0.23822360516223748,0.00011911180258111876,true,true,trapezoidal_step_doubling,0.00002,1e-10,0.008,,,,,,,,,,,,,,,,0,,,,,,,,,,,,,,,,,,,,,,,,,,,,,,trapezoidal,
0.0041626137880203555,V1,voltage,A,0,5,V,,0,,5,0,0,0,true,true,trapezoidal_step_doubling,0.00002,,0.008,dc,5,10,0,50,2,,,,,,,,,,0,,,,,,,,,,,,,,,,,,,,,,,,,,,,,,trapezoidal,
0.0041626137880203555,S2,switch,A,B,0,,false,0,,9.689411026806724,0,0,0,true,true,trapezoidal_step_doubling,0.00002,,0.008,,,,,,,true,true,1@0.003=open,,,,,,,0,,,,,,,,,,,,,,,,,,,,,,,,,,,,,,trapezoidal,
0.0041626137880203555,R3,resistor,B,0,100,Ω,,0,,-4.689411026806724,-0.04689411026806724,0.2199057577833649,0,true,true,trapezoidal_step_doubling,0.00002,,0.008,,,,,,,,,,,,,,,,0,,,,,,,,,,,,,,,,,,,,,,,,,,,,,,trapezoidal,
0.0041626137880203555,L4,inductor,B,0,100,mH,,0,A,-4.689411026806724,0.04689411026806724,-0.2199057577833649,0.00010995287889168248,true,true,trapezoidal_step_doubling,0.00002,1e-10,0.008,,,,,,,,,,,,,,,,0,,,,,,,,,,,,,,,,,,,,,,,,,,,,,,trapezoidal,
0.004202613788020356,V1,voltage,A,0,5,V,,0,,5,0,0,0,true,true,trapezoidal_step_doubling,0.00002,,0.008,dc,5,10,0,50,2,,,,,,,,,,0,,,,,,,,,,,,,,,,,,,,,,,,,,,,,,trapezoidal,
0.004202613788020356,S2,switch,A,B,0,,false,0,,9.505512555167243,0,0,0,true,true,trapezoidal_step_doubling,0.00002,,0.008,,,,,,,true,true,1@0.003=open,,,,,,,0,,,,,,,,,,,,,,,,,,,,,,,,,,,,,,trapezoidal,
0.004202613788020356,R3,resistor,B,0,100,Ω,,0,,-4.505512555167244,-0.04505512555167244,0.20299643384769667,0,true,true,trapezoidal_step_doubling,0.00002,,0.008,,,,,,,,,,,,,,,,0,,,,,,,,,,,,,,,,,,,,,,,,,,,,,,trapezoidal,
0.004202613788020356,L4,inductor,B,0,100,mH,,0,A,-4.505512555167244,0.04505512555167244,-0.20299643384769667,0.00010149821692384835,true,true,trapezoidal_step_doubling,0.00002,1e-10,0.008,,,,,,,,,,,,,,,,0,,,,,,,,,,,,,,,,,,,,,,,,,,,,,,trapezoidal,
0.004242613788020356,V1,voltage,A,0,5,V,,0,,5,0,0,0,true,true,trapezoidal_step_doubling,0.00002,,0.008,dc,5,10,0,50,2,,,,,,,,,,0,,,,,,,,,,,,,,,,,,,,,,,,,,,,,,trapezoidal,
0.004242613788020356,S2,switch,A,B,0,,false,0,,9.328825788297939,0,0,0,true,true,trapezoidal_step_doubling,0.00002,,0.008,,,,,,,true,true,1@0.003=open,,,,,,,0,,,,,,,,,,,,,,,,,,,,,,,,,,,,,,trapezoidal,
0.004242613788020356,R3,resistor,B,0,100,Ω,,0,,-4.328825788297939,-0.04328825788297939,0.18738732705433273,0,true,true,trapezoidal_step_doubling,0.00002,,0.008,,,,,,,,,,,,,,,,0,,,,,,,,,,,,,,,,,,,,,,,,,,,,,,trapezoidal,
0.004242613788020356,L4,inductor,B,0,100,mH,,0,A,-4.328825788297939,0.043288257882979395,-0.18738732705433275,0.00009369366352716638,true,true,trapezoidal_step_doubling,0.00002,1e-10,0.008,,,,,,,,,,,,,,,,0,,,,,,,,,,,,,,,,,,,,,,,,,,,,,,trapezoidal,
0.004282613788020356,V1,voltage,A,0,5,V,,0,,5,0,0,0,true,true,trapezoidal_step_doubling,0.00002,,0.008,dc,5,10,0,50,2,,,,,,,,,,0,,,,,,,,,,,,,,,,,,,,,,,,,,,,,,trapezoidal,
0.004282613788020356,S2,switch,A,B,0,,false,0,,9.15906791424704,0,0,0,true,true,trapezoidal_step_doubling,0.00002,,0.008,,,,,,,true,true,1@0.003=open,,,,,,,0,,,,,,,,,,,,,,,,,,,,,,,,,,,,,,trapezoidal,
0.004282613788020356,R3,resistor,B,0,100,Ω,,0,,-4.159067914247039,-0.041590679142470395,0.17297845915319218,0,true,true,trapezoidal_step_doubling,0.00002,,0.008,,,,,,,,,,,,,,,,0,,,,,,,,,,,,,,,,,,,,,,,,,,,,,,trapezoidal,
0.004282613788020356,L4,inductor,B,0,100,mH,,0,A,-4.159067914247039,0.041590679142470395,-0.17297845915319218,0.0000864892295765961,true,true,trapezoidal_step_doubling,0.00002,1e-10,0.008,,,,,,,,,,,,,,,,0,,,,,,,,,,,,,,,,,,,,,,,,,,,,,,trapezoidal,
0.004322613788020356,V1,voltage,A,0,5,V,,0,,5,0,0,0,true,true,trapezoidal_step_doubling,0.00002,,0.008,dc,5,10,0,50,2,,,,,,,,,,0,,,,,,,,,,,,,,,,,,,,,,,,,,,,,,trapezoidal,
0.004322613788020356,S2,switch,A,B,0,,false,0,,8.995967211727548,0,0,0,true,true,trapezoidal_step_doubling,0.00002,,0.008,,,,,,,true,true,1@0.003=open,,,,,,,0,,,,,,,,,,,,,,,,,,,,,,,,,,,,,,trapezoidal,
0.004322613788020356,R3,resistor,B,0,100,Ω,,0,,-3.9959672117275473,-0.039959672117275476,0.1596775395720163,0,true,true,trapezoidal_step_doubling,0.00002,,0.008,,,,,,,,,,,,,,,,0,,,,,,,,,,,,,,,,,,,,,,,,,,,,,,trapezoidal,
0.004322613788020356,L4,inductor,B,0,100,mH,,0,A,-3.9959672117275473,0.039959672117275476,-0.1596775395720163,0.00007983876978600815,true,true,trapezoidal_step_doubling,0.00002,1e-10,0.008,,,,,,,,,,,,,,,,0,,,,,,,,,,,,,,,,,,,,,,,,,,,,,,trapezoidal,
0.004362613788020356,V1,voltage,A,0,5,V,,0,,5,0,0,0,true,true,trapezoidal_step_doubling,0.00002,,0.008,dc,5,10,0,50,2,,,,,,,,,,0,,,,,,,,,,,,,,,,,,,,,,,,,,,,,,trapezoidal,
0.004362613788020356,S2,switch,A,B,0,,false,0,,8.839262615189211,0,0,0,true,true,trapezoidal_step_doubling,0.00002,,0.008,,,,,,,true,true,1@0.003=open,,,,,,,0,,,,,,,,,,,,,,,,,,,,,,,,,,,,,,trapezoidal,
0.004362613788020356,R3,resistor,B,0,100,Ω,,0,,-3.8392626151892117,-0.038392626151892116,0.14739937428389505,0,true,true,trapezoidal_step_doubling,0.00002,,0.008,,,,,,,,,,,,,,,,0,,,,,,,,,,,,,,,,,,,,,,,,,,,,,,trapezoidal,
0.004362613788020356,L4,inductor,B,0,100,mH,,0,A,-3.8392626151892117,0.03839262615189212,-0.14739937428389507,0.00007369968714194755,true,true,trapezoidal_step_doubling,0.00002,1e-10,0.008,,,,,,,,,,,,,,,,0,,,,,,,,,,,,,,,,,,,,,,,,,,,,,,trapezoidal,
0.004402613788020356,V1,voltage,A,0,5,V,,0,,5,0,0,0,true,true,trapezoidal_step_doubling,0.00002,,0.008,dc,5,10,0,50,2,,,,,,,,,,0,,,,,,,,,,,,,,,,,,,,,,,,,,,,,,trapezoidal,
0.004402613788020356,S2,switch,A,B,0,,false,0,,8.688703296946498,0,0,0,true,true,trapezoidal_step_doubling,0.00002,,0.008,,,,,,,true,true,1@0.003=open,,,,,,,0,,,,,,,,,,,,,,,,,,,,,,,,,,,,,,trapezoidal,
0.004402613788020356,R3,resistor,B,0,100,Ω,,0,,-3.688703296946498,-0.03688703296946498,0.13606532012903963,0,true,true,trapezoidal_step_doubling,0.00002,,0.008,,,,,,,,,,,,,,,,0,,,,,,,,,,,,,,,,,,,,,,,,,,,,,,trapezoidal,
0.004402613788020356,L4,inductor,B,0,100,mH,,0,A,-3.688703296946498,0.03688703296946498,-0.13606532012903963,0.00006803266006451984,true,true,trapezoidal_step_doubling,0.00002,1e-10,0.008,,,,,,,,,,,,,,,,0,,,,,,,,,,,,,,,,,,,,,,,,,,,,,,trapezoidal,
0.004442613788020356,V1,voltage,A,0,5,V,,0,,5,0,0,0,true,true,trapezoidal_step_doubling,0.00002,,0.008,dc,5,10,0,50,2,,,,,,,,,,0,,,,,,,,,,,,,,,,,,,,,,,,,,,,,,trapezoidal,
0.004442613788020356,S2,switch,A,B,0,,false,0,,8.544048265693693,0,0,0,true,true,trapezoidal_step_doubling,0.00002,,0.008,,,,,,,true,true,1@0.003=open,,,,,,,0,,,,,,,,,,,,,,,,,,,,,,,,,,,,,,trapezoidal,
0.004442613788020356,R3,resistor,B,0,100,Ω,,0,,-3.544048265693694,-0.03544048265693694,0.12560278109566478,0,true,true,trapezoidal_step_doubling,0.00002,,0.008,,,,,,,,,,,,,,,,0,,,,,,,,,,,,,,,,,,,,,,,,,,,,,,trapezoidal,
0.004442613788020356,L4,inductor,B,0,100,mH,,0,A,-3.544048265693694,0.03544048265693694,-0.12560278109566478,0.00006280139054783239,true,true,trapezoidal_step_doubling,0.00002,1e-10,0.008,,,,,,,,,,,,,,,,0,,,,,,,,,,,,,,,,,,,,,,,,,,,,,,trapezoidal,
0.004482613788020356,V1,voltage,A,0,5,V,,0,,5,0,0,0,true,true,trapezoidal_step_doubling,0.00002,,0.008,dc,5,10,0,50,2,,,,,,,,,,0,,,,,,,,,,,,,,,,,,,,,,,,,,,,,,trapezoidal,
0.004482613788020356,S2,switch,A,B,0,,false,0,,8.40506598076453,0,0,0,true,true,trapezoidal_step_doubling,0.00002,,0.008,,,,,,,true,true,1@0.003=open,,,,,,,0,,,,,,,,,,,,,,,,,,,,,,,,,,,,,,trapezoidal,
0.004482613788020356,R3,resistor,B,0,100,Ω,,0,,-3.4050659807645287,-0.03405065980764529,0.11594474333359903,0,true,true,trapezoidal_step_doubling,0.00002,,0.008,,,,,,,,,,,,,,,,0,,,,,,,,,,,,,,,,,,,,,,,,,,,,,,trapezoidal,
0.004482613788020356,L4,inductor,B,0,100,mH,,0,A,-3.4050659807645287,0.03405065980764529,-0.11594474333359903,0.000057972371666799516,true,true,trapezoidal_step_doubling,0.00002,1e-10,0.008,,,,,,,,,,,,,,,,0,,,,,,,,,,,,,,,,,,,,,,,,,,,,,,trapezoidal,
0.004522613788020356,V1,voltage,A,0,5,V,,0,,5,0,0,0,true,true,trapezoidal_step_doubling,0.00002,,0.008,dc,5,10,0,50,2,,,,,,,,,,0,,,,,,,,,,,,,,,,,,,,,,,,,,,,,,trapezoidal,
0.004522613788020356,S2,switch,A,B,0,,false,0,,8.27153398151886,0,0,0,true,true,trapezoidal_step_doubling,0.00002,,0.008,,,,,,,true,true,1@0.003=open,,,,,,,0,,,,,,,,,,,,,,,,,,,,,,,,,,,,,,trapezoidal,
0.004522613788020356,R3,resistor,B,0,100,Ω,,0,,-3.2715339815188607,-0.03271533981518861,0.10702934592232649,0,true,true,trapezoidal_step_doubling,0.00002,,0.008,,,,,,,,,,,,,,,,0,,,,,,,,,,,,,,,,,,,,,,,,,,,,,,trapezoidal,
0.004522613788020356,L4,inductor,B,0,100,mH,,0,A,-3.2715339815188607,0.03271533981518861,-0.10702934592232649,0.00005351467296116325,true,true,trapezoidal_step_doubling,0.00002,1e-10,0.008,,,,,,,,,,,,,,,,0,,,,,,,,,,,,,,,,,,,,,,,,,,,,,,trapezoidal,
0.0045626137880203565,V1,voltage,A,0,5,V,,0,,5,0,0,0,true,true,trapezoidal_step_doubling,0.00002,,0.008,dc,5,10,0,50,2,,,,,,,,,,0,,,,,,,,,,,,,,,,,,,,,,,,,,,,,,trapezoidal,
0.0045626137880203565,S2,switch,A,B,0,,false,0,,8.143238531263219,0,0,0,true,true,trapezoidal_step_doubling,0.00002,,0.008,,,,,,,true,true,1@0.003=open,,,,,,,0,,,,,,,,,,,,,,,,,,,,,,,,,,,,,,trapezoidal,
0.0045626137880203565,R3,resistor,B,0,100,Ω,,0,,-3.143238531263219,-0.03143238531263219,0.09879948464417758,0,true,true,trapezoidal_step_doubling,0.00002,,0.008,,,,,,,,,,,,,,,,0,,,,,,,,,,,,,,,,,,,,,,,,,,,,,,trapezoidal,
0.0045626137880203565,L4,inductor,B,0,100,mH,,0,A,-3.143238531263219,0.03143238531263219,-0.09879948464417758,0.000049399742322088793,true,true,trapezoidal_step_doubling,0.00002,1e-10,0.008,,,,,,,,,,,,,,,,0,,,,,,,,,,,,,,,,,,,,,,,,,,,,,,trapezoidal,
0.004602613788020357,V1,voltage,A,0,5,V,,0,,5,0,0,0,true,true,trapezoidal_step_doubling,0.00002,,0.008,dc,5,10,0,50,2,,,,,,,,,,0,,,,,,,,,,,,,,,,,,,,,,,,,,,,,,trapezoidal,
0.004602613788020357,S2,switch,A,B,0,,false,0,,8.01997427513525,0,0,0,true,true,trapezoidal_step_doubling,0.00002,,0.008,,,,,,,true,true,1@0.003=open,,,,,,,0,,,,,,,,,,,,,,,,,,,,,,,,,,,,,,trapezoidal,
0.004602613788020357,R3,resistor,B,0,100,Ω,,0,,-3.019974275135249,-0.030199742751352492,0.09120244622478674,0,true,true,trapezoidal_step_doubling,0.00002,,0.008,,,,,,,,,,,,,,,,0,,,,,,,,,,,,,,,,,,,,,,,,,,,,,,trapezoidal,
0.004602613788020357,L4,inductor,B,0,100,mH,,0,A,-3.019974275135249,0.030199742751352496,-0.09120244622478675,0.00004560122311239338,true,true,trapezoidal_step_doubling,0.00002,1e-10,0.008,,,,,,,,,,,,,,,,0,,,,,,,,,,,,,,,,,,,,,,,,,,,,,,trapezoidal,
0.004642613788020357,V1,voltage,A,0,5,V,,0,,5,0,0,0,true,true,trapezoidal_step_doubling,0.00002,,0.008,dc,5,10,0,50,2,,,,,,,,,,0,,,,,,,,,,,,,,,,,,,,,,,,,,,,,,trapezoidal,
0.004642613788020357,S2,switch,A,B,0,,false,0,,7.901543911404454,0,0,0,true,true,trapezoidal_step_doubling,0.00002,,0.008,,,,,,,true,true,1@0.003=open,,,,,,,0,,,,,,,,,,,,,,,,,,,,,,,,,,,,,,trapezoidal,
0.004642613788020357,R3,resistor,B,0,100,Ω,,0,,-2.901543911404455,-0.02901543911404455,0.08418957069808262,0,true,true,trapezoidal_step_doubling,0.00002,,0.008,,,,,,,,,,,,,,,,0,,,,,,,,,,,,,,,,,,,,,,,,,,,,,,trapezoidal,
0.004642613788020357,L4,inductor,B,0,100,mH,,0,A,-2.901543911404455,0.029015439114044552,-0.08418957069808264,0.000042094785349041327,true,true,trapezoidal_step_doubling,0.00002,1e-10,0.008,,,,,,,,,,,,,,,,0,,,,,,,,,,,,,,,,,,,,,,,,,,,,,,trapezoidal,
0.004682613788020357,V1,voltage,A,0,5,V,,0,,5,0,0,0,true,true,trapezoidal_step_doubling,0.00002,,0.008,dc,5,10,0,50,2,,,,,,,,,,0,,,,,,,,,,,,,,,,,,,,,,,,,,,,,,trapezoidal,
0.004682613788020357,S2,switch,A,B,0,,false,0,,7.787757875663104,0,0,0,true,true,trapezoidal_step_doubling,0.00002,,0.008,,,,,,,true,true,1@0.003=open,,,,,,,0,,,,,,,,,,,,,,,,,,,,,,,,,,,,,,trapezoidal,
0.004682613788020357,R3,resistor,B,0,100,Ω,,0,,-2.787757875663104,-0.02787757875663104,0.07771593973321662,0,true,true,trapezoidal_step_doubling,0.00002,,0.008,,,,,,,,,,,,,,,,0,,,,,,,,,,,,,,,,,,,,,,,,,,,,,,trapezoidal,
0.004682613788020357,L4,inductor,B,0,100,mH,,0,A,-2.787757875663104,0.027877578756631036,-0.07771593973321661,0.0000388579698666083,true,true,trapezoidal_step_doubling,0.00002,1e-10,0.008,,,,,,,,,,,,,,,,0,,,,,,,,,,,,,,,,,,,,,,,,,,,,,,trapezoidal,
0.004722613788020357,V1,voltage,A,0,5,V,,0,,5,0,0,0,true,true,trapezoidal_step_doubling,0.00002,,0.008,dc,5,10,0,50,2,,,,,,,,,,0,,,,,,,,,,,,,,,,,,,,,,,,,,,,,,trapezoidal,
0.004722613788020357,S2,switch,A,B,0,,false,0,,7.678434037401805,0,0,0,true,true,trapezoidal_step_doubling,0.00002,,0.008,,,,,,,true,true,1@0.003=open,,,,,,,0,,,,,,,,,,,,,,,,,,,,,,,,,,,,,,trapezoidal,
0.004722613788020357,R3,resistor,B,0,100,Ω,,0,,-2.678434037401805,-0.02678434037401805,0.07174008892712533,0,true,true,trapezoidal_step_doubling,0.00002,,0.008,,,,,,,,,,,,,,,,0,,,,,,,,,,,,,,,,,,,,,,,,,,,,,,trapezoidal,
0.004722613788020357,L4,inductor,B,0,100,mH,,0,A,-2.678434037401805,0.02678434037401805,-0.07174008892712533,0.00003587004446356267,true,true,trapezoidal_step_doubling,0.00002,1e-10,0.008,,,,,,,,,,,,,,,,0,,,,,,,,,,,,,,,,,,,,,,,,,,,,,,trapezoidal,
0.004762613788020357,V1,voltage,A,0,5,V,,0,,5,0,0,0,true,true,trapezoidal_step_doubling,0.00002,,0.008,dc,5,10,0,50,2,,,,,,,,,,0,,,,,,,,,,,,,,,,,,,,,,,,,,,,,,trapezoidal,
0.004762613788020357,S2,switch,A,B,0,,false,0,,7.573397408484087,0,0,0,true,true,trapezoidal_step_doubling,0.00002,,0.008,,,,,,,true,true,1@0.003=open,,,,,,,0,,,,,,,,,,,,,,,,,,,,,,,,,,,,,,trapezoidal,
0.004762613788020357,R3,resistor,B,0,100,Ω,,0,,-2.573397408484087,-0.02573397408484087,0.06622374221992615,0,true,true,trapezoidal_step_doubling,0.00002,,0.008,,,,,,,,,,,,,,,,0,,,,,,,,,,,,,,,,,,,,,,,,,,,,,,trapezoidal,
0.004762613788020357,L4,inductor,B,0,100,mH,,0,A,-2.573397408484087,0.025733974084840867,-0.06622374221992613,0.00003311187110996307,true,true,trapezoidal_step_doubling,0.00002,1e-10,0.008,,,,,,,,,,,,,,,,0,,,,,,,,,,,,,,,,,,,,,,,,,,,,,,trapezoidal,
0.004802613788020357,V1,voltage,A,0,5,V,,0,,5,0,0,0,true,true,trapezoidal_step_doubling,0.00002,,0.008,dc,5,10,0,50,2,,,,,,,,,,0,,,,,,,,,,,,,,,,,,,,,,,,,,,,,,trapezoidal,
0.004802613788020357,S2,switch,A,B,0,,false,0,,7.472479863053338,0,0,0,true,true,trapezoidal_step_doubling,0.00002,,0.008,,,,,,,true,true,1@0.003=open,,,,,,,0,,,,,,,,,,,,,,,,,,,,,,,,,,,,,,trapezoidal,
0.004802613788020357,R3,resistor,B,0,100,Ω,,0,,-2.472479863053338,-0.02472479863053338,0.061131566732042536,0,true,true,trapezoidal_step_doubling,0.00002,,0.008,,,,,,,,,,,,,,,,0,,,,,,,,,,,,,,,,,,,,,,,,,,,,,,trapezoidal,
0.004802613788020357,L4,inductor,B,0,100,mH,,0,A,-2.472479863053338,0.024724798630533378,-0.06113156673204253,0.000030565783366021264,true,true,trapezoidal_step_doubling,0.00002,1e-10,0.008,,,,,,,,,,,,,,,,0,,,,,,,,,,,,,,,,,,,,,,,,,,,,,,trapezoidal,
0.004842613788020357,V1,voltage,A,0,5,V,,0,,5,0,0,0,true,true,trapezoidal_step_doubling,0.00002,,0.008,dc,5,10,0,50,2,,,,,,,,,,0,,,,,,,,,,,,,,,,,,,,,,,,,,,,,,trapezoidal,
0.004842613788020357,S2,switch,A,B,0,,false,0,,7.375519868423795,0,0,0,true,true,trapezoidal_step_doubling,0.00002,,0.008,,,,,,,true,true,1@0.003=open,,,,,,,0,,,,,,,,,,,,,,,,,,,,,,,,,,,,,,trapezoidal,
0.004842613788020357,R3,resistor,B,0,100,Ω,,0,,-2.375519868423795,-0.02375519868423795,0.05643094645276204,0,true,true,trapezoidal_step_doubling,0.00002,,0.008,,,,,,,,,,,,,,,,0,,,,,,,,,,,,,,,,,,,,,,,,,,,,,,trapezoidal,
0.004842613788020357,L4,inductor,B,0,100,mH,,0,A,-2.375519868423795,0.02375519868423795,-0.05643094645276204,0.00002821547322638102,true,true,trapezoidal_step_doubling,0.00002,1e-10,0.008,,,,,,,,,,,,,,,,0,,,,,,,,,,,,,,,,,,,,,,,,,,,,,,trapezoidal,
0.004882613788020357,V1,voltage,A,0,5,V,,0,,5,0,0,0,true,true,trapezoidal_step_doubling,0.00002,,0.008,dc,5,10,0,50,2,,,,,,,,,,0,,,,,,,,,,,,,,,,,,,,,,,,,,,,,,trapezoidal,
0.004882613788020357,S2,switch,A,B,0,,false,0,,7.282362226524823,0,0,0,true,true,trapezoidal_step_doubling,0.00002,,0.008,,,,,,,true,true,1@0.003=open,,,,,,,0,,,,,,,,,,,,,,,,,,,,,,,,,,,,,,trapezoidal,
0.004882613788020357,R3,resistor,B,0,100,Ω,,0,,-2.2823622265248225,-0.022823622265248224,0.05209177333067345,0,true,true,trapezoidal_step_doubling,0.00002,,0.008,,,,,,,,,,,,,,,,0,,,,,,,,,,,,,,,,,,,,,,,,,,,,,,trapezoidal,
0.004882613788020357,L4,inductor,B,0,100,mH,,0,A,-2.2823622265248225,0.022823622265248224,-0.05209177333067345,0.000026045886665336722,true,true,trapezoidal_step_doubling,0.00002,1e-10,0.008,,,,,,,,,,,,,,,,0,,,,,,,,,,,,,,,,,,,,,,,,,,,,,,trapezoidal,
0.0049226137880203575,V1,voltage,A,0,5,V,,0,,5,0,0,0,true,true,trapezoidal_step_doubling,0.00002,,0.008,dc,5,10,0,50,2,,,,,,,,,,0,,,,,,,,,,,,,,,,,,,,,,,,,,,,,,trapezoidal,
0.0049226137880203575,S2,switch,A,B,0,,false,0,,7.192857825484634,0,0,0,true,true,trapezoidal_step_doubling,0.00002,,0.008,,,,,,,true,true,1@0.003=open,,,,,,,0,,,,,,,,,,,,,,,,,,,,,,,,,,,,,,trapezoidal,
0.0049226137880203575,R3,resistor,B,0,100,Ω,,0,,-2.192857825484633,-0.021928578254846332,0.04808625442789194,0,true,true,trapezoidal_step_doubling,0.00002,,0.008,,,,,,,,,,,,,,,,0,,,,,,,,,,,,,,,,,,,,,,,,,,,,,,trapezoidal,
0.0049226137880203575,L4,inductor,B,0,100,mH,,0,A,-2.192857825484633,0.021928578254846332,-0.04808625442789194,0.00002404312721394597,true,true,trapezoidal_step_doubling,0.00002,1e-10,0.008,,,,,,,,,,,,,,,,0,,,,,,,,,,,,,,,,,,,,,,,,,,,,,,trapezoidal,
0.004962613788020358,V1,voltage,A,0,5,V,,0,,5,0,0,0,true,true,trapezoidal_step_doubling,0.00002,,0.008,dc,5,10,0,50,2,,,,,,,,,,0,,,,,,,,,,,,,,,,,,,,,,,,,,,,,,trapezoidal,
0.004962613788020358,S2,switch,A,B,0,,false,0,,7.106863400955824,0,0,0,true,true,trapezoidal_step_doubling,0.00002,,0.008,,,,,,,true,true,1@0.003=open,,,,,,,0,,,,,,,,,,,,,,,,,,,,,,,,,,,,,,trapezoidal,
0.004962613788020358,R3,resistor,B,0,100,Ω,,0,,-2.106863400955824,-0.02106863400955824,0.0443887339028714,0,true,true,trapezoidal_step_doubling,0.00002,,0.008,,,,,,,,,,,,,,,,0,,,,,,,,,,,,,,,,,,,,,,,,,,,,,,trapezoidal,
0.004962613788020358,L4,inductor,B,0,100,mH,,0,A,-2.106863400955824,0.02106863400955824,-0.0443887339028714,0.000022194366951435707,true,true,trapezoidal_step_doubling,0.00002,1e-10,0.008,,,,,,,,,,,,,,,,0,,,,,,,,,,,,,,,,,,,,,,,,,,,,,,trapezoidal,
0.005002613788020358,V1,voltage,A,0,5,V,,0,,5,0,0,0,true,true,trapezoidal_step_doubling,0.00002,,0.008,dc,5,10,0,50,2,,,,,,,,,,0,,,,,,,,,,,,,,,,,,,,,,,,,,,,,,trapezoidal,
0.005002613788020358,S2,switch,A,B,0,,false,0,,7.024241306800693,0,0,0,true,true,trapezoidal_step_doubling,0.00002,,0.008,,,,,,,true,true,1@0.003=open,,,,,,,0,,,,,,,,,,,,,,,,,,,,,,,,,,,,,,trapezoidal,
0.005002613788020358,R3,resistor,B,0,100,Ω,,0,,-2.0242413068006933,-0.020242413068006934,0.04097552868158179,0,true,true,trapezoidal_step_doubling,0.00002,,0.008,,,,,,,,,,,,,,,,0,,,,,,,,,,,,,,,,,,,,,,,,,,,,,,trapezoidal,
0.005002613788020358,L4,inductor,B,0,100,mH,,0,A,-2.0242413068006933,0.020242413068006934,-0.04097552868158179,0.000020487764340790895,true,true,trapezoidal_step_doubling,0.00002,1e-10,0.008,,,,,,,,,,,,,,,,0,,,,,,,,,,,,,,,,,,,,,,,,,,,,,,trapezoidal,
0.005042613788020358,V1,voltage,A,0,5,V,,0,,5,0,0,0,true,true,trapezoidal_step_doubling,0.00002,,0.008,dc,5,10,0,50,2,,,,,,,,,,0,,,,,,,,,,,,,,,,,,,,,,,,,,,,,,trapezoidal,
0.005042613788020358,S2,switch,A,B,0,,false,0,,6.9448592947692935,0,0,0,true,true,trapezoidal_step_doubling,0.00002,,0.008,,,,,,,true,true,1@0.003=open,,,,,,,0,,,,,,,,,,,,,,,,,,,,,,,,,,,,,,trapezoidal,
0.005042613788020358,R3,resistor,B,0,100,Ω,,0,,-1.9448592947692933,-0.01944859294769293,0.03782477676450512,0,true,true,trapezoidal_step_doubling,0.00002,,0.008,,,,,,,,,,,,,,,,0,,,,,,,,,,,,,,,,,,,,,,,,,,,,,,trapezoidal,
0.005042613788020358,L4,inductor,B,0,100,mH,,0,A,-1.9448592947692933,0.019448592947692935,-0.03782477676450513,0.000018912388382252568,true,true,trapezoidal_step_doubling,0.00002,1e-10,0.008,,,,,,,,,,,,,,,,0,,,,,,,,,,,,,,,,,,,,,,,,,,,,,,trapezoidal,
0.005082613788020358,V1,voltage,A,0,5,V,,0,,5,0,0,0,true,true,trapezoidal_step_doubling,0.00002,,0.008,dc,5,10,0,50,2,,,,,,,,,,0,,,,,,,,,,,,,,,,,,,,,,,,,,,,,,trapezoidal,
0.005082613788020358,S2,switch,A,B,0,,false,0,,6.868590302817556,0,0,0,true,true,trapezoidal_step_doubling,0.00002,,0.008,,,,,,,true,true,1@0.003=open,,,,,,,0,,,,,,,,,,,,,,,,,,,,,,,,,,,,,,trapezoidal,
0.005082613788020358,R3,resistor,B,0,100,Ω,,0,,-1.8685903028175561,-0.018685903028175563,0.034916297197838064,0,true,true,trapezoidal_step_doubling,0.00002,,0.008,,,,,,,,,,,,,,,,0,,,,,,,,,,,,,,,,,,,,,,,,,,,,,,trapezoidal,
0.005082613788020358,L4,inductor,B,0,100,mH,,0,A,-1.8685903028175561,0.018685903028175563,-0.034916297197838064,0.000017458148598919036,true,true,trapezoidal_step_doubling,0.00002,1e-10,0.008,,,,,,,,,,,,,,,,0,,,,,,,,,,,,,,,,,,,,,,,,,,,,,,trapezoidal,
0.005122613788020358,V1,voltage,A,0,5,V,,0,,5,0,0,0,true,true,trapezoidal_step_doubling,0.00002,,0.008,dc,5,10,0,50,2,,,,,,,,,,0,,,,,,,,,,,,,,,,,,,,,,,,,,,,,,trapezoidal,
0.005122613788020358,S2,switch,A,B,0,,false,0,,6.7953122517266715,0,0,0,true,true,trapezoidal_step_doubling,0.00002,,0.008,,,,,,,true,true,1@0.003=open,,,,,,,0,,,,,,,,,,,,,,,,,,,,,,,,,,,,,,trapezoidal,
0.005122613788020358,R3,resistor,B,0,100,Ω,,0,,-1.7953122517266715,-0.017953122517266714,0.032231460811998916,0,true,true,trapezoidal_step_doubling,0.00002,,0.008,,,,,,,,,,,,,,,,0,,,,,,,,,,,,,,,,,,,,,,,,,,,,,,trapezoidal,
0.005122613788020358,L4,inductor,B,0,100,mH,,0,A,-1.7953122517266715,0.017953122517266714,-0.032231460811998916,0.000016115730405999457,true,true,trapezoidal_step_doubling,0.00002,1e-10,0.008,,,,,,,,,,,,,,,,0,,,,,,,,,,,,,,,,,,,,,,,,,,,,,,trapezoidal,
0.005162613788020358,V1,voltage,A,0,5,V,,0,,5,0,0,0,true,true,trapezoidal_step_doubling,0.00002,,0.008,dc,5,10,0,50,2,,,,,,,,,,0,,,,,,,,,,,,,,,,,,,,,,,,,,,,,,trapezoidal,
0.005162613788020358,S2,switch,A,B,0,,false,0,,6.724907849698175,0,0,0,true,true,trapezoidal_step_doubling,0.00002,,0.008,,,,,,,true,true,1@0.003=open,,,,,,,0,,,,,,,,,,,,,,,,,,,,,,,,,,,,,,trapezoidal,
0.005162613788020358,R3,resistor,B,0,100,Ω,,0,,-1.7249078496981745,-0.017249078496981745,0.0297530708995038,0,true,true,trapezoidal_step_doubling,0.00002,,0.008,,,,,,,,,,,,,,,,0,,,,,,,,,,,,,,,,,,,,,,,,,,,,,,trapezoidal,
0.005162613788020358,L4,inductor,B,0,100,mH,,0,A,-1.7249078496981745,0.01724907849698174,-0.029753070899503794,0.000014876535449751894,true,true,trapezoidal_step_doubling,0.00002,1e-10,0.008,,,,,,,,,,,,,,,,0,,,,,,,,,,,,,,,,,,,,,,,,,,,,,,trapezoidal,
0.005202613788020358,V1,voltage,A,0,5,V,,0,,5,0,0,0,true,true,trapezoidal_step_doubling,0.00002,,0.008,dc,5,10,0,50,2,,,,,,,,,,0,,,,,,,,,,,,,,,,,,,,,,,,,,,,,,trapezoidal,
0.005202613788020358,S2,switch,A,B,0,,false,0,,6.657264404611971,0,0,0,true,true,trapezoidal_step_doubling,0.00002,,0.008,,,,,,,true,true,1@0.003=open,,,,,,,0,,,,,,,,,,,,,,,,,,,,,,,,,,,,,,trapezoidal,
0.005202613788020358,R3,resistor,B,0,100,Ω,,0,,-1.657264404611971,-0.01657264404611971,0.02746525306793871,0,true,true,trapezoidal_step_doubling,0.00002,,0.008,,,,,,,,,,,,,,,,0,,,,,,,,,,,,,,,,,,,,,,,,,,,,,,trapezoidal,
0.005202613788020358,L4,inductor,B,0,100,mH,,0,A,-1.657264404611971,0.01657264404611971,-0.02746525306793871,0.000013732626533969354,true,true,trapezoidal_step_doubling,0.00002,1e-10,0.008,,,,,,,,,,,,,,,,0,,,,,,,,,,,,,,,,,,,,,,,,,,,,,,trapezoidal,
0.005242613788020358,V1,voltage,A,0,5,V,,0,,5,0,0,0,true,true,trapezoidal_step_doubling,0.00002,,0.008,dc,5,10,0,50,2,,,,,,,,,,0,,,,,,,,,,,,,,,,,,,,,,,,,,,,,,trapezoidal,
0.005242613788020358,S2,switch,A,B,0,,false,0,,6.592273643646796,0,0,0,true,true,trapezoidal_step_doubling,0.00002,,0.008,,,,,,,true,true,1@0.003=open,,,,,,,0,,,,,,,,,,,,,,,,,,,,,,,,,,,,,,trapezoidal,
0.005242613788020358,R3,resistor,B,0,100,Ω,,0,,-1.5922736436467957,-0.015922736436467955,0.025353353562522427,0,true,true,trapezoidal_step_doubling,0.00002,,0.008,,,,,,,,,,,,,,,,0,,,,,,,,,,,,,,,,,,,,,,,,,,,,,,trapezoidal,
0.005242613788020358,L4,inductor,B,0,100,mH,,0,A,-1.5922736436467957,0.015922736436467955,-0.025353353562522427,0.000012676676781261213,true,true,trapezoidal_step_doubling,0.00002,1e-10,0.008,,,,,,,,,,,,,,,,0,,,,,,,,,,,,,,,,,,,,,,,,,,,,,,trapezoidal,
0.005282613788020358,V1,voltage,A,0,5,V,,0,,5,0,0,0,true,true,trapezoidal_step_doubling,0.00002,,0.008,dc,5,10,0,50,2,,,,,,,,,,0,,,,,,,,,,,,,,,,,,,,,,,,,,,,,,trapezoidal,
0.005282613788020358,S2,switch,A,B,0,,false,0,,6.529831539974372,0,0,0,true,true,trapezoidal_step_doubling,0.00002,,0.008,,,,,,,true,true,1@0.003=open,,,,,,,0,,,,,,,,,,,,,,,,,,,,,,,,,,,,,,trapezoidal,
0.005282613788020358,R3,resistor,B,0,100,Ω,,0,,-1.5298315399743718,-0.015298315399743719,0.02340384540700358,0,true,true,trapezoidal_step_doubling,0.00002,,0.008,,,,,,,,,,,,,,,,0,,,,,,,,,,,,,,,,,,,,,,,,,,,,,,trapezoidal,
0.005282613788020358,L4,inductor,B,0,100,mH,,0,A,-1.5298315399743718,0.01529831539974372,-0.023403845407003583,0.000011701922703501795,true,true,trapezoidal_step_doubling,0.00002,1e-10,0.008,,,,,,,,,,,,,,,,0,,,,,,,,,,,,,,,,,,,,,,,,,,,,,,trapezoidal,
0.0053226137880203585,V1,voltage,A,0,5,V,,0,,5,0,0,0,true,true,trapezoidal_step_doubling,0.00002,,0.008,dc,5,10,0,50,2,,,,,,,,,,0,,,,,,,,,,,,,,,,,,,,,,,,,,,,,,trapezoidal,
0.0053226137880203585,S2,switch,A,B,0,,false,0,,6.469838146249886,0,0,0,true,true,trapezoidal_step_doubling,0.00002,,0.008,,,,,,,true,true,1@0.003=open,,,,,,,0,,,,,,,,,,,,,,,,,,,,,,,,,,,,,,trapezoidal,
0.0053226137880203585,R3,resistor,B,0,100,Ω,,0,,-1.4698381462498866,-0.014698381462498866,0.02160424176171303,0,true,true,trapezoidal_step_doubling,0.00002,,0.008,,,,,,,,,,,,,,,,0,,,,,,,,,,,,,,,,,,,,,,,,,,,,,,trapezoidal,
0.0053226137880203585,L4,inductor,B,0,100,mH,,0,A,-1.4698381462498866,0.014698381462498867,-0.021604241761713033,0.000010802120880856517,true,true,trapezoidal_step_doubling,0.00002,1e-10,0.008,,,,,,,,,,,,,,,,0,,,,,,,,,,,,,,,,,,,,,,,,,,,,,,trapezoidal,
0.005362613788020359,V1,voltage,A,0,5,V,,0,,5,0,0,0,true,true,trapezoidal_step_doubling,0.00002,,0.008,dc,5,10,0,50,2,,,,,,,,,,0,,,,,,,,,,,,,,,,,,,,,,,,,,,,,,trapezoidal,
0.005362613788020359,S2,switch,A,B,0,,false,0,,6.412197434632244,0,0,0,true,true,trapezoidal_step_doubling,0.00002,,0.008,,,,,,,true,true,1@0.003=open,,,,,,,0,,,,,,,,,,,,,,,,,,,,,,,,,,,,,,trapezoidal,
0.005362613788020359,R3,resistor,B,0,100,Ω,,0,,-1.412197434632244,-0.014121974346322438,0.019943015943818906,0,true,true,trapezoidal_step_doubling,0.00002,,0.008,,,,,,,,,,,,,,,,0,,,,,,,,,,,,,,,,,,,,,,,,,,,,,,trapezoidal,
0.005362613788020359,L4,inductor,B,0,100,mH,,0,A,-1.412197434632244,0.01412197434632244,-0.01994301594381891,0.000009971507971909456,true,true,trapezoidal_step_doubling,0.00002,1e-10,0.008,,,,,,,,,,,,,,,,0,,,,,,,,,,,,,,,,,,,,,,,,,,,,,,trapezoidal,
0.005402613788020359,V1,voltage,A,0,5,V,,0,,5,0,0,0,true,true,trapezoidal_step_doubling,0.00002,,0.008,dc,5,10,0,50,2,,,,,,,,,,0,,,,,,,,,,,,,,,,,,,,,,,,,,,,,,trapezoidal,
0.005402613788020359,S2,switch,A,B,0,,false,0,,6.356817143078038,0,0,0,true,true,trapezoidal_step_doubling,0.00002,,0.008,,,,,,,true,true,1@0.003=open,,,,,,,0,,,,,,,,,,,,,,,,,,,,,,,,,,,,,,trapezoidal,
0.005402613788020359,R3,resistor,B,0,100,Ω,,0,,-1.3568171430780382,-0.013568171430780382,0.018409527597504496,0,true,true,trapezoidal_step_doubling,0.00002,,0.008,,,,,,,,,,,,,,,,0,,,,,,,,,,,,,,,,,,,,,,,,,,,,,,trapezoidal,
0.005402613788020359,L4,inductor,B,0,100,mH,,0,A,-1.3568171430780382,0.013568171430780382,-0.018409527597504496,0.00000920476379875225,true,true,trapezoidal_step_doubling,0.00002,1e-10,0.008,,,,,,,,,,,,,,,,0,,,,,,,,,,,,,,,,,,,,,,,,,,,,,,trapezoidal,
0.005442613788020359,V1,voltage,A,0,5,V,,0,,5,0,0,0,true,true,trapezoidal_step_doubling,0.00002,,0.008,dc,5,10,0,50,2,,,,,,,,,,0,,,,,,,,,,,,,,,,,,,,,,,,,,,,,,trapezoidal,
0.005442613788020359,S2,switch,A,B,0,,false,0,,6.303608627663213,0,0,0,true,true,trapezoidal_step_doubling,0.00002,,0.008,,,,,,,true,true,1@0.003=open,,,,,,,0,,,,,,,,,,,,,,,,,,,,,,,,,,,,,,trapezoidal,
0.005442613788020359,R3,resistor,B,0,100,Ω,,0,,-1.303608627663213,-0.013036086276632131,0.01699395454117966,0,true,true,trapezoidal_step_doubling,0.00002,,0.008,,,,,,,,,,,,,,,,0,,,,,,,,,,,,,,,,,,,,,,,,,,,,,,trapezoidal,
0.005442613788020359,L4,inductor,B,0,100,mH,,0,A,-1.303608627663213,0.013036086276632131,-0.01699395454117966,0.000008496977270589829,true,true,trapezoidal_step_doubling,0.00002,1e-10,0.008,,,,,,,,,,,,,,,,0,,,,,,,,,,,,,,,,,,,,,,,,,,,,,,trapezoidal,
0.005482613788020359,V1,voltage,A,0,5,V,,0,,5,0,0,0,true,true,trapezoidal_step_doubling,0.00002,,0.008,dc,5,10,0,50,2,,,,,,,,,,0,,,,,,,,,,,,,,,,,,,,,,,,,,,,,,trapezoidal,
0.005482613788020359,S2,switch,A,B,0,,false,0,,6.252486720696028,0,0,0,true,true,trapezoidal_step_doubling,0.00002,,0.008,,,,,,,true,true,1@0.003=open,,,,,,,0,,,,,,,,,,,,,,,,,,,,,,,,,,,,,,trapezoidal,
0.005482613788020359,R3,resistor,B,0,100,Ω,,0,,-1.2524867206960282,-0.012524867206960283,0.015687229855198905,0,true,true,trapezoidal_step_doubling,0.00002,,0.008,,,,,,,,,,,,,,,,0,,,,,,,,,,,,,,,,,,,,,,,,,,,,,,trapezoidal,
0.005482613788020359,L4,inductor,B,0,100,mH,,0,A,-1.2524867206960282,0.01252486720696028,-0.015687229855198905,0.000007843614927599452,true,true,trapezoidal_step_doubling,0.00002,1e-10,0.008,,,,,,,,,,,,,,,,0,,,,,,,,,,,,,,,,,,,,,,,,,,,,,,trapezoidal,
0.005522613788020359,V1,voltage,A,0,5,V,,0,,5,0,0,0,true,true,trapezoidal_step_doubling,0.00002,,0.008,dc,5,10,0,50,2,,,,,,,,,,0,,,,,,,,,,,,,,,,,,,,,,,,,,,,,,trapezoidal,
0.005522613788020359,S2,switch,A,B,0,,false,0,,6.203369594394223,0,0,0,true,true,trapezoidal_step_doubling,0.00002,,0.008,,,,,,,true,true,1@0.003=open,,,,,,,0,,,,,,,,,,,,,,,,,,,,,,,,,,,,,,trapezoidal,
0.005522613788020359,R3,resistor,B,0,100,Ω,,0,,-1.203369594394223,-0.01203369594394223,0.01448098380712517,0,true,true,trapezoidal_step_doubling,0.00002,,0.008,,,,,,,,,,,,,,,,0,,,,,,,,,,,,,,,,,,,,,,,,,,,,,,trapezoidal,
0.005522613788020359,L4,inductor,B,0,100,mH,,0,A,-1.203369594394223,0.012033695943942229,-0.014480983807125166,0.0000072404919035625835,true,true,trapezoidal_step_doubling,0.00002,1e-10,0.008,,,,,,,,,,,,,,,,0,,,,,,,,,,,,,,,,,,,,,,,,,,,,,,trapezoidal,
0.005562613788020359,V1,voltage,A,0,5,V,,0,,5,0,0,0,true,true,trapezoidal_step_doubling,0.00002,,0.008,dc,5,10,0,50,2,,,,,,,,,,0,,,,,,,,,,,,,,,,,,,,,,,,,,,,,,trapezoidal,
0.005562613788020359,S2,switch,A,B,0,,false,0,,6.156178629908175,0,0,0,true,true,trapezoidal_step_doubling,0.00002,,0.008,,,,,,,true,true,1@0.003=open,,,,,,,0,,,,,,,,,,,,,,,,,,,,,,,,,,,,,,trapezoidal,
0.005562613788020359,R3,resistor,B,0,100,Ω,,0,,-1.1561786299081749,-0.011561786299081748,0.013367490242563444,0,true,true,trapezoidal_step_doubling,0.00002,,0.008,,,,,,,,,,,,,,,,0,,,,,,,,,,,,,,,,,,,,,,,,,,,,,,trapezoidal,
0.005562613788020359,L4,inductor,B,0,100,mH,,0,A,-1.1561786299081749,0.011561786299081748,-0.013367490242563444,0.000006683745121281721,true,true,trapezoidal_step_doubling,0.00002,1e-10,0.008,,,,,,,,,,,,,,,,0,,,,,,,,,,,,,,,,,,,,,,,,,,,,,,trapezoidal,
0.005602613788020359,V1,voltage,A,0,5,V,,0,,5,0,0,0,true,true,trapezoidal_step_doubling,0.00002,,0.008,dc,5,10,0,50,2,,,,,,,,,,0,,,,,,,,,,,,,,,,,,,,,,,,,,,,,,trapezoidal,
0.005602613788020359,S2,switch,A,B,0,,false,0,,6.110838291480404,0,0,0,true,true,trapezoidal_step_doubling,0.00002,,0.008,,,,,,,true,true,1@0.003=open,,,,,,,0,,,,,,,,,,,,,,,,,,,,,,,,,,,,,,trapezoidal,
0.005602613788020359,R3,resistor,B,0,100,Ω,,0,,-1.1108382914804031,-0.011108382914804031,0.01233961709819101,0,true,true,trapezoidal_step_doubling,0.00002,,0.008,,,,,,,,,,,,,,,,0,,,,,,,,,,,,,,,,,,,,,,,,,,,,,,trapezoidal,
0.005602613788020359,L4,inductor,B,0,100,mH,,0,A,-1.1108382914804031,0.011108382914804031,-0.01233961709819101,0.000006169808549095506,true,true,trapezoidal_step_doubling,0.00002,1e-10,0.008,,,,,,,,,,,,,,,,0,,,,,,,,,,,,,,,,,,,,,,,,,,,,,,trapezoidal,
0.005642613788020359,V1,voltage,A,0,5,V,,0,,5,0,0,0,true,true,trapezoidal_step_doubling,0.00002,,0.008,dc,5,10,0,50,2,,,,,,,,,,0,,,,,,,,,,,,,,,,,,,,,,,,,,,,,,trapezoidal,
0.005642613788020359,S2,switch,A,B,0,,false,0,,6.067276005539995,0,0,0,true,true,trapezoidal_step_doubling,0.00002,,0.008,,,,,,,true,true,1@0.003=open,,,,,,,0,,,,,,,,,,,,,,,,,,,,,,,,,,,,,,trapezoidal,
0.005642613788020359,R3,resistor,B,0,100,Ω,,0,,-1.067276005539995,-0.01067276005539995,0.011390780720014074,0,true,true,trapezoidal_step_doubling,0.00002,,0.008,,,,,,,,,,,,,,,,0,,,,,,,,,,,,,,,,,,,,,,,,,,,,,,trapezoidal,
0.005642613788020359,L4,inductor,B,0,100,mH,,0,A,-1.067276005539995,0.01067276005539995,-0.011390780720014074,0.000005695390360007038,true,true,trapezoidal_step_doubling,0.00002,1e-10,0.008,,,,,,,,,,,,,,,,0,,,,,,,,,,,,,,,,,,,,,,,,,,,,,,trapezoidal,
0.0056826137880203595,V1,voltage,A,0,5,V,,0,,5,0,0,0,true,true,trapezoidal_step_doubling,0.00002,,0.008,dc,5,10,0,50,2,,,,,,,,,,0,,,,,,,,,,,,,,,,,,,,,,,,,,,,,,trapezoidal,
0.0056826137880203595,S2,switch,A,B,0,,false,0,,6.025422044538427,0,0,0,true,true,trapezoidal_step_doubling,0.00002,,0.008,,,,,,,true,true,1@0.003=open,,,,,,,0,,,,,,,,,,,,,,,,,,,,,,,,,,,,,,trapezoidal,
0.0056826137880203595,R3,resistor,B,0,100,Ω,,0,,-1.0254220445384266,-0.010254220445384266,0.01051490369425367,0,true,true,trapezoidal_step_doubling,0.00002,,0.008,,,,,,,,,,,,,,,,0,,,,,,,,,,,,,,,,,,,,,,,,,,,,,,trapezoidal,
0.0056826137880203595,L4,inductor,B,0,100,mH,,0,A,-1.0254220445384266,0.010254220445384264,-0.010514903694253667,0.000005257451847126833,true,true,trapezoidal_step_doubling,0.00002,1e-10,0.008,,,,,,,,,,,,,,,,0,,,,,,,,,,,,,,,,,,,,,,,,,,,,,,trapezoidal,
0.0057226137880203596,V1,voltage,A,0,5,V,,0,,5,0,0,0,true,true,trapezoidal_step_doubling,0.00002,,0.008,dc,5,10,0,50,2,,,,,,,,,,0,,,,,,,,,,,,,,,,,,,,,,,,,,,,,,trapezoidal,
0.0057226137880203596,S2,switch,A,B,0,,false,0,,5.985209415340841,0,0,0,true,true,trapezoidal_step_doubling,0.00002,,0.008,,,,,,,true,true,1@0.003=open,,,,,,,0,,,,,,,,,,,,,,,,,,,,,,,,,,,,,,trapezoidal,
0.0057226137880203596,R3,resistor,B,0,100,Ω,,0,,-0.9852094153408408,-0.009852094153408408,0.009706375920762414,0,true,true,trapezoidal_step_doubling,0.00002,,0.008,,,,,,,,,,,,,,,,0,,,,,,,,,,,,,,,,,,,,,,,,,,,,,,trapezoidal,
0.0057226137880203596,L4,inductor,B,0,100,mH,,0,A,-0.9852094153408408,0.00985209415340841,-0.009706375920762416,0.000004853187960381209,true,true,trapezoidal_step_doubling,0.00002,1e-10,0.008,,,,,,,,,,,,,,,,0,,,,,,,,,,,,,,,,,,,,,,,,,,,,,,trapezoidal,
0.00576261378802036,V1,voltage,A,0,5,V,,0,,5,0,0,0,true,true,trapezoidal_step_doubling,0.00002,,0.008,dc,5,10,0,50,2,,,,,,,,,,0,,,,,,,,,,,,,,,,,,,,,,,,,,,,,,trapezoidal,
0.00576261378802036,S2,switch,A,B,0,,false,0,,5.9465737519941415,0,0,0,true,true,trapezoidal_step_doubling,0.00002,,0.008,,,,,,,true,true,1@0.003=open,,,,,,,0,,,,,,,,,,,,,,,,,,,,,,,,,,,,,,trapezoidal,
0.00576261378802036,R3,resistor,B,0,100,Ω,,0,,-0.9465737519941412,-0.009465737519941411,0.008960018679642658,0,true,true,trapezoidal_step_doubling,0.00002,,0.008,,,,,,,,,,,,,,,,0,,,,,,,,,,,,,,,,,,,,,,,,,,,,,,trapezoidal,
0.00576261378802036,L4,inductor,B,0,100,mH,,0,A,-0.9465737519941412,0.009465737519941413,-0.00896001867964266,0.000004480009339821331,true,true,trapezoidal_step_doubling,0.00002,1e-10,0.008,,,,,,,,,,,,,,,,0,,,,,,,,,,,,,,,,,,,,,,,,,,,,,,trapezoidal,
0.00580261378802036,V1,voltage,A,0,5,V,,0,,5,0,0,0,true,true,trapezoidal_step_doubling,0.00002,,0.008,dc,5,10,0,50,2,,,,,,,,,,0,,,,,,,,,,,,,,,,,,,,,,,,,,,,,,trapezoidal,
0.00580261378802036,S2,switch,A,B,0,,false,0,,5.909453212700253,0,0,0,true,true,trapezoidal_step_doubling,0.00002,,0.008,,,,,,,true,true,1@0.003=open,,,,,,,0,,,,,,,,,,,,,,,,,,,,,,,,,,,,,,trapezoidal,
0.00580261378802036,R3,resistor,B,0,100,Ω,,0,,-0.9094532127002533,-0.009094532127002532,0.00827105146090812,0,true,true,trapezoidal_step_doubling,0.00002,,0.008,,,,,,,,,,,,,,,,0,,,,,,,,,,,,,,,,,,,,,,,,,,,,,,trapezoidal,
0.00580261378802036,L4,inductor,B,0,100,mH,,0,A,-0.9094532127002533,0.009094532127002532,-0.00827105146090812,0.000004135525730454061,true,true,trapezoidal_step_doubling,0.00002,1e-10,0.008,,,,,,,,,,,,,,,,0,,,,,,,,,,,,,,,,,,,,,,,,,,,,,,trapezoidal,
0.00584261378802036,V1,voltage,A,0,5,V,,0,,5,0,0,0,true,true,trapezoidal_step_doubling,0.00002,,0.008,dc,5,10,0,50,2,,,,,,,,,,0,,,,,,,,,,,,,,,,,,,,,,,,,,,,,,trapezoidal,
0.00584261378802036,S2,switch,A,B,0,,false,0,,5.873788380829655,0,0,0,true,true,trapezoidal_step_doubling,0.00002,,0.008,,,,,,,true,true,1@0.003=open,,,,,,,0,,,,,,,,,,,,,,,,,,,,,,,,,,,,,,trapezoidal,
0.00584261378802036,R3,resistor,B,0,100,Ω,,0,,-0.8737883808296549,-0.00873788380829655,0.0076350613447291014,0,true,true,trapezoidal_step_doubling,0.00002,,0.008,,,,,,,,,,,,,,,,0,,,,,,,,,,,,,,,,,,,,,,,,,,,,,,trapezoidal,
0.00584261378802036,L4,inductor,B,0,100,mH,,0,A,-0.8737883808296549,0.00873788380829655,-0.0076350613447291014,0.000003817530672364551,true,true,trapezoidal_step_doubling,0.00002,1e-10,0.008,,,,,,,,,,,,,,,,0,,,,,,,,,,,,,,,,,,,,,,,,,,,,,,trapezoidal,
0.00588261378802036,V1,voltage,A,0,5,V,,0,,5,0,0,0,true,true,trapezoidal_step_doubling,0.00002,,0.008,dc,5,10,0,50,2,,,,,,,,,,0,,,,,,,,,,,,,,,,,,,,,,,,,,,,,,trapezoidal,
0.00588261378802036,S2,switch,A,B,0,,false,0,,5.8395221698167274,0,0,0,true,true,trapezoidal_step_doubling,0.00002,,0.008,,,,,,,true,true,1@0.003=open,,,,,,,0,,,,,,,,,,,,,,,,,,,,,,,,,,,,,,trapezoidal,
0.00588261378802036,R3,resistor,B,0,100,Ω,,0,,-0.8395221698167272,-0.008395221698167272,0.0070479747361378575,0,true,true,trapezoidal_step_doubling,0.00002,,0.008,,,,,,,,,,,,,,,,0,,,,,,,,,,,,,,,,,,,,,,,,,,,,,,trapezoidal,
0.00588261378802036,L4,inductor,B,0,100,mH,,0,A,-0.8395221698167272,0.008395221698167272,-0.0070479747361378575,0.0000035239873680689286,true,true,trapezoidal_step_doubling,0.00002,1e-10,0.008,,,,,,,,,,,,,,,,0,,,,,,,,,,,,,,,,,,,,,,,,,,,,,,trapezoidal,
0.00592261378802036,V1,voltage,A,0,5,V,,0,,5,0,0,0,true,true,trapezoidal_step_doubling,0.00002,,0.008,dc,5,10,0,50,2,,,,,,,,,,0,,,,,,,,,,,,,,,,,,,,,,,,,,,,,,trapezoidal,
0.00592261378802036,S2,switch,A,B,0,,false,0,,5.806599731784699,0,0,0,true,true,trapezoidal_step_doubling,0.00002,,0.008,,,,,,,true,true,1@0.003=open,,,,,,,0,,,,,,,,,,,,,,,,,,,,,,,,,,,,,,trapezoidal,
0.00592261378802036,R3,resistor,B,0,100,Ω,,0,,-0.8065997317846986,-0.008065997317846985,0.006506031273151476,0,true,true,trapezoidal_step_doubling,0.00002,,0.008,,,,,,,,,,,,,,,,0,,,,,,,,,,,,,,,,,,,,,,,,,,,,,,trapezoidal,
0.00592261378802036,L4,inductor,B,0,100,mH,,0,A,-0.8065997317846986,0.008065997317846987,-0.006506031273151478,0.0000032530156365757393,true,true,trapezoidal_step_doubling,0.00002,1e-10,0.008,,,,,,,,,,,,,,,,0,,,,,,,,,,,,,,,,,,,,,,,,,,,,,,trapezoidal,
0.00596261378802036,V1,voltage,A,0,5,V,,0,,5,0,0,0,true,true,trapezoidal_step_doubling,0.00002,,0.008,dc,5,10,0,50,2,,,,,,,,,,0,,,,,,,,,,,,,,,,,,,,,,,,,,,,,,trapezoidal,
0.00596261378802036,S2,switch,A,B,0,,false,0,,5.7749683697539265,0,0,0,true,true,trapezoidal_step_doubling,0.00002,,0.008,,,,,,,true,true,1@0.003=open,,,,,,,0,,,,,,,,,,,,,,,,,,,,,,,,,,,,,,trapezoidal,
0.00596261378802036,R3,resistor,B,0,100,Ω,,0,,-0.774968369753926,-0.00774968369753926,0.006005759741190578,0,true,true,trapezoidal_step_doubling,0.00002,,0.008,,,,,,,,,,,,,,,,0,,,,,,,,,,,,,,,,,,,,,,,,,,,,,,trapezoidal,
0.00596261378802036,L4,inductor,B,0,100,mH,,0,A,-0.774968369753926,0.007749683697539261,-0.006005759741190579,0.00000300287987059529,true,true,trapezoidal_step_doubling,0.00002,1e-10,0.008,,,,,,,,,,,,,,,,0,,,,,,,,,,,,,,,,,,,,,,,,,,,,,,trapezoidal,
0.00600261378802036,V1,voltage,A,0,5,V,,0,,5,0,0,0,true,true,trapezoidal_step_doubling,0.00002,,0.008,dc,5,10,0,50,2,,,,,,,,,,0,,,,,,,,,,,,,,,,,,,,,,,,,,,,,,trapezoidal,
0.00600261378802036,S2,switch,A,B,0,,false,0,,5.744577453292988,0,0,0,true,true,trapezoidal_step_doubling,0.00002,,0.008,,,,,,,true,true,1@0.003=open,,,,,,,0,,,,,,,,,,,,,,,,,,,,,,,,,,,,,,trapezoidal,
0.00600261378802036,R3,resistor,B,0,100,Ω,,0,,-0.7445774532929877,-0.007445774532929878,0.005543955839522714,0,true,true,trapezoidal_step_doubling,0.00002,,0.008,,,,,,,,,,,,,,,,0,,,,,,,,,,,,,,,,,,,,,,,,,,,,,,trapezoidal,
0.00600261378802036,L4,inductor,B,0,100,mH,,0,A,-0.7445774532929877,0.007445774532929878,-0.005543955839522714,0.000002771977919761357,true,true,trapezoidal_step_doubling,0.00002,1e-10,0.008,,,,,,,,,,,,,,,,0,,,,,,,,,,,,,,,,,,,,,,,,,,,,,,trapezoidal,
0.00604261378802036,V1,voltage,A,0,5,V,,0,,5,0,0,0,true,true,trapezoidal_step_doubling,0.00002,,0.008,dc,5,10,0,50,2,,,,,,,,,,0,,,,,,,,,,,,,,,,,,,,,,,,,,,,,,trapezoidal,
0.00604261378802036,S2,switch,A,B,0,,false,0,,5.715378337477576,0,0,0,true,true,trapezoidal_step_doubling,0.00002,,0.008,,,,,,,true,true,1@0.003=open,,,,,,,0,,,,,,,,,,,,,,,,,,,,,,,,,,,,,,trapezoidal,
0.00604261378802036,R3,resistor,B,0,100,Ω,,0,,-0.7153783374775764,-0.007153783374775764,0.0051176616573218115,0,true,true,trapezoidal_step_doubling,0.00002,,0.008,,,,,,,,,,,,,,,,0,,,,,,,,,,,,,,,,,,,,,,,,,,,,,,trapezoidal,
0.00604261378802036,L4,inductor,B,0,100,mH,,0,A,-0.7153783374775764,0.007153783374775765,-0.005117661657321812,0.0000025588308286609063,true,true,trapezoidal_step_doubling,0.00002,1e-10,0.008,,,,,,,,,,,,,,,,0,,,,,,,,,,,,,,,,,,,,,,,,,,,,,,trapezoidal,
0.0060826137880203605,V1,voltage,A,0,5,V,,0,,5,0,0,0,true,true,trapezoidal_step_doubling,0.00002,,0.008,dc,5,10,0,50,2,,,,,,,,,,0,,,,,,,,,,,,,,,,,,,,,,,,,,,,,,trapezoidal,
0.0060826137880203605,S2,switch,A,B,0,,false,0,,5.687324285027476,0,0,0,true,true,trapezoidal_step_doubling,0.00002,,0.008,,,,,,,true,true,1@0.003=open,,,,,,,0,,,,,,,,,,,,,,,,,,,,,,,,,,,,,,trapezoidal,
0.0060826137880203605,R3,resistor,B,0,100,Ω,,0,,-0.6873242850274753,-0.006873242850274753,0.004724146727885302,0,true,true,trapezoidal_step_doubling,0.00002,,0.008,,,,,,,,,,,,,,,,0,,,,,,,,,,,,,,,,,,,,,,,,,,,,,,trapezoidal,
0.0060826137880203605,L4,inductor,B,0,100,mH,,0,A,-0.6873242850274753,0.006873242850274753,-0.004724146727885302,0.000002362073363942651,true,true,trapezoidal_step_doubling,0.00002,1e-10,0.008,,,,,,,,,,,,,,,,0,,,,,,,,,,,,,,,,,,,,,,,,,,,,,,trapezoidal,
0.006122613788020361,V1,voltage,A,0,5,V,,0,,5,0,0,0,true,true,trapezoidal_step_doubling,0.00002,,0.008,dc,5,10,0,50,2,,,,,,,,,,0,,,,,,,,,,,,,,,,,,,,,,,,,,,,,,trapezoidal,
0.006122613788020361,S2,switch,A,B,0,,false,0,,5.660370391496986,0,0,0,true,true,trapezoidal_step_doubling,0.00002,,0.008,,,,,,,true,true,1@0.003=open,,,,,,,0,,,,,,,,,,,,,,,,,,,,,,,,,,,,,,trapezoidal,
0.006122613788020361,R3,resistor,B,0,100,Ω,,0,,-0.660370391496986,-0.006603703914969859,0.004360890539658825,0,true,true,trapezoidal_step_doubling,0.00002,,0.008,,,,,,,,,,,,,,,,0,,,,,,,,,,,,,,,,,,,,,,,,,,,,,,trapezoidal,
0.006122613788020361,L4,inductor,B,0,100,mH,,0,A,-0.660370391496986,0.00660370391496986,-0.0043608905396588255,0.000002180445269829413,true,true,trapezoidal_step_doubling,0.00002,1e-10,0.008,,,,,,,,,,,,,,,,0,,,,,,,,,,,,,,,,,,,,,,,,,,,,,,trapezoidal,
0.006162613788020361,V1,voltage,A,0,5,V,,0,,5,0,0,0,true,true,trapezoidal_step_doubling,0.00002,,0.008,dc,5,10,0,50,2,,,,,,,,,,0,,,,,,,,,,,,,,,,,,,,,,,,,,,,,,trapezoidal,
0.006162613788020361,S2,switch,A,B,0,,false,0,,5.634473513399065,0,0,0,true,true,trapezoidal_step_doubling,0.00002,,0.008,,,,,,,true,true,1@0.003=open,,,,,,,0,,,,,,,,,,,,,,,,,,,,,,,,,,,,,,trapezoidal,
0.006162613788020361,R3,resistor,B,0,100,Ω,,0,,-0.6344735133990649,-0.006344735133990649,0.004025566392049534,0,true,true,trapezoidal_step_doubling,0.00002,,0.008,,,,,,,,,,,,,,,,0,,,,,,,,,,,,,,,,,,,,,,,,,,,,,,trapezoidal,
0.006162613788020361,L4,inductor,B,0,100,mH,,0,A,-0.6344735133990649,0.006344735133990649,-0.004025566392049534,0.0000020127831960247673,true,true,trapezoidal_step_doubling,0.00002,1e-10,0.008,,,,,,,,,,,,,,,,0,,,,,,,,,,,,,,,,,,,,,,,,,,,,,,trapezoidal,
0.006202613788020361,V1,voltage,A,0,5,V,,0,,5,0,0,0,true,true,trapezoidal_step_doubling,0.00002,,0.008,dc,5,10,0,50,2,,,,,,,,,,0,,,,,,,,,,,,,,,,,,,,,,,,,,,,,,trapezoidal,
0.006202613788020361,S2,switch,A,B,0,,false,0,,5.609592199148121,0,0,0,true,true,trapezoidal_step_doubling,0.00002,,0.008,,,,,,,true,true,1@0.003=open,,,,,,,0,,,,,,,,,,,,,,,,,,,,,,,,,,,,,,trapezoidal,
0.006202613788020361,R3,resistor,B,0,100,Ω,,0,,-0.6095921991481211,-0.006095921991481211,0.003716026492622426,0,true,true,trapezoidal_step_doubling,0.00002,,0.008,,,,,,,,,,,,,,,,0,,,,,,,,,,,,,,,,,,,,,,,,,,,,,,trapezoidal,
0.006202613788020361,L4,inductor,B,0,100,mH,,0,A,-0.6095921991481211,0.006095921991481211,-0.003716026492622426,0.0000018580132463112128,true,true,trapezoidal_step_doubling,0.00002,1e-10,0.008,,,,,,,,,,,,,,,,0,,,,,,,,,,,,,,,,,,,,,,,,,,,,,,trapezoidal,
0.006242613788020361,V1,voltage,A,0,5,V,,0,,5,0,0,0,true,true,trapezoidal_step_doubling,0.00002,,0.008,dc,5,10,0,50,2,,,,,,,,,,0,,,,,,,,,,,,,,,,,,,,,,,,,,,,,,trapezoidal,
0.006242613788020361,S2,switch,A,B,0,,false,0,,5.58568662271094,0,0,0,true,true,trapezoidal_step_doubling,0.00002,,0.008,,,,,,,true,true,1@0.003=open,,,,,,,0,,,,,,,,,,,,,,,,,,,,,,,,,,,,,,trapezoidal,
0.006242613788020361,R3,resistor,B,0,100,Ω,,0,,-0.5856866227109399,-0.005856866227109399,0.0034302882002254682,0,true,true,trapezoidal_step_doubling,0.00002,,0.008,,,,,,,,,,,,,,,,0,,,,,,,,,,,,,,,,,,,,,,,,,,,,,,trapezoidal,
0.006242613788020361,L4,inductor,B,0,100,mH,,0,A,-0.5856866227109399,0.005856866227109399,-0.0034302882002254682,0.0000017151441001127341,true,true,trapezoidal_step_doubling,0.00002,1e-10,0.008,,,,,,,,,,,,,,,,0,,,,,,,,,,,,,,,,,,,,,,,,,,,,,,trapezoidal,
0.006282613788020361,V1,voltage,A,0,5,V,,0,,5,0,0,0,true,true,trapezoidal_step_doubling,0.00002,,0.008,dc,5,10,0,50,2,,,,,,,,,,0,,,,,,,,,,,,,,,,,,,,,,,,,,,,,,trapezoidal,
0.006282613788020361,S2,switch,A,B,0,,false,0,,5.56271851985953,0,0,0,true,true,trapezoidal_step_doubling,0.00002,,0.008,,,,,,,true,true,1@0.003=open,,,,,,,0,,,,,,,,,,,,,,,,,,,,,,,,,,,,,,trapezoidal,
0.006282613788020361,R3,resistor,B,0,100,Ω,,0,,-0.5627185198595304,-0.005627185198595303,0.0031665213259290063,0,true,true,trapezoidal_step_doubling,0.00002,,0.008,,,,,,,,,,,,,,,,0,,,,,,,,,,,,,,,,,,,,,,,,,,,,,,trapezoidal,
0.006282613788020361,L4,inductor,B,0,100,mH,,0,A,-0.5627185198595304,0.005627185198595304,-0.003166521325929007,0.0000015832606629645037,true,true,trapezoidal_step_doubling,0.00002,1e-10,0.008,,,,,,,,,,,,,,,,0,,,,,,,,,,,,,,,,,,,,,,,,,,,,,,trapezoidal,
0.006322613788020361,V1,voltage,A,0,5,V,,0,,5,0,0,0,true,true,trapezoidal_step_doubling,0.00002,,0.008,dc,5,10,0,50,2,,,,,,,,,,0,,,,,,,,,,,,,,,,,,,,,,,,,,,,,,trapezoidal,
0.006322613788020361,S2,switch,A,B,0,,false,0,,5.540651126923862,0,0,0,true,true,trapezoidal_step_doubling,0.00002,,0.008,,,,,,,true,true,1@0.003=open,,,,,,,0,,,,,,,,,,,,,,,,,,,,,,,,,,,,,,trapezoidal,
0.006322613788020361,R3,resistor,B,0,100,Ω,,0,,-0.5406511269238625,-0.0054065112692386254,0.002923036410440425,0,true,true,trapezoidal_step_doubling,0.00002,,0.008,,,,,,,,,,,,,,,,0,,,,,,,,,,,,,,,,,,,,,,,,,,,,,,trapezoidal,
0.006322613788020361,L4,inductor,B,0,100,mH,,0,A,-0.5406511269238625,0.005406511269238625,-0.0029230364104404247,0.000001461518205220212,true,true,trapezoidal_step_doubling,0.00002,1e-10,0.008,,,,,,,,,,,,,,,,0,,,,,,,,,,,,,,,,,,,,,,,,,,,,,,trapezoidal,
0.006362613788020361,V1,voltage,A,0,5,V,,0,,5,0,0,0,true,true,trapezoidal_step_doubling,0.00002,,0.008,dc,5,10,0,50,2,,,,,,,,,,0,,,,,,,,,,,,,,,,,,,,,,,,,,,,,,trapezoidal,
0.006362613788020361,S2,switch,A,B,0,,false,0,,5.519449121946456,0,0,0,true,true,trapezoidal_step_doubling,0.00002,,0.008,,,,,,,true,true,1@0.003=open,,,,,,,0,,,,,,,,,,,,,,,,,,,,,,,,,,,,,,trapezoidal,
0.006362613788020361,R3,resistor,B,0,100,Ω,,0,,-0.519449121946456,-0.00519449121946456,0.002698273902909441,0,true,true,trapezoidal_step_doubling,0.00002,,0.008,,,,,,,,,,,,,,,,0,,,,,,,,,,,,,,,,,,,,,,,,,,,,,,trapezoidal,
0.006362613788020361,L4,inductor,B,0,100,mH,,0,A,-0.519449121946456,0.00519449121946456,-0.002698273902909441,0.0000013491369514547208,true,true,trapezoidal_step_doubling,0.00002,1e-10,0.008,,,,,,,,,,,,,,,,0,,,,,,,,,,,,,,,,,,,,,,,,,,,,,,trapezoidal,
0.006402613788020361,V1,voltage,A,0,5,V,,0,,5,0,0,0,true,true,trapezoidal_step_doubling,0.00002,,0.008,dc,5,10,0,50,2,,,,,,,,,,0,,,,,,,,,,,,,,,,,,,,,,,,,,,,,,trapezoidal,
0.006402613788020361,S2,switch,A,B,0,,false,0,,5.499078568144634,0,0,0,true,true,trapezoidal_step_doubling,0.00002,,0.008,,,,,,,true,true,1@0.003=open,,,,,,,0,,,,,,,,,,,,,,,,,,,,,,,,,,,,,,trapezoidal,
0.006402613788020361,R3,resistor,B,0,100,Ω,,0,,-0.49907856814463414,-0.004990785681446341,0.0024907941718129824,0,true,true,trapezoidal_step_doubling,0.00002,,0.008,,,,,,,,,,,,,,,,0,,,,,,,,,,,,,,,,,,,,,,,,,,,,,,trapezoidal,
0.006402613788020361,L4,inductor,B,0,100,mH,,0,A,-0.49907856814463414,0.004990785681446341,-0.0024907941718129824,0.0000012453970859064911,true,true,trapezoidal_step_doubling,0.00002,1e-10,0.008,,,,,,,,,,,,,,,,0,,,,,,,,,,,,,,,,,,,,,,,,,,,,,,trapezoidal,
0.0064426137880203614,V1,voltage,A,0,5,V,,0,,5,0,0,0,true,true,trapezoidal_step_doubling,0.00002,,0.008,dc,5,10,0,50,2,,,,,,,,,,0,,,,,,,,,,,,,,,,,,,,,,,,,,,,,,trapezoidal,
0.0064426137880203614,S2,switch,A,B,0,,false,0,,5.479506859589943,0,0,0,true,true,trapezoidal_step_doubling,0.00002,,0.008,,,,,,,true,true,1@0.003=open,,,,,,,0,,,,,,,,,,,,,,,,,,,,,,,,,,,,,,trapezoidal,
0.0064426137880203614,R3,resistor,B,0,100,Ω,,0,,-0.47950685958994255,-0.004795068595899426,0.002299268283938089,0,true,true,trapezoidal_step_doubling,0.00002,,0.008,,,,,,,,,,,,,,,,0,,,,,,,,,,,,,,,,,,,,,,,,,,,,,,trapezoidal,
0.0064426137880203614,L4,inductor,B,0,100,mH,,0,A,-0.47950685958994255,0.004795068595899426,-0.002299268283938089,0.0000011496341419690447,true,true,trapezoidal_step_doubling,0.00002,1e-10,0.008,,,,,,,,,,,,,,,,0,,,,,,,,,,,,,,,,,,,,,,,,,,,,,,trapezoidal,
0.0064826137880203616,V1,voltage,A,0,5,V,,0,,5,0,0,0,true,true,trapezoidal_step_doubling,0.00002,,0.008,dc,5,10,0,50,2,,,,,,,,,,0,,,,,,,,,,,,,,,,,,,,,,,,,,,,,,trapezoidal,
0.0064826137880203616,S2,switch,A,B,0,,false,0,,5.460702669017788,0,0,0,true,true,trapezoidal_step_doubling,0.00002,,0.008,,,,,,,true,true,1@0.003=open,,,,,,,0,,,,,,,,,,,,,,,,,,,,,,,,,,,,,,trapezoidal,
0.0064826137880203616,R3,resistor,B,0,100,Ω,,0,,-0.46070266901778795,-0.0046070266901778794,0.0021224694924011347,0,true,true,trapezoidal_step_doubling,0.00002,,0.008,,,,,,,,,,,,,,,,0,,,,,,,,,,,,,,,,,,,,,,,,,,,,,,trapezoidal,
0.0064826137880203616,L4,inductor,B,0,100,mH,,0,A,-0.46070266901778795,0.0046070266901778794,-0.0021224694924011347,0.0000010612347462005674,true,true,trapezoidal_step_doubling,0.00002,1e-10,0.008,,,,,,,,,,,,,,,,0,,,,,,,,,,,,,,,,,,,,,,,,,,,,,,trapezoidal,
0.006522613788020362,V1,voltage,A,0,5,V,,0,,5,0,0,0,true,true,trapezoidal_step_doubling,0.00002,,0.008,dc,5,10,0,50,2,,,,,,,,,,0,,,,,,,,,,,,,,,,,,,,,,,,,,,,,,trapezoidal,
0.006522613788020362,S2,switch,A,B,0,,false,0,,5.442635897683757,0,0,0,true,true,trapezoidal_step_doubling,0.00002,,0.008,,,,,,,true,true,1@0.003=open,,,,,,,0,,,,,,,,,,,,,,,,,,,,,,,,,,,,,,trapezoidal,
0.006522613788020362,R3,resistor,B,0,100,Ω,,0,,-0.442635897683757,-0.00442635897683757,0.001959265379183054,0,true,true,trapezoidal_step_doubling,0.00002,,0.008,,,,,,,,,,,,,,,,0,,,,,,,,,,,,,,,,,,,,,,,,,,,,,,trapezoidal,
0.006522613788020362,L4,inductor,B,0,100,mH,,0,A,-0.442635897683757,0.00442635897683757,-0.001959265379183054,9.79632689591527e-7,true,true,trapezoidal_step_doubling,0.00002,1e-10,0.008,,,,,,,,,,,,,,,,0,,,,,,,,,,,,,,,,,,,,,,,,,,,,,,trapezoidal,
0.006562613788020362,V1,voltage,A,0,5,V,,0,,5,0,0,0,true,true,trapezoidal_step_doubling,0.00002,,0.008,dc,5,10,0,50,2,,,,,,,,,,0,,,,,,,,,,,,,,,,,,,,,,,,,,,,,,trapezoidal,
0.006562613788020362,S2,switch,A,B,0,,false,0,,5.425277627186355,0,0,0,true,true,trapezoidal_step_doubling,0.00002,,0.008,,,,,,,true,true,1@0.003=open,,,,,,,0,,,,,,,,,,,,,,,,,,,,,,,,,,,,,,trapezoidal,
0.006562613788020362,R3,resistor,B,0,100,Ω,,0,,-0.42527762718635476,-0.004252776271863548,0.0018086106018525617,0,true,true,trapezoidal_step_doubling,0.00002,,0.008,,,,,,,,,,,,,,,,0,,,,,,,,,,,,,,,,,,,,,,,,,,,,,,trapezoidal,
0.006562613788020362,L4,inductor,B,0,100,mH,,0,A,-0.42527762718635476,0.004252776271863547,-0.0018086106018525613,9.043053009262805e-7,true,true,trapezoidal_step_doubling,0.00002,1e-10,0.008,,,,,,,,,,,,,,,,0,,,,,,,,,,,,,,,,,,,,,,,,,,,,,,trapezoidal,
0.006602613788020362,V1,voltage,A,0,5,V,,0,,5,0,0,0,true,true,trapezoidal_step_doubling,0.00002,,0.008,dc,5,10,0,50,2,,,,,,,,,,0,,,,,,,,,,,,,,,,,,,,,,,,,,,,,,trapezoidal,
0.006602613788020362,S2,switch,A,B,0,,false,0,,5.408600073179047,0,0,0,true,true,trapezoidal_step_doubling,0.00002,,0.008,,,,,,,true,true,1@0.003=open,,,,,,,0,,,,,,,,,,,,,,,,,,,,,,,,,,,,,,trapezoidal,
0.006602613788020362,R3,resistor,B,0,100,Ω,,0,,-0.4086000731790466,-0.004086000731790466,0.0016695401980192225,0,true,true,trapezoidal_step_doubling,0.00002,,0.008,,,,,,,,,,,,,,,,0,,,,,,,,,,,,,,,,,,,,,,,,,,,,,,trapezoidal,
0.006602613788020362,L4,inductor,B,0,100,mH,,0,A,-0.4086000731790466,0.004086000731790466,-0.0016695401980192225,8.347700990096113e-7,true,true,trapezoidal_step_doubling,0.00002,1e-10,0.008,,,,,,,,,,,,,,,,0,,,,,,,,,,,,,,,,,,,,,,,,,,,,,,trapezoidal,
0.006642613788020362,V1,voltage,A,0,5,V,,0,,5,0,0,0,true,true,trapezoidal_step_doubling,0.00002,,0.008,dc,5,10,0,50,2,,,,,,,,,,0,,,,,,,,,,,,,,,,,,,,,,,,,,,,,,trapezoidal,
0.006642613788020362,S2,switch,A,B,0,,false,0,,5.392576540897515,0,0,0,true,true,trapezoidal_step_doubling,0.00002,,0.008,,,,,,,true,true,1@0.003=open,,,,,,,0,,,,,,,,,,,,,,,,,,,,,,,,,,,,,,trapezoidal,
0.006642613788020362,R3,resistor,B,0,100,Ω,,0,,-0.3925765408975153,-0.0039257654089751536,0.0015411634046305852,0,true,true,trapezoidal_step_doubling,0.00002,,0.008,,,,,,,,,,,,,,,,0,,,,,,,,,,,,,,,,,,,,,,,,,,,,,,trapezoidal,
0.006642613788020362,L4,inductor,B,0,100,mH,,0,A,-0.3925765408975153,0.0039257654089751536,-0.0015411634046305852,7.705817023152928e-7,true,true,trapezoidal_step_doubling,0.00002,1e-10,0.008,,,,,,,,,,,,,,,,0,,,,,,,,,,,,,,,,,,,,,,,,,,,,,,trapezoidal,
0.006682613788020362,V1,voltage,A,0,5,V,,0,,5,0,0,0,true,true,trapezoidal_step_doubling,0.00002,,0.008,dc,5,10,0,50,2,,,,,,,,,,0,,,,,,,,,,,,,,,,,,,,,,,,,,,,,,trapezoidal,
0.006682613788020362,S2,switch,A,B,0,,false,0,,5.377181382430946,0,0,0,true,true,trapezoidal_step_doubling,0.00002,,0.008,,,,,,,true,true,1@0.003=open,,,,,,,0,,,,,,,,,,,,,,,,,,,,,,,,,,,,,,trapezoidal,
0.006682613788020362,R3,resistor,B,0,100,Ω,,0,,-0.3771813824309461,-0.003771813824309461,0.0014226579525251962,0,true,true,trapezoidal_step_doubling,0.00002,,0.008,,,,,,,,,,,,,,,,0,,,,,,,,,,,,,,,,,,,,,,,,,,,,,,trapezoidal,
0.006682613788020362,L4,inductor,B,0,100,mH,,0,A,-0.3771813824309461,0.0037718138243094607,-0.0014226579525251962,7.11328976262598e-7,true,true,trapezoidal_step_doubling,0.00002,1e-10,0.008,,,,,,,,,,,,,,,,0,,,,,,,,,,,,,,,,,,,,,,,,,,,,,,trapezoidal,
0.006722613788020362,V1,voltage,A,0,5,V,,0,,5,0,0,0,true,true,trapezoidal_step_doubling,0.00002,,0.008,dc,5,10,0,50,2,,,,,,,,,,0,,,,,,,,,,,,,,,,,,,,,,,,,,,,,,trapezoidal,
0.006722613788020362,S2,switch,A,B,0,,false,0,,5.362389955668948,0,0,0,true,true,trapezoidal_step_doubling,0.00002,,0.008,,,,,,,true,true,1@0.003=open,,,,,,,0,,,,,,,,,,,,,,,,,,,,,,,,,,,,,,trapezoidal,
0.006722613788020362,R3,resistor,B,0,100,Ω,,0,,-0.36238995566894816,-0.0036238995566894817,0.0013132647996974222,0,true,true,trapezoidal_step_doubling,0.00002,,0.008,,,,,,,,,,,,,,,,0,,,,,,,,,,,,,,,,,,,,,,,,,,,,,,trapezoidal,
0.006722613788020362,L4,inductor,B,0,100,mH,,0,A,-0.36238995566894816,0.0036238995566894813,-0.001313264799697422,6.566323998487109e-7,true,true,trapezoidal_step_doubling,0.00002,1e-10,0.008,,,,,,,,,,,,,,,,0,,,,,,,,,,,,,,,,,,,,,,,,,,,,,,trapezoidal,
0.006762613788020362,V1,voltage,A,0,5,V,,0,,5,0,0,0,true,true,trapezoidal_step_doubling,0.00002,,0.008,dc,5,10,0,50,2,,,,,,,,,,0,,,,,,,,,,,,,,,,,,,,,,,,,,,,,,trapezoidal,
0.006762613788020362,S2,switch,A,B,0,,false,0,,5.348178584858401,0,0,0,true,true,trapezoidal_step_doubling,0.00002,,0.008,,,,,,,true,true,1@0.003=open,,,,,,,0,,,,,,,,,,,,,,,,,,,,,,,,,,,,,,trapezoidal,
0.006762613788020362,R3,resistor,B,0,100,Ω,,0,,-0.3481785848584011,-0.003481785848584011,0.0012122832695399882,0,true,true,trapezoidal_step_doubling,0.00002,,0.008,,,,,,,,,,,,,,,,0,,,,,,,,,,,,,,,,,,,,,,,,,,,,,,trapezoidal,
0.006762613788020362,L4,inductor,B,0,100,mH,,0,A,-0.3481785848584011,0.003481785848584011,-0.0012122832695399882,6.061416347699941e-7,true,true,trapezoidal_step_doubling,0.00002,1e-10,0.008,,,,,,,,,,,,,,,,0,,,,,,,,,,,,,,,,,,,,,,,,,,,,,,trapezoidal,
0.006802613788020362,V1,voltage,A,0,5,V,,0,,5,0,0,0,true,true,trapezoidal_step_doubling,0.00002,,0.008,dc,5,10,0,50,2,,,,,,,,,,0,,,,,,,,,,,,,,,,,,,,,,,,,,,,,,trapezoidal,
0.006802613788020362,S2,switch,A,B,0,,false,0,,5.334524522707091,0,0,0,true,true,trapezoidal_step_doubling,0.00002,,0.008,,,,,,,true,true,1@0.003=open,,,,,,,0,,,,,,,,,,,,,,,,,,,,,,,,,,,,,,trapezoidal,
0.006802613788020362,R3,resistor,B,0,100,Ω,,0,,-0.3345245227070912,-0.003345245227070912,0.0011190665629240719,0,true,true,trapezoidal_step_doubling,0.00002,,0.008,,,,,,,,,,,,,,,,0,,,,,,,,,,,,,,,,,,,,,,,,,,,,,,trapezoidal,
0.006802613788020362,L4,inductor,B,0,100,mH,,0,A,-0.3345245227070912,0.003345245227070912,-0.0011190665629240719,5.59533281462036e-7,true,true,trapezoidal_step_doubling,0.00002,1e-10,0.008,,,,,,,,,,,,,,,,0,,,,,,,,,,,,,,,,,,,,,,,,,,,,,,trapezoidal,
0.0068426137880203625,V1,voltage,A,0,5,V,,0,,5,0,0,0,true,true,trapezoidal_step_doubling,0.00002,,0.008,dc,5,10,0,50,2,,,,,,,,,,0,,,,,,,,,,,,,,,,,,,,,,,,,,,,,,trapezoidal,
0.0068426137880203625,S2,switch,A,B,0,,false,0,,5.3214059139734795,0,0,0,true,true,trapezoidal_step_doubling,0.00002,,0.008,,,,,,,true,true,1@0.003=open,,,,,,,0,,,,,,,,,,,,,,,,,,,,,,,,,,,,,,trapezoidal,
0.0068426137880203625,R3,resistor,B,0,100,Ω,,0,,-0.3214059139734798,-0.003214059139734798,0.001033017615371279,0,true,true,trapezoidal_step_doubling,0.00002,,0.008,,,,,,,,,,,,,,,,0,,,,,,,,,,,,,,,,,,,,,,,,,,,,,,trapezoidal,
0.0068426137880203625,L4,inductor,B,0,100,mH,,0,A,-0.3214059139734798,0.0032140591397347975,-0.0010330176153712787,5.165088076856394e-7,true,true,trapezoidal_step_doubling,0.00002,1e-10,0.008,,,,,,,,,,,,,,,,0,,,,,,,,,,,,,,,,,,,,,,,,,,,,,,trapezoidal,
0.006882613788020363,V1,voltage,A,0,5,V,,0,,5,0,0,0,true,true,trapezoidal_step_doubling,0.00002,,0.008,dc,5,10,0,50,2,,,,,,,,,,0,,,,,,,,,,,,,,,,,,,,,,,,,,,,,,trapezoidal,
0.006882613788020363,S2,switch,A,B,0,,false,0,,5.308801760484323,0,0,0,true,true,trapezoidal_step_doubling,0.00002,,0.008,,,,,,,true,true,1@0.003=open,,,,,,,0,,,,,,,,,,,,,,,,,,,,,,,,,,,,,,trapezoidal,
0.006882613788020363,R3,resistor,B,0,100,Ω,,0,,-0.3088017604843236,-0.003088017604843236,0.0009535852727821757,0,true,true,trapezoidal_step_doubling,0.00002,,0.008,,,,,,,,,,,,,,,,0,,,,,,,,,,,,,,,,,,,,,,,,,,,,,,trapezoidal,
0.006882613788020363,L4,inductor,B,0,100,mH,,0,A,-0.3088017604843236,0.0030880176048432365,-0.0009535852727821758,4.76792636391088e-7,true,true,trapezoidal_step_doubling,0.00002,1e-10,0.008,,,,,,,,,,,,,,,,0,,,,,,,,,,,,,,,,,,,,,,,,,,,,,,trapezoidal,
0.006922613788020363,V1,voltage,A,0,5,V,,0,,5,0,0,0,true,true,trapezoidal_step_doubling,0.00002,,0.008,dc,5,10,0,50,2,,,,,,,,,,0,,,,,,,,,,,,,,,,,,,,,,,,,,,,,,trapezoidal,
0.006922613788020363,S2,switch,A,B,0,,false,0,,5.296691887524154,0,0,0,true,true,trapezoidal_step_doubling,0.00002,,0.008,,,,,,,true,true,1@0.003=open,,,,,,,0,,,,,,,,,,,,,,,,,,,,,,,,,,,,,,trapezoidal,
0.006922613788020363,R3,resistor,B,0,100,Ω,,0,,-0.29669188752415404,-0.0029669188752415405,0.0008802607612264528,0,true,true,trapezoidal_step_doubling,0.00002,,0.008,,,,,,,,,,,,,,,,0,,,,,,,,,,,,,,,,,,,,,,,,,,,,,,trapezoidal,
0.006922613788020363,L4,inductor,B,0,100,mH,,0,A,-0.29669188752415404,0.0029669188752415405,-0.0008802607612264528,4.401303806132264e-7,true,true,trapezoidal_step_doubling,0.00002,1e-10,0.008,,,,,,,,,,,,,,,,0,,,,,,,,,,,,,,,,,,,,,,,,,,,,,,trapezoidal,
0.006962613788020363,V1,voltage,A,0,5,V,,0,,5,0,0,0,true,true,trapezoidal_step_doubling,0.00002,,0.008,dc,5,10,0,50,2,,,,,,,,,,0,,,,,,,,,,,,,,,,,,,,,,,,,,,,,,trapezoidal,
0.006962613788020363,S2,switch,A,B,0,,false,0,,5.2850569115428145,0,0,0,true,true,trapezoidal_step_doubling,0.00002,,0.008,,,,,,,true,true,1@0.003=open,,,,,,,0,,,,,,,,,,,,,,,,,,,,,,,,,,,,,,trapezoidal,
0.006962613788020363,R3,resistor,B,0,100,Ω,,0,,-0.28505691154281465,-0.0028505691154281465,0.0008125744281832805,0,true,true,trapezoidal_step_doubling,0.00002,,0.008,,,,,,,,,,,,,,,,0,,,,,,,,,,,,,,,,,,,,,,,,,,,,,,trapezoidal,
0.006962613788020363,L4,inductor,B,0,100,mH,,0,A,-0.28505691154281465,0.0028505691154281465,-0.0008125744281832805,4.0628721409164026e-7,true,true,trapezoidal_step_doubling,0.00002,1e-10,0.008,,,,,,,,,,,,,,,,0,,,,,,,,,,,,,,,,,,,,,,,,,,,,,,trapezoidal,
0.007002613788020363,V1,voltage,A,0,5,V,,0,,5,0,0,0,true,true,trapezoidal_step_doubling,0.00002,,0.008,dc,5,10,0,50,2,,,,,,,,,,0,,,,,,,,,,,,,,,,,,,,,,,,,,,,,,trapezoidal,
0.007002613788020363,S2,switch,A,B,0,,false,0,,5.2738782091293706,0,0,0,true,true,trapezoidal_step_doubling,0.00002,,0.008,,,,,,,true,true,1@0.003=open,,,,,,,0,,,,,,,,,,,,,,,,,,,,,,,,,,,,,,trapezoidal,
0.007002613788020363,R3,resistor,B,0,100,Ω,,0,,-0.27387820912937094,-0.0027387820912937095,0.0007500927343591145,0,true,true,trapezoidal_step_doubling,0.00002,,0.008,,,,,,,,,,,,,,,,0,,,,,,,,,,,,,,,,,,,,,,,,,,,,,,trapezoidal,
0.007002613788020363,L4,inductor,B,0,100,mH,,0,A,-0.27387820912937094,0.002738782091293709,-0.0007500927343591144,3.7504636717955713e-7,true,true,trapezoidal_step_doubling,0.00002,1e-10,0.008,,,,,,,,,,,,,,,,0,,,,,,,,,,,,,,,,,,,,,,,,,,,,,,trapezoidal,
0.007042613788020363,V1,voltage,A,0,5,V,,0,,5,0,0,0,true,true,trapezoidal_step_doubling,0.00002,,0.008,dc,5,10,0,50,2,,,,,,,,,,0,,,,,,,,,,,,,,,,,,,,,,,,,,,,,,trapezoidal,
0.007042613788020363,S2,switch,A,B,0,,false,0,,5.263137887202729,0,0,0,true,true,trapezoidal_step_doubling,0.00002,,0.008,,,,,,,true,true,1@0.003=open,,,,,,,0,,,,,,,,,,,,,,,,,,,,,,,,,,,,,,trapezoidal,
0.007042613788020363,R3,resistor,B,0,100,Ω,,0,,-0.26313788720272885,-0.0026313788720272887,0.0006924154768151605,0,true,true,trapezoidal_step_doubling,0.00002,,0.008,,,,,,,,,,,,,,,,0,,,,,,,,,,,,,,,,,,,,,,,,,,,,,,trapezoidal,
0.007042613788020363,L4,inductor,B,0,100,mH,,0,A,-0.26313788720272885,0.0026313788720272887,-0.0006924154768151605,3.4620773840758026e-7,true,true,trapezoidal_step_doubling,0.00002,1e-10,0.008,,,,,,,,,,,,,,,,0,,,,,,,,,,,,,,,,,,,,,,,,,,,,,,trapezoidal,
0.007082613788020363,V1,voltage,A,0,5,V,,0,,5,0,0,0,true,true,trapezoidal_step_doubling,0.00002,,0.008,dc,5,10,0,50,2,,,,,,,,,,0,,,,,,,,,,,,,,,,,,,,,,,,,,,,,,trapezoidal,
0.007082613788020363,S2,switch,A,B,0,,false,0,,5.2528187543712495,0,0,0,true,true,trapezoidal_step_doubling,0.00002,,0.008,,,,,,,true,true,1@0.003=open,,,,,,,0,,,,,,,,,,,,,,,,,,,,,,,,,,,,,,trapezoidal,
0.007082613788020363,R3,resistor,B,0,100,Ω,,0,,-0.2528187543712493,-0.002528187543712493,0.0006391732256183008,0,true,true,trapezoidal_step_doubling,0.00002,,0.008,,,,,,,,,,,,,,,,0,,,,,,,,,,,,,,,,,,,,,,,,,,,,,,trapezoidal,
0.007082613788020363,L4,inductor,B,0,100,mH,,0,A,-0.2528187543712493,0.002528187543712493,-0.0006391732256183008,3.195866128091504e-7,true,true,trapezoidal_step_doubling,0.00002,1e-10,0.008,,,,,,,,,,,,,,,,0,,,,,,,,,,,,,,,,,,,,,,,,,,,,,,trapezoidal,
0.007122613788020363,V1,voltage,A,0,5,V,,0,,5,0,0,0,true,true,trapezoidal_step_doubling,0.00002,,0.008,dc,5,10,0,50,2,,,,,,,,,,0,,,,,,,,,,,,,,,,,,,,,,,,,,,,,,trapezoidal,
0.007122613788020363,S2,switch,A,B,0,,false,0,,5.242904293415514,0,0,0,true,true,trapezoidal_step_doubling,0.00002,,0.008,,,,,,,true,true,1@0.003=open,,,,,,,0,,,,,,,,,,,,,,,,,,,,,,,,,,,,,,trapezoidal,
0.007122613788020363,R3,resistor,B,0,100,Ω,,0,,-0.242904293415514,-0.00242904293415514,0.0005900249575969013,0,true,true,trapezoidal_step_doubling,0.00002,,0.008,,,,,,,,,,,,,,,,0,,,,,,,,,,,,,,,,,,,,,,,,,,,,,,trapezoidal,
0.007122613788020363,L4,inductor,B,0,100,mH,,0,A,-0.242904293415514,0.00242904293415514,-0.0005900249575969013,2.9501247879845067e-7,true,true,trapezoidal_step_doubling,0.00002,1e-10,0.008,,,,,,,,,,,,,,,,0,,,,,,,,,,,,,,,,,,,,,,,,,,,,,,trapezoidal,
0.007162613788020363,V1,voltage,A,0,5,V,,0,,5,0,0,0,true,true,trapezoidal_step_doubling,0.00002,,0.008,dc,5,10,0,50,2,,,,,,,,,,0,,,,,,,,,,,,,,,,,,,,,,,,,,,,,,trapezoidal,
0.007162613788020363,S2,switch,A,B,0,,false,0,,5.2333786348502,0,0,0,true,true,trapezoidal_step_doubling,0.00002,,0.008,,,,,,,true,true,1@0.003=open,,,,,,,0,,,,,,,,,,,,,,,,,,,,,,,,,,,,,,trapezoidal,
0.007162613788020363,R3,resistor,B,0,100,Ω,,0,,-0.23337863485019972,-0.0023337863485019972,0.0005446558720454286,0,true,true,trapezoidal_step_doubling,0.00002,,0.008,,,,,,,,,,,,,,,,0,,,,,,,,,,,,,,,,,,,,,,,,,,,,,,trapezoidal,
0.007162613788020363,L4,inductor,B,0,100,mH,,0,A,-0.23337863485019972,0.0023337863485019972,-0.0005446558720454286,2.723279360227143e-7,true,true,trapezoidal_step_doubling,0.00002,1e-10,0.008,,,,,,,,,,,,,,,,0,,,,,,,,,,,,,,,,,,,,,,,,,,,,,,trapezoidal,
0.0072026137880203634,V1,voltage,A,0,5,V,,0,,5,0,0,0,true,true,trapezoidal_step_doubling,0.00002,,0.008,dc,5,10,0,50,2,,,,,,,,,,0,,,,,,,,,,,,,,,,,,,,,,,,,,,,,,trapezoidal,
0.0072026137880203634,S2,switch,A,B,0,,false,0,,5.224226531522741,0,0,0,true,true,trapezoidal_step_doubling,0.00002,,0.008,,,,,,,true,true,1@0.003=open,,,,,,,0,,,,,,,,,,,,,,,,,,,,,,,,,,,,,,trapezoidal,
0.0072026137880203634,R3,resistor,B,0,100,Ω,,0,,-0.22422653152274089,-0.0022422653152274086,0.0005027753743871871,0,true,true,trapezoidal_step_doubling,0.00002,,0.008,,,,,,,,,,,,,,,,0,,,,,,,,,,,,,,,,,,,,,,,,,,,,,,trapezoidal,
0.0072026137880203634,L4,inductor,B,0,100,mH,,0,A,-0.22422653152274089,0.002242265315227409,-0.0005027753743871872,2.513876871935936e-7,true,true,trapezoidal_step_doubling,0.00002,1e-10,0.008,,,,,,,,,,,,,,,,0,,,,,,,,,,,,,,,,,,,,,,,,,,,,,,trapezoidal,
0.0072426137880203635,V1,voltage,A,0,5,V,,0,,5,0,0,0,true,true,trapezoidal_step_doubling,0.00002,,0.008,dc,5,10,0,50,2,,,,,,,,,,0,,,,,,,,,,,,,,,,,,,,,,,,,,,,,,trapezoidal,
0.0072426137880203635,S2,switch,A,B,0,,false,0,,5.215433334208123,0,0,0,true,true,trapezoidal_step_doubling,0.00002,,0.008,,,,,,,true,true,1@0.003=open,,,,,,,0,,,,,,,,,,,,,,,,,,,,,,,,,,,,,,trapezoidal,
0.0072426137880203635,R3,resistor,B,0,100,Ω,,0,,-0.2154333342081236,-0.002154333342081236,0.00046411521488029083,0,true,true,trapezoidal_step_doubling,0.00002,,0.008,,,,,,,,,,,,,,,,0,,,,,,,,,,,,,,,,,,,,,,,,,,,,,,trapezoidal,
0.0072426137880203635,L4,inductor,B,0,100,mH,,0,A,-0.2154333342081236,0.0021543333420812358,-0.0004641152148802907,2.3205760744014535e-7,true,true,trapezoidal_step_doubling,0.00002,1e-10,0.008,,,,,,,,,,,,,,,,0,,,,,,,,,,,,,,,,,,,,,,,,,,,,,,trapezoidal,
0.007282613788020364,V1,voltage,A,0,5,V,,0,,5,0,0,0,true,true,trapezoidal_step_doubling,0.00002,,0.008,dc,5,10,0,50,2,,,,,,,,,,0,,,,,,,,,,,,,,,,,,,,,,,,,,,,,,trapezoidal,
0.007282613788020364,S2,switch,A,B,0,,false,0,,5.2069849681607465,0,0,0,true,true,trapezoidal_step_doubling,0.00002,,0.008,,,,,,,true,true,1@0.003=open,,,,,,,0,,,,,,,,,,,,,,,,,,,,,,,,,,,,,,trapezoidal,
0.007282613788020364,R3,resistor,B,0,100,Ω,,0,,-0.20698496816074616,-0.002069849681607462,0.00042842777044505107,0,true,true,trapezoidal_step_doubling,0.00002,,0.008,,,,,,,,,,,,,,,,0,,,,,,,,,,,,,,,,,,,,,,,,,,,,,,trapezoidal,
0.007282613788020364,L4,inductor,B,0,100,mH,,0,A,-0.20698496816074616,0.002069849681607462,-0.00042842777044505107,2.1421388522252556e-7,true,true,trapezoidal_step_doubling,0.00002,1e-10,0.008,,,,,,,,,,,,,,,,0,,,,,,,,,,,,,,,,,,,,,,,,,,,,,,trapezoidal,
0.007322613788020364,V1,voltage,A,0,5,V,,0,,5,0,0,0,true,true,trapezoidal_step_doubling,0.00002,,0.008,dc,5,10,0,50,2,,,,,,,,,,0,,,,,,,,,,,,,,,,,,,,,,,,,,,,,,trapezoidal,
0.007322613788020364,S2,switch,A,B,0,,false,0,,5.198867910585815,0,0,0,true,true,trapezoidal_step_doubling,0.00002,,0.008,,,,,,,true,true,1@0.003=open,,,,,,,0,,,,,,,,,,,,,,,,,,,,,,,,,,,,,,trapezoidal,
0.007322613788020364,R3,resistor,B,0,100,Ω,,0,,-0.19886791058581493,-0.001988679105858149,0.00039548445860767683,0,true,true,trapezoidal_step_doubling,0.00002,,0.008,,,,,,,,,,,,,,,,0,,,,,,,,,,,,,,,,,,,,,,,,,,,,,,trapezoidal,
0.007322613788020364,L4,inductor,B,0,100,mH,,0,A,-0.19886791058581493,0.001988679105858149,-0.00039548445860767683,1.977422293038384e-7,true,true,trapezoidal_step_doubling,0.00002,1e-10,0.008,,,,,,,,,,,,,,,,0,,,,,,,,,,,,,,,,,,,,,,,,,,,,,,trapezoidal,
0.007362613788020364,V1,voltage,A,0,5,V,,0,,5,0,0,0,true,true,trapezoidal_step_doubling,0.00002,,0.008,dc,5,10,0,50,2,,,,,,,,,,0,,,,,,,,,,,,,,,,,,,,,,,,,,,,,,trapezoidal,
0.007362613788020364,S2,switch,A,B,0,,false,0,,5.191069168994214,0,0,0,true,true,trapezoidal_step_doubling,0.00002,,0.008,,,,,,,true,true,1@0.003=open,,,,,,,0,,,,,,,,,,,,,,,,,,,,,,,,,,,,,,trapezoidal,
0.007362613788020364,R3,resistor,B,0,100,Ω,,0,,-0.1910691689942143,-0.001910691689942143,0.00036507427340139626,0,true,true,trapezoidal_step_doubling,0.00002,,0.008,,,,,,,,,,,,,,,,0,,,,,,,,,,,,,,,,,,,,,,,,,,,,,,trapezoidal,
0.007362613788020364,L4,inductor,B,0,100,mH,,0,A,-0.1910691689942143,0.001910691689942143,-0.00036507427340139626,1.8253713670069816e-7,true,true,trapezoidal_step_doubling,0.00002,1e-10,0.008,,,,,,,,,,,,,,,,0,,,,,,,,,,,,,,,,,,,,,,,,,,,,,,trapezoidal,
0.007402613788020364,V1,voltage,A,0,5,V,,0,,5,0,0,0,true,true,trapezoidal_step_doubling,0.00002,,0.008,dc,5,10,0,50,2,,,,,,,,,,0,,,,,,,,,,,,,,,,,,,,,,,,,,,,,,trapezoidal,
0.007402613788020364,S2,switch,A,B,0,,false,0,,5.1835762604062054,0,0,0,true,true,trapezoidal_step_doubling,0.00002,,0.008,,,,,,,true,true,1@0.003=open,,,,,,,0,,,,,,,,,,,,,,,,,,,,,,,,,,,,,,trapezoidal,
0.007402613788020364,R3,resistor,B,0,100,Ω,,0,,-0.1835762604062059,-0.001835762604062059,0.0003370024338472712,0,true,true,trapezoidal_step_doubling,0.00002,,0.008,,,,,,,,,,,,,,,,0,,,,,,,,,,,,,,,,,,,,,,,,,,,,,,trapezoidal,
0.007402613788020364,L4,inductor,B,0,100,mH,,0,A,-0.1835762604062059,0.001835762604062059,-0.0003370024338472712,1.6850121692363559e-7,true,true,trapezoidal_step_doubling,0.00002,1e-10,0.008,,,,,,,,,,,,,,,,0,,,,,,,,,,,,,,,,,,,,,,,,,,,,,,trapezoidal,
0.007442613788020364,V1,voltage,A,0,5,V,,0,,5,0,0,0,true,true,trapezoidal_step_doubling,0.00002,,0.008,dc,5,10,0,50,2,,,,,,,,,,0,,,,,,,,,,,,,,,,,,,,,,,,,,,,,,trapezoidal,
0.007442613788020364,S2,switch,A,B,0,,false,0,,5.176377191370668,0,0,0,true,true,trapezoidal_step_doubling,0.00002,,0.008,,,,,,,true,true,1@0.003=open,,,,,,,0,,,,,,,,,,,,,,,,,,,,,,,,,,,,,,trapezoidal,
0.007442613788020364,R3,resistor,B,0,100,Ω,,0,,-0.1763771913706684,-0.001763771913706684,0.0003110891363580538,0,true,true,trapezoidal_step_doubling,0.00002,,0.008,,,,,,,,,,,,,,,,0,,,,,,,,,,,,,,,,,,,,,,,,,,,,,,trapezoidal,
0.007442613788020364,L4,inductor,B,0,100,mH,,0,A,-0.1763771913706684,0.0017637719137066838,-0.0003110891363580538,1.5554456817902687e-7,true,true,trapezoidal_step_doubling,0.00002,1e-10,0.008,,,,,,,,,,,,,,,,0,,,,,,,,,,,,,,,,,,,,,,,,,,,,,,trapezoidal,
0.007482613788020364,V1,voltage,A,0,5,V,,0,,5,0,0,0,true,true,trapezoidal_step_doubling,0.00002,,0.008,dc,5,10,0,50,2,,,,,,,,,,0,,,,,,,,,,,,,,,,,,,,,,,,,,,,,,trapezoidal,
0.007482613788020364,S2,switch,A,B,0,,false,0,,5.169460438767897,0,0,0,true,true,trapezoidal_step_doubling,0.00002,,0.008,,,,,,,true,true,1@0.003=open,,,,,,,0,,,,,,,,,,,,,,,,,,,,,,,,,,,,,,trapezoidal,
0.007482613788020364,R3,resistor,B,0,100,Ω,,0,,-0.16946043876789704,-0.0016946043876789705,0.00028716840307408184,0,true,true,trapezoidal_step_doubling,0.00002,,0.008,,,,,,,,,,,,,,,,0,,,,,,,,,,,,,,,,,,,,,,,,,,,,,,trapezoidal,
0.007482613788020364,L4,inductor,B,0,100,mH,,0,A,-0.16946043876789704,0.0016946043876789705,-0.00028716840307408184,1.4358420153704092e-7,true,true,trapezoidal_step_doubling,0.00002,1e-10,0.008,,,,,,,,,,,,,,,,0,,,,,,,,,,,,,,,,,,,,,,,,,,,,,,trapezoidal,
0.007522613788020364,V1,voltage,A,0,5,V,,0,,5,0,0,0,true,true,trapezoidal_step_doubling,0.00002,,0.008,dc,5,10,0,50,2,,,,,,,,,,0,,,,,,,,,,,,,,,,,,,,,,,,,,,,,,trapezoidal,
0.007522613788020364,S2,switch,A,B,0,,false,0,,5.162814931365235,0,0,0,true,true,trapezoidal_step_doubling,0.00002,,0.008,,,,,,,true,true,1@0.003=open,,,,,,,0,,,,,,,,,,,,,,,,,,,,,,,,,,,,,,trapezoidal,
0.007522613788020364,R3,resistor,B,0,100,Ω,,0,,-0.1628149313652344,-0.0016281493136523439,0.00026508701875465983,0,true,true,trapezoidal_step_doubling,0.00002,,0.008,,,,,,,,,,,,,,,,0,,,,,,,,,,,,,,,,,,,,,,,,,,,,,,trapezoidal,
0.007522613788020364,L4,inductor,B,0,100,mH,,0,A,-0.1628149313652344,0.001628149313652344,-0.0002650870187546599,1.3254350937732996e-7,true,true,trapezoidal_step_doubling,0.00002,1e-10,0.008,,,,,,,,,,,,,,,,0,,,,,,,,,,,,,,,,,,,,,,,,,,,,,,trapezoidal,
0.007562613788020364,V1,voltage,A,0,5,V,,0,,5,0,0,0,true,true,trapezoidal_step_doubling,0.00002,,0.008,dc,5,10,0,50,2,,,,,,,,,,0,,,,,,,,,,,,,,,,,,,,,,,,,,,,,,trapezoidal,
0.007562613788020364,S2,switch,A,B,0,,false,0,,5.15643003209601,0,0,0,true,true,trapezoidal_step_doubling,0.00002,,0.008,,,,,,,true,true,1@0.003=open,,,,,,,0,,,,,,,,,,,,,,,,,,,,,,,,,,,,,,trapezoidal,
0.007562613788020364,R3,resistor,B,0,100,Ω,,0,,-0.1564300320960095,-0.0015643003209600951,0.00024470354941558565,0,true,true,trapezoidal_step_doubling,0.00002,,0.008,,,,,,,,,,,,,,,,0,,,,,,,,,,,,,,,,,,,,,,,,,,,,,,trapezoidal,
0.007562613788020364,L4,inductor,B,0,100,mH,,0,A,-0.1564300320960095,0.0015643003209600951,-0.00024470354941558565,1.2235177470779284e-7,true,true,trapezoidal_step_doubling,0.00002,1e-10,0.008,,,,,,,,,,,,,,,,0,,,,,,,,,,,,,,,,,,,,,,,,,,,,,,trapezoidal,
0.0076026137880203645,V1,voltage,A,0,5,V,,0,,5,0,0,0,true,true,trapezoidal_step_doubling,0.00002,,0.008,dc,5,10,0,50,2,,,,,,,,,,0,,,,,,,,,,,,,,,,,,,,,,,,,,,,,,trapezoidal,
0.0076026137880203645,S2,switch,A,B,0,,false,0,,5.150295521033421,0,0,0,true,true,trapezoidal_step_doubling,0.00002,,0.008,,,,,,,true,true,1@0.003=open,,,,,,,0,,,,,,,,,,,,,,,,,,,,,,,,,,,,,,trapezoidal,
0.0076026137880203645,R3,resistor,B,0,100,Ω,,0,,-0.1502955210334209,-0.0015029552103342089,0.0002258874364270746,0,true,true,trapezoidal_step_doubling,0.00002,,0.008,,,,,,,,,,,,,,,,0,,,,,,,,,,,,,,,,,,,,,,,,,,,,,,trapezoidal,
0.0076026137880203645,L4,inductor,B,0,100,mH,,0,A,-0.1502955210334209,0.0015029552103342089,-0.0002258874364270746,1.129437182135373e-7,true,true,trapezoidal_step_doubling,0.00002,1e-10,0.008,,,,,,,,,,,,,,,,0,,,,,,,,,,,,,,,,,,,,,,,,,,,,,,trapezoidal,
0.007642613788020365,V1,voltage,A,0,5,V,,0,,5,0,0,0,true,true,trapezoidal_step_doubling,0.00002,,0.008,dc,5,10,0,50,2,,,,,,,,,,0,,,,,,,,,,,,,,,,,,,,,,,,,,,,,,trapezoidal,
0.007642613788020365,S2,switch,A,B,0,,false,0,,5.1444015790321105,0,0,0,true,true,trapezoidal_step_doubling,0.00002,,0.008,,,,,,,true,true,1@0.003=open,,,,,,,0,,,,,,,,,,,,,,,,,,,,,,,,,,,,,,trapezoidal,
0.007642613788020365,R3,resistor,B,0,100,Ω,,0,,-0.14440157903211023,-0.0014440157903211023,0.00020851816026966777,0,true,true,trapezoidal_step_doubling,0.00002,,0.008,,,,,,,,,,,,,,,,0,,,,,,,,,,,,,,,,,,,,,,,,,,,,,,trapezoidal,
0.007642613788020365,L4,inductor,B,0,100,mH,,0,A,-0.14440157903211023,0.0014440157903211025,-0.0002085181602696678,1.0425908013483393e-7,true,true,trapezoidal_step_doubling,0.00002,1e-10,0.008,,,,,,,,,,,,,,,,0,,,,,,,,,,,,,,,,,,,,,,,,,,,,,,trapezoidal,
0.007682613788020365,V1,voltage,A,0,5,V,,0,,5,0,0,0,true,true,trapezoidal_step_doubling,0.00002,,0.008,dc,5,10,0,50,2,,,,,,,,,,0,,,,,,,,,,,,,,,,,,,,,,,,,,,,,,trapezoidal,
0.007682613788020365,S2,switch,A,B,0,,false,0,,5.138738772011243,0,0,0,true,true,trapezoidal_step_doubling,0.00002,,0.008,,,,,,,true,true,1@0.003=open,,,,,,,0,,,,,,,,,,,,,,,,,,,,,,,,,,,,,,trapezoidal,
0.007682613788020365,R3,resistor,B,0,100,Ω,,0,,-0.13873877201124318,-0.0013873877201124318,0.00019248446859187714,0,true,true,trapezoidal_step_doubling,0.00002,,0.008,,,,,,,,,,,,,,,,0,,,,,,,,,,,,,,,,,,,,,,,,,,,,,,trapezoidal,
0.007682613788020365,L4,inductor,B,0,100,mH,,0,A,-0.13873877201124318,0.0013873877201124316,-0.00019248446859187712,9.624223429593855e-8,true,true,trapezoidal_step_doubling,0.00002,1e-10,0.008,,,,,,,,,,,,,,,,0,,,,,,,,,,,,,,,,,,,,,,,,,,,,,,trapezoidal,
0.007722613788020365,V1,voltage,A,0,5,V,,0,,5,0,0,0,true,true,trapezoidal_step_doubling,0.00002,,0.008,dc,5,10,0,50,2,,,,,,,,,,0,,,,,,,,,,,,,,,,,,,,,,,,,,,,,,trapezoidal,
0.007722613788020365,S2,switch,A,B,0,,false,0,,5.133298035853939,0,0,0,true,true,trapezoidal_step_doubling,0.00002,,0.008,,,,,,,true,true,1@0.003=open,,,,,,,0,,,,,,,,,,,,,,,,,,,,,,,,,,,,,,trapezoidal,
0.007722613788020365,R3,resistor,B,0,100,Ω,,0,,-0.1332980358539395,-0.001332980358539395,0.00017768366362518143,0,true,true,trapezoidal_step_doubling,0.00002,,0.008,,,,,,,,,,,,,,,,0,,,,,,,,,,,,,,,,,,,,,,,,,,,,,,trapezoidal,
0.007722613788020365,L4,inductor,B,0,100,mH,,0,A,-0.1332980358539395,0.0013329803585393949,-0.0001776836636251814,8.884183181259069e-8,true,true,trapezoidal_step_doubling,0.00002,1e-10,0.008,,,,,,,,,,,,,,,,0,,,,,,,,,,,,,,,,,,,,,,,,,,,,,,trapezoidal,
0.007762613788020365,V1,voltage,A,0,5,V,,0,,5,0,0,0,true,true,trapezoidal_step_doubling,0.00002,,0.008,dc,5,10,0,50,2,,,,,,,,,,0,,,,,,,,,,,,,,,,,,,,,,,,,,,,,,trapezoidal,
0.007762613788020365,S2,switch,A,B,0,,false,0,,5.128070661898883,0,0,0,true,true,trapezoidal_step_doubling,0.00002,,0.008,,,,,,,true,true,1@0.003=open,,,,,,,0,,,,,,,,,,,,,,,,,,,,,,,,,,,,,,trapezoidal,
0.007762613788020365,R3,resistor,B,0,100,Ω,,0,,-0.12807066189888303,-0.0012807066189888302,0.00016402094439218006,0,true,true,trapezoidal_step_doubling,0.00002,,0.008,,,,,,,,,,,,,,,,0,,,,,,,,,,,,,,,,,,,,,,,,,,,,,,trapezoidal,
0.007762613788020365,L4,inductor,B,0,100,mH,,0,A,-0.12807066189888303,0.0012807066189888302,-0.00016402094439218006,8.201047219609003e-8,true,true,trapezoidal_step_doubling,0.00002,1e-10,0.008,,,,,,,,,,,,,,,,0,,,,,,,,,,,,,,,,,,,,,,,,,,,,,,trapezoidal,
0.007802613788020364,V1,voltage,A,0,5,V,,0,,5,0,0,0,true,true,trapezoidal_step_doubling,0.00002,,0.008,dc,5,10,0,50,2,,,,,,,,,,0,,,,,,,,,,,,,,,,,,,,,,,,,,,,,,trapezoidal,
0.007802613788020364,S2,switch,A,B,0,,false,0,,5.123048283000887,0,0,0,true,true,trapezoidal_step_doubling,0.00002,,0.008,,,,,,,true,true,1@0.003=open,,,,,,,0,,,,,,,,,,,,,,,,,,,,,,,,,,,,,,trapezoidal,
0.007802613788020364,R3,resistor,B,0,100,Ω,,0,,-0.12304828300088765,-0.0012304828300088765,0.00015140879949466536,0,true,true,trapezoidal_step_doubling,0.00002,,0.008,,,,,,,,,,,,,,,,0,,,,,,,,,,,,,,,,,,,,,,,,,,,,,,trapezoidal,
0.007802613788020364,L4,inductor,B,0,100,mH,,0,A,-0.12304828300088765,0.0012304828300088765,-0.00015140879949466536,7.570439974733269e-8,true,true,trapezoidal_step_doubling,0.00002,1e-10,0.008,,,,,,,,,,,,,,,,0,,,,,,,,,,,,,,,,,,,,,,,,,,,,,,trapezoidal,
0.007842613788020364,V1,voltage,A,0,5,V,,0,,5,0,0,0,true,true,trapezoidal_step_doubling,0.00002,,0.008,dc,5,10,0,50,2,,,,,,,,,,0,,,,,,,,,,,,,,,,,,,,,,,,,,,,,,trapezoidal,
0.007842613788020364,S2,switch,A,B,0,,false,0,,5.118222860138108,0,0,0,true,true,trapezoidal_step_doubling,0.00002,,0.008,,,,,,,true,true,1@0.003=open,,,,,,,0,,,,,,,,,,,,,,,,,,,,,,,,,,,,,,trapezoidal,
0.007842613788020364,R3,resistor,B,0,100,Ω,,0,,-0.11822286013810777,-0.0011822286013810778,0.0001397664465923459,0,true,true,trapezoidal_step_doubling,0.00002,,0.008,,,,,,,,,,,,,,,,0,,,,,,,,,,,,,,,,,,,,,,,,,,,,,,trapezoidal,
0.007842613788020364,L4,inductor,B,0,100,mH,,0,A,-0.11822286013810777,0.0011822286013810778,-0.0001397664465923459,6.988322329617296e-8,true,true,trapezoidal_step_doubling,0.00002,1e-10,0.008,,,,,,,,,,,,,,,,0,,,,,,,,,,,,,,,,,,,,,,,,,,,,,,trapezoidal,
0.007882613788020364,V1,voltage,A,0,5,V,,0,,5,0,0,0,true,true,trapezoidal_step_doubling,0.00002,,0.008,dc,5,10,0,50,2,,,,,,,,,,0,,,,,,,,,,,,,,,,,,,,,,,,,,,,,,trapezoidal,
0.007882613788020364,S2,switch,A,B,0,,false,0,,5.113586669544456,0,0,0,true,true,trapezoidal_step_doubling,0.00002,,0.008,,,,,,,true,true,1@0.003=open,,,,,,,0,,,,,,,,,,,,,,,,,,,,,,,,,,,,,,trapezoidal,
0.007882613788020364,R3,resistor,B,0,100,Ω,,0,,-0.11358666954445648,-0.001135866695444565,0.0001290193149820156,0,true,true,trapezoidal_step_doubling,0.00002,,0.008,,,,,,,,,,,,,,,,0,,,,,,,,,,,,,,,,,,,,,,,,,,,,,,trapezoidal,
0.007882613788020364,L4,inductor,B,0,100,mH,,0,A,-0.11358666954445648,0.0011358666954445647,-0.00012901931498201556,6.450965749100778e-8,true,true,trapezoidal_step_doubling,0.00002,1e-10,0.008,,,,,,,,,,,,,,,,0,,,,,,,,,,,,,,,,,,,,,,,,,,,,,,trapezoidal,
0.007922613788020364,V1,voltage,A,0,5,V,,0,,5,0,0,0,true,true,trapezoidal_step_doubling,0.00002,,0.008,dc,5,10,0,50,2,,,,,,,,,,0,,,,,,,,,,,,,,,,,,,,,,,,,,,,,,trapezoidal,
0.007922613788020364,S2,switch,A,B,0,,false,0,,5.1091322903466345,0,0,0,true,true,trapezoidal_step_doubling,0.00002,,0.008,,,,,,,true,true,1@0.003=open,,,,,,,0,,,,,,,,,,,,,,,,,,,,,,,,,,,,,,trapezoidal,
0.007922613788020364,R3,resistor,B,0,100,Ω,,0,,-0.10913229034663463,-0.0010913229034663463,0.00011909856796302162,0,true,true,trapezoidal_step_doubling,0.00002,,0.008,,,,,,,,,,,,,,,,0,,,,,,,,,,,,,,,,,,,,,,,,,,,,,,trapezoidal,
0.007922613788020364,L4,inductor,B,0,100,mH,,0,A,-0.10913229034663463,0.0010913229034663463,-0.00011909856796302162,5.954928398151081e-8,true,true,trapezoidal_step_doubling,0.00002,1e-10,0.008,,,,,,,,,,,,,,,,0,,,,,,,,,,,,,,,,,,,,,,,,,,,,,,trapezoidal,
0.007961306894010183,V1,voltage,A,0,5,V,,0,,5,0,0,0,true,true,trapezoidal_step_doubling,0.00002,,0.008,dc,5,10,0,50,2,,,,,,,,,,0,,,,,,,,,,,,,,,,,,,,,,,,,,,,,,trapezoidal,
0.007961306894010183,S2,switch,A,B,0,,false,0,,5.104989766624072,0,0,0,true,true,trapezoidal_step_doubling,0.00002,,0.008,,,,,,,true,true,1@0.003=open,,,,,,,0,,,,,,,,,,,,,,,,,,,,,,,,,,,,,,trapezoidal,
0.007961306894010183,R3,resistor,B,0,100,Ω,,0,,-0.10498976662407193,-0.0010498976662407192,0.00011022851095777087,0,true,true,trapezoidal_step_doubling,0.00002,,0.008,,,,,,,,,,,,,,,,0,,,,,,,,,,,,,,,,,,,,,,,,,,,,,,trapezoidal,
0.007961306894010183,L4,inductor,B,0,100,mH,,0,A,-0.10498976662407193,0.0010498976662407194,-0.0001102285109577709,5.5114255478885454e-8,true,true,trapezoidal_step_doubling,0.00002,1e-10,0.008,,,,,,,,,,,,,,,,0,,,,,,,,,,,,,,,,,,,,,,,,,,,,,,trapezoidal,
0.008,V1,voltage,A,0,5,V,,0,,5,0,0,0,true,true,trapezoidal_step_doubling,0.00002,,0.008,dc,5,10,0,50,2,,,,,,,,,,0,,,,,,,,,,,,,,,,,,,,,,,,,,,,,,trapezoidal,
0.008,S2,switch,A,B,0,,false,0,,5.101004487862991,0,0,0,true,true,trapezoidal_step_doubling,0.00002,,0.008,,,,,,,true,true,1@0.003=open,,,,,,,0,,,,,,,,,,,,,,,,,,,,,,,,,,,,,,trapezoidal,
0.008,R3,resistor,B,0,100,Ω,,0,,-0.10100448786299121,-0.0010100448786299122,0.00010201906568465139,0,true,true,trapezoidal_step_doubling,0.00002,,0.008,,,,,,,,,,,,,,,,0,,,,,,,,,,,,,,,,,,,,,,,,,,,,,,trapezoidal,
0.008,L4,inductor,B,0,100,mH,,0,A,-0.10100448786299121,0.0010100448786299122,-0.00010201906568465139,5.100953284232571e-8,true,true,trapezoidal_step_doubling,0.00002,1e-10,0.008,,,,,,,,,,,,,,,,0,,,,,,,,,,,,,,,,,,,,,,,,,,,,,,trapezoidal,