time_s,component,type,terminal_a,terminal_b,value,unit,closed,initial_value,initial_unit,voltage_a_minus_b_V,current_a_to_b_A,power_absorbed_W,stored_energy_J,voltage_known,current_known,method,relative_local_tolerance,absolute_state_tolerance,window_s
0,V1,voltage,A,0,6,V,,0,,6,-0.0051428571428571435,-0.03085714285714286,0,true,true,initial_constraints,0.00002,,0.6
0,R2,resistor,A,B,1000,Ω,,0,,2.5714285714285716,0.0025714285714285717,0.006612244897959185,0,true,true,initial_constraints,0.00002,,0.6
0,R3,resistor,B,0,1000,Ω,,0,,3.4285714285714284,0.0034285714285714284,0.011755102040816326,0,true,true,initial_constraints,0.00002,,0.6
0,R4,resistor,A,C,1000,Ω,,0,,2.5714285714285716,0.0025714285714285717,0.006612244897959185,0,true,true,initial_constraints,0.00002,,0.6
0,R5,resistor,C,0,2000,Ω,,0,,3.4285714285714284,0.0017142857142857142,0.005877551020408163,0,true,true,initial_constraints,0.00002,,0.6
0,C6,capacitor,B,C,100,µF,,0,V,0,-0.0008571428571428569,0,0,true,true,initial_constraints,0.00002,1e-7,0.6
0.000034836720076114976,V1,voltage,A,0,6,V,,0,,6,-0.005142814498382286,-0.030856886990293715,0,true,true,backward_euler_step_doubling,0.00002,,0.6
0.000034836720076114976,R2,resistor,A,B,1000,Ω,,0,,2.5715565048522318,0.0025715565048522316,0.006612902857647826,0,true,true,backward_euler_step_doubling,0.00002,,0.6
0.000034836720076114976,R3,resistor,B,0,1000,Ω,,0,,3.4284434951477682,0.003428443495147768,0.011754224799421044,0,true,true,backward_euler_step_doubling,0.00002,,0.6
0.000034836720076114976,R4,resistor,A,C,1000,Ω,,0,,2.5712579935300544,0.002571257993530054,0.006611367669292201,0,true,true,backward_euler_step_doubling,0.00002,,0.6
0.000034836720076114976,R5,resistor,C,0,2000,Ω,,0,,3.4287420064699456,0.0017143710032349727,0.005878135873465774,0,true,true,backward_euler_step_doubling,0.00002,,0.6
0.000034836720076114976,C6,capacitor,B,C,100,µF,,0,V,-0.0002985113221773972,-0.0008568869902940857,2.5579046842929805e-7,4.45545047340489e-12,true,true,backward_euler_step_doubling,0.00002,1e-7,0.6
0.00006967344015222995,V1,voltage,A,0,6,V,,0,,6,-0.00514277186663755,-0.030856631199825298,0,true,true,backward_euler_step_doubling,0.00002,,0.6
0.00006967344015222995,R2,resistor,A,B,1000,Ω,,0,,2.571684400086447,0.002571684400086447,0.006613560653647988,0,true,true,backward_euler_step_doubling,0.00002,,0.6
0.00006967344015222995,R3,resistor,B,0,1000,Ω,,0,,3.428315599913553,0.0034283155999135532,0.011753347852610625,0,true,true,backward_euler_step_doubling,0.00002,,0.6
0.00006967344015222995,R4,resistor,A,C,1000,Ω,,0,,2.5710874665511017,0.0025710874665511017,0.006610490760656162,0,true,true,backward_euler_step_doubling,0.00002,,0.6
0.00006967344015222995,R5,resistor,C,0,2000,Ω,,0,,3.4289125334488983,0.0017144562667244492,0.005878720581021471,0,true,true,backward_euler_step_doubling,0.00002,,0.6
0.00006967344015222995,C6,capacitor,B,C,100,µF,,0,V,-0.0005969335353452898,-0.0008566311998255519,5.11351890598944e-7,1.7816482280991313e-11,true,true,backward_euler_step_doubling,0.00002,1e-7,0.6
0.00010287168264164807,V1,voltage,A,0,6,V,,0,,6,-0.005142731251551815,-0.03085638750931089,0,true,true,backward_euler_step_doubling,0.00002,,0.6
0.00010287168264164807,R2,resistor,A,B,1000,Ω,,0,,2.5718062453445754,0.002571806245344575,0.006614187363593362,0,true,true,backward_euler_step_doubling,0.00002,,0.6
0.00010287168264164807,R3,resistor,B,0,1000,Ω,,0,,3.4281937546554246,0.0034281937546554245,0.011752512419458457,0,true,true,backward_euler_step_doubling,0.00002,,0.6
0.00010287168264164807,R4,resistor,A,C,1000,Ω,,0,,2.57092500620724,0.00257092500620724,0.0066096553875416965,0,true,true,backward_euler_step_doubling,0.00002,,0.6
0.00010287168264164807,R5,resistor,C,0,2000,Ω,,0,,3.42907499379276,0.00171453749689638,0.005879277656527409,0,true,true,backward_euler_step_doubling,0.00002,,0.6
0.00010287168264164807,C6,capacitor,B,C,100,µF,,0,V,-0.0008812391373353989,-0.000856387509310865,7.546821899299176e-7,3.88291208585819e-11,true,true,backward_euler_step_doubling,0.00002,1e-7,0.6
0.00013606992513106618,V1,voltage,A,0,6,V,,0,,6,-0.005142690648019808,-0.03085614388811885,0,true,true,backward_euler_step_doubling,0.00002,,0.6
0.00013606992513106618,R2,resistor,A,B,1000,Ω,,0,,2.5719280559405897,0.0025719280559405896,0.006614813924934341,0,true,true,backward_euler_step_doubling,0.00002,,0.6
0.00013606992513106618,R3,resistor,B,0,1000,Ω,,0,,3.4280719440594103,0.0034280719440594105,0.011751677253647265,0,true,true,backward_euler_step_doubling,0.00002,,0.6
0.00013606992513106618,R4,resistor,A,C,1000,Ω,,0,,2.5707625920792188,0.002570762592079219,0.006608820304833864,0,true,true,backward_euler_step_doubling,0.00002,,0.6
0.00013606992513106618,R5,resistor,C,0,2000,Ω,,0,,3.4292374079207812,0.0017146187039603906,0.005879834599941619,0,true,true,backward_euler_step_doubling,0.00002,,0.6
0.00013606992513106618,C6,capacitor,B,C,100,µF,,0,V,-0.0011654638613709523,-0.000856143888117419,9.978047617344676e-7,6.79153006080845e-11,true,true,backward_euler_step_doubling,0.00002,1e-7,0.6
0.00017092294101529423,V1,voltage,A,0,6,V,,0,,6,-0.005142648033326135,-0.03085588819995681,0,true,true,backward_euler_step_doubling,0.00002,,0.6
0.00017092294101529423,R2,resistor,A,B,1000,Ω,,0,,2.5720559000188956,0.0025720559000188955,0.006615471552822011,0,true,true,backward_euler_step_doubling,0.00002,,0.6
0.00017092294101529423,R3,resistor,B,0,1000,Ω,,0,,3.4279440999811044,0.0034279440999811046,0.011750800752595264,0,true,true,backward_euler_step_doubling,0.00002,,0.6
0.00017092294101529423,R4,resistor,A,C,1000,Ω,,0,,2.5705921333072403,0.0025705921333072403,0.006607943915821069,0,true,true,backward_euler_step_doubling,0.00002,,0.6
0.00017092294101529423,R5,resistor,C,0,2000,Ω,,0,,3.4294078666927597,0.00171470393334638,0.005880419158067093,0,true,true,backward_euler_step_doubling,0.00002,,0.6
0.00017092294101529423,C6,capacitor,B,C,100,µF,,0,V,-0.0014637667116552677,-0.000855888199962936,0.000001252820656004293,1.0713064930750377e-10,true,true,backward_euler_step_doubling,0.00002,1e-7,0.6
0.00020577595689952224,V1,voltage,A,0,6,V,,0,,6,-0.005142605431360157,-0.030855632588160944,0,true,true,backward_euler_step_doubling,0.00002,,0.6
0.00020577595689952224,R2,resistor,A,B,1000,Ω,,0,,2.572183705916838,0.002572183705916838,0.006616129016984079,0,true,true,backward_euler_step_doubling,0.00002,,0.6
0.00020577595689952224,R3,resistor,B,0,1000,Ω,,0,,3.427816294083162,0.0034278162940831617,0.01174992454598202,0,true,true,backward_euler_step_doubling,0.00002,,0.6
0.00020577595689952224,R4,resistor,A,C,1000,Ω,,0,,2.570421725443319,0.002570421725443319,0.006607067846631009,0,true,true,backward_euler_step_doubling,0.00002,,0.6
0.00020577595689952224,R5,resistor,C,0,2000,Ω,,0,,3.429578274556681,0.0017147891372783406,0.0058810035706555915,0,true,true,backward_euler_step_doubling,0.00002,,0.6
0.00020577595689952224,C6,capacitor,B,C,100,µF,,0,V,-0.0017619804735193867,-0.0008556325881659758,0.0000015076079128553045,1.552287594531801e-10,true,true,backward_euler_step_doubling,0.00002,1e-7,0.6
0.00024228751074554448,V1,voltage,A,0,6,V,,0,,6,-0.00514256081607236,-0.03085536489643416,0,true,true,backward_euler_step_doubling,0.00002,,0.6
0.00024228751074554448,R2,resistor,A,B,1000,Ω,,0,,2.5723175517803116,0.0025723175517803117,0.006616817587197056,0,true,true,backward_euler_step_doubling,0.00002,,0.6
0.00024228751074554448,R3,resistor,B,0,1000,Ω,,0,,3.4276824482196884,0.0034276824482196884,0.011749006965833317,0,true,true,backward_euler_step_doubling,0.00002,,0.6
0.00024228751074554448,R4,resistor,A,C,1000,Ω,,0,,2.570243264292049,0.002570243264292049,0.006606150437638648,0,true,true,backward_euler_step_doubling,0.00002,,0.6
0.00024228751074554448,R5,resistor,C,0,2000,Ω,,0,,3.429756735707951,0.0017148783678539753,0.005881615633067029,0,true,true,backward_euler_step_doubling,0.00002,,0.6
0.00024228751074554448,C6,capacitor,B,C,100,µF,,0,V,-0.0020742874882624385,-0.000855364896438326,0.000001774272702580916,2.1513342919810476e-10,true,true,backward_euler_step_doubling,0.00002,1e-7,0.6
0.0002787990645915667,V1,voltage,A,0,6,V,,0,,6,-0.0051425162147428006,-0.030855097288456805,0,true,true,backward_euler_step_doubling,0.00002,,0.6
0.0002787990645915667,R2,resistor,A,B,1000,Ω,,0,,2.5724513557689885,0.0025724513557689884,0.006617505977797707,0,true,true,backward_euler_step_doubling,0.00002,,0.6
0.0002787990645915667,R3,resistor,B,0,1000,Ω,,0,,3.4275486442310115,0.0034275486442310113,0.011748089708569845,0,true,true,backward_euler_step_doubling,0.00002,,0.6
0.0002787990645915667,R4,resistor,A,C,1000,Ω,,0,,2.5700648589738138,0.002570064858973814,0.0066052333793320895,0,true,true,backward_euler_step_doubling,0.00002,,0.6
0.0002787990645915667,R5,resistor,C,0,2000,Ω,,0,,3.4299351410261862,0.0017149675705130931,0.005882227535823162,0,true,true,backward_euler_step_doubling,0.00002,,0.6
0.0002787990645915667,C6,capacitor,B,C,100,µF,,0,V,-0.002386496795174775,-0.0008550972884610614,0.000002040686938474963,2.8476834766897363e-10,true,true,backward_euler_step_doubling,0.00002,1e-7,0.6
0.00031697192323867305,V1,voltage,A,0,6,V,,0,,6,-0.005142469599270341,-0.030854817595622044,0,true,true,backward_euler_step_doubling,0.00002,,0.6
0.00031697192323867305,R2,resistor,A,B,1000,Ω,,0,,2.5725912021889914,0.002572591202188991,0.006618225493580199,0,true,true,backward_euler_step_doubling,0.00002,,0.6
0.00031697192323867305,R3,resistor,B,0,1000,Ω,,0,,3.4274087978110086,0.0034274087978110085,0.011747131067312302,0,true,true,backward_euler_step_doubling,0.00002,,0.6
0.00031697192323867305,R4,resistor,A,C,1000,Ω,,0,,2.5698783970813492,0.0025698783970813494,0.006604274975785405,0,true,true,backward_euler_step_doubling,0.00002,,0.6
0.00031697192323867305,R5,resistor,C,0,2000,Ω,,0,,3.4301216029186508,0.0017150608014593254,0.005882867105404607,0,true,true,backward_euler_step_doubling,0.00002,,0.6
0.00031697192323867305,C6,capacitor,B,C,100,µF,,0,V,-0.0027128051076421578,-0.0008548175956220098,0.000002318953539505777,3.6796557760246893e-10,true,true,backward_euler_step_doubling,0.00002,1e-7,0.6
0.0003551447818857794,V1,voltage,A,0,6,V,,0,,6,-0.005142422999044538,-0.030854537994267225,0,true,true,backward_euler_step_doubling,0.00002,,0.6
0.0003551447818857794,R2,resistor,A,B,1000,Ω,,0,,2.5727310028664085,0.0025727310028664085,0.006618944813109996,0,true,true,backward_euler_step_doubling,0.00002,,0.6
0.0003551447818857794,R3,resistor,B,0,1000,Ω,,0,,3.4272689971335915,0.0034272689971335916,0.011746172778713095,0,true,true,backward_euler_step_doubling,0.00002,,0.6
0.0003551447818857794,R4,resistor,A,C,1000,Ω,,0,,2.569691996178129,0.002569691996178129,0.006603316955221938,0,true,true,backward_euler_step_doubling,0.00002,,0.6
0.0003551447818857794,R5,resistor,C,0,2000,Ω,,0,,3.430308003821871,0.0017151540019109354,0.005883506500542194,0,true,true,backward_euler_step_doubling,0.00002,,0.6
0.0003551447818857794,C6,capacitor,B,C,100,µF,,0,V,-0.0030390066882794997,-0.0008545379942669544,0.0000025969466799662233,4.6177808257037655e-10,true,true,backward_euler_step_doubling,0.00002,1e-7,0.6
0.00039498162155623436,V1,voltage,A,0,6,V,,0,,6,-0.005142374384082673,-0.030854246304496034,0,true,true,backward_euler_step_doubling,0.00002,,0.6
0.00039498162155623436,R2,resistor,A,B,1000,Ω,,0,,2.5728768477508317,0.0025728768477508318,0.0066196952736922565,0,true,true,backward_euler_step_doubling,0.00002,,0.6
0.00039498162155623436,R3,resistor,B,0,1000,Ω,,0,,3.4271231522491683,0.0034271231522491684,0.011745173100682276,0,true,true,backward_euler_step_doubling,0.00002,,0.6
0.00039498162155623436,R4,resistor,A,C,1000,Ω,,0,,2.5694975363318395,0.0025694975363318396,0.006602317589215393,0,true,true,backward_euler_step_doubling,0.00002,,0.6
0.00039498162155623436,R5,resistor,C,0,2000,Ω,,0,,3.4305024636681605,0.0017152512318340802,0.005884173576616659,0,true,true,backward_euler_step_doubling,0.00002,,0.6
0.00039498162155623436,C6,capacitor,B,C,100,µF,,0,V,-0.0033793114189921702,-0.0008542463044955291,0.000002886764291413604,5.709872833265436e-10,true,true,backward_euler_step_doubling,0.00002,1e-7,0.6
0.00043481846122668934,V1,voltage,A,0,6,V,,0,,6,-0.005142325785715476,-0.030853954714292857,0,true,true,backward_euler_step_doubling,0.00002,,0.6
0.00043481846122668934,R2,resistor,A,B,1000,Ω,,0,,2.573022642852429,0.002573022642852429,0.0066204455206312985,0,true,true,backward_euler_step_doubling,0.00002,,0.6
0.00043481846122668934,R3,resistor,B,0,1000,Ω,,0,,3.426977357147571,0.003426977357147571,0.01174417380640215,0,true,true,backward_euler_step_doubling,0.00002,,0.6
0.00043481846122668934,R4,resistor,A,C,1000,Ω,,0,,2.5693031428630455,0.0025693031428630454,0.006601318639925923,0,true,true,backward_euler_step_doubling,0.00002,,0.6
0.00043481846122668934,R5,resistor,C,0,2000,Ω,,0,,3.4306968571369545,0.0017153484285684772,0.005884840462784688,0,true,true,backward_euler_step_doubling,0.00002,,0.6
0.00043481846122668934,C6,capacitor,B,C,100,µF,,0,V,-0.003719499989383479,-0.0008539547142932874,0.0000031762845507478543,6.917340085511849e-10,true,true,backward_euler_step_doubling,0.00002,1e-7,0.6
0.00047632188593613867,V1,voltage,A,0,6,V,,0,,6,-0.005142275172227638,-0.03085365103336583,0,true,true,backward_euler_step_doubling,0.00002,,0.6
0.00047632188593613867,R2,resistor,A,B,1000,Ω,,0,,2.573174483315468,0.002573174483315468,0.006621226921585826,0,true,true,backward_euler_step_doubling,0.00002,,0.6
0.00047632188593613867,R3,resistor,B,0,1000,Ω,,0,,3.426825516684532,0.003426825516684532,0.01174313312180021,0,true,true,backward_euler_step_doubling,0.00002,,0.6
0.00047632188593613867,R4,resistor,A,C,1000,Ω,,0,,2.5691006889121693,0.0025691006889121694,0.006600278349768983,0,true,true,backward_euler_step_doubling,0.00002,,0.6
0.00047632188593613867,R5,resistor,C,0,2000,Ω,,0,,3.4308993110878307,0.0017154496555439153,0.005885535041411476,0,true,true,backward_euler_step_doubling,0.00002,,0.6
0.00047632188593613867,C6,capacitor,B,C,100,µF,,0,V,-0.004073794403298692,-0.0008536510333677311,0.0000034775988021036074,8.297900420173871e-10,true,true,backward_euler_step_doubling,0.00002,1e-7,0.6
0.000517825310645588,V1,voltage,A,0,6,V,,0,,6,-0.005142224576738955,-0.03085334746043373,0,true,true,backward_euler_step_doubling,0.00002,,0.6
0.000517825310645588,R2,resistor,A,B,1000,Ω,,0,,2.5733262697815036,0.0025733262697815035,0.006622008090747588,0,true,true,backward_euler_step_doubling,0.00002,,0.6
0.000517825310645588,R3,resistor,B,0,1000,Ω,,0,,3.4266737302184964,0.0034266737302184962,0.011742092853369544,0,true,true,backward_euler_step_doubling,0.00002,,0.6
0.000517825310645588,R4,resistor,A,C,1000,Ω,,0,,2.5688983069574527,0.0025688983069574525,0.006599238511488866,0,true,true,backward_euler_step_doubling,0.00002,,0.6
0.000517825310645588,R5,resistor,C,0,2000,Ω,,0,,3.4311016930425473,0.0017155508465212736,0.005886229413999717,0,true,true,backward_euler_step_doubling,0.00002,,0.6
0.000517825310645588,C6,capacitor,B,C,100,µF,,0,V,-0.004427962824050891,-0.0008533474604363506,0.0000037785908308103985,9.803427385588369e-10,true,true,backward_euler_step_doubling,0.00002,1e-7,0.6
0.0005609978646586947,V1,voltage,A,0,6,V,,0,,6,-0.005142171965937159,-0.030853031795622956,0,true,true,backward_euler_step_doubling,0.00002,,0.6
0.0005609978646586947,R2,resistor,A,B,1000,Ω,,0,,2.5734841021869617,0.0025734841021869616,0.006622820424209032,0,true,true,backward_euler_step_doubling,0.00002,,0.6
0.0005609978646586947,R3,resistor,B,0,1000,Ω,,0,,3.4265158978130383,0.0034265158978130385,0.011741011197965492,0,true,true,backward_euler_step_doubling,0.00002,,0.6
0.0005609978646586947,R4,resistor,A,C,1000,Ω,,0,,2.5686878637501955,0.0025686878637501956,0.006598157341377543,0,true,true,backward_euler_step_doubling,0.00002,,0.6
0.0005609978646586947,R5,resistor,C,0,2000,Ω,,0,,3.4313121362498045,0.0017156560681249023,0.0058869514881875985,0,true,true,backward_euler_step_doubling,0.00002,,0.6
0.0005609978646586947,C6,capacitor,B,C,100,µF,,0,V,-0.0047962384367661315,-0.000853031795625148,0.000004091343885960966,1.1501951571156412e-9,true,true,backward_euler_step_doubling,0.00002,1e-7,0.6
0.0006041704186718013,V1,voltage,A,0,6,V,,0,,6,-0.005142119374596792,-0.03085271624758075,0,true,true,backward_euler_step_doubling,0.00002,,0.6
0.0006041704186718013,R2,resistor,A,B,1000,Ω,,0,,2.5736418762080624,0.0025736418762080625,0.006623632506971756,0,true,true,backward_euler_step_doubling,0.00002,,0.6
0.0006041704186718013,R3,resistor,B,0,1000,Ω,,0,,3.4263581237919376,0.0034263581237919376,0.011739929992475006,0,true,true,backward_euler_step_doubling,0.00002,,0.6
0.0006041704186718013,R4,resistor,A,C,1000,Ω,,0,,2.568477498388729,0.002568477498388729,0.006597076659729224,0,true,true,backward_euler_step_doubling,0.00002,,0.6
0.0006041704186718013,R5,resistor,C,0,2000,Ω,,0,,3.431522501611271,0.0017157612508056355,0.005887673339532238,0,true,true,backward_euler_step_doubling,0.00002,,0.6
0.0006041704186718013,C6,capacitor,B,C,100,µF,,0,V,-0.005164377819333321,-0.0008527162475850439,0.000004403748875213342,1.3335399130410993e-9,true,true,backward_euler_step_doubling,0.00002,1e-7,0.6
0.0006490146000225599,V1,voltage,A,0,6,V,,0,,6,-0.005142064767925962,-0.030852388607555774,0,true,true,backward_euler_step_doubling,0.00002,,0.6
0.0006490146000225599,R2,resistor,A,B,1000,Ω,,0,,2.573805696219142,0.002573805696219142,0.0066244757618901026,0,true,true,backward_euler_step_doubling,0.00002,,0.6
0.0006490146000225599,R3,resistor,B,0,1000,Ω,,0,,3.426194303780858,0.003426194303780858,0.0117388074072604,0,true,true,backward_euler_step_doubling,0.00002,,0.6
0.0006490146000225599,R4,resistor,A,C,1000,Ω,,0,,2.5682590717068208,0.002568259071706821,0.006595954659404381,0,true,true,backward_euler_step_doubling,0.00002,,0.6
0.0006490146000225599,R5,resistor,C,0,2000,Ω,,0,,3.4317409282931792,0.0017158704641465896,0.005888422899461266,0,true,true,backward_euler_step_doubling,0.00002,,0.6
0.0006490146000225599,C6,capacitor,B,C,100,µF,,0,V,-0.005546624512321241,-0.0008523886075611331,0.000004727879544721951,1.5382521740341422e-9,true,true,backward_euler_step_doubling,0.00002,1e-7,0.6
0.0006938587813733184,V1,voltage,A,0,6,V,,0,,6,-0.005142010182237114,-0.030852061093422686,0,true,true,backward_euler_step_doubling,0.00002,,0.6
0.0006938587813733184,R2,resistor,A,B,1000,Ω,,0,,2.573969453285696,0.002573969453285696,0.006625318746447865,0,true,true,backward_euler_step_doubling,0.00002,,0.6
0.0006938587813733184,R3,resistor,B,0,1000,Ω,,0,,3.426030546714304,0.003426030546714304,0.011737685307019513,0,true,true,backward_euler_step_doubling,0.00002,,0.6
0.0006938587813733184,R4,resistor,A,C,1000,Ω,,0,,2.5680407289514187,0.0025680407289514185,0.006594833185553334,0,true,true,backward_euler_step_doubling,0.00002,,0.6
0.0006938587813733184,R5,resistor,C,0,2000,Ω,,0,,3.4319592710485813,0.0017159796355242906,0.005889172219068155,0,true,true,backward_euler_step_doubling,0.00002,,0.6
0.0006938587813733184,C6,capacitor,B,C,100,µF,,0,V,-0.00592872433427738,-0.0008520610934280683,0.00000505163533889798,1.7574886115926377e-9,true,true,backward_euler_step_doubling,0.00002,1e-7,0.6
0.000740377051374815,V1,voltage,A,0,6,V,,0,,6,-0.005141953581365956,-0.030851721488195732,0,true,true,backward_euler_step_doubling,0.00002,,0.6
0.000740377051374815,R2,resistor,A,B,1000,Ω,,0,,2.574139255900887,0.002574139255900887,0.006626192908769972,0,true,true,backward_euler_step_doubling,0.00002,,0.6
0.000740377051374815,R3,resistor,B,0,1000,Ω,,0,,3.425860744099113,0.0034258607440991132,0.01173652183795933,0,true,true,backward_euler_step_doubling,0.00002,,0.6
0.000740377051374815,R4,resistor,A,C,1000,Ω,,0,,2.567814325465069,0.002567814325465069,0.0065936704100636265,0,true,true,backward_euler_step_doubling,0.00002,,0.6
0.000740377051374815,R5,resistor,C,0,2000,Ω,,0,,3.432185674534931,0.0017160928372674654,0.0058899492522414,0,true,true,backward_euler_step_doubling,0.00002,,0.6
0.000740377051374815,C6,capacitor,B,C,100,µF,,0,V,-0.006324930435817944,-0.0008517214881976851,0.000005387079163541692,2.0002372508968078e-9,true,true,backward_euler_step_doubling,0.00002,1e-7,0.6
0.0007868953213763114,V1,voltage,A,0,6,V,,0,,6,-0.005141897003053665,-0.030851382018321993,0,true,true,backward_euler_step_doubling,0.00002,,0.6
0.0007868953213763114,R2,resistor,A,B,1000,Ω,,0,,2.574308990837755,0.002574308990837755,0.006627066780308101,0,true,true,backward_euler_step_doubling,0.00002,,0.6
0.0007868953213763114,R3,resistor,B,0,1000,Ω,,0,,3.425691009162245,0.003425691009162245,0.01173535889025504,0,true,true,backward_euler_step_doubling,0.00002,,0.6
0.0007868953213763114,R4,resistor,A,C,1000,Ω,,0,,2.5675880122159094,0.0025675880122159093,0.006592508200474845,0,true,true,backward_euler_step_doubling,0.00002,,0.6
0.0007868953213763114,R5,resistor,C,0,2000,Ω,,0,,3.4324119877840906,0.0017162059938920452,0.005890726026941966,0,true,true,backward_euler_step_doubling,0.00002,,0.6
0.0007868953213763114,C6,capacitor,B,C,100,µF,,0,V,-0.006720978621845841,-0.0008513820183234589,0.000005722120344175931,2.2585776817654407e-9,true,true,backward_euler_step_doubling,0.00002,1e-7,0.6
0.0008350901138790388,V1,voltage,A,0,6,V,,0,,6,-0.005141838409858675,-0.03085103045915205,0,true,true,backward_euler_step_doubling,0.00002,,0.6
0.0008350901138790388,R2,resistor,A,B,1000,Ω,,0,,2.574484770422221,0.002574484770422221,0.006627971833135956,0,true,true,backward_euler_step_doubling,0.00002,,0.6
0.0008350901138790388,R3,resistor,B,0,1000,Ω,,0,,3.425515229577779,0.0034255152295777787,0.011734154588069303,0,true,true,backward_euler_step_doubling,0.00002,,0.6
0.0008350901138790388,R4,resistor,A,C,1000,Ω,,0,,2.567353639436451,0.002567353639436451,0.006591304709927591,0,true,true,backward_euler_step_doubling,0.00002,,0.6
0.0008350901138790388,R5,resistor,C,0,2000,Ω,,0,,3.432646360563549,0.0017163231802817744,0.005891530518345089,0,true,true,backward_euler_step_doubling,0.00002,,0.6
0.0008350901138790388,C6,capacitor,B,C,100,µF,,0,V,-0.007131130985770007,-0.0008510304591537652,0.000006068809677105491,2.5426514568104552e-9,true,true,backward_euler_step_doubling,0.00002,1e-7,0.6
0.0008832849063817662,V1,voltage,A,0,6,V,,0,,6,-0.005141779840858578,-0.03085067904515147,0,true,true,backward_euler_step_doubling,0.00002,,0.6
0.0008832849063817662,R2,resistor,A,B,1000,Ω,,0,,2.574660477422512,0.002574660477422512,0.006628876574001517,0,true,true,backward_euler_step_doubling,0.00002,,0.6
0.0008832849063817662,R3,resistor,B,0,1000,Ω,,0,,3.425339522577488,0.003425339522577488,0.011732950844931374,0,true,true,backward_euler_step_doubling,0.00002,,0.6
0.0008832849063817662,R4,resistor,A,C,1000,Ω,,0,,2.5671193634360656,0.0025671193634360656,0.006590101826128391,0,true,true,backward_euler_step_doubling,0.00002,,0.6
0.0008832849063817662,R5,resistor,C,0,2000,Ω,,0,,3.4328806365639344,0.0017164403182819673,0.005892334732447802,0,true,true,backward_euler_step_doubling,0.00002,,0.6
0.0008832849063817662,C6,capacitor,B,C,100,µF,,0,V,-0.007541113986446302,-0.0008506790451542943,0.000006415067645389833,2.8434200078288014e-9,true,true,backward_euler_step_doubling,0.00002,1e-7,0.6
0.0009331586354647545,V1,voltage,A,0,6,V,,0,,6,-0.005141719257420221,-0.030850315544521327,0,true,true,backward_euler_step_doubling,0.00002,,0.6
0.0009331586354647545,R2,resistor,A,B,1000,Ω,,0,,2.5748422277388463,0.0025748422277388464,0.006629812497747145,0,true,true,backward_euler_step_doubling,0.00002,,0.6
0.0009331586354647545,R3,resistor,B,0,1000,Ω,,0,,3.4251577722611537,0.0034251577722611538,0.011731705764880989,0,true,true,backward_euler_step_doubling,0.00002,,0.6
0.0009331586354647545,R4,resistor,A,C,1000,Ω,,0,,2.5668770296813745,0.0025668770296813745,0.006588857685505876,0,true,true,backward_euler_step_doubling,0.00002,,0.6
0.0009331586354647545,R5,resistor,C,0,2000,Ω,,0,,3.4331229703186255,0.0017165614851593128,0.005893166664664691,0,true,true,backward_euler_step_doubling,0.00002,,0.6
0.0009331586354647545,C6,capacitor,B,C,100,µF,,0,V,-0.007965198057471756,-0.0008503155445220319,0.000006772931723464927,3.172219004737592e-9,true,true,backward_euler_step_doubling,0.00002,1e-7,0.6
0.0009830323645477427,V1,voltage,A,0,6,V,,0,,6,-0.005141658699869196,-0.030849952199215176,0,true,true,backward_euler_step_doubling,0.00002,,0.6
0.0009830323645477427,R2,resistor,A,B,1000,Ω,,0,,2.5750239003919195,0.0025750239003919195,0.006630748087589614,0,true,true,backward_euler_step_doubling,0.00002,,0.6
0.0009830323645477427,R3,resistor,B,0,1000,Ω,,0,,3.4249760996080805,0.0034249760996080806,0.01173046128288658,0,true,true,backward_euler_step_doubling,0.00002,,0.6
0.0009830323645477427,R4,resistor,A,C,1000,Ω,,0,,2.5666347994772765,0.0025666347994772764,0.006587614193887759,0,true,true,backward_euler_step_doubling,0.00002,,0.6
0.0009830323645477427,R5,resistor,C,0,2000,Ω,,0,,3.4333652005227235,0.0017166826002613619,0.005893998300080221,0,true,true,backward_euler_step_doubling,0.00002,,0.6
0.0009830323645477427,C6,capacitor,B,C,100,µF,,0,V,-0.008389100914643066,-0.0008499521992148401,0.0000071303347718361005,3.518850707803256e-9,true,true,backward_euler_step_doubling,0.00002,1e-7,0.6
0.0010345874311281976,V1,voltage,A,0,6,V,,0,,6,-0.0051415961284593725,-0.030849576770756233,0,true,true,backward_euler_step_doubling,0.00002,,0.6
0.0010345874311281976,R2,resistor,A,B,1000,Ω,,0,,2.575211614621915,0.002575211614621915,0.006631714860083611,0,true,true,backward_euler_step_doubling,0.00002,,0.6
0.0010345874311281976,R3,resistor,B,0,1000,Ω,,0,,3.424788385378085,0.003424788385378085,0.011729175484620631,0,true,true,backward_euler_step_doubling,0.00002,,0.6
0.0010345874311281976,R4,resistor,A,C,1000,Ω,,0,,2.5663845138374564,0.002566384513837456,0.006586329472864717,0,true,true,backward_euler_step_doubling,0.00002,,0.6
0.0010345874311281976,R5,resistor,C,0,2000,Ω,,0,,3.4336154861625436,0.0017168077430812717,0.00589485765340762,0,true,true,backward_euler_step_doubling,0.00002,,0.6
0.0010345874311281976,C6,capacitor,B,C,100,µF,,0,V,-0.008827100784458697,-0.0008495767707565734,0.000007499299779603235,3.895885412949567e-9,true,true,backward_euler_step_doubling,0.00002,1e-7,0.6
0.0010861424977086525,V1,voltage,A,0,6,V,,0,,6,-0.005141533584687526,-0.030849201508125156,0,true,true,backward_euler_step_doubling,0.00002,,0.6
0.0010861424977086525,R2,resistor,A,B,1000,Ω,,0,,2.5753992459374504,0.0025753992459374504,0.0066326812759751885,0,true,true,backward_euler_step_doubling,0.00002,,0.6
0.0010861424977086525,R3,resistor,B,0,1000,Ω,,0,,3.4246007540625496,0.0034246007540625497,0.011727890324725784,0,true,true,backward_euler_step_doubling,0.00002,,0.6
0.0010861424977086525,R4,resistor,A,C,1000,Ω,,0,,2.5661343387500755,0.0025661343387500756,0.0065850454445122875,0,true,true,backward_euler_step_doubling,0.00002,,0.6
0.0010861424977086525,R5,resistor,C,0,2000,Ω,,0,,3.4338656612499245,0.0017169328306249623,0.0058957166897556906,0,true,true,backward_euler_step_doubling,0.00002,,0.6
0.0010861424977086525,C6,capacitor,B,C,100,µF,,0,V,-0.009264907187374938,-0.0008492015081253288,0.000007867773156159994,4.291925259533589e-9,true,true,backward_euler_step_doubling,0.00002,1e-7,0.6
0.0011393812961023246,V1,voltage,A,0,6,V,,0,,6,-0.005141469027764048,-0.03084881416658429,0,true,true,backward_euler_step_doubling,0.00002,,0.6
0.0011393812961023246,R2,resistor,A,B,1000,Ω,,0,,2.5755929167071545,0.0025755929167071544,0.006633678872592067,0,true,true,backward_euler_step_doubling,0.00002,,0.6
0.0011393812961023246,R3,resistor,B,0,1000,Ω,,0,,3.4244070832928455,0.0034244070832928457,0.011726563872106214,0,true,true,backward_euler_step_doubling,0.00002,,0.6
0.0011393812961023246,R4,resistor,A,C,1000,Ω,,0,,2.5658761110568937,0.0025658761110568936,0.006583720217292448,0,true,true,backward_euler_step_doubling,0.00002,,0.6
0.0011393812961023246,R5,resistor,C,0,2000,Ω,,0,,3.4341238889431063,0.0017170619444715532,0.005896603442304862,0,true,true,backward_euler_step_doubling,0.00002,,0.6
0.0011393812961023246,C6,capacitor,B,C,100,µF,,0,V,-0.009716805650260785,-0.000848814166586374,0.000008247762289907877,4.7208156022469944e-9,true,true,backward_euler_step_doubling,0.00002,1e-7,0.6
0.0011926200944959965,V1,voltage,A,0,6,V,,0,,6,-0.005141404500286767,-0.030848427001720604,0,true,true,backward_euler_step_doubling,0.00002,,0.6
0.0011926200944959965,R2,resistor,A,B,1000,Ω,,0,,2.5757864991389967,0.0025757864991389967,0.006634676089146729,0,true,true,backward_euler_step_doubling,0.00002,,0.6
0.0011926200944959965,R3,resistor,B,0,1000,Ω,,0,,3.4242135008610033,0.0034242135008610034,0.011725238099478768,0,true,true,backward_euler_step_doubling,0.00002,,0.6
0.0011926200944959965,R4,resistor,A,C,1000,Ω,,0,,2.5656180011477714,0.0025656180011477715,0.006582395727813486,0,true,true,backward_euler_step_doubling,0.00002,,0.6
0.0011926200944959965,R5,resistor,C,0,2000,Ω,,0,,3.4343819988522286,0.0017171909994261143,0.005897489857020114,0,true,true,backward_euler_step_doubling,0.00002,,0.6
0.0011926200944959965,C6,capacitor,B,C,100,µF,,0,V,-0.010168497991225323,-0.0008484270017225376,0.000008627228262716948,5.16991756987767e-9,true,true,backward_euler_step_doubling,0.00002,1e-7,0.6
0.001247545017653885,V1,voltage,A,0,6,V,,0,,6,-0.005141337960487618,-0.03084802776292571,0,true,true,backward_euler_step_doubling,0.00002,,0.6
0.001247545017653885,R2,resistor,A,B,1000,Ω,,0,,2.5759861185379935,0.0025759861185379934,0.006635704482900438,0,true,true,backward_euler_step_doubling,0.00002,,0.6
0.001247545017653885,R3,resistor,B,0,1000,Ω,,0,,3.4240138814620065,0.0034240138814620063,0.011723871060444514,0,true,true,backward_euler_step_doubling,0.00002,,0.6
0.001247545017653885,R4,resistor,A,C,1000,Ω,,0,,2.5653518419496244,0.0025653518419496246,0.006581030072994331,0,true,true,backward_euler_step_doubling,0.00002,,0.6
0.001247545017653885,R5,resistor,C,0,2000,Ω,,0,,3.4346481580503756,0.0017173240790251878,0.005898403984799419,0,true,true,backward_euler_step_doubling,0.00002,,0.6
0.001247545017653885,C6,capacitor,B,C,100,µF,,0,V,-0.01063427658836913,-0.0008480277629244333,0.000009018161785554347,5.6543919278967875e-9,true,true,backward_euler_step_doubling,0.00002,1e-7,0.6
0.0013024699408117736,V1,voltage,A,0,6,V,,0,,6,-0.005141271451999229,-0.030847628711995374,0,true,true,backward_euler_step_doubling,0.00002,,0.6
0.0013024699408117736,R2,resistor,A,B,1000,Ω,,0,,2.5761856440031616,0.0025761856440031615,0.006636732472367984,0,true,true,backward_euler_step_doubling,0.00002,,0.6
0.0013024699408117736,R3,resistor,B,0,1000,Ω,,0,,3.4238143559968384,0.003423814355996838,0.011722504744330044,0,true,true,backward_euler_step_doubling,0.00002,,0.6
0.0013024699408117736,R4,resistor,A,C,1000,Ω,,0,,2.5650858079960663,0.0025650858079960663,0.006579665202382832,0,true,true,backward_euler_step_doubling,0.00002,,0.6
0.0013024699408117736,R5,resistor,C,0,2000,Ω,,0,,3.4349141920039337,0.001717457096001967,0.005899317753215018,0,true,true,backward_euler_step_doubling,0.00002,,0.6
0.0013024699408117736,C6,capacitor,B,C,100,µF,,0,V,-0.011099836007095298,-0.0008476287119926596,0.000009408539698023934,6.1603179692204645e-9,true,true,backward_euler_step_doubling,0.00002,1e-7,0.6
0.001359083385231384,V1,voltage,A,0,6,V,,0,,6,-0.005141202932133409,-0.03084721759280045,0,true,true,backward_euler_step_doubling,0.00002,,0.6
0.001359083385231384,R2,resistor,A,B,1000,Ω,,0,,2.576391203600758,0.002576391203600758,0.006637791633991363,0,true,true,backward_euler_step_doubling,0.00002,,0.6
0.001359083385231384,R3,resistor,B,0,1000,Ω,,0,,3.423608796399242,0.003423608796399242,0.011721097190782266,0,true,true,backward_euler_step_doubling,0.00002,,0.6
0.001359083385231384,R4,resistor,A,C,1000,Ω,,0,,2.5648117285326504,0.00256481172853265,0.006578259202818642,0,true,true,backward_euler_step_doubling,0.00002,,0.6
0.001359083385231384,R5,resistor,C,0,2000,Ω,,0,,3.4351882714673496,0.0017175941357336748,0.005900259230213418,0,true,true,backward_euler_step_doubling,0.00002,,0.6
0.001359083385231384,C6,capacitor,B,C,100,µF,,0,V,-0.011579475068107747,-0.0008472175927990475,0.000009810334993078833,6.704212142646445e-9,true,true,backward_euler_step_doubling,0.00002,1e-7,0.6
0.0014156968296509943,V1,voltage,A,0,6,V,,0,,6,-0.005141134445501242,-0.030846806673007453,0,true,true,backward_euler_step_doubling,0.00002,,0.6
0.0014156968296509943,R2,resistor,A,B,1000,Ω,,0,,2.5765966634972566,0.0025765966634972567,0.0066388503663451955,0,true,true,backward_euler_step_doubling,0.00002,,0.6
0.0014156968296509943,R3,resistor,B,0,1000,Ω,,0,,3.4234033365027434,0.0034234033365027434,0.011719690404378116,0,true,true,backward_euler_step_doubling,0.00002,,0.6
0.0014156968296509943,R4,resistor,A,C,1000,Ω,,0,,2.564537782003985,0.002564537782003985,0.006576854035325919,0,true,true,backward_euler_step_doubling,0.00002,,0.6
0.0014156968296509943,R5,resistor,C,0,2000,Ω,,0,,3.435462217996015,0.0017177311089980074,0.005901200325639048,0,true,true,backward_euler_step_doubling,0.00002,,0.6
0.0014156968296509943,C6,capacitor,B,C,100,µF,,0,V,-0.01205888149327139,-0.0008468066730057159,0.000010211541317487345,7.27083114343816e-9,true,true,backward_euler_step_doubling,0.00002,1e-7,0.6
0.00147400119890213,V1,voltage,A,0,6,V,,0,,6,-0.005141063948547884,-0.030846383691287303,0,true,true,backward_euler_step_doubling,0.00002,,0.6
0.00147400119890213,R2,resistor,A,B,1000,Ω,,0,,2.5768081543569017,0.0025768081543569017,0.0066399402643602225,0,true,true,backward_euler_step_doubling,0.00002,,0.6
0.00147400119890213,R3,resistor,B,0,1000,Ω,,0,,3.4231918456430983,0.0034231918456430984,0.011718242412077402,0,true,true,backward_euler_step_doubling,0.00002,,0.6
0.00147400119890213,R4,resistor,A,C,1000,Ω,,0,,2.5642557941909816,0.0025642557941909817,0.006575407778042022,0,true,true,backward_euler_step_doubling,0.00002,,0.6
0.00147400119890213,R5,resistor,C,0,2000,Ω,,0,,3.4357442058090184,0.0017178721029045092,0.005902169123875122,0,true,true,backward_euler_step_doubling,0.00002,,0.6
0.00147400119890213,C6,capacitor,B,C,100,µF,,0,V,-0.012552360165920096,-0.00084638369128587,0.000010624112931581167,7.878087286748877e-9,true,true,backward_euler_step_doubling,0.00002,1e-7,0.6
0.0015323055681532656,V1,voltage,A,0,6,V,,0,,6,-0.005140993486808025,-0.030845960920848153,0,true,true,backward_euler_step_doubling,0.00002,,0.6
0.0015323055681532656,R2,resistor,A,B,1000,Ω,,0,,2.577019539576478,0.002577019539576478,0.006641029707358963,0,true,true,backward_euler_step_doubling,0.00002,,0.6
0.0015323055681532656,R3,resistor,B,0,1000,Ω,,0,,3.422980460423522,0.0034229804604235217,0.011716795232441225,0,true,true,backward_euler_step_doubling,0.00002,,0.6
0.0015323055681532656,R4,resistor,A,C,1000,Ω,,0,,2.563973947231547,0.002563973947231547,0.006573962402082119,0,true,true,backward_euler_step_doubling,0.00002,,0.6
0.0015323055681532656,R5,resistor,C,0,2000,Ω,,0,,3.436026052768453,0.0017180130263842266,0.005903137517651778,0,true,true,backward_euler_step_doubling,0.00002,,0.6
0.0015323055681532656,C6,capacitor,B,C,100,µF,,0,V,-0.0130455923449313,-0.0008459609208474496,0.000011036061313118522,8.509373981506507e-9,true,true,backward_euler_step_doubling,0.00002,1e-7,0.6
0.0015923032775290934,V1,voltage,A,0,6,V,,0,,6,-0.005140921015909552,-0.030845526095457314,0,true,true,backward_euler_step_doubling,0.00002,,0.6
0.0015923032775290934,R2,resistor,A,B,1000,Ω,,0,,2.577236952271966,0.002577236952271966,0.006642150308156091,0,true,true,backward_euler_step_doubling,0.00002,,0.6
0.0015923032775290934,R3,resistor,B,0,1000,Ω,,0,,3.422763047728034,0.0034227630477280343,0.011715306880892501,0,true,true,backward_euler_step_doubling,0.00002,,0.6
0.0015923032775290934,R4,resistor,A,C,1000,Ω,,0,,2.563684063637586,0.002563684063637586,0.006572475978149327,0,true,true,backward_euler_step_doubling,0.00002,,0.6
0.0015923032775290934,R5,resistor,C,0,2000,Ω,,0,,3.436315936362414,0.001718157968181207,0.005904133607249147,0,true,true,backward_euler_step_doubling,0.00002,,0.6
0.0015923032775290934,C6,capacitor,B,C,100,µF,,0,V,-0.013552888634379645,-0.0008455260954557815,0.00001145932100917406,9.184039516794848e-9,true,true,backward_euler_step_doubling,0.00002,1e-7,0.6
0.0016523009869049213,V1,voltage,A,0,6,V,,0,,6,-0.005140848582261228,-0.030845091493567366,0,true,true,backward_euler_step_doubling,0.00002,,0.6
0.0016523009869049213,R2,resistor,A,B,1000,Ω,,0,,2.5774542532169393,0.0025774542532169395,0.006643270427426091,0,true,true,backward_euler_step_doubling,0.00002,,0.6
0.0016523009869049213,R3,resistor,B,0,1000,Ω,,0,,3.4225457467830607,0.0034225457467830607,0.011713819388822818,0,true,true,backward_euler_step_doubling,0.00002,,0.6
0.0016523009869049213,R4,resistor,A,C,1000,Ω,,0,,2.5633943290442898,0.0025633943290442897,0.006570990486176424,0,true,true,backward_euler_step_doubling,0.00002,,0.6
0.0016523009869049213,R5,resistor,C,0,2000,Ω,,0,,3.4366056709557102,0.0017183028354778552,0.005905129268822474,0,true,true,backward_euler_step_doubling,0.00002,,0.6
0.0016523009869049213,C6,capacitor,B,C,100,µF,,0,V,-0.014059924172649563,-0.0008450914935665768,0.000011881922318497235,9.884073387032774e-9,true,true,backward_euler_step_doubling,0.00002,1e-7,0.6
0.001713994466494037,V1,voltage,A,0,6,V,,0,,6,-0.005140774140719096,-0.030844644844314574,0,true,true,backward_euler_step_doubling,0.00002,,0.6
0.001713994466494037,R2,resistor,A,B,1000,Ω,,0,,2.577677577843186,0.002577677577843186,0.0066444216953155145,0,true,true,backward_euler_step_doubling,0.00002,,0.6
0.001713994466494037,R3,resistor,B,0,1000,Ω,,0,,3.422322422156814,0.0034223224221568136,0.01171229076119728,0,true,true,backward_euler_step_doubling,0.00002,,0.6
0.001713994466494037,R4,resistor,A,C,1000,Ω,,0,,2.5630965628759093,0.0025630965628759095,0.0065694639906263,0,true,true,backward_euler_step_doubling,0.00002,,0.6
0.001713994466494037,R5,resistor,C,0,2000,Ω,,0,,3.4369034371240907,0.0017184517185620453,0.005906152618057694,0,true,true,backward_euler_step_doubling,0.00002,,0.6
0.001713994466494037,C6,capacitor,B,C,100,µF,,0,V,-0.014581014967276928,-0.0008446448443139842,0.000012315779116975495,1.063029987379769e-8,true,true,backward_euler_step_doubling,0.00002,1e-7,0.6
0.0017756879460831525,V1,voltage,A,0,6,V,,0,,6,-0.005140699738520983,-0.030844198431125902,0,true,true,backward_euler_step_doubling,0.00002,,0.6
0.0017756879460831525,R2,resistor,A,B,1000,Ω,,0,,2.5779007844375292,0.0025779007844375294,0.006645572454403629,0,true,true,backward_euler_step_doubling,0.00002,,0.6
0.0017756879460831525,R3,resistor,B,0,1000,Ω,,0,,3.4220992155624708,0.0034220992155624707,0.011710763041153278,0,true,true,backward_euler_step_doubling,0.00002,,0.6
0.0017756879460831525,R4,resistor,A,C,1000,Ω,,0,,2.5627989540834544,0.0025627989540834544,0.006567938479051248,0,true,true,backward_euler_step_doubling,0.00002,,0.6
0.0017756879460831525,R5,resistor,C,0,2000,Ω,,0,,3.4372010459165456,0.0017186005229582729,0.0059071755150248975,0,true,true,backward_euler_step_doubling,0.00002,,0.6
0.0017756879460831525,C6,capacitor,B,C,100,µF,,0,V,-0.015101830354074863,-0.0008441984311253212,0.000012748941492030754,1.1403264002162843e-8,true,true,backward_euler_step_doubling,0.00002,1e-7,0.6
0.0018390796439217978,V1,voltage,A,0,6,V,,0,,6,-0.005140623329792493,-0.03084373997875496,0,true,true,backward_euler_step_doubling,0.00002,,0.6
0.0018390796439217978,R2,resistor,A,B,1000,Ω,,0,,2.578130010622223,0.002578130010622223,0.006646754351670943,0,true,true,backward_euler_step_doubling,0.00002,,0.6
0.0018390796439217978,R3,resistor,B,0,1000,Ω,,0,,3.421869989377777,0.003421869989377777,0.011709194224204267,0,true,true,backward_euler_step_doubling,0.00002,,0.6
0.0018390796439217978,R4,resistor,A,C,1000,Ω,,0,,2.5624933191702715,0.0025624933191702713,0.006566372010792274,0,true,true,backward_euler_step_doubling,0.00002,,0.6
0.0018390796439217978,R5,resistor,C,0,2000,Ω,,0,,3.4375066808297285,0.0017187533404148642,0.005908226090374508,0,true,true,backward_euler_step_doubling,0.00002,,0.6
0.0018390796439217978,C6,capacitor,B,C,100,µF,,0,V,-0.015636691451951457,-0.0008437399787555908,0.00001319330171347725,1.2225305978176587e-8,true,true,backward_euler_step_doubling,0.00002,1e-7,0.6
0.0019024713417604428,V1,voltage,A,0,6,V,,0,,6,-0.0051405469625589294,-0.030843281775353577,0,true,true,backward_euler_step_doubling,0.00002,,0.6
0.0019024713417604428,R2,resistor,A,B,1000,Ω,,0,,2.5783591123229206,0.0025783591123229206,0.006647935712098639,0,true,true,backward_euler_step_doubling,0.00002,,0.6
0.0019024713417604428,R3,resistor,B,0,1000,Ω,,0,,3.4216408876770794,0.0034216408876770795,0.011707626364223593,0,true,true,backward_euler_step_doubling,0.00002,,0.6
0.0019024713417604428,R4,resistor,A,C,1000,Ω,,0,,2.5621878502360085,0.0025621878502360084,0.006564806579897019,0,true,true,backward_euler_step_doubling,0.00002,,0.6
0.0019024713417604428,R5,resistor,C,0,2000,Ω,,0,,3.4378121497639915,0.0017189060748819959,0.0059092761885324585,0,true,true,backward_euler_step_doubling,0.00002,,0.6
0.0019024713417604428,C6,capacitor,B,C,100,µF,,0,V,-0.016171262086912108,-0.0008432817753538126,0.000013636930602363044,1.3075485874180046e-8,true,true,backward_euler_step_doubling,0.00002,1e-7,0.6
0.0019675637267606147,V1,voltage,A,0,6,V,,0,,6,-0.0051404685902543285,-0.03084281154152597,0,true,true,backward_euler_step_doubling,0.00002,,0.6
0.0019675637267606147,R2,resistor,A,B,1000,Ω,,0,,2.5785942292373383,0.0025785942292373383,0.006649148199056103,0,true,true,backward_euler_step_doubling,0.00002,,0.6
0.0019675637267606147,R3,resistor,B,0,1000,Ω,,0,,3.4214057707626617,0.003421405770762662,0.011706017448208043,0,true,true,backward_euler_step_doubling,0.00002,,0.6
0.0019675637267606147,R4,resistor,A,C,1000,Ω,,0,,2.5618743610169905,0.0025618743610169906,0.006563200241636214,0,true,true,backward_euler_step_doubling,0.00002,,0.6
0.0019675637267606147,R5,resistor,C,0,2000,Ω,,0,,3.4381256389830095,0.0017190628194915048,0.005910353954716164,0,true,true,backward_euler_step_doubling,0.00002,,0.6
0.0019675637267606147,C6,capacitor,B,C,100,µF,,0,V,-0.016719868220347767,-0.0008428115415254939,0.000014091697908894417,1.397769966528976e-8,true,true,backward_euler_step_doubling,0.00002,1e-7,0.6
0.0020326561117607867,V1,voltage,A,0,6,V,,0,,6,-0.0051403902616518,-0.0308423415699108,0,true,true,backward_euler_step_doubling,0.00002,,0.6
0.0020326561117607867,R2,resistor,A,B,1000,Ω,,0,,2.578829215044925,0.002578829215044925,0.006650360120369223,0,true,true,backward_euler_step_doubling,0.00002,,0.6
0.0020326561117607867,R3,resistor,B,0,1000,Ω,,0,,3.421170784955075,0.003421170784955075,0.011704409539830126,0,true,true,backward_euler_step_doubling,0.00002,,0.6
0.0020326561117607867,R4,resistor,A,C,1000,Ω,,0,,2.5615610466068746,0.0025615610466068746,0.006561594995493707,0,true,true,backward_euler_step_doubling,0.00002,,0.6
0.0020326561117607867,R5,resistor,C,0,2000,Ω,,0,,3.4384389533931254,0.0017192194766965628,0.0059114312181056065,0,true,true,backward_euler_step_doubling,0.00002,,0.6
0.0020326561117607867,C6,capacitor,B,C,100,µF,,0,V,-0.017268168438050235,-0.0008423415699102445,0.000014545696111581769,1.4909482060243716e-8,true,true,backward_euler_step_doubling,0.00002,1e-7,0.6
0.002099451676092491,V1,voltage,A,0,6,V,,0,,6,-0.005140309929529459,-0.03084185957717675,0,true,true,backward_euler_step_doubling,0.00002,,0.6
0.002099451676092491,R2,resistor,A,B,1000,Ω,,0,,2.5790702114114823,0.0025790702114114822,0.006651603155390068,0,true,true,backward_euler_step_doubling,0.00002,,0.6
0.002099451676092491,R3,resistor,B,0,1000,Ω,,0,,3.4209297885885177,0.003420929788588518,0.011702760618452282,0,true,true,backward_euler_step_doubling,0.00002,,0.6
0.002099451676092491,R4,resistor,A,C,1000,Ω,,0,,2.5612397181179762,0.0025612397181179764,0.006559948893665051,0,true,true,backward_euler_step_doubling,0.00002,,0.6
0.002099451676092491,R5,resistor,C,0,2000,Ω,,0,,3.4387602818820238,0.0017193801409410119,0.0059125361381246674,0,true,true,backward_euler_step_doubling,0.00002,,0.6
0.002099451676092491,C6,capacitor,B,C,100,µF,,0,V,-0.017830493293506056,-0.0008418595771769131,0.000015010771544926793,1.5896324554488218e-8,true,true,backward_euler_step_doubling,0.00002,1e-7,0.6
0.002166247240424196,V1,voltage,A,0,6,V,,0,,6,-0.005140229643373757,-0.03084137786024254,0,true,true,backward_euler_step_doubling,0.00002,,0.6
0.002166247240424196,R2,resistor,A,B,1000,Ω,,0,,2.579311069878587,0.0025793110698785872,0.0066528455951982216,0,true,true,backward_euler_step_doubling,0.00002,,0.6
0.002166247240424196,R3,resistor,B,0,1000,Ω,,0,,3.420688930121413,0.003420688930121413,0.011701112756655177,0,true,true,backward_euler_step_doubling,0.00002,,0.6
0.002166247240424196,R4,resistor,A,C,1000,Ω,,0,,2.5609185734951696,0.0025609185734951695,0.006558303940072534,0,true,true,backward_euler_step_doubling,0.00002,,0.6
0.002166247240424196,R5,resistor,C,0,2000,Ω,,0,,3.4390814265048304,0.0017195407132524151,0.0059136405290652495,0,true,true,backward_euler_step_doubling,0.00002,,0.6
0.002166247240424196,C6,capacitor,B,C,100,µF,,0,V,-0.018392496383417445,-0.0008413778602430863,0.000015475039251608474,1.6914196160701187e-8,true,true,backward_euler_step_doubling,0.00002,1e-7,0.6
0.002234748501953737,V1,voltage,A,0,6,V,,0,,6,-0.005140147355339546,-0.030840884132037276,0,true,true,backward_euler_step_doubling,0.00002,,0.6
0.002234748501953737,R2,resistor,A,B,1000,Ω,,0,,2.5795579339807064,0.0025795579339807063,0.00665411913476281,0,true,true,backward_euler_step_doubling,0.00002,,0.6
0.002234748501953737,R3,resistor,B,0,1000,Ω,,0,,3.4204420660192936,0.0034204420660192934,0.011699423926994332,0,true,true,backward_euler_step_doubling,0.00002,,0.6
0.002234748501953737,R4,resistor,A,C,1000,Ω,,0,,2.560589421358841,0.002560589421358841,0.006556618184774804,0,true,true,backward_euler_step_doubling,0.00002,,0.6
0.002234748501953737,R5,resistor,C,0,2000,Ω,,0,,3.439410578641159,0.0017197052893205796,0.005914772564234357,0,true,true,backward_euler_step_doubling,0.00002,,0.6
0.002234748501953737,C6,capacitor,B,C,100,µF,,0,V,-0.018968512621865496,-0.0008408841320384162,0.00001595032127209711,1.7990223554293533e-8,true,true,backward_euler_step_doubling,0.00002,1e-7,0.6
0.002303249763483279,V1,voltage,A,0,6,V,,0,,6,-0.005140065115592849,-0.030840390693557092,0,true,true,backward_euler_step_doubling,0.00002,,0.6
0.002303249763483279,R2,resistor,A,B,1000,Ω,,0,,2.5798046532207892,0.0025798046532207893,0.006655392048779637,0,true,true,backward_euler_step_doubling,0.00002,,0.6
0.002303249763483279,R3,resistor,B,0,1000,Ω,,0,,3.4201953467792108,0.003420195346779211,0.011697736210130165,0,true,true,backward_euler_step_doubling,0.00002,,0.6
0.002303249763483279,R4,resistor,A,C,1000,Ω,,0,,2.5602604623720597,0.00256026046237206,0.006554933635185593,0,true,true,backward_euler_step_doubling,0.00002,,0.6
0.002303249763483279,R5,resistor,C,0,2000,Ω,,0,,3.4397395376279403,0.0017198697688139701,0.005915904043360438,0,true,true,backward_euler_step_doubling,0.00002,,0.6
0.002303249763483279,C6,capacitor,B,C,100,µF,,0,V,-0.019544190848729492,-0.0008403906935578563,0.000016424756102390886,1.9098769796578083e-8,true,true,backward_euler_step_doubling,0.00002,1e-7,0.6
0.0023734592681495933,V1,voltage,A,0,6,V,,0,,6,-0.005139980875696289,-0.030839885254177732,0,true,true,backward_euler_step_doubling,0.00002,,0.6
0.0023734592681495933,R2,resistor,A,B,1000,Ω,,0,,2.5800573729108707,0.0025800573729108708,0.006656696047511744,0,true,true,backward_euler_step_doubling,0.00002,,0.6
0.0023734592681495933,R3,resistor,B,0,1000,Ω,,0,,3.4199426270891293,0.0034199426270891294,0.011696007572581296,0,true,true,backward_euler_step_doubling,0.00002,,0.6
0.0023734592681495933,R4,resistor,A,C,1000,Ω,,0,,2.5599235027854172,0.0025599235027854174,0.00655320834011316,0,true,true,backward_euler_step_doubling,0.00002,,0.6
0.0023734592681495933,R5,resistor,C,0,2000,Ω,,0,,3.4400764972145828,0.0017200382486072913,0.005917063153344076,0,true,true,backward_euler_step_doubling,0.00002,,0.6
0.0023734592681495933,C6,capacitor,B,C,100,µF,,0,V,-0.020133870125453424,-0.000839885254178201,0.000016910140627907335,2.026863631143129e-8,true,true,backward_euler_step_doubling,0.00002,1e-7,0.6
0.002443668772815908,V1,voltage,A,0,6,V,,0,,6,-0.005139896686464334,-0.030839380118786,0,true,true,backward_euler_step_doubling,0.00002,,0.6
0.002443668772815908,R2,resistor,A,B,1000,Ω,,0,,2.580309940606727,0.002580309940606727,0.0066579993895938905,0,true,true,backward_euler_step_doubling,0.00002,,0.6
0.002443668772815908,R3,resistor,B,0,1000,Ω,,0,,3.419690059393273,0.0034196900593932733,0.011694280102313168,0,true,true,backward_euler_step_doubling,0.00002,,0.6
0.002443668772815908,R4,resistor,A,C,1000,Ω,,0,,2.5595867458576063,0.002559586745857606,0.00655148430956993,0,true,true,backward_euler_step_doubling,0.00002,,0.6
0.002443668772815908,R5,resistor,C,0,2000,Ω,,0,,3.4404132541423937,0.0017202066270711968,0.005918221679639327,0,true,true,backward_euler_step_doubling,0.00002,,0.6
0.002443668772815908,C6,capacitor,B,C,100,µF,,0,V,-0.020723194749120655,-0.0008393801187860834,0.000017394637670144037,2.147254003049909e-8,true,true,backward_euler_step_doubling,0.00002,1e-7,0.6
0.0025155890962520176,V1,voltage,A,0,6,V,,0,,6,-0.0051398104988962775,-0.030838862993377666,0,true,true,backward_euler_step_doubling,0.00002,,0.6
0.0025155890962520176,R2,resistor,A,B,1000,Ω,,0,,2.5805685033117096,0.0025805685033117097,0.006659333800284438,0,true,true,backward_euler_step_doubling,0.00002,,0.6
0.0025155890962520176,R3,resistor,B,0,1000,Ω,,0,,3.4194314966882904,0.0034194314966882904,0.011692511760543922,0,true,true,backward_euler_step_doubling,0.00002,,0.6
0.0025155890962520176,R4,resistor,A,C,1000,Ω,,0,,2.5592419955845664,0.0025592419955845665,0.006549719591963674,0,true,true,backward_euler_step_doubling,0.00002,,0.6
0.0025155890962520176,R5,resistor,C,0,2000,Ω,,0,,3.4407580044154336,0.0017203790022077168,0.005919407822474438,0,true,true,backward_euler_step_doubling,0.00002,,0.6
0.0025155890962520176,C6,capacitor,B,C,100,µF,,0,V,-0.021326507727143174,-0.0008388629933769312,0.000017890018110267575,2.2740996591794875e-8,true,true,backward_euler_step_doubling,0.00002,1e-7,0.6
0.002587509419688127,V1,voltage,A,0,6,V,,0,,6,-0.005139724364426432,-0.03083834618655859,0,true,true,backward_euler_step_doubling,0.00002,,0.6
0.002587509419688127,R2,resistor,A,B,1000,Ω,,0,,2.5808269067212306,0.0025808269067212307,0.006660667522456276,0,true,true,backward_euler_step_doubling,0.00002,,0.6
0.002587509419688127,R3,resistor,B,0,1000,Ω,,0,,3.4191730932787694,0.0034191730932787694,0.011690744641801509,0,true,true,backward_euler_step_doubling,0.00002,,0.6
0.002587509419688127,R4,resistor,A,C,1000,Ω,,0,,2.558897457705201,0.0025588974577052006,0.00654795619905014,0,true,true,backward_euler_step_doubling,0.00002,,0.6
0.002587509419688127,R5,resistor,C,0,2000,Ω,,0,,3.441102542294799,0.0017205512711473995,0.005920593353293865,0,true,true,backward_euler_step_doubling,0.00002,,0.6
0.002587509419688127,C6,capacitor,B,C,100,µF,,0,V,-0.02192944901602978,-0.0008383461865577235,0.000018384469955900586,2.4045036707332468e-8,true,true,backward_euler_step_doubling,0.00002,1e-7,0.6
0.00266114316921744,V1,voltage,A,0,6,V,,0,,6,-0.005139636233516903,-0.03083781740110142,0,true,true,backward_euler_step_doubling,0.00002,,0.6
0.00266114316921744,R2,resistor,A,B,1000,Ω,,0,,2.5810912994497865,0.0025810912994497863,0.006662032296095387,0,true,true,backward_euler_step_doubling,0.00002,,0.6
0.00266114316921744,R3,resistor,B,0,1000,Ω,,0,,3.4189087005502135,0.0034189087005502133,0.011688936702697949,0,true,true,backward_euler_step_doubling,0.00002,,0.6
0.00266114316921744,R4,resistor,A,C,1000,Ω,,0,,2.558544934067118,0.0025585449340671178,0.006546152179640512,0,true,true,backward_euler_step_doubling,0.00002,,0.6
0.00266114316921744,R5,resistor,C,0,2000,Ω,,0,,3.441455065932882,0.0017207275329664412,0.00592180648541755,0,true,true,backward_euler_step_doubling,0.00002,,0.6
0.00266114316921744,C6,capacitor,B,C,100,µF,,0,V,-0.022546365382668743,-0.0008378174010999886,0.000018889737249158276,2.5416929598440168e-8,true,true,backward_euler_step_doubling,0.00002,1e-7,0.6
0.0027347769187467527,V1,voltage,A,0,6,V,,0,,6,-0.005139548158195806,-0.030837288949174837,0,true,true,backward_euler_step_doubling,0.00002,,0.6
0.0027347769187467527,R2,resistor,A,B,1000,Ω,,0,,2.581355525413074,0.0025813555254130737,0.0066633963485806065,0,true,true,backward_euler_step_doubling,0.00002,,0.6
0.0027347769187467527,R3,resistor,B,0,1000,Ω,,0,,3.418644474586926,0.0034186444745869264,0.011687130043623721,0,true,true,backward_euler_step_doubling,0.00002,,0.6
0.0027347769187467527,R4,resistor,A,C,1000,Ω,,0,,2.558192632782734,0.0025581926327827337,0.006544349546423855,0,true,true,backward_euler_step_doubling,0.00002,,0.6
0.0027347769187467527,R5,resistor,C,0,2000,Ω,,0,,3.441807367217266,0.001720903683608633,0.005923018976515524,0,true,true,backward_euler_step_doubling,0.00002,,0.6
0.0027347769187467527,C6,capacitor,B,C,100,µF,,0,V,-0.023162892630339993,-0.0008372889491737979,0.00001939403403028288,2.6825979750232935e-8,true,true,backward_euler_step_doubling,0.00002,1e-7,0.6
0.002810126735300749,V1,voltage,A,0,6,V,,0,,6,-0.005139458088412688,-0.03083674853047613,0,true,true,backward_euler_step_doubling,0.00002,,0.6
0.002810126735300749,R2,resistor,A,B,1000,Ω,,0,,2.581625734762879,0.0025816257347628787,0.006664791434389973,0,true,true,backward_euler_step_doubling,0.00002,,0.6
0.002810126735300749,R3,resistor,B,0,1000,Ω,,0,,3.418374265237121,0.0034183742652371214,0.01168528261723543,0,true,true,backward_euler_step_doubling,0.00002,,0.6
0.002810126735300749,R4,resistor,A,C,1000,Ω,,0,,2.5578323536498084,0.0025578323536498086,0.006542506349377719,0,true,true,backward_euler_step_doubling,0.00002,,0.6
0.002810126735300749,R5,resistor,C,0,2000,Ω,,0,,3.4421676463501916,0.0017210838231750958,0.005924259052790009,0,true,true,backward_euler_step_doubling,0.00002,,0.6
0.002810126735300749,C6,capacitor,B,C,100,µF,,0,V,-0.02379338111307039,-0.0008367485304739679,0.000019909076681368712,2.830624923959073e-8,true,true,backward_euler_step_doubling,0.00002,1e-7,0.6
0.0028854765518547456,V1,voltage,A,0,6,V,,0,,6,-0.005139368076763966,-0.030836208460583797,0,true,true,backward_euler_step_doubling,0.00002,,0.6
0.0028854765518547456,R2,resistor,A,B,1000,Ω,,0,,2.581895769709047,0.002581895769709047,0.006666185765641472,0,true,true,backward_euler_step_doubling,0.00002,,0.6
0.0028854765518547456,R3,resistor,B,0,1000,Ω,,0,,3.418104230290953,0.003418104230290953,0.011683436529132908,0,true,true,backward_euler_step_doubling,0.00002,,0.6
0.0028854765518547456,R4,resistor,A,C,1000,Ω,,0,,2.557472307054919,0.002557472307054919,0.00654066460135281,0,true,true,backward_euler_step_doubling,0.00002,,0.6
0.0028854765518547456,R5,resistor,C,0,2000,Ω,,0,,3.442527692945081,0.0017212638464725405,0.005925498458346891,0,true,true,backward_euler_step_doubling,0.00002,,0.6
0.0028854765518547456,C6,capacitor,B,C,100,µF,,0,V,-0.02442346265412798,-0.0008362084605820763,0.000020423106108092193,2.9825276400879206e-8,true,true,backward_euler_step_doubling,0.00002,1e-7,0.6
0.0029625451112373384,V1,voltage,A,0,6,V,,0,,6,-0.005139276072709983,-0.0308356564362599,0,true,true,backward_euler_step_doubling,0.00002,,0.6
0.0029625451112373384,R2,resistor,A,B,1000,Ω,,0,,2.582171781870461,0.002582171781870461,0.006667611111088071,0,true,true,backward_euler_step_doubling,0.00002,,0.6
0.0029625451112373384,R3,resistor,B,0,1000,Ω,,0,,3.417828218129539,0.003417828218129539,0.01168154972864254,0,true,true,backward_euler_step_doubling,0.00002,,0.6
0.0029625451112373384,R4,resistor,A,C,1000,Ω,,0,,2.5571042908395203,0.00255710429083952,0.006538782354229886,0,true,true,backward_euler_step_doubling,0.00002,,0.6
0.0029625451112373384,R5,resistor,C,0,2000,Ω,,0,,3.4428957091604797,0.0017214478545802398,0.005926765432077821,0,true,true,backward_euler_step_doubling,0.00002,,0.6
0.0029625451112373384,C6,capacitor,B,C,100,µF,,0,V,-0.025067491030940747,-0.0008356564362590546,0.00002094781022087176,3.141895532931474e-8,true,true,backward_euler_step_doubling,0.00002,1e-7,0.6
0.0030396136706199307,V1,voltage,A,0,6,V,,0,,6,-0.005139184129392768,-0.030835104776356606,0,true,true,backward_euler_step_doubling,0.00002,,0.6
0.0030396136706199307,R2,resistor,A,B,1000,Ω,,0,,2.5824476118220905,0.0025824476118220907,0.006669035667805619,0,true,true,backward_euler_step_doubling,0.00002,,0.6
0.0030396136706199307,R3,resistor,B,0,1000,Ω,,0,,3.4175523881779095,0.0034175523881779094,0.011679664325940533,0,true,true,backward_euler_step_doubling,0.00002,,0.6
0.0030396136706199307,R4,resistor,A,C,1000,Ω,,0,,2.556736517570677,0.002556736517570677,0.006536901620279432,0,true,true,backward_euler_step_doubling,0.00002,,0.6
0.0030396136706199307,R5,resistor,C,0,2000,Ω,,0,,3.443263482429323,0.0017216317412146616,0.005928031704715655,0,true,true,backward_euler_step_doubling,0.00002,,0.6
0.0030396136706199307,C6,capacitor,B,C,100,µF,,0,V,-0.025711094251413602,-0.0008351047763560831,0.00002147145761469693,3.3053018380253674e-8,true,true,backward_euler_step_doubling,0.00002,1e-7,0.6
0.0031184036850734047,V1,voltage,A,0,6,V,,0,,6,-0.005139090195805435,-0.03083454117483261,0,true,true,backward_euler_step_doubling,0.00002,,0.6
0.0031184036850734047,R2,resistor,A,B,1000,Ω,,0,,2.5827294125845586,0.0025827294125845587,0.006670491218629379,0,true,true,backward_euler_step_doubling,0.00002,,0.6
0.0031184036850734047,R3,resistor,B,0,1000,Ω,,0,,3.4172705874154414,0.0034172705874154414,0.011677738267614675,0,true,true,backward_euler_step_doubling,0.00002,,0.6
0.0031184036850734047,R4,resistor,A,C,1000,Ω,,0,,2.556360783220876,0.002556360783220876,0.00653498045398965,0,true,true,backward_euler_step_doubling,0.00002,,0.6
0.0031184036850734047,R5,resistor,C,0,2000,Ω,,0,,3.443639216779124,0.0017218196083895621,0.0059293255276695695,0,true,true,backward_euler_step_doubling,0.00002,,0.6
0.0031184036850734047,C6,capacitor,B,C,100,µF,,0,V,-0.026368629363682672,-0.0008345411748304088,0.000022005706927835352,3.47652307259634e-8,true,true,backward_euler_step_doubling,0.00002,1e-7,0.6
0.0031971936995268783,V1,voltage,A,0,6,V,,0,,6,-0.005138996325612542,-0.030833977953675252,0,true,true,backward_euler_step_doubling,0.00002,,0.6
0.0031971936995268783,R2,resistor,A,B,1000,Ω,,0,,2.5830110231632313,0.0025830110231632314,0.006671945945782763,0,true,true,backward_euler_step_doubling,0.00002,,0.6
0.0031971936995268783,R3,resistor,B,0,1000,Ω,,0,,3.4169889768367687,0.0034169889768367687,0.011675813667823987,0,true,true,backward_euler_step_doubling,0.00002,,0.6
0.0031971936995268783,R4,resistor,A,C,1000,Ω,,0,,2.5559853024493107,0.0025559853024493106,0.006533060866336894,0,true,true,backward_euler_step_doubling,0.00002,,0.6
0.0031971936995268783,R5,resistor,C,0,2000,Ω,,0,,3.4440146975506893,0.0017220073487753448,0.005930618618472583,0,true,true,backward_euler_step_doubling,0.00002,,0.6
0.0031971936995268783,C6,capacitor,B,C,100,µF,,0,V,-0.02702572071392062,-0.0008339779536732613,0.00002253885525754059,3.65194790053419e-8,true,true,backward_euler_step_doubling,0.00002,1e-7,0.6
0.003277707919492238,V1,voltage,A,0,6,V,,0,,6,-0.0051389004673600665,-0.0308334028041604,0,true,true,backward_euler_step_doubling,0.00002,,0.6
0.003277707919492238,R2,resistor,A,B,1000,Ω,,0,,2.583298597920463,0.002583298597920463,0.00667343164601783,0,true,true,backward_euler_step_doubling,0.00002,,0.6
0.003277707919492238,R3,resistor,B,0,1000,Ω,,0,,3.416701402079537,0.003416701402079537,0.011673848470972274,0,true,true,backward_euler_step_doubling,0.00002,,0.6
0.003277707919492238,R4,resistor,A,C,1000,Ω,,0,,2.555601869439604,0.0025556018694396043,0.0065311009150832,0,true,true,backward_euler_step_doubling,0.00002,,0.6
0.003277707919492238,R5,resistor,C,0,2000,Ω,,0,,3.444398130560396,0.001722199065280198,0.0059319392409039745,0,true,true,backward_euler_step_doubling,0.00002,,0.6
0.003277707919492238,C6,capacitor,B,C,100,µF,,0,V,-0.027696728480858912,-0.0008334028041592996,0.000023082531181986556,3.835543842712106e-8,true,true,backward_euler_step_doubling,0.00002,1e-7,0.6
0.003358222139457597,V1,voltage,A,0,6,V,,0,,6,-0.005138804675215906,-0.030832828051295436,0,true,true,backward_euler_step_doubling,0.00002,,0.6
0.003358222139457597,R2,resistor,A,B,1000,Ω,,0,,2.583585974352958,0.002583585974352958,0.006674916486873323,0,true,true,backward_euler_step_doubling,0.00002,,0.6
0.003358222139457597,R3,resistor,B,0,1000,Ω,,0,,3.416414025647042,0.0034164140256470418,0.011671884794637826,0,true,true,backward_euler_step_doubling,0.00002,,0.6
0.003358222139457597,R4,resistor,A,C,1000,Ω,,0,,2.5552187008629472,0.0025552187008629473,0.006529142609239728,0,true,true,backward_euler_step_doubling,0.00002,,0.6
0.003358222139457597,R5,resistor,C,0,2000,Ω,,0,,3.4447812991370528,0.0017223906495685264,0.005933259099442181,0,true,true,backward_euler_step_doubling,0.00002,,0.6
0.003358222139457597,C6,capacitor,B,C,100,µF,,0,V,-0.02836727349001089,-0.0008328280512938907,0.000023625061101206615,4.023511026285373e-8,true,true,backward_euler_step_doubling,0.00002,1e-7,0.6
0.003440463354172189,V1,voltage,A,0,6,V,,0,,6,-0.005138706897298424,-0.030832241383790544,0,true,true,backward_euler_step_doubling,0.00002,,0.6
0.003440463354172189,R2,resistor,A,B,1000,Ω,,0,,2.58387930810591,0.00258387930810591,0.006676432278857876,0,true,true,backward_euler_step_doubling,0.00002,,0.6
0.003440463354172189,R3,resistor,B,0,1000,Ω,,0,,3.41612069189409,0.0034161206918940897,0.011669880581586954,0,true,true,backward_euler_step_doubling,0.00002,,0.6
0.003440463354172189,R4,resistor,A,C,1000,Ω,,0,,2.554827589192514,0.0025548275891925138,0.006527144010499232,0,true,true,backward_euler_step_doubling,0.00002,,0.6
0.003440463354172189,R5,resistor,C,0,2000,Ω,,0,,3.445172410807486,0.001722586205403743,0.005934606470094533,0,true,true,backward_euler_step_doubling,0.00002,,0.6
0.003440463354172189,C6,capacitor,B,C,100,µF,,0,V,-0.029051718913396307,-0.0008322413837887724,0.000024178042749927396,4.2200118591149434e-8,true,true,backward_euler_step_doubling,0.00002,1e-7,0.6
0.003522704568886781,V1,voltage,A,0,6,V,,0,,6,-0.005138609188258303,-0.030831655129549815,0,true,true,backward_euler_step_doubling,0.00002,,0.6
0.003522704568886781,R2,resistor,A,B,1000,Ω,,0,,2.584172435226238,0.002584172435226238,0.0066779471749831044,0,true,true,backward_euler_step_doubling,0.00002,,0.6
0.003522704568886781,R3,resistor,B,0,1000,Ω,,0,,3.415827564773762,0.0034158275647737622,0.01166787795226825,0,true,true,backward_euler_step_doubling,0.00002,,0.6
0.003522704568886781,R4,resistor,A,C,1000,Ω,,0,,2.554436753032065,0.002554436753032065,0.006525147125240999,0,true,true,backward_euler_step_doubling,0.00002,,0.6
0.003522704568886781,R5,resistor,C,0,2000,Ω,,0,,3.445563246967935,0.0017227816234839674,0.0059359530444281095,0,true,true,backward_euler_step_doubling,0.00002,,0.6
0.003522704568886781,C6,capacitor,B,C,100,µF,,0,V,-0.029735682194172774,-0.0008316551295479738,0.00002472983262739214,4.421053977764218e-8,true,true,backward_euler_step_doubling,0.00002,1e-7,0.6
0.0036066756082128604,V1,voltage,A,0,6,V,,0,,6,-0.005138509495803869,-0.03083105697482321,0,true,true,backward_euler_step_doubling,0.00002,,0.6
0.0036066756082128604,R2,resistor,A,B,1000,Ω,,0,,2.5844715125885953,0.0025844715125885953,0.006679492999381982,0,true,true,backward_euler_step_doubling,0.00002,,0.6
0.0036066756082128604,R3,resistor,B,0,1000,Ω,,0,,3.4155284874114047,0.0034155284874114048,0.011665834848318839,0,true,true,backward_euler_step_doubling,0.00002,,0.6
0.0036066756082128604,R4,resistor,A,C,1000,Ω,,0,,2.554037983215272,0.002554037983215272,0.006523110019706334,0,true,true,backward_euler_step_doubling,0.00002,,0.6
0.0036066756082128604,R5,resistor,C,0,2000,Ω,,0,,3.445962016784728,0.001722981008392364,0.005937327110561535,0,true,true,backward_euler_step_doubling,0.00002,,0.6
0.0036066756082128604,C6,capacitor,B,C,100,µF,,0,V,-0.03043352937332333,-0.0008310569748227746,0.00002529199685417414,4.6309985505846694e-8,true,true,backward_euler_step_doubling,0.00002,1e-7,0.6
0.0036906466475389397,V1,voltage,A,0,6,V,,0,,6,-0.005138409875051918,-0.03083045925031151,0,true,true,backward_euler_step_doubling,0.00002,,0.6
0.0036906466475389397,R2,resistor,A,B,1000,Ω,,0,,2.5847703748444535,0.0025847703748444533,0.006681037890673537,0,true,true,backward_euler_step_doubling,0.00002,,0.6
0.0036906466475389397,R3,resistor,B,0,1000,Ω,,0,,3.4152296251555465,0.0034152296251555463,0.011663793392540095,0,true,true,backward_euler_step_doubling,0.00002,,0.6
0.0036906466475389397,R4,resistor,A,C,1000,Ω,,0,,2.5536395002074643,0.0025536395002074643,0.006521074697019828,0,true,true,backward_euler_step_doubling,0.00002,,0.6
0.0036906466475389397,R5,resistor,C,0,2000,Ω,,0,,3.4463604997925357,0.001723180249896268,0.005938700347265128,0,true,true,backward_euler_step_doubling,0.00002,,0.6
0.0036906466475389397,C6,capacitor,B,C,100,µF,,0,V,-0.03113087463698916,-0.000830459250311136,0.000025852922812563976,4.845656778319674e-8,true,true,backward_euler_step_doubling,0.00002,1e-7,0.6
0.003776350383069724,V1,voltage,A,0,6,V,,0,,6,-0.005138308273317565,-0.030829849639905392,0,true,true,backward_euler_step_doubling,0.00002,,0.6
0.003776350383069724,R2,resistor,A,B,1000,Ω,,0,,2.5850751800476206,0.0025850751800476205,0.006682613686498238,0,true,true,backward_euler_step_doubling,0.00002,,0.6
0.003776350383069724,R3,resistor,B,0,1000,Ω,,0,,3.4149248199523794,0.0034149248199523796,0.011661711525926792,0,true,true,backward_euler_step_doubling,0.00002,,0.6
0.003776350383069724,R4,resistor,A,C,1000,Ω,,0,,2.5532330932699443,0.002553233093269944,0.006518999228568807,0,true,true,backward_euler_step_doubling,0.00002,,0.6
0.003776350383069724,R5,resistor,C,0,2000,Ω,,0,,3.4467669067300557,0.0017233834533650278,0.005940101054664738,0,true,true,backward_euler_step_doubling,0.00002,,0.6
0.003776350383069724,C6,capacitor,B,C,100,µF,,0,V,-0.031842086777676304,-0.0008298496399047649,0.000026424144246270957,5.06959245178534e-8,true,true,backward_euler_step_doubling,0.00002,1e-7,0.6
0.003862054118600508,V1,voltage,A,0,6,V,,0,,6,-0.005138206746165381,-0.030829240476992287,0,true,true,backward_euler_step_doubling,0.00002,,0.6
0.003862054118600508,R2,resistor,A,B,1000,Ω,,0,,2.585379761504186,0.002585379761504186,0.0066841885111954425,0,true,true,backward_euler_step_doubling,0.00002,,0.6
0.003862054118600508,R3,resistor,B,0,1000,Ω,,0,,3.414620238495814,0.003414620238495814,0.01165963137314521,0,true,true,backward_euler_step_doubling,0.00002,,0.6
0.003862054118600508,R4,resistor,A,C,1000,Ω,,0,,2.5528269846611944,0.0025528269846611944,0.006516925613614366,0,true,true,backward_euler_step_doubling,0.00002,,0.6
0.003862054118600508,R5,resistor,C,0,2000,Ω,,0,,3.4471730153388056,0.0017235865076694029,0.005941500898840017,0,true,true,backward_euler_step_doubling,0.00002,,0.6
0.003862054118600508,C6,capacitor,B,C,100,µF,,0,V,-0.032552776842991626,-0.0008292404769918658,0.000026994080196692138,5.298416400948059e-8,true,true,backward_euler_step_doubling,0.00002,1e-7,0.6
0.003949493464570594,V1,voltage,A,0,6,V,,0,,6,-0.005138103240533986,-0.030828619443203913,0,true,true,backward_euler_step_doubling,0.00002,,0.6
0.003949493464570594,R2,resistor,A,B,1000,Ω,,0,,2.5856902783993476,0.0025856902783993477,0.006685794215808896,0,true,true,backward_euler_step_doubling,0.00002,,0.6
0.003949493464570594,R3,resistor,B,0,1000,Ω,,0,,3.4143097216006524,0.0034143097216006524,0.011657510875016725,0,true,true,backward_euler_step_doubling,0.00002,,0.6
0.003949493464570594,R4,resistor,A,C,1000,Ω,,0,,2.5524129621346394,0.0025524129621346393,0.006514811929272924,0,true,true,backward_euler_step_doubling,0.00002,,0.6
0.003949493464570594,R5,resistor,C,0,2000,Ω,,0,,3.4475870378653606,0.0017237935189326802,0.005942928191828625,0,true,true,backward_euler_step_doubling,0.00002,,0.6
0.003949493464570594,C6,capacitor,B,C,100,µF,,0,V,-0.0332773162647082,-0.000828619443201748,0.000027574231274510984,5.5368988889070644e-8,true,true,backward_euler_step_doubling,0.00002,1e-7,0.6
0.00403693281054068,V1,voltage,A,0,6,V,,0,,6,-0.005137999812419622,-0.03082799887451773,0,true,true,backward_euler_step_doubling,0.00002,,0.6
0.00403693281054068,R2,resistor,A,B,1000,Ω,,0,,2.586000562742423,0.002586000562742423,0.006687398910504129,0,true,true,backward_euler_step_doubling,0.00002,,0.6
0.00403693281054068,R3,resistor,B,0,1000,Ω,,0,,3.413999437257577,0.003413999437257577,0.011655392157595052,0,true,true,backward_euler_step_doubling,0.00002,,0.6
0.00403693281054068,R4,resistor,A,C,1000,Ω,,0,,2.5519992496771993,0.002551999249677199,0.0065127001703529875,0,true,true,backward_euler_step_doubling,0.00002,,0.6
0.00403693281054068,R5,resistor,C,0,2000,Ω,,0,,3.4480007503228007,0.0017240003751614003,0.005944354587113298,0,true,true,backward_euler_step_doubling,0.00002,,0.6
0.00403693281054068,C6,capacitor,B,C,100,µF,,0,V,-0.034001313065223915,-0.0008279988745151451,0.000028153048950042502,5.780446450796832e-8,true,true,backward_euler_step_doubling,0.00002,1e-7,0.6
0.004126110724904739,V1,voltage,A,0,6,V,,0,,6,-0.005137894408398619,-0.030827366450391715,0,true,true,backward_euler_step_doubling,0.00002,,0.6
0.004126110724904739,R2,resistor,A,B,1000,Ω,,0,,2.5863167748042253,0.002586316774804225,0.0066890344596337295,0,true,true,backward_euler_step_doubling,0.00002,,0.6
0.004126110724904739,R3,resistor,B,0,1000,Ω,,0,,3.4136832251957747,0.0034136832251957746,0.011653233161983027,0,true,true,backward_euler_step_doubling,0.00002,,0.6
0.004126110724904739,R4,resistor,A,C,1000,Ω,,0,,2.5515776335943943,0.002551577633594394,0.006510548420259168,0,true,true,backward_euler_step_doubling,0.00002,,0.6
0.004126110724904739,R5,resistor,C,0,2000,Ω,,0,,3.4484223664056057,0.0017242111832028028,0.005945808408563218,0,true,true,backward_euler_step_doubling,0.00002,,0.6
0.004126110724904739,C6,capacitor,B,C,100,µF,,0,V,-0.034739141209831015,-0.0008273664503915084,0.00002874199995242726,6.034039659982897e-8,true,true,backward_euler_step_doubling,0.00002,1e-7,0.6
0.0042152886392687995,V1,voltage,A,0,6,V,,0,,6,-0.005137789084885374,-0.030826734509312247,0,true,true,backward_euler_step_doubling,0.00002,,0.6
0.0042152886392687995,R2,resistor,A,B,1000,Ω,,0,,2.586632745343969,0.002586632745343969,0.006690668959285678,0,true,true,backward_euler_step_doubling,0.00002,,0.6
0.0042152886392687995,R3,resistor,B,0,1000,Ω,,0,,3.413367254656031,0.003413367254656031,0.01165107601515805,0,true,true,backward_euler_step_doubling,0.00002,,0.6
0.0042152886392687995,R4,resistor,A,C,1000,Ω,,0,,2.5511563395414054,0.0025511563395414056,0.006508398668782303,0,true,true,backward_euler_step_doubling,0.00002,,0.6
0.0042152886392687995,R5,resistor,C,0,2000,Ω,,0,,3.4488436604585946,0.0017244218302292973,0.005947261297142719,0,true,true,backward_euler_step_doubling,0.00002,,0.6
0.0042152886392687995,C6,capacitor,B,C,100,µF,,0,V,-0.035476405802563615,-0.000826734509312242,0.000029329568943344405,6.292876843340847e-8,true,true,backward_euler_step_doubling,0.00002,1e-7,0.6
0.004306208124744124,V1,voltage,A,0,6,V,,0,,6,-0.005137681788107997,-0.030826090728647983,0,true,true,backward_euler_step_doubling,0.00002,,0.6
0.004306208124744124,R2,resistor,A,B,1000,Ω,,0,,2.586954635675304,0.002586954635675304,0.006692334287041944,0,true,true,backward_euler_step_doubling,0.00002,,0.6
0.004306208124744124,R3,resistor,B,0,1000,Ω,,0,,3.413045364324696,0.0034130453643246962,0.011648878658938298,0,true,true,backward_euler_step_doubling,0.00002,,0.6
0.004306208124744124,R4,resistor,A,C,1000,Ω,,0,,2.5507271524326933,0.0025507271524326932,0.006506209006157396,0,true,true,backward_euler_step_doubling,0.00002,,0.6
0.004306208124744124,R5,resistor,C,0,2000,Ω,,0,,3.4492728475673067,0.0017246364237836534,0.005948741588482538,0,true,true,backward_euler_step_doubling,0.00002,,0.6
0.004306208124744124,C6,capacitor,B,C,100,µF,,0,V,-0.0362274832426106,-0.0008260907286489546,0.000029927188029005983,6.56215271046816e-8,true,true,backward_euler_step_doubling,0.00002,1e-7,0.6
0.0043971276102194486,V1,voltage,A,0,6,V,,0,,6,-0.0051375745748831695,-0.030825447449299017,0,true,true,backward_euler_step_doubling,0.00002,,0.6
0.0043971276102194486,R2,resistor,A,B,1000,Ω,,0,,2.587276275349777,0.0025872762753497767,0.006693998524987814,0,true,true,backward_euler_step_doubling,0.00002,,0.6
0.0043971276102194486,R3,resistor,B,0,1000,Ω,,0,,3.412723724650223,0.003412723724650223,0.011646683220790491,0,true,true,backward_euler_step_doubling,0.00002,,0.6
0.0043971276102194486,R4,resistor,A,C,1000,Ω,,0,,2.5502982995333934,0.002550298299533393,0.0065040214166029175,0,true,true,backward_euler_step_doubling,0.00002,,0.6
0.0043971276102194486,R5,resistor,C,0,2000,Ω,,0,,3.4497017004666066,0.0017248508502333032,0.005950220911101098,0,true,true,backward_euler_step_doubling,0.00002,,0.6
0.0043971276102194486,C6,capacitor,B,C,100,µF,,0,V,-0.03697797581638351,-0.0008254474493001764,0.00003052337581791738,6.83685347738522e-8,true,true,backward_euler_step_doubling,0.00002,1e-7,0.6
0.004489791715457529,V1,voltage,A,0,6,V,,0,,6,-0.005137465391105076,-0.030824792346630457,0,true,true,backward_euler_step_doubling,0.00002,,0.6
0.004489791715457529,R2,resistor,A,B,1000,Ω,,0,,2.5876038266847683,0.0025876038266847683,0.006695693563873657,0,true,true,backward_euler_step_doubling,0.00002,,0.6
0.004489791715457529,R3,resistor,B,0,1000,Ω,,0,,3.4123961733152317,0.003412396173315232,0.011644447643656438,0,true,true,backward_euler_step_doubling,0.00002,,0.6
0.004489791715457529,R4,resistor,A,C,1000,Ω,,0,,2.5498615644203073,0.0025498615644203074,0.0065017939977079775,0,true,true,backward_euler_step_doubling,0.00002,,0.6
0.004489791715457529,R5,resistor,C,0,2000,Ω,,0,,3.4501384355796927,0.0017250692177898464,0.005951727612332145,0,true,true,backward_euler_step_doubling,0.00002,,0.6
0.004489791715457529,C6,capacitor,B,C,100,µF,,0,V,-0.03774226226446098,-0.0008247923466306608,0.00003112952906025461,7.122391804196775e-8,true,true,backward_euler_step_doubling,0.00002,1e-7,0.6
0.004582455820695609,V1,voltage,A,0,6,V,,0,,6,-0.005137356293978676,-0.030824137763872054,0,true,true,backward_euler_step_doubling,0.00002,,0.6
0.004582455820695609,R2,resistor,A,B,1000,Ω,,0,,2.5879311180639784,0.002587931118063978,0.006697387471843873,0,true,true,backward_euler_step_doubling,0.00002,,0.6
0.004582455820695609,R3,resistor,B,0,1000,Ω,,0,,3.4120688819360216,0.0034120688819360215,0.011642214055076133,0,true,true,backward_euler_step_doubling,0.00002,,0.6
0.004582455820695609,R4,resistor,A,C,1000,Ω,,0,,2.5494251759146964,0.0025494251759146966,0.006499568727587681,0,true,true,backward_euler_step_doubling,0.00002,,0.6
0.004582455820695609,R5,resistor,C,0,2000,Ω,,0,,3.4505748240853036,0.0017252874120426518,0.005953233308305662,0,true,true,backward_euler_step_doubling,0.00002,,0.6
0.004582455820695609,C6,capacitor,B,C,100,µF,,0,V,-0.038505942149281935,-0.0008241377638718324,0.00003173420105868736,7.413537904019236e-8,true,true,backward_euler_step_doubling,0.00002,1e-7,0.6
0.004676867640904921,V1,voltage,A,0,6,V,,0,,6,-0.005137245229076795,-0.030823471374460773,0,true,true,backward_euler_step_doubling,0.00002,,0.6
0.004676867640904921,R2,resistor,A,B,1000,Ω,,0,,2.5882643127698035,0.0025882643127698034,0.006699112152757743,0,true,true,backward_euler_step_doubling,0.00002,,0.6
0.004676867640904921,R3,resistor,B,0,1000,Ω,,0,,3.4117356872301965,0.0034117356872301963,0.0116399403995201,0,true,true,backward_euler_step_doubling,0.00002,,0.6
0.004676867640904921,R4,resistor,A,C,1000,Ω,,0,,2.548980916306991,0.002548980916306991,0.0064973037116972275,0,true,true,backward_euler_step_doubling,0.00002,,0.6
0.004676867640904921,R5,resistor,C,0,2000,Ω,,0,,3.451019083693009,0.0017255095418465046,0.005954766358006668,0,true,true,backward_euler_step_doubling,0.00002,,0.6
0.004676867640904921,C6,capacitor,B,C,100,µF,,0,V,-0.039283396462812536,-0.0008234713744602901,0.00003234875247870074,7.715926188272562e-8,true,true,backward_euler_step_doubling,0.00002,1e-7,0.6
0.004771279461114233,V1,voltage,A,0,6,V,,0,,6,-0.005137134253980814,-0.03082280552388488,0,true,true,backward_euler_step_doubling,0.00002,,0.6
0.004771279461114233,R2,resistor,A,B,1000,Ω,,0,,2.588597238057754,0.002588597238057754,0.006700835660880232,0,true,true,backward_euler_step_doubling,0.00002,,0.6
0.004771279461114233,R3,resistor,B,0,1000,Ω,,0,,3.411402761942246,0.003411402761942246,0.011637668804187184,0,true,true,backward_euler_step_doubling,0.00002,,0.6
0.004771279461114233,R4,resistor,A,C,1000,Ω,,0,,2.5485370159230594,0.0025485370159230593,0.006495040921530012,0,true,true,backward_euler_step_doubling,0.00002,,0.6
0.004771279461114233,R5,resistor,C,0,2000,Ω,,0,,3.4514629840769406,0.0017257314920384704,0.00595629836522665,0,true,true,backward_euler_step_doubling,0.00002,,0.6
0.004771279461114233,C6,capacitor,B,C,100,µF,,0,V,-0.04006022213469462,-0.0008228055238844609,0.00003296177206046529,8.024106987405385e-8,true,true,backward_euler_step_doubling,0.00002,1e-7,0.6
0.004867442139137011,V1,voltage,A,0,6,V,,0,,6,-0.005137021313953889,-0.030822127883723335,0,true,true,backward_euler_step_doubling,0.00002,,0.6
0.004867442139137011,R2,resistor,A,B,1000,Ω,,0,,2.588936058139171,0.002588936058139171,0.00670258991313319,0,true,true,backward_euler_step_doubling,0.00002,,0.6
0.004867442139137011,R3,resistor,B,0,1000,Ω,,0,,3.411063941860829,0.0034110639418608287,0.011635357215463136,0,true,true,backward_euler_step_doubling,0.00002,,0.6
0.004867442139137011,R4,resistor,A,C,1000,Ω,,0,,2.548085255814718,0.0025480852558147178,0.006492738470900356,0,true,true,backward_euler_step_doubling,0.00002,,0.6
0.004867442139137011,R5,resistor,C,0,2000,Ω,,0,,3.451914744185282,0.0017259573720926412,0.005957857700561871,0,true,true,backward_euler_step_doubling,0.00002,,0.6
0.004867442139137011,C6,capacitor,B,C,100,µF,,0,V,-0.04085080232445337,-0.000822127883721673,0.00003358458366333525,8.343940252757826e-8,true,true,backward_euler_step_doubling,0.00002,1e-7,0.6
0.0049636048171597886,V1,voltage,A,0,6,V,,0,,6,-0.0051369084669411055,-0.03082145080164663,0,true,true,backward_euler_step_doubling,0.00002,,0.6
0.0049636048171597886,R2,resistor,A,B,1000,Ω,,0,,2.58927459917753,0.00258927459917753,0.006704342949945958,0,true,true,backward_euler_step_doubling,0.00002,,0.6
0.0049636048171597886,R3,resistor,B,0,1000,Ω,,0,,3.41072540082247,0.00341072540082247,0.0116330477598156,0,true,true,backward_euler_step_doubling,0.00002,,0.6
0.0049636048171597886,R4,resistor,A,C,1000,Ω,,0,,2.5476338677635755,0.0025476338677635755,0.006490438324175995,0,true,true,backward_euler_step_doubling,0.00002,,0.6
0.0049636048171597886,R5,resistor,C,0,2000,Ω,,0,,3.4523661322364245,0.0017261830661182123,0.005959415955506545,0,true,true,backward_euler_step_doubling,0.00002,,0.6
0.0049636048171597886,C6,capacitor,B,C,100,µF,,0,V,-0.04164073141395441,-0.0008214508016446172,0.00003420581220106105,8.669752563445449e-8,true,true,backward_euler_step_doubling,0.00002,1e-7,0.6
0.005061521544391059,V1,voltage,A,0,6,V,,0,,6,-0.0051367936579071035,-0.03082076194744262,0,true,true,backward_euler_step_doubling,0.00002,,0.6
0.005061521544391059,R2,resistor,A,B,1000,Ω,,0,,2.5896190262791765,0.0025896190262791764,0.00670612670126711,0,true,true,backward_euler_step_doubling,0.00002,,0.6
0.005061521544391059,R3,resistor,B,0,1000,Ω,,0,,3.4103809737208235,0.0034103809737208233,0.011630698385916991,0,true,true,backward_euler_step_doubling,0.00002,,0.6
0.005061521544391059,R4,resistor,A,C,1000,Ω,,0,,2.5471746316279273,0.002547174631627927,0.006488098604008867,0,true,true,backward_euler_step_doubling,0.00002,,0.6
0.005061521544391059,R5,resistor,C,0,2000,Ω,,0,,3.4528253683720727,0.0017264126841860363,0.00596100151223687,0,true,true,backward_euler_step_doubling,0.00002,,0.6
0.005061521544391059,C6,capacitor,B,C,100,µF,,0,V,-0.04244439465124916,-0.0008207619474418979,0.000034836744011951735,9.007633186554942e-8,true,true,backward_euler_step_doubling,0.00002,1e-7,0.6
0.00515943827162233,V1,voltage,A,0,6,V,,0,,6,-0.005136678945150044,-0.030820073670900262,0,true,true,backward_euler_step_doubling,0.00002,,0.6
0.00515943827162233,R2,resistor,A,B,1000,Ω,,0,,2.589963164550361,0.002589963164550361,0.00670790919372772,0,true,true,backward_euler_step_doubling,0.00002,,0.6
0.00515943827162233,R3,resistor,B,0,1000,Ω,,0,,3.410036835449639,0.003410036835449639,0.01162835121912339,0,true,true,backward_euler_step_doubling,0.00002,,0.6
0.00515943827162233,R4,resistor,A,C,1000,Ω,,0,,2.546715780599682,0.002546715780599682,0.0064857612671554475,0,true,true,backward_euler_step_doubling,0.00002,,0.6
0.00515943827162233,R5,resistor,C,0,2000,Ω,,0,,3.453284219400318,0.001726642109700159,0.005962585949979632,0,true,true,backward_euler_step_doubling,0.00002,,0.6
0.00515943827162233,C6,capacitor,B,C,100,µF,,0,V,-0.04324738395067884,-0.0008200736708990369,0.00003546604091321329,9.351681092887168e-8,true,true,backward_euler_step_doubling,0.00002,1e-7,0.6
0.005259112288568515,V1,voltage,A,0,6,V,,0,,6,-0.0051365622733469925,-0.030819373640081957,0,true,true,backward_euler_step_doubling,0.00002,,0.6
0.005259112288568515,R2,resistor,A,B,1000,Ω,,0,,2.590313179959269,0.0025903131799592687,0.006709722370270699,0,true,true,backward_euler_step_doubling,0.00002,,0.6
0.005259112288568515,R3,resistor,B,0,1000,Ω,,0,,3.409686820040731,0.003409686820040731,0.011625964210759473,0,true,true,backward_euler_step_doubling,0.00002,,0.6
0.005259112288568515,R4,resistor,A,C,1000,Ω,,0,,2.546249093387723,0.002546249093387723,0.0064833844455778,0,true,true,backward_euler_step_doubling,0.00002,,0.6
0.005259112288568515,R5,resistor,C,0,2000,Ω,,0,,3.453750906612277,0.0017268754533061386,0.005964197662462563,0,true,true,backward_euler_step_doubling,0.00002,,0.6
0.005259112288568515,C6,capacitor,B,C,100,µF,,0,V,-0.044064086571546035,-0.0008193736400812837,0.000036104951010984486,9.708218626923517e-8,true,true,backward_euler_step_doubling,0.00002,1e-7,0.6
0.0053587863055147,V1,voltage,A,0,6,V,,0,,6,-0.0051364457011373234,-0.03081867420682394,0,true,true,backward_euler_step_doubling,0.00002,,0.6
0.0053587863055147,R2,resistor,A,B,1000,Ω,,0,,2.590662896588256,0.002590662896588256,0.006711534243759053,0,true,true,backward_euler_step_doubling,0.00002,,0.6
0.0053587863055147,R3,resistor,B,0,1000,Ω,,0,,3.409337103411744,0.0034093371034117437,0.01162357948469998,0,true,true,backward_euler_step_doubling,0.00002,,0.6
0.0053587863055147,R4,resistor,A,C,1000,Ω,,0,,2.545782804549067,0.002545782804549067,0.006481010087937713,0,true,true,backward_euler_step_doubling,0.00002,,0.6
0.0053587863055147,R5,resistor,C,0,2000,Ω,,0,,3.454217195450933,0.0017271085977254665,0.005965808216674455,0,true,true,backward_euler_step_doubling,0.00002,,0.6
0.0053587863055147,C6,capacitor,B,C,100,µF,,0,V,-0.04488009203918919,-0.0008186742068233516,0.00003674217375234223,1.0071113307230464e-7,true,true,backward_euler_step_doubling,0.00002,1e-7,0.6
0.005460220902996296,V1,voltage,A,0,6,V,,0,,6,-0.0051363271729206765,-0.030817963037524057,0,true,true,backward_euler_step_doubling,0.00002,,0.6
0.005460220902996296,R2,resistor,A,B,1000,Ω,,0,,2.591018481237264,0.002591018481237264,0.006713376770113058,0,true,true,backward_euler_step_doubling,0.00002,,0.6
0.005460220902996296,R3,resistor,B,0,1000,Ω,,0,,3.408981518762736,0.003408981518762736,0.01162115499526589,0,true,true,backward_euler_step_doubling,0.00002,,0.6
0.005460220902996296,R4,resistor,A,C,1000,Ω,,0,,2.5453086916834127,0.002545308691683413,0.0064785963359591265,0,true,true,backward_euler_step_doubling,0.00002,,0.6
0.005460220902996296,R5,resistor,C,0,2000,Ω,,0,,3.4546913083165873,0.0017273456541582936,0.005967446017879087,0,true,true,backward_euler_step_doubling,0.00002,,0.6
0.005460220902996296,C6,capacitor,B,C,100,µF,,0,V,-0.04570978955385119,-0.000817963037525277,0.0000373889183081093,1.0446924305286816e-7,true,true,backward_euler_step_doubling,0.00002,1e-7,0.6
0.005561655500477891,V1,voltage,A,0,6,V,,0,,6,-0.005136208747667877,-0.030817252486007262,0,true,true,backward_euler_step_doubling,0.00002,,0.6
0.005561655500477891,R2,resistor,A,B,1000,Ω,,0,,2.5913737569956594,0.0025913737569956594,0.006715217948445799,0,true,true,backward_euler_step_doubling,0.00002,,0.6
0.005561655500477891,R3,resistor,B,0,1000,Ω,,0,,3.4086262430043406,0.0034086262430043407,0.011618732864497886,0,true,true,backward_euler_step_doubling,0.00002,,0.6
0.005561655500477891,R4,resistor,A,C,1000,Ω,,0,,2.544834990672217,0.002544834990672217,0.006476185129749663,0,true,true,backward_euler_step_doubling,0.00002,,0.6
0.005561655500477891,R5,resistor,C,0,2000,Ω,,0,,3.455165009327783,0.0017275825046638915,0.00596908262084153,0,true,true,backward_euler_step_doubling,0.00002,,0.6
0.005561655500477891,C6,capacitor,B,C,100,µF,,0,V,-0.04653876632344245,-0.0008172524860087023,0.00003803392247361142,1.0829283854539905e-7,true,true,backward_euler_step_doubling,0.00002,1e-7,0.6
0.005664854020087665,V1,voltage,A,0,6,V,,0,,6,-0.005136088369511429,-0.030816530217068573,0,true,true,backward_euler_step_doubling,0.00002,,0.6
0.005664854020087665,R2,resistor,A,B,1000,Ω,,0,,2.591734891465525,0.002591734891465525,0.006717089747639817,0,true,true,backward_euler_step_doubling,0.00002,,0.6
0.005664854020087665,R3,resistor,B,0,1000,Ω,,0,,3.408265108534475,0.003408265108534475,0.011616271050053516,0,true,true,backward_euler_step_doubling,0.00002,,0.6
0.005664854020087665,R4,resistor,A,C,1000,Ω,,0,,2.544353478045901,0.002544353478045901,0.006473734621244274,0,true,true,backward_euler_step_doubling,0.00002,,0.6
0.005664854020087665,R5,resistor,C,0,2000,Ω,,0,,3.455646521954099,0.0017278232609770495,0.00597074644234673,0,true,true,backward_euler_step_doubling,0.00002,,0.6
0.005664854020087665,C6,capacitor,B,C,100,µF,,0,V,-0.047381413419623986,-0.0008165302170688678,0.000038688355784555334,1.1224991688206619e-7,true,true,backward_euler_step_doubling,0.00002,1e-7,0.6
0.005768052539697437,V1,voltage,A,0,6,V,,0,,6,-0.005135968097742278,-0.03081580858645367,0,true,true,backward_euler_step_doubling,0.00002,,0.6
0.005768052539697437,R2,resistor,A,B,1000,Ω,,0,,2.5920957067729855,0.0025920957067729856,0.0067189601530709435,0,true,true,backward_euler_step_doubling,0.00002,,0.6
0.005768052539697437,R3,resistor,B,0,1000,Ω,,0,,3.4079042932270145,0.0034079042932270145,0.011613811671795118,0,true,true,backward_euler_step_doubling,0.00002,,0.6
0.005768052539697437,R4,resistor,A,C,1000,Ω,,0,,2.5438723909692915,0.0025438723909692916,0.00647128674153582,0,true,true,backward_euler_step_doubling,0.00002,,0.6
0.005768052539697437,R5,resistor,C,0,2000,Ω,,0,,3.4561276090307085,0.0017280638045153542,0.005972409024952161,0,true,true,backward_euler_step_doubling,0.00002,,0.6
0.005768052539697437,C6,capacitor,B,C,100,µF,,0,V,-0.04822331580369399,-0.0008158085864540591,0.000039340995099939284,1.1627440935514012e-7,true,true,backward_euler_step_doubling,0.00002,1e-7,0.6
0.005873018374884923,V1,voltage,A,0,6,V,,0,,6,-0.005135845876234849,-0.0308150752574091,0,true,true,backward_euler_step_doubling,0.00002,,0.6
0.005873018374884923,R2,resistor,A,B,1000,Ω,,0,,2.5924623712949457,0.0025924623712949455,0.006720861146580212,0,true,true,backward_euler_step_doubling,0.00002,,0.6
0.005873018374884923,R3,resistor,B,0,1000,Ω,,0,,3.4075376287050543,0.003407537628705054,0.011611312691040864,0,true,true,backward_euler_step_doubling,0.00002,,0.6
0.005873018374884923,R4,resistor,A,C,1000,Ω,,0,,2.5433835049399045,0.0025433835049399043,0.006468799653200393,0,true,true,backward_euler_step_doubling,0.00002,,0.6
0.005873018374884923,R5,resistor,C,0,2000,Ω,,0,,3.4566164950600955,0.0017283082475300477,0.00597409879696077,0,true,true,backward_euler_step_doubling,0.00002,,0.6
0.005873018374884923,C6,capacitor,B,C,100,µF,,0,V,-0.04907886635504122,-0.0008150752574102578,0.00004000296962773886,1.204367561347998e-7,true,true,backward_euler_step_doubling,0.00002,1e-7,0.6
0.005977984210072409,V1,voltage,A,0,6,V,,0,,6,-0.005135723764592239,-0.030814342587553438,0,true,true,backward_euler_step_doubling,0.00002,,0.6
0.005977984210072409,R2,resistor,A,B,1000,Ω,,0,,2.5928287062227966,0.0025928287062227965,0.006722760699812981,0,true,true,backward_euler_step_doubling,0.00002,,0.6
0.005977984210072409,R3,resistor,B,0,1000,Ω,,0,,3.4071712937772034,0.0034071712937772036,0.011608816225139422,0,true,true,backward_euler_step_doubling,0.00002,,0.6
0.005977984210072409,R4,resistor,A,C,1000,Ω,,0,,2.542895058369442,0.002542895058369442,0.006466315277879727,0,true,true,backward_euler_step_doubling,0.00002,,0.6
0.005977984210072409,R5,resistor,C,0,2000,Ω,,0,,3.457104941630558,0.001728552470815279,0.005975787288723213,0,true,true,backward_euler_step_doubling,0.00002,,0.6
0.005977984210072409,C6,capacitor,B,C,100,µF,,0,V,-0.049933647853354746,-0.0008143425875540837,0.00004066309599891532,1.2466845939714194e-7,true,true,backward_euler_step_doubling,0.00002,1e-7,0.6
0.006084720806693114,V1,voltage,A,0,6,V,,0,,6,-0.00513559970643934,-0.030813598238636043,0,true,true,backward_euler_step_doubling,0.00002,,0.6
0.006084720806693114,R2,resistor,A,B,1000,Ω,,0,,2.5932008806813904,0.0025932008806813906,0.006724690807566739,0,true,true,backward_euler_step_doubling,0.00002,,0.6
0.006084720806693114,R3,resistor,B,0,1000,Ω,,0,,3.4067991193186096,0.0034067991193186095,0.011606280239390053,0,true,true,backward_euler_step_doubling,0.00002,,0.6
0.006084720806693114,R4,resistor,A,C,1000,Ω,,0,,2.5423988257579486,0.0025423988257579485,0.006463791789215396,0,true,true,backward_euler_step_doubling,0.00002,,0.6
0.006084720806693114,R5,resistor,C,0,2000,Ω,,0,,3.4576011742420514,0.0017288005871210258,0.005977502940060006,0,true,true,backward_euler_step_doubling,0.00002,,0.6
0.006084720806693114,C6,capacitor,B,C,100,µF,,0,V,-0.05080205492344181,-0.0008135982386369256,0.000041332462404848607,1.290424392222199e-7,true,true,backward_euler_step_doubling,0.00002,1e-7,0.6
0.00619145740331382,V1,voltage,A,0,6,V,,0,,6,-0.005135475761681683,-0.030812854570090094,0,true,true,backward_euler_step_doubling,0.00002,,0.6
0.00619145740331382,R2,resistor,A,B,1000,Ω,,0,,2.5935727149543575,0.0025935727149543576,0.006726619427755717,0,true,true,backward_euler_step_doubling,0.00002,,0.6
0.00619145740331382,R3,resistor,B,0,1000,Ω,,0,,3.4064272850456425,0.0034064272850456425,0.011603746848303427,0,true,true,backward_euler_step_doubling,0.00002,,0.6
0.00619145740331382,R4,resistor,A,C,1000,Ω,,0,,2.5419030467273243,0.002541903046727324,0.006461271098961653,0,true,true,backward_euler_step_doubling,0.00002,,0.6
0.00619145740331382,R5,resistor,C,0,2000,Ω,,0,,3.4580969532726757,0.0017290484766363378,0.005979217269116881,0,true,true,backward_euler_step_doubling,0.00002,,0.6
0.00619145740331382,C6,capacitor,B,C,100,µF,,0,V,-0.05166966822703323,-0.0008128545700913897,0.00004199992595344983,1.3348773073458433e-7,true,true,backward_euler_step_doubling,0.00002,1e-7,0.6
0.006299968260413821,V1,voltage,A,0,6,V,,0,,6,-0.005135349873703313,-0.03081209924221988,0,true,true,backward_euler_step_doubling,0.00002,,0.6
0.006299968260413821,R2,resistor,A,B,1000,Ω,,0,,2.593950378889291,0.002593950378889291,0.006728578568139896,0,true,true,backward_euler_step_doubling,0.00002,,0.6
0.006299968260413821,R3,resistor,B,0,1000,Ω,,0,,3.406049621110709,0.003406049621110709,0.011601174021468404,0,true,true,backward_euler_step_doubling,0.00002,,0.6
0.006299968260413821,R4,resistor,A,C,1000,Ω,,0,,2.541399494814021,0.002541399494814021,0.006458711392240962,0,true,true,backward_euler_step_doubling,0.00002,,0.6
0.006299968260413821,R5,resistor,C,0,2000,Ω,,0,,3.458600505185979,0.0017293002525929895,0.005980958727236354,0,true,true,backward_euler_step_doubling,0.00002,,0.6
0.006299968260413821,C6,capacitor,B,C,100,µF,,0,V,-0.05255088407526998,-0.0008120992422211188,0.0000426765331355766,1.3807977085462317e-7,true,true,backward_euler_step_doubling,0.00002,1e-7,0.6
0.0064084791175138215,V1,voltage,A,0,6,V,,0,,6,-0.005135224102703724,-0.03081134461622234,0,true,true,backward_euler_step_doubling,0.00002,,0.6
0.0064084791175138215,R2,resistor,A,B,1000,Ω,,0,,2.5943276918880467,0.002594327691888047,0.00673053617289716,0,true,true,backward_euler_step_doubling,0.00002,,0.6
0.0064084791175138215,R3,resistor,B,0,1000,Ω,,0,,3.4056723081119533,0.0034056723081119533,0.011598603870240599,0,true,true,backward_euler_step_doubling,0.00002,,0.6
0.0064084791175138215,R4,resistor,A,C,1000,Ω,,0,,2.5408964108156775,0.0025408964108156774,0.006456154570495992,0,true,true,backward_euler_step_doubling,0.00002,,0.6
0.0064084791175138215,R5,resistor,C,0,2000,Ω,,0,,3.4591035891843225,0.0017295517945921613,0.005982698820353931,0,true,true,backward_euler_step_doubling,0.00002,,0.6
0.0064084791175138215,C6,capacitor,B,C,100,µF,,0,V,-0.05343128107236916,-0.0008113446162238251,0.000043351182236008685,1.4274508985172575e-7,true,true,backward_euler_step_doubling,0.00002,1e-7,0.6
0.0065187677881691775,V1,voltage,A,0,6,V,,0,,6,-0.005135096391834147,-0.030810578351004883,0,true,true,backward_euler_step_doubling,0.00002,,0.6
0.0065187677881691775,R2,resistor,A,B,1000,Ω,,0,,2.5947108244972306,0.0025947108244972305,0.006732524262763098,0,true,true,backward_euler_step_doubling,0.00002,,0.6
0.0065187677881691775,R3,resistor,B,0,1000,Ω,,0,,3.4052891755027694,0.0034052891755027696,0.011595994368796332,0,true,true,backward_euler_step_doubling,0.00002,,0.6
0.0065187677881691775,R4,resistor,A,C,1000,Ω,,0,,2.540385567336917,0.002540385567336917,0.00645355883073371,0,true,true,backward_euler_step_doubling,0.00002,,0.6
0.0065187677881691775,R5,resistor,C,0,2000,Ω,,0,,3.459614432663083,0.0017298072163315415,0.0059844660113453525,0,true,true,backward_euler_step_doubling,0.00002,,0.6
0.0065187677881691775,C6,capacitor,B,C,100,µF,,0,V,-0.054325257160313445,-0.0008105783510056939,0.000044034877366967136,1.4756167827670936e-7,true,true,backward_euler_step_doubling,0.00002,1e-7,0.6
0.0066290564588245325,V1,voltage,A,0,6,V,,0,,6,-0.005134968801579526,-0.030809812809477158,0,true,true,backward_euler_step_doubling,0.00002,,0.6
0.0066290564588245325,R2,resistor,A,B,1000,Ω,,0,,2.5950935952611047,0.002595093595261105,0.006734510768165207,0,true,true,backward_euler_step_doubling,0.00002,,0.6
0.0066290564588245325,R3,resistor,B,0,1000,Ω,,0,,3.4049064047388953,0.0034049064047388953,0.01159338762503195,0,true,true,backward_euler_step_doubling,0.00002,,0.6
0.0066290564588245325,R4,resistor,A,C,1000,Ω,,0,,2.5398752063184213,0.002539875206318421,0.006450966063671043,0,true,true,backward_euler_step_doubling,0.00002,,0.6
0.0066290564588245325,R5,resistor,C,0,2000,Ω,,0,,3.4601247936815787,0.0017300623968407893,0.005986231793924993,0,true,true,backward_euler_step_doubling,0.00002,,0.6
0.0066290564588245325,C6,capacitor,B,C,100,µF,,0,V,-0.05521838894268338,-0.0008098128094778774,0.000044716558684516595,1.524535238712729e-7,true,true,backward_euler_step_doubling,0.00002,1e-7,0.6
0.006741126550720952,V1,voltage,A,0,6,V,,0,,6,-0.005134839274865714,-0.030809035649194284,0,true,true,backward_euler_step_doubling,0.00002,,0.6
0.006741126550720952,R2,resistor,A,B,1000,Ω,,0,,2.595482175401963,0.002595482175401963,0.006736527722829306,0,true,true,backward_euler_step_doubling,0.00002,,0.6
0.006741126550720952,R3,resistor,B,0,1000,Ω,,0,,3.404517824598037,0.003404517824598037,0.01159074161800575,0,true,true,backward_euler_step_doubling,0.00002,,0.6
0.006741126550720952,R4,resistor,A,C,1000,Ω,,0,,2.539357099463751,0.002539357099463751,0.006448334478596954,0,true,true,backward_euler_step_doubling,0.00002,,0.6
0.006741126550720952,R5,resistor,C,0,2000,Ω,,0,,3.460642900536249,0.0017303214502681246,0.005988024642515972,0,true,true,backward_euler_step_doubling,0.00002,,0.6
0.006741126550720952,C6,capacitor,B,C,100,µF,,0,V,-0.05612507593821192,-0.0008090356491958056,0.000045407187247835165,1.5750120745350272e-7,true,true,backward_euler_step_doubling,0.00002,1e-7,0.6
0.006853196642617373,V1,voltage,A,0,6,V,,0,,6,-0.005134709872456126,-0.030808259234736755,0,true,true,backward_euler_step_doubling,0.00002,,0.6
0.006853196642617373,R2,resistor,A,B,1000,Ω,,0,,2.5958703826307357,0.002595870382630736,0.006738543043419442,0,true,true,backward_euler_step_doubling,0.00002,,0.6
0.006853196642617373,R3,resistor,B,0,1000,Ω,,0,,3.4041296173692643,0.0034041296173692643,0.011588098451850614,0,true,true,backward_euler_step_doubling,0.00002,,0.6
0.006853196642617373,R4,resistor,A,C,1000,Ω,,0,,2.5388394898253908,0.002538839489825391,0.006445705955096851,0,true,true,backward_euler_step_doubling,0.00002,,0.6
0.006853196642617373,R5,resistor,C,0,2000,Ω,,0,,3.4611605101746092,0.0017305802550873046,0.0059898160385960806,0,true,true,backward_euler_step_doubling,0.00002,,0.6
0.006853196642617373,C6,capacitor,B,C,100,µF,,0,V,-0.0570308928053449,-0.0008082592347387154,0.00004609574577531378,1.62626136708737e-7,true,true,backward_euler_step_doubling,0.00002,1e-7,0.6
0.006967051818859395,V1,voltage,A,0,6,V,,0,,6,-0.0051345785370586145,-0.03080747122235169,0,true,true,backward_euler_step_doubling,0.00002,,0.6
0.006967051818859395,R2,resistor,A,B,1000,Ω,,0,,2.5962643888236356,0.0025962643888236357,0.006740588776673767,0,true,true,backward_euler_step_doubling,0.00002,,0.6
0.006967051818859395,R3,resistor,B,0,1000,Ω,,0,,3.4037356111763644,0.0034037356111763645,0.011585416110790139,0,true,true,backward_euler_step_doubling,0.00002,,0.6
0.006967051818859395,R4,resistor,A,C,1000,Ω,,0,,2.5383141482349774,0.0025383141482349775,0.006443038715129859,0,true,true,backward_euler_step_doubling,0.00002,,0.6
0.006967051818859395,R5,resistor,C,0,2000,Ω,,0,,3.4616858517650226,0.0017308429258825113,0.005991634468155065,0,true,true,backward_euler_step_doubling,0.00002,,0.6
0.006967051818859395,C6,capacitor,B,C,100,µF,,0,V,-0.057950240588658275,-0.0008074712223527853,0.00004679315160376189,1.6791151921416884e-7,true,true,backward_euler_step_doubling,0.00002,1e-7,0.6
0.007080906995101418,V1,voltage,A,0,6,V,,0,,6,-0.005134447329706452,-0.03080668397823871,0,true,true,backward_euler_step_doubling,0.00002,,0.6
0.007080906995101418,R2,resistor,A,B,1000,Ω,,0,,2.596658010880125,0.002596658010880125,0.006742632825467927,0,true,true,backward_euler_step_doubling,0.00002,,0.6
0.007080906995101418,R3,resistor,B,0,1000,Ω,,0,,3.403341989119875,0.0034033419891198752,0.011582736694906429,0,true,true,backward_euler_step_doubling,0.00002,,0.6
0.007080906995101418,R4,resistor,A,C,1000,Ω,,0,,2.5377893188263254,0.0025377893188263255,0.006440374626748985,0,true,true,backward_euler_step_doubling,0.00002,,0.6
0.007080906995101418,R5,resistor,C,0,2000,Ω,,0,,3.4622106811736746,0.0017311053405868373,0.00599345140041654,0,true,true,backward_euler_step_doubling,0.00002,,0.6
0.007080906995101418,C6,capacitor,B,C,100,µF,,0,V,-0.05886869205379952,-0.0008066839782399464,0.00004748843069974132,1.7327614520625392e-7,true,true,backward_euler_step_doubling,0.00002,1e-7,0.6
0.0071965509749351494,V1,voltage,A,0,6,V,,0,,6,-0.005134314192896833,-0.030805885157381,0,true,true,backward_euler_step_doubling,0.00002,,0.6
0.0071965509749351494,R2,resistor,A,B,1000,Ω,,0,,2.5970574213097586,0.0025970574213097586,0.006744707249580093,0,true,true,backward_euler_step_doubling,0.00002,,0.6
0.0071965509749351494,R3,resistor,B,0,1000,Ω,,0,,3.4029425786902414,0.0034029425786902415,0.01158001819386299,0,true,true,backward_euler_step_doubling,0.00002,,0.6
0.0071965509749351494,R4,resistor,A,C,1000,Ω,,0,,2.537256771587075,0.002537256771587075,0.006437671924964466,0,true,true,backward_euler_step_doubling,0.00002,,0.6
0.0071965509749351494,R5,resistor,C,0,2000,Ω,,0,,3.462743228412925,0.0017313716142064626,0.005995295332959784,0,true,true,backward_euler_step_doubling,0.00002,,0.6
0.0071965509749351494,C6,capacitor,B,C,100,µF,,0,V,-0.05980064972268373,-0.000805885157380555,0.000048192456013224417,1.7880588536275568e-7,true,true,backward_euler_step_doubling,0.00002,1e-7,0.6
0.007312194954768881,V1,voltage,A,0,6,V,,0,,6,-0.005134181187926062,-0.03080508712755637,0,true,true,backward_euler_step_doubling,0.00002,,0.6
0.007312194954768881,R2,resistor,A,B,1000,Ω,,0,,2.5974564362220898,0.00259745643622209,0.006746779938071559,0,true,true,backward_euler_step_doubling,0.00002,,0.6
0.007312194954768881,R3,resistor,B,0,1000,Ω,,0,,3.4025435637779102,0.0034025435637779103,0.011577302703406482,0,true,true,backward_euler_step_doubling,0.00002,,0.6
0.007312194954768881,R4,resistor,A,C,1000,Ω,,0,,2.5367247517039715,0.0025367247517039714,0.006434972465907575,0,true,true,backward_euler_step_doubling,0.00002,,0.6
0.007312194954768881,R5,resistor,C,0,2000,Ω,,0,,3.4632752482960285,0.0017316376241480142,0.005997137722729959,0,true,true,backward_euler_step_doubling,0.00002,,0.6
0.007312194954768881,C6,capacitor,B,C,100,µF,,0,V,-0.06073168451811828,-0.0008050871275557538,0.00004889429744031409,1.8441687522041235e-7,true,true,backward_euler_step_doubling,0.00002,1e-7,0.6
0.007429631514290317,V1,voltage,A,0,6,V,,0,,6,-0.005134046257086678,-0.03080427754252007,0,true,true,backward_euler_step_doubling,0.00002,,0.6
0.007429631514290317,R2,resistor,A,B,1000,Ω,,0,,2.597861228739867,0.002597861228739867,0.006748882963789811,0,true,true,backward_euler_step_doubling,0.00002,,0.6
0.007429631514290317,R3,resistor,B,0,1000,Ω,,0,,3.402138771260133,0.003402138771260133,0.011574548218911407,0,true,true,backward_euler_step_doubling,0.00002,,0.6
0.007429631514290317,R4,resistor,A,C,1000,Ω,,0,,2.5361850283468095,0.0025361850283468095,0.006432234498010507,0,true,true,backward_euler_step_doubling,0.00002,,0.6
0.007429631514290317,R5,resistor,C,0,2000,Ω,,0,,3.4638149716531905,0.0017319074858265953,0.005999007078924396,0,true,true,backward_euler_step_doubling,0.00002,,0.6
0.007429631514290317,C6,capacitor,B,C,100,µF,,0,V,-0.061676200393057545,-0.0008042775425201928,0.00004960478288411127,1.9019768474622955e-7,true,true,backward_euler_step_doubling,0.00002,1e-7,0.6
0.007547068073811752,V1,voltage,A,0,6,V,,0,,6,-0.0051339114619320765,-0.030803468771592457,0,true,true,backward_euler_step_doubling,0.00002,,0.6
0.007547068073811752,R2,resistor,A,B,1000,Ω,,0,,2.5982656142036604,0.0025982656142036604,0.006750984201953124,0,true,true,backward_euler_step_doubling,0.00002,,0.6
0.007547068073811752,R3,resistor,B,0,1000,Ω,,0,,3.4017343857963396,0.0034017343857963398,0.0115717968315092,0,true,true,backward_euler_step_doubling,0.00002,,0.6
0.007547068073811752,R4,resistor,A,C,1000,Ω,,0,,2.535645847728415,0.0025356458477284152,0.0064294998651023534,0,true,true,backward_euler_step_doubling,0.00002,,0.6
0.007547068073811752,R5,resistor,C,0,2000,Ω,,0,,3.464354152271585,0.0017321770761357924,0.006000874846180686,0,true,true,backward_euler_step_doubling,0.00002,,0.6
0.007547068073811752,C6,capacitor,B,C,100,µF,,0,V,-0.06261976647524525,-0.0008034687715927836,0.00005031302684729228,1.9606175767071247e-7,true,true,backward_euler_step_doubling,0.00002,1e-7,0.6
0.007666301046476206,V1,voltage,A,0,6,V,,0,,6,-0.005133774744556696,-0.030802648467340175,0,true,true,backward_euler_step_doubling,0.00002,,0.6
0.007666301046476206,R2,resistor,A,B,1000,Ω,,0,,2.598675766329799,0.0025986757663297986,0.006753115738509767,0,true,true,backward_euler_step_doubling,0.00002,,0.6
0.007666301046476206,R3,resistor,B,0,1000,Ω,,0,,3.401324233670201,0.003401324233670201,0.011569006542552182,0,true,true,backward_euler_step_doubling,0.00002,,0.6
0.007666301046476206,R4,resistor,A,C,1000,Ω,,0,,2.535098978226898,0.002535098978226898,0.006426726829407061,0,true,true,backward_euler_step_doubling,0.00002,,0.6
0.007666301046476206,R5,resistor,C,0,2000,Ω,,0,,3.464901021773102,0.0017324505108865511,0.006002769545342144,0,true,true,backward_euler_step_doubling,0.00002,,0.6
0.007666301046476206,C6,capacitor,B,C,100,µF,,0,V,-0.06357678810290102,-0.0008026484673405073,0.0000510298115292257,2.021003992740588e-7,true,true,backward_euler_step_doubling,0.00002,1e-7,0.6
0.00778553401914066,V1,voltage,A,0,6,V,,0,,6,-0.0051336381667634,-0.0308018290005804,0,true,true,backward_euler_step_doubling,0.00002,,0.6
0.00778553401914066,R2,resistor,A,B,1000,Ω,,0,,2.5990854997096893,0.002599085499709689,0.006755245434801165,0,true,true,backward_euler_step_doubling,0.00002,,0.6
0.00778553401914066,R3,resistor,B,0,1000,Ω,,0,,3.4009145002903107,0.0034009145002903106,0.011566219438284894,0,true,true,backward_euler_step_doubling,0.00002,,0.6
0.00778553401914066,R4,resistor,A,C,1000,Ω,,0,,2.53455266705371,0.0025345526670537103,0.006423957222069076,0,true,true,backward_euler_step_doubling,0.00002,,0.6
0.00778553401914066,R5,resistor,C,0,2000,Ω,,0,,3.46544733294629,0.001732723666473145,0.006004662608712277,0,true,true,backward_euler_step_doubling,0.00002,,0.6
0.00778553401914066,C6,capacitor,B,C,100,µF,,0,V,-0.06453283265597909,-0.0008018290005807208,0.00005174429671318662,2.0822432453023003e-7,true,true,backward_euler_step_doubling,0.00002,1e-7,0.6
0.007906567296724674,V1,voltage,A,0,6,V,,0,,6,-0.005133499670454769,-0.030800998022728614,0,true,true,backward_euler_step_doubling,0.00002,,0.6
0.007906567296724674,R2,resistor,A,B,1000,Ω,,0,,2.5995009886355196,0.0025995009886355196,0.006757405389917044,0,true,true,backward_euler_step_doubling,0.00002,,0.6
0.007906567296724674,R3,resistor,B,0,1000,Ω,,0,,3.4004990113644804,0.0034004990113644805,0.01156339352629081,0,true,true,backward_euler_step_doubling,0.00002,,0.6
0.007906567296724674,R4,resistor,A,C,1000,Ω,,0,,2.5339986818192486,0.0025339986818192486,0.00642114931946169,0,true,true,backward_euler_step_doubling,0.00002,,0.6
0.007906567296724674,R5,resistor,C,0,2000,Ω,,0,,3.4660013181807514,0.0017330006590903758,0.006006582568815353,0,true,true,backward_euler_step_doubling,0.00002,,0.6
0.007906567296724674,C6,capacitor,B,C,100,µF,,0,V,-0.065502306816271,-0.0008009980227288859,0.000052467218244013896,2.1452760991264514e-7,true,true,backward_euler_step_doubling,0.00002,1e-7,0.6
0.008027600574308688,V1,voltage,A,0,6,V,,0,,6,-0.005133361317677219,-0.030800167906063314,0,true,true,backward_euler_step_doubling,0.00002,,0.6
0.008027600574308688,R2,resistor,A,B,1000,Ω,,0,,2.5999160469681866,0.0025999160469681866,0.006759563451282682,0,true,true,backward_euler_step_doubling,0.00002,,0.6
0.008027600574308688,R3,resistor,B,0,1000,Ω,,0,,3.4000839530318134,0.0034000839530318135,0.011560570887664443,0,true,true,backward_euler_step_doubling,0.00002,,0.6
0.008027600574308688,R4,resistor,A,C,1000,Ω,,0,,2.533445270709031,0.002533445270709031,0.006418344939677956,0,true,true,backward_euler_step_doubling,0.00002,,0.6
0.008027600574308688,R5,resistor,C,0,2000,Ω,,0,,3.466554729290969,0.0017332773646454845,0.006008500845584791,0,true,true,backward_euler_step_doubling,0.00002,,0.6
0.008027600574308688,C6,capacitor,B,C,100,µF,,0,V,-0.06647077625915543,-0.0008001679060638257,0.00005318778185372546,2.2091820482473504e-7,true,true,backward_euler_step_doubling,0.00002,1e-7,0.6
0.008150438107471712,V1,voltage,A,0,6,V,,0,,6,-0.005133221050147178,-0.03079932630088307,0,true,true,backward_euler_step_doubling,0.00002,,0.6
0.008150438107471712,R2,resistor,A,B,1000,Ω,,0,,2.6003368495581314,0.0026003368495581313,0.0067617517311699075,0,true,true,backward_euler_step_doubling,0.00002,,0.6
0.008150438107471712,R3,resistor,B,0,1000,Ω,,0,,3.3996631504418686,0.0033996631504418684,0.011557709536472331,0,true,true,backward_euler_step_doubling,0.00002,,0.6
0.008150438107471712,R4,resistor,A,C,1000,Ω,,0,,2.5328842005890473,0.002532884200589047,0.006415502373593617,0,true,true,backward_euler_step_doubling,0.00002,,0.6
0.008150438107471712,R5,resistor,C,0,2000,Ω,,0,,3.4671157994109527,0.0017335578997054763,0.006010445983262525,0,true,true,backward_euler_step_doubling,0.00002,,0.6
0.008150438107471712,C6,capacitor,B,C,100,µF,,0,V,-0.0674526489690841,-0.0007993263008836106,0.00005391667638525868,2.2749299264732408e-7,true,true,backward_euler_step_doubling,0.00002,1e-7,0.6
0.008273275640634733,V1,voltage,A,0,6,V,,0,,6,-0.0051330809301485735,-0.03079848558089144,0,true,true,backward_euler_step_doubling,0.00002,,0.6
0.008273275640634733,R2,resistor,A,B,1000,Ω,,0,,2.600757209553944,0.002600757209553944,0.006763938063046818,0,true,true,backward_euler_step_doubling,0.00002,,0.6
0.008273275640634733,R3,resistor,B,0,1000,Ω,,0,,3.399242790446056,0.0033992427904460556,0.011554851548399487,0,true,true,backward_euler_step_doubling,0.00002,,0.6
0.008273275640634733,R4,resistor,A,C,1000,Ω,,0,,2.5323237205946296,0.0025323237205946295,0.006412663425886227,0,true,true,backward_euler_step_doubling,0.00002,,0.6
0.008273275640634733,R5,resistor,C,0,2000,Ω,,0,,3.4676762794053704,0.001733838139702685,0.006012389389375336,0,true,true,backward_euler_step_doubling,0.00002,,0.6
0.008273275640634733,C6,capacitor,B,C,100,µF,,0,V,-0.06843348895931456,-0.000798485580892245,0.00005464315418416132,2.3415712055723135e-7,true,true,backward_euler_step_doubling,0.00002,1e-7,0.6
0.008397921439591425,V1,voltage,A,0,6,V,,0,,6,-0.00513293889921741,-0.03079763339530446,0,true,true,backward_euler_step_doubling,0.00002,,0.6
0.008397921439591425,R2,resistor,A,B,1000,Ω,,0,,2.6011833023475233,0.0026011833023475233,0.006766154572411567,0,true,true,backward_euler_step_doubling,0.00002,,0.6
0.008397921439591425,R3,resistor,B,0,1000,Ω,,0,,3.3988166976524767,0.003398816697652477,0.011551954944241287,0,true,true,backward_euler_step_doubling,0.00002,,0.6
0.008397921439591425,R4,resistor,A,C,1000,Ω,,0,,2.5317555968698855,0.0025317555968698857,0.0064097864022819905,0,true,true,backward_euler_step_doubling,0.00002,,0.6
0.008397921439591425,R5,resistor,C,0,2000,Ω,,0,,3.4682444031301145,0.0017341222015650572,0.006014359619921682,0,true,true,backward_euler_step_doubling,0.00002,,0.6
0.008397921439591425,C6,capacitor,B,C,100,µF,,0,V,-0.06942770547763777,-0.0007976333953049247,0.00005537785644835853,2.4101031439448065e-7,true,true,backward_euler_step_doubling,0.00002,1e-7,0.6
0.008522567238548115,V1,voltage,A,0,6,V,,0,,6,-0.0051327970198690644,-0.030796782119214387,0,true,true,backward_euler_step_doubling,0.00002,,0.6
0.008522567238548115,R2,resistor,A,B,1000,Ω,,0,,2.60160894039257,0.0026016089403925703,0.006768369078730552,0,true,true,backward_euler_step_doubling,0.00002,,0.6
0.008522567238548115,R3,resistor,B,0,1000,Ω,,0,,3.39839105960743,0.00339839105960743,0.01154906179401971,0,true,true,backward_euler_step_doubling,0.00002,,0.6
0.008522567238548115,R4,resistor,A,C,1000,Ω,,0,,2.531188079476493,0.0025311880794764933,0.0064069130936838985,0,true,true,backward_euler_step_doubling,0.00002,,0.6
0.008522567238548115,R5,resistor,C,0,2000,Ω,,0,,3.468811920523507,0.0017344059602617534,0.00601632806998299,0,true,true,backward_euler_step_doubling,0.00002,,0.6
0.008522567238548115,C6,capacitor,B,C,100,µF,,0,V,-0.07042086091607702,-0.0007967821192147246,0.00005611008279763722,2.4795488260807317e-7,true,true,backward_euler_step_doubling,0.00002,1e-7,0.6
0.00864902537377527,V1,voltage,A,0,6,V,,0,,6,-0.005132653233464455,-0.03079591940078673,0,true,true,backward_euler_step_doubling,0.00002,,0.6
0.00864902537377527,R2,resistor,A,B,1000,Ω,,0,,2.6020402996063394,0.002602040299606339,0.006770613720775448,0,true,true,backward_euler_step_doubling,0.00002,,0.6
0.00864902537377527,R3,resistor,B,0,1000,Ω,,0,,3.3979597003936606,0.0033979597003936605,0.011546130125499375,0,true,true,backward_euler_step_doubling,0.00002,,0.6
0.00864902537377527,R4,resistor,A,C,1000,Ω,,0,,2.530612933858116,0.0025306129338581156,0.00640400182100998,0,true,true,backward_euler_step_doubling,0.00002,,0.6
0.00864902537377527,R5,resistor,C,0,2000,Ω,,0,,3.469387066141884,0.001734693533070942,0.006018323307356295,0,true,true,backward_euler_step_doubling,0.00002,,0.6
0.00864902537377527,C6,capacitor,B,C,100,µF,,0,V,-0.07142736574822361,-0.0007959194007871582,0.00005685042614613133,2.5509342888652537e-7,true,true,backward_euler_step_doubling,0.00002,1e-7,0.6
0.008775483509002428,V1,voltage,A,0,6,V,,0,,6,-0.005132509602745065,-0.03079505761647039,0,true,true,backward_euler_step_doubling,0.00002,,0.6
0.008775483509002428,R2,resistor,A,B,1000,Ω,,0,,2.60247119176453,0.00260247119176453,0.006772856303964293,0,true,true,backward_euler_step_doubling,0.00002,,0.6
0.008775483509002428,R3,resistor,B,0,1000,Ω,,0,,3.39752880823547,0.00339752880823547,0.011543202002789932,0,true,true,backward_euler_step_doubling,0.00002,,0.6
0.008775483509002428,R4,resistor,A,C,1000,Ω,,0,,2.5300384109805356,0.0025300384109805357,0.0064010943610369134,0,true,true,backward_euler_step_doubling,0.00002,,0.6
0.008775483509002428,R5,resistor,C,0,2000,Ω,,0,,3.4699615890194644,0.0017349807945097322,0.006020316714635243,0,true,true,backward_euler_step_doubling,0.00002,,0.6
0.008775483509002428,C6,capacitor,B,C,100,µF,,0,V,-0.0724327807839944,-0.0007950576164710676,0.000057588234044493934,2.623253866051094e-7,true,true,backward_euler_step_doubling,0.00002,1e-7,0.6
0.008903758111961885,V1,voltage,A,0,6,V,,0,,6,-0.005132364068901614,-0.030794184413409684,0,true,true,backward_euler_step_doubling,0.00002,,0.6
0.008903758111961885,R2,resistor,A,B,1000,Ω,,0,,2.6029077932943383,0.0026029077932943384,0.006775128980392402,0,true,true,backward_euler_step_doubling,0.00002,,0.6
0.008903758111961885,R3,resistor,B,0,1000,Ω,,0,,3.3970922067056617,0.0033970922067056617,0.011540235460860342,0,true,true,backward_euler_step_doubling,0.00002,,0.6
0.008903758111961885,R4,resistor,A,C,1000,Ω,,0,,2.529456275607275,0.002529456275607275,0.006398149050209027,0,true,true,backward_euler_step_doubling,0.00002,,0.6
0.008903758111961885,R5,resistor,C,0,2000,Ω,,0,,3.470543724392725,0.0017352718621963625,0.006022336871460863,0,true,true,backward_euler_step_doubling,0.00002,,0.6
0.008903758111961885,C6,capacitor,B,C,100,µF,,0,V,-0.07345151768706337,-0.0007941844134110902,0.00005833405048845474,2.697562725266491e-7,true,true,backward_euler_step_doubling,0.00002,1e-7,0.6
0.009032032714921343,V1,voltage,A,0,6,V,,0,,6,-0.005132218694896544,-0.030793312169379264,0,true,true,backward_euler_step_doubling,0.00002,,0.6
0.009032032714921343,R2,resistor,A,B,1000,Ω,,0,,2.6033439153095546,0.0026033439153095544,0.006777399541379281,0,true,true,backward_euler_step_doubling,0.00002,,0.6
0.009032032714921343,R3,resistor,B,0,1000,Ω,,0,,3.3966560846904454,0.0033966560846904453,0.011537272557664626,0,true,true,backward_euler_step_doubling,0.00002,,0.6
0.009032032714921343,R4,resistor,A,C,1000,Ω,,0,,2.528874779586989,0.0025288747795869887,0.006395207650831141,0,true,true,backward_euler_step_doubling,0.00002,,0.6
0.009032032714921343,R5,resistor,C,0,2000,Ω,,0,,3.471125220413011,0.0017355626102065055,0.006024355147893638,0,true,true,backward_euler_step_doubling,0.00002,,0.6
0.009032032714921343,C6,capacitor,B,C,100,µF,,0,V,-0.07446913572256575,-0.0007933121693808749,0.00005907727161198744,2.772826087632959e-7,true,true,backward_euler_step_doubling,0.00002,1e-7,0.6
0.009162127978703867,V1,voltage,A,0,6,V,,0,,6,-0.005132071421755749,-0.03079242853053449,0,true,true,backward_euler_step_doubling,0.00002,,0.6
0.009162127978703867,R2,resistor,A,B,1000,Ω,,0,,2.6037857347327,0.0026037857347327,0.006779700152397506,0,true,true,backward_euler_step_doubling,0.00002,,0.6
0.009162127978703867,R3,resistor,B,0,1000,Ω,,0,,3.3962142652673,0.0033962142652673,0.011534271335605107,0,true,true,backward_euler_step_doubling,0.00002,,0.6
0.009162127978703867,R4,resistor,A,C,1000,Ω,,0,,2.528285687023047,0.002528285687023047,0.0063922285152056,0,true,true,backward_euler_step_doubling,0.00002,,0.6
0.009162127978703867,R5,resistor,C,0,2000,Ω,,0,,3.471714312976953,0.0017358571564884766,0.006026400135464519,0,true,true,backward_euler_step_doubling,0.00002,,0.6
0.009162127978703867,C6,capacitor,B,C,100,µF,,0,V,-0.07550004770965302,-0.000792428530534834,0.0000598283918618702,2.8501286020799406e-7,true,true,backward_euler_step_doubling,0.00002,1e-7,0.6
0.00929222324248639,V1,voltage,A,0,6,V,,0,,6,-0.005131924312656425,-0.030791545875938547,0,true,true,backward_euler_step_doubling,0.00002,,0.6
0.00929222324248639,R2,resistor,A,B,1000,Ω,,0,,2.604227062030669,0.002604227062030669,0.006781998590612889,0,true,true,backward_euler_step_doubling,0.00002,,0.6
0.00929222324248639,R3,resistor,B,0,1000,Ω,,0,,3.395772937969331,0.003395772937969331,0.011531273846244862,0,true,true,backward_euler_step_doubling,0.00002,,0.6
0.00929222324248639,R4,resistor,A,C,1000,Ω,,0,,2.527697250625754,0.002527697250625754,0.006389253390820995,0,true,true,backward_euler_step_doubling,0.00002,,0.6
0.00929222324248639,R5,resistor,C,0,2000,Ω,,0,,3.472302749374246,0.0017361513746871231,0.006028443191655975,0,true,true,backward_euler_step_doubling,0.00002,,0.6
0.00929222324248639,C6,capacitor,B,C,100,µF,,0,V,-0.0765298114049151,-0.0007915458759386598,0.00006057685660392396,2.928406016835937e-7,true,true,backward_euler_step_doubling,0.00002,1e-7,0.6
0.009424143422567133,V1,voltage,A,0,6,V,,0,,6,-0.005131775308464222,-0.030790651850785333,0,true,true,backward_euler_step_doubling,0.00002,,0.6
0.009424143422567133,R2,resistor,A,B,1000,Ω,,0,,2.604674074607253,0.002604674074607253,0.00678432703493115,0,true,true,backward_euler_step_doubling,0.00002,,0.6
0.009424143422567133,R3,resistor,B,0,1000,Ω,,0,,3.395325925392747,0.003395325925392747,0.011528238139644114,0,true,true,backward_euler_step_doubling,0.00002,,0.6
0.009424143422567133,R4,resistor,A,C,1000,Ω,,0,,2.5271012338569694,0.0025271012338569693,0.0063862406461614165,0,true,true,backward_euler_step_doubling,0.00002,,0.6
0.009424143422567133,R5,resistor,C,0,2000,Ω,,0,,3.4728987661430306,0.0017364493830715152,0.006030512919938892,0,true,true,backward_euler_step_doubling,0.00002,,0.6
0.009424143422567133,C6,capacitor,B,C,100,µF,,0,V,-0.07757284075028359,-0.0007906518507859018,0.00006133311010993174,3.0087728110344285e-7,true,true,backward_euler_step_doubling,0.00002,1e-7,0.6
0.009556063602647876,V1,voltage,A,0,6,V,,0,,6,-0.005131626472567391,-0.030789758835404343,0,true,true,backward_euler_step_doubling,0.00002,,0.6
0.009556063602647876,R2,resistor,A,B,1000,Ω,,0,,2.605120582297772,0.002605120582297772,0.006786653248311483,0,true,true,backward_euler_step_doubling,0.00002,,0.6
0.009556063602647876,R3,resistor,B,0,1000,Ω,,0,,3.394879417702228,0.003394879417702228,0.011525206260738217,0,true,true,backward_euler_step_doubling,0.00002,,0.6
0.009556063602647876,R4,resistor,A,C,1000,Ω,,0,,2.526505890269619,0.002526505890269619,0.006383232013567081,0,true,true,backward_euler_step_doubling,0.00002,,0.6
0.009556063602647876,R5,resistor,C,0,2000,Ω,,0,,3.473494109730381,0.0017367470548651904,0.006032580665165825,0,true,true,backward_euler_step_doubling,0.00002,,0.6
0.009556063602647876,C6,capacitor,B,C,100,µF,,0,V,-0.07861469202815297,-0.000789758835404641,0.00006208664762184859,3.090134901340669e-7,true,true,backward_euler_step_doubling,0.00002,1e-7,0.6
0.009689813017429183,V1,voltage,A,0,6,V,,0,,6,-0.005131475745675568,-0.03078885447405341,0,true,true,backward_euler_step_doubling,0.00002,,0.6
0.009689813017429183,R2,resistor,A,B,1000,Ω,,0,,2.6055727629731225,0.0026055727629731226,0.006789009423147392,0,true,true,backward_euler_step_doubling,0.00002,,0.6
0.009689813017429183,R3,resistor,B,0,1000,Ω,,0,,3.3944272370268775,0.0033944272370268775,0.011522136267469922,0,true,true,backward_euler_step_doubling,0.00002,,0.6
0.009689813017429183,R4,resistor,A,C,1000,Ω,,0,,2.5259029827024464,0.0025259029827024463,0.006380185878025115,0,true,true,backward_euler_step_doubling,0.00002,,0.6
0.009689813017429183,R5,resistor,C,0,2000,Ω,,0,,3.4740970172975536,0.001737048508648777,0.00603467504279788,0,true,true,backward_euler_step_doubling,0.00002,,0.6
0.009689813017429183,C6,capacitor,B,C,100,µF,,0,V,-0.07966978027067606,-0.0007888544740537789,0.0000628478626134043,3.173636944188902e-7,true,true,backward_euler_step_doubling,0.00002,1e-7,0.6
0.009823562432210492,V1,voltage,A,0,6,V,,0,,6,-0.005131325191382772,-0.030787951148296633,0,true,true,backward_euler_step_doubling,0.00002,,0.6
0.009823562432210492,R2,resistor,A,B,1000,Ω,,0,,2.6060244258515297,0.0026060244258515296,0.0067913633081347945,0,true,true,backward_euler_step_doubling,0.00002,,0.6
0.009823562432210492,R3,resistor,B,0,1000,Ω,,0,,3.3939755741484703,0.00339397557414847,0.011519070197916438,0,true,true,backward_euler_step_doubling,0.00002,,0.6
0.009823562432210492,R4,resistor,A,C,1000,Ω,,0,,2.525300765531244,0.0025253007655312437,0.006377143956392686,0,true,true,backward_euler_step_doubling,0.00002,,0.6
0.009823562432210492,R5,resistor,C,0,2000,Ω,,0,,3.474699234468756,0.001737349617234378,0.00603676738500888,0,true,true,backward_euler_step_doubling,0.00002,,0.6
0.009823562432210492,C6,capacitor,B,C,100,µF,,0,V,-0.08072366032028588,-0.0007879511482969922,0.00006360630084410561,3.2581546677524485e-7,true,true,backward_euler_step_doubling,0.00002,1e-7,0.6
0.009959145463942276,V1,voltage,A,0,6,V,,0,,6,-0.0051311727502470665,-0.0307870365014824,0,true,true,backward_euler_step_doubling,0.00002,,0.6
0.009959145463942276,R2,resistor,A,B,1000,Ω,,0,,2.6064817492584496,0.0026064817492584495,0.006793747109217387,0,true,true,backward_euler_step_doubling,0.00002,,0.6
0.009959145463942276,R3,resistor,B,0,1000,Ω,,0,,3.3935182507415504,0.0033935182507415502,0.011515966118115992,0,true,true,backward_euler_step_doubling,0.00002,,0.6
0.009959145463942276,R4,resistor,A,C,1000,Ω,,0,,2.524691000988617,0.002524691000988617,0.006374064650472905,0,true,true,backward_euler_step_doubling,0.00002,,0.6
0.009959145463942276,R5,resistor,C,0,2000,Ω,,0,,3.475308999011383,0.0017376544995056915,0.00603888631930475,0,true,true,backward_euler_step_doubling,0.00002,,0.6
0.009959145463942276,C6,capacitor,B,C,100,µF,,0,V,-0.08179074826983257,-0.0007870365014832008,0.0000643723043719822,3.3448632512695593e-7,true,true,backward_euler_step_doubling,0.00002,1e-7,0.6
0.010094728495674058,V1,voltage,A,0,6,V,,0,,6,-0.005131020486063763,-0.03078612291638258,0,true,true,backward_euler_step_doubling,0.00002,,0.6
0.010094728495674058,R2,resistor,A,B,1000,Ω,,0,,2.606938541808384,0.002606938541808384,0.006796128560766022,0,true,true,backward_euler_step_doubling,0.00002,,0.6
0.010094728495674058,R3,resistor,B,0,1000,Ω,,0,,3.393061458191616,0.003393061458191616,0.011512866059065416,0,true,true,backward_euler_step_doubling,0.00002,,0.6
0.010094728495674058,R4,resistor,A,C,1000,Ω,,0,,2.5240819442553803,0.0025240819442553806,0.0063709896613160216,0,true,true,backward_euler_step_doubling,0.00002,,0.6
0.010094728495674058,R5,resistor,C,0,2000,Ω,,0,,3.4759180557446197,0.0017379590278723098,0.006041003165125728,0,true,true,backward_euler_step_doubling,0.00002,,0.6
0.010094728495674058,C6,capacitor,B,C,100,µF,,0,V,-0.08285659755300356,-0.0007861229163834506,0.00006513547010997703,3.432607879030198e-7,true,true,backward_euler_step_doubling,0.00002,1e-7,0.6
0.010232149590906736,V1,voltage,A,0,6,V,,0,,6,-0.005130866339243877,-0.030785198035463264,0,true,true,backward_euler_step_doubling,0.00002,,0.6
0.010232149590906736,R2,resistor,A,B,1000,Ω,,0,,2.60740098226848,0.0026074009822684803,0.006798539882334635,0,true,true,backward_euler_step_doubling,0.00002,,0.6
0.010232149590906736,R3,resistor,B,0,1000,Ω,,0,,3.39259901773152,0.00339259901773152,0.011509728095112874,0,true,true,backward_euler_step_doubling,0.00002,,0.6
0.010232149590906736,R4,resistor,A,C,1000,Ω,,0,,2.523465356975397,0.002523465356975397,0.006367877407854969,0,true,true,backward_euler_step_doubling,0.00002,,0.6
0.010232149590906736,R5,resistor,C,0,2000,Ω,,0,,3.476534643024603,0.0017382673215123015,0.006043146562075102,0,true,true,backward_euler_step_doubling,0.00002,,0.6
0.010232149590906736,C6,capacitor,B,C,100,µF,,0,V,-0.08393562529308296,-0.000785198035463484,0.00006590608808552786,3.5225945966704136e-7,true,true,backward_euler_step_doubling,0.00002,1e-7,0.6
0.010369570686139416,V1,voltage,A,0,6,V,,0,,6,-0.005130712373779031,-0.030784274242674187,0,true,true,backward_euler_step_doubling,0.00002,,0.6
0.010369570686139416,R2,resistor,A,B,1000,Ω,,0,,2.607862878663012,0.002607862878663012,0.006800948793908532,0,true,true,backward_euler_step_doubling,0.00002,,0.6
0.010369570686139416,R3,resistor,B,0,1000,Ω,,0,,3.392137121336988,0.003392137121336988,0.011506594249952389,0,true,true,backward_euler_step_doubling,0.00002,,0.6
0.010369570686139416,R4,resistor,A,C,1000,Ω,,0,,2.5228494951160187,0.0025228494951160187,0.0063647695750071506,0,true,true,backward_euler_step_doubling,0.00002,,0.6
0.010369570686139416,R5,resistor,C,0,2000,Ω,,0,,3.4771505048839813,0.0017385752524419907,0.0060452878168074636,0,true,true,backward_euler_step_doubling,0.00002,,0.6
0.010369570686139416,C6,capacitor,B,C,100,µF,,0,V,-0.08501338354699328,-0.0007842742426739374,0.00006667380699846713,3.613637691054094e-7,true,true,backward_euler_step_doubling,0.00002,1e-7,0.6
0.0105088343566378,V1,voltage,A,0,6,V,,0,,6,-0.005130556529936858,-0.030783339179621148,0,true,true,backward_euler_step_doubling,0.00002,,0.6
0.0105088343566378,R2,resistor,A,B,1000,Ω,,0,,2.6083304101889224,0.0026083304101889226,0.006803387528716313,0,true,true,backward_euler_step_doubling,0.00002,,0.6
0.0105088343566378,R3,resistor,B,0,1000,Ω,,0,,3.3916695898110776,0.0033916695898110775,0.011503422606449243,0,true,true,backward_euler_step_doubling,0.00002,,0.6
0.0105088343566378,R4,resistor,A,C,1000,Ω,,0,,2.5222261197479354,0.0025222261197479353,0.006361624599138726,0,true,true,backward_euler_step_doubling,0.00002,,0.6
0.0105088343566378,R5,resistor,C,0,2000,Ω,,0,,3.4777738802520646,0.0017388869401260324,0.0060474555810817515,0,true,true,backward_euler_step_doubling,0.00002,,0.6
0.0105088343566378,C6,capacitor,B,C,100,µF,,0,V,-0.086104290440987,-0.0007833391796221311,0.00006744886423598846,3.7069744161729224e-7,true,true,backward_euler_step_doubling,0.00002,1e-7,0.6
0.010648098027136186,V1,voltage,A,0,6,V,,0,,6,-0.005130400871902082,-0.030782405231412492,0,true,true,backward_euler_step_doubling,0.00002,,0.6
0.010648098027136186,R2,resistor,A,B,1000,Ω,,0,,2.6087973842932533,0.0026087973842932534,0.00680582379229532,0,true,true,backward_euler_step_doubling,0.00002,,0.6
0.010648098027136186,R3,resistor,B,0,1000,Ω,,0,,3.3912026157067467,0.0033912026157067467,0.01150025518077628,0,true,true,backward_euler_step_doubling,0.00002,,0.6
0.010648098027136186,R4,resistor,A,C,1000,Ω,,0,,2.5216034876088282,0.002521603487608828,0.006358484148721006,0,true,true,backward_euler_step_doubling,0.00002,,0.6
0.010648098027136186,R5,resistor,C,0,2000,Ω,,0,,3.4783965123911718,0.001739198256195586,0.006049621148707534,0,true,true,backward_euler_step_doubling,0.00002,,0.6
0.010648098027136186,C6,capacitor,B,C,100,µF,,0,V,-0.08719389668442501,-0.0007824052314136374,0.00006822096091323434,3.801387809507091e-7,true,true,backward_euler_step_doubling,0.00002,1e-7,0.6
0.01078920885042436,V1,voltage,A,0,6,V,,0,,6,-0.00513024333980294,-0.03078146003881764,0,true,true,backward_euler_step_doubling,0.00002,,0.6
0.01078920885042436,R2,resistor,A,B,1000,Ω,,0,,2.6092699805909048,0.002609269980590905,0.0068082898316128605,0,true,true,backward_euler_step_doubling,0.00002,,0.6
0.01078920885042436,R3,resistor,B,0,1000,Ω,,0,,3.3907300194090952,0.003390730019409095,0.011497050064522004,0,true,true,backward_euler_step_doubling,0.00002,,0.6
0.01078920885042436,R4,resistor,A,C,1000,Ω,,0,,2.5209733592120354,0.0025209733592120353,0.006355306677856814,0,true,true,backward_euler_step_doubling,0.00002,,0.6
0.01078920885042436,R5,resistor,C,0,2000,Ω,,0,,3.4790266407879646,0.0017395133203939822,0.006051813183656194,0,true,true,backward_euler_step_doubling,0.00002,,0.6
0.01078920885042436,C6,capacitor,B,C,100,µF,,0,V,-0.0882966213788694,-0.0007814600388181584,0.00006900028117024352,3.898146673461708e-7,true,true,backward_euler_step_doubling,0.00002,1e-7,0.6
0.010930319673712535,V1,voltage,A,0,6,V,,0,,6,-0.005130085998012001,-0.030780515988072004,0,true,true,backward_euler_step_doubling,0.00002,,0.6
0.010930319673712535,R2,resistor,A,B,1000,Ω,,0,,2.609742005963767,0.002609742005963767,0.006810753337691787,0,true,true,backward_euler_step_doubling,0.00002,,0.6
0.010930319673712535,R3,resistor,B,0,1000,Ω,,0,,3.390257994036233,0.003390257994036233,0.011493849266126581,0,true,true,backward_euler_step_doubling,0.00002,,0.6
0.010930319673712535,R4,resistor,A,C,1000,Ω,,0,,2.520343992048233,0.002520343992048233,0.006352133838253623,0,true,true,backward_euler_step_doubling,0.00002,,0.6
0.010930319673712535,R5,resistor,C,0,2000,Ω,,0,,3.479656007951767,0.0017398280039758835,0.006054002966837414,0,true,true,backward_euler_step_doubling,0.00002,,0.6
0.010930319673712535,C6,capacitor,B,C,100,µF,,0,V,-0.08939801391553415,-0.0007805159880723678,0.00006977657916299042,3.996002446021018e-7,true,true,backward_euler_step_doubling,0.00002,1e-7,0.6
0.011073282293891866,V1,voltage,A,0,6,V,,0,,6,-0.005129926786522153,-0.030779560719132917,0,true,true,backward_euler_step_doubling,0.00002,,0.6
0.011073282293891866,R2,resistor,A,B,1000,Ω,,0,,2.610219640433824,0.002610219640433824,0.0068132465713064815,0,true,true,backward_euler_step_doubling,0.00002,,0.6
0.011073282293891866,R3,resistor,B,0,1000,Ω,,0,,3.389780359566176,0.003389780359566176,0.011490610886100594,0,true,true,backward_euler_step_doubling,0.00002,,0.6
0.011073282293891866,R4,resistor,A,C,1000,Ω,,0,,2.519707146088329,0.002519707146088329,0.0063489241020485915,0,true,true,backward_euler_step_doubling,0.00002,,0.6
0.011073282293891866,R5,resistor,C,0,2000,Ω,,0,,3.480292853911671,0.0017401464269558356,0.0060562191744943225,0,true,true,backward_euler_step_doubling,0.00002,,0.6
0.011073282293891866,C6,capacitor,B,C,100,µF,,0,V,-0.09051249434549513,-0.0007795607191327302,0.00007055998518247137,4.096255816321644e-7,true,true,backward_euler_step_doubling,0.00002,1e-7,0.6
0.011216244914071196,V1,voltage,A,0,6,V,,0,,6,-0.005129767769890166,-0.030778606619340995,0,true,true,backward_euler_step_doubling,0.00002,,0.6
0.011216244914071196,R2,resistor,A,B,1000,Ω,,0,,2.6106966903297795,0.0026106966903297795,0.006815737208898864,0,true,true,backward_euler_step_doubling,0.00002,,0.6
0.011216244914071196,R3,resistor,B,0,1000,Ω,,0,,3.3893033096702205,0.0033893033096702206,0.011487376924941511,0,true,true,backward_euler_step_doubling,0.00002,,0.6
0.011216244914071196,R4,resistor,A,C,1000,Ω,,0,,2.5190710795603857,0.0025190710795603855,0.006345719103877527,0,true,true,backward_euler_step_doubling,0.00002,,0.6
0.011216244914071196,R5,resistor,C,0,2000,Ω,,0,,3.4809289204396143,0.001740464460219807,0.006058433074576449,0,true,true,backward_euler_step_doubling,0.00002,,0.6
0.011216244914071196,C6,capacitor,B,C,100,µF,,0,V,-0.0916256107693938,-0.0007786066193403439,0.00007134030704615191,4.1976262744322253e-7,true,true,backward_euler_step_doubling,0.00002,1e-7,0.6
0.011361064042483932,V1,voltage,A,0,6,V,,0,,6,-0.005129606887976695,-0.03077764132786017,0,true,true,backward_euler_step_doubling,0.00002,,0.6
0.011361064042483932,R2,resistor,A,B,1000,Ω,,0,,2.611179336069637,0.002611179336069637,0.00681825752511707,0,true,true,backward_euler_step_doubling,0.00002,,0.6
0.011361064042483932,R3,resistor,B,0,1000,Ω,,0,,3.388820663930363,0.0033888206639303632,0.011484105492281427,0,true,true,backward_euler_step_doubling,0.00002,,0.6
0.011361064042483932,R4,resistor,A,C,1000,Ω,,0,,2.518427551907058,0.002518427551907058,0.006342477334204576,0,true,true,backward_euler_step_doubling,0.00002,,0.6
0.011361064042483932,R5,resistor,C,0,2000,Ω,,0,,3.481572448092942,0.001740786224046471,0.0060606733556599415,0,true,true,backward_euler_step_doubling,0.00002,,0.6
0.011361064042483932,C6,capacitor,B,C,100,µF,,0,V,-0.09275178416257912,-0.0007776413278608596,0.00007212762059765188,4.301446732670831e-7,true,true,backward_euler_step_doubling,0.00002,1e-7,0.6
0.011505883170896668,V1,voltage,A,0,6,V,,0,,6,-0.005129446205519616,-0.030776677233117698,0,true,true,backward_euler_step_doubling,0.00002,,0.6
0.011505883170896668,R2,resistor,A,B,1000,Ω,,0,,2.6116613834408886,0.0026116613834408888,0.006820775181756377,0,true,true,backward_euler_step_doubling,0.00002,,0.6
0.011505883170896668,R3,resistor,B,0,1000,Ω,,0,,3.3883386165591114,0.0033883386165591113,0.011480838580465712,0,true,true,backward_euler_step_doubling,0.00002,,0.6
0.011505883170896668,R4,resistor,A,C,1000,Ω,,0,,2.5177848220787276,0.0025177848220787275,0.00633924041029001,0,true,true,backward_euler_step_doubling,0.00002,,0.6
0.011505883170896668,R5,resistor,C,0,2000,Ω,,0,,3.4822151779212724,0.0017411075889606363,0.0060629112726726395,0,true,true,backward_euler_step_doubling,0.00002,,0.6
0.011505883170896668,C6,capacitor,B,C,100,µF,,0,V,-0.09387656136216105,-0.0007766772331181963,0.00007291178793341382,4.406404386591794e-7,true,true,backward_euler_step_doubling,0.00002,1e-7,0.6
0.011652563586835321,V1,voltage,A,0,6,V,,0,,6,-0.005129283662250855,-0.03077570197350513,0,true,true,backward_euler_step_doubling,0.00002,,0.6
0.011652563586835321,R2,resistor,A,B,1000,Ω,,0,,2.6121490132470995,0.0026121490132470994,0.006823322467407795,0,true,true,backward_euler_step_doubling,0.00002,,0.6
0.011652563586835321,R3,resistor,B,0,1000,Ω,,0,,3.3878509867529005,0.0033878509867529007,0.011477534308442602,0,true,true,backward_euler_step_doubling,0.00002,,0.6
0.011652563586835321,R4,resistor,A,C,1000,Ω,,0,,2.5171346490037556,0.0025171346490037555,0.00633596684121526,0,true,true,backward_euler_step_doubling,0.00002,,0.6
0.011652563586835321,R5,resistor,C,0,2000,Ω,,0,,3.4828653509962444,0.0017414326754981223,0.006065175526585097,0,true,true,backward_euler_step_doubling,0.00002,,0.6
0.011652563586835321,C6,capacitor,B,C,100,µF,,0,V,-0.09501436424334386,-0.0007757019735059094,0.00007370282985497115,4.5138647062834103e-7,true,true,backward_euler_step_doubling,0.00002,1e-7,0.6
0.011799244002773976,V1,voltage,A,0,6,V,,0,,6,-0.005129121323084776,-0.030774727938508658,0,true,true,backward_euler_step_doubling,0.00002,,0.6
0.011799244002773976,R2,resistor,A,B,1000,Ω,,0,,2.612636030745358,0.002612636030745358,0.006825867029148859,0,true,true,backward_euler_step_doubling,0.00002,,0.6
0.011799244002773976,R3,resistor,B,0,1000,Ω,,0,,3.387363969254642,0.003387363969254642,0.011474234660204563,0,true,true,backward_euler_step_doubling,0.00002,,0.6
0.011799244002773976,R4,resistor,A,C,1000,Ω,,0,,2.516485292339416,0.0025164852923394163,0.006332698226560597,0,true,true,backward_euler_step_doubling,0.00002,,0.6
0.011799244002773976,R5,resistor,C,0,2000,Ω,,0,,3.483514707660584,0.001741757353830292,0.0060674373592438016,0,true,true,backward_euler_step_doubling,0.00002,,0.6
0.011799244002773976,C6,capacitor,B,C,100,µF,,0,V,-0.0961507384059419,-0.0007747279385090559,0.00007449066335135887,4.6224822480039353e-7,true,true,backward_euler_step_doubling,0.00002,1e-7,0.6
0.011947790554288299,V1,voltage,A,0,6,V,,0,,6,-0.005128957127628054,-0.030773742765768324,0,true,true,backward_euler_step_doubling,0.00002,,0.6
0.011947790554288299,R2,resistor,A,B,1000,Ω,,0,,2.6131286171150694,0.0026131286171150693,0.006828441169585715,0,true,true,backward_euler_step_doubling,0.00002,,0.6
0.011947790554288299,R3,resistor,B,0,1000,Ω,,0,,3.3868713828849306,0.0033868713828849304,0.011470897764204882,0,true,true,backward_euler_step_doubling,0.00002,,0.6
0.011947790554288299,R4,resistor,A,C,1000,Ω,,0,,2.5158285105129847,0.0025158285105129847,0.006329393094309983,0,true,true,backward_euler_step_doubling,0.00002,,0.6
0.011947790554288299,R5,resistor,C,0,2000,Ω,,0,,3.4841714894870153,0.0017420857447435077,0.006069725484077084,0,true,true,backward_euler_step_doubling,0.00002,,0.6
0.011947790554288299,C6,capacitor,B,C,100,µF,,0,V,-0.09730010660208466,-0.0007737427657699153,0.00007528525359200457,4.733655372388518e-7,true,true,backward_euler_step_doubling,0.00002,1e-7,0.6
0.01209633710580262,V1,voltage,A,0,6,V,,0,,6,-0.005128793140968486,-0.03077275884581092,0,true,true,backward_euler_step_doubling,0.00002,,0.6
0.01209633710580262,R2,resistor,A,B,1000,Ω,,0,,2.613620577093773,0.002613620577093773,0.006831012521007987,0,true,true,backward_euler_step_doubling,0.00002,,0.6
0.01209633710580262,R3,resistor,B,0,1000,Ω,,0,,3.386379422906227,0.003386379422906227,0.011467565595882712,0,true,true,backward_euler_step_doubling,0.00002,,0.6
0.01209633710580262,R4,resistor,A,C,1000,Ω,,0,,2.5151725638747124,0.0025151725638747125,0.006326093026068094,0,true,true,backward_euler_step_doubling,0.00002,,0.6
0.01209633710580262,R5,resistor,C,0,2000,Ω,,0,,3.4848274361252876,0.0017424137180626438,0.006072011129785773,0,true,true,backward_euler_step_doubling,0.00002,,0.6
0.01209633710580262,C6,capacitor,B,C,100,µF,,0,V,-0.09844801321906038,-0.0007727588458120783,0.00007607657306765333,4.846005653390144e-7,true,true,backward_euler_step_doubling,0.00002,1e-7,0.6
0.012246754710333806,V1,voltage,A,0,6,V,,0,,6,-0.00512862730259106,-0.03077176381554636,0,true,true,backward_euler_step_doubling,0.00002,,0.6
0.012246754710333806,R2,resistor,A,B,1000,Ω,,0,,2.614118092227052,0.0026141180922270523,0.006833613400108803,0,true,true,backward_euler_step_doubling,0.00002,,0.6
0.012246754710333806,R3,resistor,B,0,1000,Ω,,0,,3.385881907772948,0.003385881907772948,0.011464196293384177,0,true,true,backward_euler_step_doubling,0.00002,,0.6
0.012246754710333806,R4,resistor,A,C,1000,Ω,,0,,2.5145092103640088,0.0025145092103640086,0.00632275656900543,0,true,true,backward_euler_step_doubling,0.00002,,0.6
0.012246754710333806,R5,resistor,C,0,2000,Ω,,0,,3.4854907896359912,0.0017427453948179955,0.006074323022318663,0,true,true,backward_euler_step_doubling,0.00002,,0.6
0.012246754710333806,C6,capacitor,B,C,100,µF,,0,V,-0.0996088818630434,-0.0007717638155461602,0.00007687453072890909,4.960964673002867e-7,true,true,backward_euler_step_doubling,0.00002,1e-7,0.6
0.012397172314864993,V1,voltage,A,0,6,V,,0,,6,-0.005128461677752418,-0.030770770066514512,0,true,true,backward_euler_step_doubling,0.00002,,0.6
0.012397172314864993,R2,resistor,A,B,1000,Ω,,0,,2.6146149667429786,0.0026146149667429786,0.006836211424316387,0,true,true,backward_euler_step_doubling,0.00002,,0.6
0.012397172314864993,R3,resistor,B,0,1000,Ω,,0,,3.3853850332570214,0.0033853850332570216,0.011460831823400644,0,true,true,backward_euler_step_doubling,0.00002,,0.6
0.012397172314864993,R4,resistor,A,C,1000,Ω,,0,,2.513846711009441,0.002513846711009441,0.006319425286452985,0,true,true,backward_euler_step_doubling,0.00002,,0.6
0.012397172314864993,R5,resistor,C,0,2000,Ω,,0,,3.486153288990559,0.0017430766444952795,0.006076632377169846,0,true,true,backward_euler_step_doubling,0.00002,,0.6
0.012397172314864993,C6,capacitor,B,C,100,µF,,0,V,-0.10076825573353743,-0.0007707700665141604,0.00007766915517425457,5.077120681789799e-7,true,true,backward_euler_step_doubling,0.00002,1e-7,0.6
0.012549465960105389,V1,voltage,A,0,6,V,,0,,6,-0.005128294205818497,-0.030769765234910984,0,true,true,backward_euler_step_doubling,0.00002,,0.6
0.012549465960105389,R2,resistor,A,B,1000,Ω,,0,,2.6151173825440375,0.0026151173825440374,0.006838838924483977,0,true,true,backward_euler_step_doubling,0.00002,,0.6
0.012549465960105389,R3,resistor,B,0,1000,Ω,,0,,3.3848826174559625,0.0033848826174559627,0.01145743033395553,0,true,true,backward_euler_step_doubling,0.00002,,0.6
0.012549465960105389,R4,resistor,A,C,1000,Ω,,0,,2.5131768232744593,0.0025131768232744592,0.006316057745043902,0,true,true,backward_euler_step_doubling,0.00002,,0.6
0.012549465960105389,R5,resistor,C,0,2000,Ω,,0,,3.4868231767255407,0.0017434115883627702,0.006078967932875195,0,true,true,backward_euler_step_doubling,0.00002,,0.6
0.012549465960105389,C6,capacitor,B,C,100,µF,,0,V,-0.10194055926957812,-0.0007697652349119444,0.0000784702985532018,5.195938812097185e-7,true,true,backward_euler_step_doubling,0.00002,1e-7,0.6
0.012701759605345786,V1,voltage,A,0,6,V,,0,,6,-0.005128126952213302,-0.030768761713279816,0,true,true,backward_euler_step_doubling,0.00002,,0.6
0.012701759605345786,R2,resistor,A,B,1000,Ω,,0,,2.6156191433596248,0.002615619143359625,0.006841463503109338,0,true,true,backward_euler_step_doubling,0.00002,,0.6
0.012701759605345786,R3,resistor,B,0,1000,Ω,,0,,3.3843808566403752,0.003384380856640375,0.011454033782793839,0,true,true,backward_euler_step_doubling,0.00002,,0.6
0.012701759605345786,R4,resistor,A,C,1000,Ω,,0,,2.512507808853679,0.002512507808853679,0.006312695489550715,0,true,true,backward_euler_step_doubling,0.00002,,0.6
0.012701759605345786,R5,resistor,C,0,2000,Ω,,0,,3.487492191146321,0.0017437460955731605,0.006081300891653284,0,true,true,backward_euler_step_doubling,0.00002,,0.6
0.012701759605345786,C6,capacitor,B,C,100,µF,,0,V,-0.10311133450594578,-0.0007687617132806744,0.00007926804617344761,5.315973651798522e-7,true,true,backward_euler_step_doubling,0.00002,1e-7,0.6
0.012855934349875116,V1,voltage,A,0,6,V,,0,,6,-0.005127957856186597,-0.030767747137119585,0,true,true,backward_euler_step_doubling,0.00002,,0.6
0.012855934349875116,R2,resistor,A,B,1000,Ω,,0,,2.616126431439915,0.002616126431439915,0.006844117505278544,0,true,true,backward_euler_step_doubling,0.00002,,0.6
0.012855934349875116,R3,resistor,B,0,1000,Ω,,0,,3.383873568560085,0.003383873568560085,0.011450600327999565,0,true,true,backward_euler_step_doubling,0.00002,,0.6
0.012855934349875116,R4,resistor,A,C,1000,Ω,,0,,2.511831424746683,0.002511831424746683,0.006309297106344952,0,true,true,backward_euler_step_doubling,0.00002,,0.6
0.012855934349875116,R5,resistor,C,0,2000,Ω,,0,,3.488168575253317,0.0017440842876266585,0.006083660004692378,0,true,true,backward_euler_step_doubling,0.00002,,0.6
0.012855934349875116,C6,capacitor,B,C,100,µF,,0,V,-0.10429500669323177,-0.0007677471371199838,0.00008007219280463825,5.438724210570629e-7,true,true,backward_euler_step_doubling,0.00002,1e-7,0.6
0.013010109094404448,V1,voltage,A,0,6,V,,0,,6,-0.005127788983324957,-0.030766733899949744,0,true,true,backward_euler_step_doubling,0.00002,,0.6
0.013010109094404448,R2,resistor,A,B,1000,Ω,,0,,2.6166330500248294,0.0026166330500248295,0.006846768518482241,0,true,true,backward_euler_step_doubling,0.00002,,0.6
0.013010109094404448,R3,resistor,B,0,1000,Ω,,0,,3.3833669499751706,0.0033833669499751706,0.011447171918184288,0,true,true,backward_euler_step_doubling,0.00002,,0.6
0.013010109094404448,R4,resistor,A,C,1000,Ω,,0,,2.511155933300129,0.002511155933300129,0.006305904121348443,0,true,true,backward_euler_step_doubling,0.00002,,0.6
0.013010109094404448,R5,resistor,C,0,2000,Ω,,0,,3.488844066699871,0.0017444220333499355,0.006086016460873447,0,true,true,backward_euler_step_doubling,0.00002,,0.6
0.013010109094404448,C6,capacitor,B,C,100,µF,,0,V,-0.10547711672470017,-0.0007667338999504587,0.00008087288106185911,5.562711076278012e-7,true,true,backward_euler_step_doubling,0.00002,1e-7,0.6
0.013166170068516976,V1,voltage,A,0,6,V,,0,,6,-0.005127618272765265,-0.030765709636591587,0,true,true,backward_euler_step_doubling,0.00002,,0.6
0.013166170068516976,R2,resistor,A,B,1000,Ω,,0,,2.617145181703852,0.0026171451817038516,0.006849448902115687,0,true,true,backward_euler_step_doubling,0.00002,,0.6
0.013166170068516976,R3,resistor,B,0,1000,Ω,,0,,3.382854818296148,0.003382854818296148,0.011443706721669465,0,true,true,backward_euler_step_doubling,0.00002,,0.6
0.013166170068516976,R4,resistor,A,C,1000,Ω,,0,,2.5104730910614124,0.0025104730910614124,0.006302475140943443,0,true,true,backward_euler_step_doubling,0.00002,,0.6
0.013166170068516976,R5,resistor,C,0,2000,Ω,,0,,3.4895269089385876,0.0017447634544692939,0.006088399024103248,0,true,true,backward_euler_step_doubling,0.00002,,0.6
0.013166170068516976,C6,capacitor,B,C,100,µF,,0,V,-0.10667209064243943,-0.0007657096365921882,0.00008167984776035126,5.689467461014407e-7,true,true,backward_euler_step_doubling,0.00002,1e-7,0.6
0.013322231042629503,V1,voltage,A,0,6,V,,0,,6,-0.005127447790254166,-0.030764686741524997,0,true,true,backward_euler_step_doubling,0.00002,,0.6
0.013322231042629503,R2,resistor,A,B,1000,Ω,,0,,2.61765662923717,0.00261765662923717,0.006852126228589304,0,true,true,backward_euler_step_doubling,0.00002,,0.6
0.013322231042629503,R3,resistor,B,0,1000,Ω,,0,,3.38234337076283,0.00338234337076283,0.011440246677743262,0,true,true,backward_euler_step_doubling,0.00002,,0.6
0.013322231042629503,R4,resistor,A,C,1000,Ω,,0,,2.509791161016996,0.002509791161016996,0.006299051671919041,0,true,true,backward_euler_step_doubling,0.00002,,0.6
0.013322231042629503,R5,resistor,C,0,2000,Ω,,0,,3.490208838983004,0.001745104419491502,0.006090778869857544,0,true,true,backward_euler_step_doubling,0.00002,,0.6
0.013322231042629503,C6,capacitor,B,C,100,µF,,0,V,-0.10786546822017407,-0.0007646867415258809,0.00008248329341644837,5.817479617178691e-7,true,true,backward_euler_step_doubling,0.00002,1e-7,0.6
0.013480183449110799,V1,voltage,A,0,6,V,,0,,6,-0.005127275474818184,-0.0307636528489091,0,true,true,backward_euler_step_doubling,0.00002,,0.6
0.013480183449110799,R2,resistor,A,B,1000,Ω,,0,,2.6181735755451863,0.0026181735755451863,0.006854832871683065,0,true,true,backward_euler_step_doubling,0.00002,,0.6
0.013480183449110799,R3,resistor,B,0,1000,Ω,,0,,3.3818264244548137,0.003381826424454814,0.01143674996514083,0,true,true,backward_euler_step_doubling,0.00002,,0.6
0.013480183449110799,R4,resistor,A,C,1000,Ω,,0,,2.5091018992729968,0.002509101899272997,0.00629559234093536,0,true,true,backward_euler_step_doubling,0.00002,,0.6
0.013480183449110799,R5,resistor,C,0,2000,Ω,,0,,3.4908981007270032,0.0017454490503635016,0.006093184774829699,0,true,true,backward_euler_step_doubling,0.00002,,0.6
0.013480183449110799,C6,capacitor,B,C,100,µF,,0,V,-0.1090716762721895,-0.0007636528489094427,0.00008329289632058598,5.948315282412652e-7,true,true,backward_euler_step_doubling,0.00002,1e-7,0.6
0.013638135855592093,V1,voltage,A,0,6,V,,0,,6,-0.005127103392360797,-0.03076262035416478,0,true,true,backward_euler_step_doubling,0.00002,,0.6
0.013638135855592093,R2,resistor,A,B,1000,Ω,,0,,2.618689822917353,0.002618689822917353,0.006857536388650919,0,true,true,backward_euler_step_doubling,0.00002,,0.6
0.013638135855592093,R3,resistor,B,0,1000,Ω,,0,,3.381310177082647,0.003381310177082647,0.01143325851364268,0,true,true,backward_euler_step_doubling,0.00002,,0.6
0.013638135855592093,R4,resistor,A,C,1000,Ω,,0,,2.5084135694434435,0.0025084135694434435,0.006292138635367997,0,true,true,backward_euler_step_doubling,0.00002,,0.6
0.013638135855592093,R5,resistor,C,0,2000,Ω,,0,,3.4915864305565565,0.0017457932152782783,0.006095587901023338,0,true,true,backward_euler_step_doubling,0.00002,,0.6
0.013638135855592093,C6,capacitor,B,C,100,µF,,0,V,-0.11027625347390968,-0.000762620354165245,0.00008409891548028932,6.080426040120988e-7,true,true,backward_euler_step_doubling,0.00002,1e-7,0.6
0.013797984970498028,V1,voltage,A,0,6,V,,0,,6,-0.005126929481800807,-0.030761576890804845,0,true,true,backward_euler_step_doubling,0.00002,,0.6
0.013797984970498028,R2,resistor,A,B,1000,Ω,,0,,2.619211554596999,0.002619211554596999,0.006860269167734428,0,true,true,backward_euler_step_doubling,0.00002,,0.6
0.013797984970498028,R3,resistor,B,0,1000,Ω,,0,,3.380788445403001,0.003380788445403001,0.01142973051257044,0,true,true,backward_euler_step_doubling,0.00002,,0.6
0.013797984970498028,R4,resistor,A,C,1000,Ω,,0,,2.507717927203808,0.002507717927203808,0.006288649202419364,0,true,true,backward_euler_step_doubling,0.00002,,0.6
0.013797984970498028,R5,resistor,C,0,2000,Ω,,0,,3.492282072796192,0.001746141036398096,0.006098017037986834,0,true,true,backward_euler_step_doubling,0.00002,,0.6
0.013797984970498028,C6,capacitor,B,C,100,µF,,0,V,-0.11149362739319102,-0.0007615768908058813,0.00008491097009477586,6.215414474645857e-7,true,true,backward_euler_step_doubling,0.00002,1e-7,0.6
0.013957834085403962,V1,voltage,A,0,6,V,,0,,6,-0.005126755809195874,-0.030760534855175242,0,true,true,backward_euler_step_doubling,0.00002,,0.6
0.013957834085403962,R2,resistor,A,B,1000,Ω,,0,,2.6197325724118072,0.0026197325724118072,0.006862998750955385,0,true,true,backward_euler_step_doubling,0.00002,,0.6
0.013957834085403962,R3,resistor,B,0,1000,Ω,,0,,3.3802674275881928,0.003380267427588193,0.011426207882013699,0,true,true,backward_euler_step_doubling,0.00002,,0.6
0.013957834085403962,R4,resistor,A,C,1000,Ω,,0,,2.5070232367840655,0.0025070232367840656,0.006285165509775253,0,true,true,backward_euler_step_doubling,0.00002,,0.6
0.013957834085403962,R5,resistor,C,0,2000,Ω,,0,,3.4929767632159345,0.0017464883816079673,0.006100443334183234,0,true,true,backward_euler_step_doubling,0.00002,,0.6
0.013957834085403962,C6,capacitor,B,C,100,µF,,0,V,-0.11270933562774177,-0.0007605348551764881,0.00008571937824868278,6.35169716882347e-7,true,true,backward_euler_step_doubling,0.00002,1e-7,0.6
0.014119585258719144,V1,voltage,A,0,6,V,,0,,6,-0.0051265803133599035,-0.030759481880159423,0,true,true,backward_euler_step_doubling,0.00002,,0.6
0.014119585258719144,R2,resistor,A,B,1000,Ω,,0,,2.6202590599199596,0.0026202590599199594,0.00686575754109263,0,true,true,backward_euler_step_doubling,0.00002,,0.6
0.014119585258719144,R3,resistor,B,0,1000,Ω,,0,,3.3797409400800404,0.0033797409400800403,0.011422648822053115,0,true,true,backward_euler_step_doubling,0.00002,,0.6
0.014119585258719144,R4,resistor,A,C,1000,Ω,,0,,2.506321253439943,0.0025063212534399432,0.006281646225444768,0,true,true,backward_euler_step_doubling,0.00002,,0.6
0.014119585258719144,R5,resistor,C,0,2000,Ω,,0,,3.493678746560057,0.0017468393732800284,0.006102895592082725,0,true,true,backward_euler_step_doubling,0.00002,,0.6
0.014119585258719144,C6,capacitor,B,C,100,µF,,0,V,-0.1139378064800165,-0.0007594818801598353,0.0000865336994867304,6.490911872738845e-7,true,true,backward_euler_step_doubling,0.00002,1e-7,0.6
0.014281336432034325,V1,voltage,A,0,6,V,,0,,6,-0.0051264050605011975,-0.030758430363007183,0,true,true,backward_euler_step_doubling,0.00002,,0.6
0.014281336432034325,R2,resistor,A,B,1000,Ω,,0,,2.6207848184960776,0.0026207848184960775,0.006868513064859518,0,true,true,backward_euler_step_doubling,0.00002,,0.6
0.014281336432034325,R3,resistor,B,0,1000,Ω,,0,,3.3792151815039224,0.0033792151815039222,0.011419095242906586,0,true,true,backward_euler_step_doubling,0.00002,,0.6
0.014281336432034325,R4,resistor,A,C,1000,Ω,,0,,2.5056202420051177,0.002505620242005118,0.006278132797145785,0,true,true,backward_euler_step_doubling,0.00002,,0.6
0.014281336432034325,R5,resistor,C,0,2000,Ω,,0,,3.4943797579948823,0.0017471898789974411,0.006105344946542186,0,true,true,backward_euler_step_doubling,0.00002,,0.6
0.014281336432034325,C6,capacitor,B,C,100,µF,,0,V,-0.1151645764909599,-0.0007584303630076122,0.00008734431155365663,6.631439839171076e-7,true,true,backward_euler_step_doubling,0.00002,1e-7,0.6
0.014444995088755288,V1,voltage,A,0,6,V,,0,,6,-0.005126227989331037,-0.03075736793598622,0,true,true,backward_euler_step_doubling,0.00002,,0.6
0.014444995088755288,R2,resistor,A,B,1000,Ω,,0,,2.6213160320062343,0.0026213160320062343,0.006871297739652909,0,true,true,backward_euler_step_doubling,0.00002,,0.6
0.014444995088755288,R3,resistor,B,0,1000,Ω,,0,,3.3786839679937657,0.003378683967993766,0.011415505355578098,0,true,true,backward_euler_step_doubling,0.00002,,0.6
0.014444995088755288,R4,resistor,A,C,1000,Ω,,0,,2.504911957324802,0.002504911957324802,0.006274583913948771,0,true,true,backward_euler_step_doubling,0.00002,,0.6
0.014444995088755288,R5,resistor,C,0,2000,Ω,,0,,3.495088042675198,0.001747544021337599,0.006107820213025574,0,true,true,backward_euler_step_doubling,0.00002,,0.6
0.014444995088755288,C6,capacitor,B,C,100,µF,,0,V,-0.11640407468143232,-0.000757367935987494,0.0000881607137820105,6.774954301220236e-7,true,true,backward_euler_step_doubling,0.00002,1e-7,0.6
0.014608653745476253,V1,voltage,A,0,6,V,,0,,6,-0.005126051166206404,-0.030756306997238424,0,true,true,backward_euler_step_doubling,0.00002,,0.6
0.014608653745476253,R2,resistor,A,B,1000,Ω,,0,,2.6218465013801024,0.0026218465013801025,0.0068740790767990835,0,true,true,backward_euler_step_doubling,0.00002,,0.6
0.014608653745476253,R3,resistor,B,0,1000,Ω,,0,,3.3781534986198976,0.0033781534986198976,0.011411921060237855,0,true,true,backward_euler_step_doubling,0.00002,,0.6
0.014608653745476253,R4,resistor,A,C,1000,Ω,,0,,2.5042046648263008,0.0025042046648263007,0.0062710410033378055,0,true,true,backward_euler_step_doubling,0.00002,,0.6
0.014608653745476253,R5,resistor,C,0,2000,Ω,,0,,3.4957953351736992,0.0017478976675868495,0.006110292512711097,0,true,true,backward_euler_step_doubling,0.00002,,0.6
0.014608653745476253,C6,capacitor,B,C,100,µF,,0,V,-0.11764183655380167,-0.000756306997239821,0.00008897334415378355,6.919800853875693e-7,true,true,backward_euler_step_doubling,0.00002,1e-7,0.6
0.014774225386053505,V1,voltage,A,0,6,V,,0,,6,-0.0051258725297386116,-0.03075523517843167,0,true,true,backward_euler_step_doubling,0.00002,,0.6
0.014774225386053505,R2,resistor,A,B,1000,Ω,,0,,2.6223824107837803,0.00262238241078378,0.006876889508388151,0,true,true,backward_euler_step_doubling,0.00002,,0.6
0.014774225386053505,R3,resistor,B,0,1000,Ω,,0,,3.3776175892162197,0.0033776175892162195,0.011408300578982787,0,true,true,backward_euler_step_doubling,0.00002,,0.6
0.014774225386053505,R4,resistor,A,C,1000,Ω,,0,,2.5034901189548315,0.0025034901189548314,0.006267462775704476,0,true,true,backward_euler_step_doubling,0.00002,,0.6
0.014774225386053505,R5,resistor,C,0,2000,Ω,,0,,3.4965098810451685,0.0017482549405225842,0.006112790674123248,0,true,true,backward_euler_step_doubling,0.00002,,0.6
0.014774225386053505,C6,capacitor,B,C,100,µF,,0,V,-0.11889229182894878,-0.0007552351784324313,0.00008979164123367683,7.067688528169959e-7,true,true,backward_euler_step_doubling,0.00002,1e-7,0.6
0.014939797026630756,V1,voltage,A,0,6,V,,0,,6,-0.005125694146429741,-0.030754164878578447,0,true,true,backward_euler_step_doubling,0.00002,,0.6
0.014939797026630756,R2,resistor,A,B,1000,Ω,,0,,2.6229175607104054,0.0026229175607104054,0.0068796965302830235,0,true,true,backward_euler_step_doubling,0.00002,,0.6
0.014939797026630756,R3,resistor,B,0,1000,Ω,,0,,3.3770824392895946,0.0033770824392895947,0.01140468580175816,0,true,true,backward_euler_step_doubling,0.00002,,0.6
0.014939797026630756,R4,resistor,A,C,1000,Ω,,0,,2.5027765857193356,0.0025027765857193354,0.006263890638024934,0,true,true,backward_euler_step_doubling,0.00002,,0.6
0.014939797026630756,R5,resistor,C,0,2000,Ω,,0,,3.4972234142806644,0.0017486117071403321,0.006115285804696453,0,true,true,backward_euler_step_doubling,0.00002,,0.6
0.014939797026630756,C6,capacitor,B,C,100,µF,,0,V,-0.1201409749910698,-0.000754164878579195,0.00009060610381652625,7.216926935902428e-7,true,true,backward_euler_step_doubling,0.00002,1e-7,0.6
0.01510728722814076,V1,voltage,A,0,6,V,,0,,6,-0.005125513954793391,-0.030753083728760344,0,true,true,backward_euler_step_doubling,0.00002,,0.6
0.01510728722814076,R2,resistor,A,B,1000,Ω,,0,,2.623458135619651,0.002623458135619651,0.0068825325893489345,0,true,true,backward_euler_step_doubling,0.00002,,0.6
0.01510728722814076,R3,resistor,B,0,1000,Ω,,0,,3.376541864380349,0.0033765418643803492,0.011401034961913125,0,true,true,backward_euler_step_doubling,0.00002,,0.6
0.01510728722814076,R4,resistor,A,C,1000,Ω,,0,,2.5020558191737403,0.00250205581917374,0.006260283322261176,0,true,true,backward_euler_step_doubling,0.00002,,0.6
0.01510728722814076,R5,resistor,C,0,2000,Ω,,0,,3.4979441808262597,0.0017489720904131298,0.006117806746088146,0,true,true,backward_euler_step_doubling,0.00002,,0.6
0.01510728722814076,C6,capacitor,B,C,100,µF,,0,V,-0.1214023164459106,-0.0007530837287609708,0.00009142610914930568,7.369261219216507e-7,true,true,backward_euler_step_doubling,0.00002,1e-7,0.6
0.015274777429650764,V1,voltage,A,0,6,V,,0,,6,-0.005125334021474715,-0.03075200412884829,0,true,true,backward_euler_step_doubling,0.00002,,0.6
0.015274777429650764,R2,resistor,A,B,1000,Ω,,0,,2.6239979355756984,0.0026239979355756984,0.006885365165905527,0,true,true,backward_euler_step_doubling,0.00002,,0.6
0.015274777429650764,R3,resistor,B,0,1000,Ω,,0,,3.3760020644243016,0.0033760020644243017,0.011397389938997146,0,true,true,backward_euler_step_doubling,0.00002,,0.6
0.015274777429650764,R4,resistor,A,C,1000,Ω,,0,,2.5013360858990157,0.0025013360858990156,0.006256682214620608,0,true,true,backward_euler_step_doubling,0.00002,,0.6
0.015274777429650764,R5,resistor,C,0,2000,Ω,,0,,3.4986639141009843,0.0017493319570504923,0.00612032459191621,0,true,true,backward_euler_step_doubling,0.00002,,0.6
0.015274777429650764,C6,capacitor,B,C,100,µF,,0,V,-0.1226618496766827,-0.0007520041288486189,0.00009224221740907401,7.522964683052551e-7,true,true,backward_euler_step_doubling,0.00002,1e-7,0.6
0.015444191846391252,V1,voltage,A,0,6,V,,0,,6,-0.005125152284891621,-0.030750913709349723,0,true,true,backward_euler_step_doubling,0.00002,,0.6
0.015444191846391252,R2,resistor,A,B,1000,Ω,,0,,2.6245431453246124,0.0026245431453246126,0.00688822672167041,0,true,true,backward_euler_step_doubling,0.00002,,0.6
0.015444191846391252,R3,resistor,B,0,1000,Ω,,0,,3.3754568546753876,0.0033754568546753875,0.011393708977775061,0,true,true,backward_euler_step_doubling,0.00002,,0.6
0.015444191846391252,R4,resistor,A,C,1000,Ω,,0,,2.500609139567009,0.002500609139567009,0.0062530460688860565,0,true,true,backward_euler_step_doubling,0.00002,,0.6
0.015444191846391252,R5,resistor,C,0,2000,Ω,,0,,3.499390860432991,0.0017496954302164956,0.006122868197040975,0,true,true,backward_euler_step_doubling,0.00002,,0.6
0.015444191846391252,C6,capacitor,B,C,100,µF,,0,V,-0.1239340057576035,-0.0007509137093506678,0.00009306374397812906,7.679818891562847e-7,true,true,backward_euler_step_doubling,0.00002,1e-7,0.6
0.015613606263131739,V1,voltage,A,0,6,V,,0,,6,-0.00512497081182994,-0.030749824870979638,0,true,true,backward_euler_step_doubling,0.00002,,0.6
0.015613606263131739,R2,resistor,A,B,1000,Ω,,0,,2.625087564509646,0.002625087564509646,0.006891084721343184,0,true,true,backward_euler_step_doubling,0.00002,,0.6
0.015613606263131739,R3,resistor,B,0,1000,Ω,,0,,3.374912435490354,0.003374912435490354,0.011390033947227434,0,true,true,backward_euler_step_doubling,0.00002,,0.6
0.015613606263131739,R4,resistor,A,C,1000,Ω,,0,,2.4998832473202954,0.0024998832473202954,0.006249416250232665,0,true,true,backward_euler_step_doubling,0.00002,,0.6
0.015613606263131739,R5,resistor,C,0,2000,Ω,,0,,3.5001167526797046,0.0017500583763398524,0.006125408641194561,0,true,true,backward_euler_step_doubling,0.00002,,0.6
0.015613606263131739,C6,capacitor,B,C,100,µF,,0,V,-0.12520431718935043,-0.0007498248709806251,0.00009388131098272196,7.838060521425736e-7,true,true,backward_euler_step_doubling,0.00002,1e-7,0.6
0.0157849506276146,V1,voltage,A,0,6,V,,0,,6,-0.005124787540614161,-0.030748725243684966,0,true,true,backward_euler_step_doubling,0.00002,,0.6
0.0157849506276146,R2,resistor,A,B,1000,Ω,,0,,2.6256373781570135,0.0026256373781570136,0.006893971641575236,0,true,true,backward_euler_step_doubling,0.00002,,0.6
0.0157849506276146,R3,resistor,B,0,1000,Ω,,0,,3.3743626218429865,0.0033743626218429865,0.011386323103691073,0,true,true,backward_euler_step_doubling,0.00002,,0.6
0.0157849506276146,R4,resistor,A,C,1000,Ω,,0,,2.4991501624571466,0.0024991501624571466,0.006245751534509582,0,true,true,backward_euler_step_doubling,0.00002,,0.6
0.0157849506276146,R5,resistor,C,0,2000,Ω,,0,,3.5008498375428534,0.0017504249187714268,0.006127974792511912,0,true,true,backward_euler_step_doubling,0.00002,,0.6
0.0157849506276146,C6,capacitor,B,C,100,µF,,0,V,-0.12648721569986687,-0.0007487252436859342,0.00009470417139803814,7.999507867752325e-7,true,true,backward_euler_step_doubling,0.00002,1e-7,0.6
0.015956294992097466,V1,voltage,A,0,6,V,,0,,6,-0.005124604538167838,-0.030747627229007028,0,true,true,backward_euler_step_doubling,0.00002,,0.6
0.015956294992097466,R2,resistor,A,B,1000,Ω,,0,,2.6261863854959744,0.0026261863854959745,0.006896854931364411,0,true,true,backward_euler_step_doubling,0.00002,,0.6
0.015956294992097466,R3,resistor,B,0,1000,Ω,,0,,3.3738136145040256,0.0033738136145040256,0.011382618305412718,0,true,true,backward_euler_step_doubling,0.00002,,0.6
0.015956294992097466,R4,resistor,A,C,1000,Ω,,0,,2.498418152671863,0.002498418152671863,0.0062420932656002855,0,true,true,backward_euler_step_doubling,0.00002,,0.6
0.015956294992097466,R5,resistor,C,0,2000,Ω,,0,,3.501581847328137,0.0017507909236640683,0.006130537716768963,0,true,true,backward_euler_step_doubling,0.00002,,0.6
0.015956294992097466,C6,capacitor,B,C,100,µF,,0,V,-0.1277682328241112,-0.0007476272290078413,0.00009552300986151898,8.162360659498143e-7,true,true,backward_euler_step_doubling,0.00002,1e-7,0.6
0.016129575115758275,V1,voltage,A,0,6,V,,0,,6,-0.005124419742724388,-0.03074651845634633,0,true,true,backward_euler_step_doubling,0.00002,,0.6
0.016129575115758275,R2,resistor,A,B,1000,Ω,,0,,2.626740771826404,0.002626740771826404,0.006899767082375172,0,true,true,backward_euler_step_doubling,0.00002,,0.6
0.016129575115758275,R3,resistor,B,0,1000,Ω,,0,,3.373259228173596,0.003373259228173596,0.011378877820458324,0,true,true,backward_euler_step_doubling,0.00002,,0.6
0.016129575115758275,R4,resistor,A,C,1000,Ω,,0,,2.497678970897984,0.0024976789708979837,0.006238400241666011,0,true,true,backward_euler_step_doubling,0.00002,,0.6
0.016129575115758275,R5,resistor,C,0,2000,Ω,,0,,3.502321029102016,0.001751160514551008,0.0061331262954451024,0,true,true,backward_euler_step_doubling,0.00002,,0.6
0.016129575115758275,C6,capacitor,B,C,100,µF,,0,V,-0.12906180092842012,-0.0007465184563470444,0.00009634701640245373,8.328474229443572e-7,true,true,backward_euler_step_doubling,0.00002,1e-7,0.6
0.016302855239419083,V1,voltage,A,0,6,V,,0,,6,-0.005124235221342816,-0.030745411328056894,0,true,true,backward_euler_step_doubling,0.00002,,0.6
0.016302855239419083,R2,resistor,A,B,1000,Ω,,0,,2.6272943359711376,0.0026272943359711377,0.006902675527826021,0,true,true,backward_euler_step_doubling,0.00002,,0.6
0.016302855239419083,R3,resistor,B,0,1000,Ω,,0,,3.3727056640288624,0.0033727056640288624,0.01137514349617237,0,true,true,backward_euler_step_doubling,0.00002,,0.6
0.016302855239419083,R4,resistor,A,C,1000,Ω,,0,,2.4969408853716777,0.002496940885371678,0.0062347137850406985,0,true,true,backward_euler_step_doubling,0.00002,,0.6
0.016302855239419083,R5,resistor,C,0,2000,Ω,,0,,3.5030591146283223,0.0017515295573141611,0.006135711580290282,0,true,true,backward_euler_step_doubling,0.00002,,0.6
0.016302855239419083,C6,capacitor,B,C,100,µF,,0,V,-0.1303534505994599,-0.0007454113280575427,0.0000971669387282267,8.496011041592916e-7,true,true,backward_euler_step_doubling,0.00002,1e-7,0.6
0.016478077013586084,V1,voltage,A,0,6,V,,0,,6,-0.0051240489121672965,-0.03074429347300378,0,true,true,backward_euler_step_doubling,0.00002,,0.6
0.016478077013586084,R2,resistor,A,B,1000,Ω,,0,,2.627853263497582,0.002627853263497582,0.006905612774474892,0,true,true,backward_euler_step_doubling,0.00002,,0.6
0.016478077013586084,R3,resistor,B,0,1000,Ω,,0,,3.372146736502418,0.003372146736502418,0.011371373612503908,0,true,true,backward_euler_step_doubling,0.00002,,0.6
0.016478077013586084,R4,resistor,A,C,1000,Ω,,0,,2.496195648669714,0.002496195648669714,0.006230992716437614,0,true,true,backward_euler_step_doubling,0.00002,,0.6
0.016478077013586084,R5,resistor,C,0,2000,Ω,,0,,3.503804351330286,0.0017519021756651429,0.0061383224662005225,0,true,true,backward_euler_step_doubling,0.00002,,0.6
0.016478077013586084,C6,capacitor,B,C,100,µF,,0,V,-0.13165761482786786,-0.0007442934730046614,0.00009799190338774378,8.666863771081604e-7,true,true,backward_euler_step_doubling,0.00002,1e-7,0.6
0.016653298787753085,V1,voltage,A,0,6,V,,0,,6,-0.005123862882390112,-0.030743177294340673,0,true,true,backward_euler_step_doubling,0.00002,,0.6
0.016653298787753085,R2,resistor,A,B,1000,Ω,,0,,2.628411352829166,0.0026284113528291663,0.006908546239681248,0,true,true,backward_euler_step_doubling,0.00002,,0.6
0.016653298787753085,R3,resistor,B,0,1000,Ω,,0,,3.371588647170834,0.003371588647170834,0.011367610005731254,0,true,true,backward_euler_step_doubling,0.00002,,0.6
0.016653298787753085,R4,resistor,A,C,1000,Ω,,0,,2.4954515295609463,0.0024954515295609464,0.006227278336388067,0,true,true,backward_euler_step_doubling,0.00002,,0.6
0.016653298787753085,R5,resistor,C,0,2000,Ω,,0,,3.5045484704390537,0.0017522742352195269,0.006140929990828356,0,true,true,backward_euler_step_doubling,0.00002,,0.6
0.016653298787753085,C6,capacitor,B,C,100,µF,,0,V,-0.13295982326821987,-0.0007431772943417928,0.00009881272171263859,8.83915730175813e-7,true,true,backward_euler_step_doubling,0.00002,1e-7,0.6
0.016830468184472133,V1,voltage,A,0,6,V,,0,,6,-0.00512367507006826,-0.030742050420409558,0,true,true,backward_euler_step_doubling,0.00002,,0.6
0.016830468184472133,R2,resistor,A,B,1000,Ω,,0,,2.628974789794836,0.002628974789794836,0.0069115084453768025,0,true,true,backward_euler_step_doubling,0.00002,,0.6
0.016830468184472133,R3,resistor,B,0,1000,Ω,,0,,3.371025210205164,0.0033710252102051638,0.01136381096783877,0,true,true,backward_euler_step_doubling,0.00002,,0.6
0.016830468184472133,R4,resistor,A,C,1000,Ω,,0,,2.494700280273424,0.002494700280273424,0.0062235294883963,0,true,true,backward_euler_step_doubling,0.00002,,0.6
0.016830468184472133,R5,resistor,C,0,2000,Ω,,0,,3.505299719726576,0.001752649859863288,0.006143563062557606,0,true,true,backward_euler_step_doubling,0.00002,,0.6
0.016830468184472133,C6,capacitor,B,C,100,µF,,0,V,-0.13427450952141218,-0.000742050420410433,0.00009963845624076859,9.014821953607904e-7,true,true,backward_euler_step_doubling,0.00002,1e-7,0.6
0.017007637581191178,V1,voltage,A,0,6,V,,0,,6,-0.005123487542524725,-0.03074092525514835,0,true,true,backward_euler_step_doubling,0.00002,,0.6
0.017007637581191178,R2,resistor,A,B,1000,Ω,,0,,2.6295373724254123,0.0026295373724254125,0.006914466792981942,0,true,true,backward_euler_step_doubling,0.00002,,0.6
0.017007637581191178,R3,resistor,B,0,1000,Ω,,0,,3.3704626275745877,0.0033704626275745876,0.011360018323876994,0,true,true,backward_euler_step_doubling,0.00002,,0.6
0.017007637581191178,R4,resistor,A,C,1000,Ω,,0,,2.493950170099313,0.002493950170099313,0.006219787450938393,0,true,true,backward_euler_step_doubling,0.00002,,0.6
0.017007637581191178,R5,resistor,C,0,2000,Ω,,0,,3.506049829900687,0.0017530249149503433,0.006146192704873317,0,true,true,backward_euler_step_doubling,0.00002,,0.6
0.017007637581191178,C6,capacitor,B,C,100,µF,,0,V,-0.1355872023260991,-0.0007409252551492233,0.00010045998247843434,9.191944717309267e-7,true,true,backward_euler_step_doubling,0.00002,1e-7,0.6
0.01718676065415717,V1,voltage,A,0,6,V,,0,,6,-0.005123298237731283,-0.030739789426387696,0,true,true,backward_euler_step_doubling,0.00002,,0.6
0.01718676065415717,R2,resistor,A,B,1000,Ω,,0,,2.6301052868057035,0.0026301052868057035,0.006917453819683312,0,true,true,backward_euler_step_doubling,0.00002,,0.6
0.01718676065415717,R3,resistor,B,0,1000,Ω,,0,,3.3698947131942965,0.0033698947131942966,0.01135619037801487,0,true,true,backward_euler_step_doubling,0.00002,,0.6
0.01718676065415717,R4,resistor,A,C,1000,Ω,,0,,2.4931929509255797,0.0024931929509255796,0.006216011090545,0,true,true,backward_euler_step_doubling,0.00002,,0.6
0.01718676065415717,R5,resistor,C,0,2000,Ω,,0,,3.5068070490744203,0.00175340352453721,0.006148847839719022,0,true,true,backward_euler_step_doubling,0.00002,,0.6
0.01718676065415717,C6,capacitor,B,C,100,µF,,0,V,-0.13691233588012386,-0.0007397894263885863,0.00010128629842627828,9.372493858075924e-7,true,true,backward_euler_step_doubling,0.00002,1e-7,0.6
0.01736588372712317,V1,voltage,A,0,6,V,,0,,6,-0.005123109223139627,-0.030738655338837764,0,true,true,backward_euler_step_doubling,0.00002,,0.6
0.01736588372712317,R2,resistor,A,B,1000,Ω,,0,,2.6306723305806536,0.0026306723305806537,0.006920436910882648,0,true,true,backward_euler_step_doubling,0.00002,,0.6
0.01736588372712317,R3,resistor,B,0,1000,Ω,,0,,3.3693276694193464,0.0033693276694193464,0.011352368943914804,0,true,true,backward_euler_step_doubling,0.00002,,0.6
0.01736588372712317,R4,resistor,A,C,1000,Ω,,0,,2.492436892558975,0.002492436892558975,0.0062122416633890384,0,true,true,backward_euler_step_doubling,0.00002,,0.6
0.01736588372712317,R5,resistor,C,0,2000,Ω,,0,,3.507563107441025,0.0017537815537205126,0.00615149947634067,0,true,true,backward_euler_step_doubling,0.00002,,0.6
0.01736588372712317,C6,capacitor,B,C,100,µF,,0,V,-0.1382354380216788,-0.0007386553388385252,0.00010210834431139512,9.554518162522703e-7,true,true,backward_euler_step_doubling,0.00002,1e-7,0.6
0.017546966612662442,V1,voltage,A,0,6,V,,0,,6,-0.005122918436637964,-0.030737510619827785,0,true,true,backward_euler_step_doubling,0.00002,,0.6
0.017546966612662442,R2,resistor,A,B,1000,Ω,,0,,2.6312446900855933,0.0026312446900855933,0.00692344861910363,0,true,true,backward_euler_step_doubling,0.00002,,0.6
0.017546966612662442,R3,resistor,B,0,1000,Ω,,0,,3.3687553099144067,0.003368755309914407,0.011348512338076511,0,true,true,backward_euler_step_doubling,0.00002,,0.6
0.017546966612662442,R4,resistor,A,C,1000,Ω,,0,,2.4916737465523697,0.0024916737465523696,0.006208438059258322,0,true,true,backward_euler_step_doubling,0.00002,,0.6
0.017546966612662442,R5,resistor,C,0,2000,Ω,,0,,3.5083262534476303,0.0017541631267238152,0.006154176550314944,0,true,true,backward_euler_step_doubling,0.00002,,0.6
0.017546966612662442,C6,capacitor,B,C,100,µF,,0,V,-0.13957094353322352,-0.0007375106198288796,0.00010293505307528923,9.740024139377134e-7,true,true,backward_euler_step_doubling,0.00002,1e-7,0.6
0.017728049498201715,V1,voltage,A,0,6,V,,0,,6,-0.0051227279458045845,-0.030736367674827507,0,true,true,backward_euler_step_doubling,0.00002,,0.6
0.017728049498201715,R2,resistor,A,B,1000,Ω,,0,,2.6318161625857828,0.002631816162585783,0.0069264563136477554,0,true,true,backward_euler_step_doubling,0.00002,,0.6
0.017728049498201715,R3,resistor,B,0,1000,Ω,,0,,3.3681838374142172,0.0033681838374142173,0.011344662362618363,0,true,true,backward_euler_step_doubling,0.00002,,0.6
0.017728049498201715,R4,resistor,A,C,1000,Ω,,0,,2.4909117832188015,0.0024909117832188016,0.006204641511778269,0,true,true,backward_euler_step_doubling,0.00002,,0.6
0.017728049498201715,R5,resistor,C,0,2000,Ω,,0,,3.5090882167811985,0.0017545441083905993,0.006156850056576326,0,true,true,backward_euler_step_doubling,0.00002,,0.6
0.017728049498201715,C6,capacitor,B,C,100,µF,,0,V,-0.1409043793669813,-0.0007363676748284355,0.0001037574302076078,9.927022062397093e-7,true,true,backward_euler_step_doubling,0.00002,1e-7,0.6
0.017911098415996075,V1,voltage,A,0,6,V,,0,,6,-0.005122535688446073,-0.03073521413067644,0,true,true,backward_euler_step_doubling,0.00002,,0.6
0.017911098415996075,R2,resistor,A,B,1000,Ω,,0,,2.6323929346613646,0.0026323929346613647,0.006929492562455072,0,true,true,backward_euler_step_doubling,0.00002,,0.6
0.017911098415996075,R3,resistor,B,0,1000,Ω,,0,,3.3676070653386354,0.0033676070653386354,0.011340777346518695,0,true,true,backward_euler_step_doubling,0.00002,,0.6
0.017911098415996075,R4,resistor,A,C,1000,Ω,,0,,2.4901427537847076,0.0024901427537847077,0.006200810934226487,0,true,true,backward_euler_step_doubling,0.00002,,0.6
0.017911098415996075,R5,resistor,C,0,2000,Ω,,0,,3.5098572462152924,0.0017549286231076462,0.006159548944404998,0,true,true,backward_euler_step_doubling,0.00002,,0.6
0.017911098415996075,C6,capacitor,B,C,100,µF,,0,V,-0.14225018087665697,-0.0007352141306771108,0.00010458434307189313,0.0000010117556979720812,true,true,backward_euler_step_doubling,0.00002,1e-7,0.6
0.018094147333790438,V1,voltage,A,0,6,V,,0,,6,-0.0051223437322650165,-0.030734062393590098,0,true,true,backward_euler_step_doubling,0.00002,,0.6
0.018094147333790438,R2,resistor,A,B,1000,Ω,,0,,2.6329688032045384,0.0026329688032045383,0.006932524718648339,0,true,true,backward_euler_step_doubling,0.00002,,0.6
0.018094147333790438,R3,resistor,B,0,1000,Ω,,0,,3.3670311967954616,0.003367031196795462,0.011336899080193879,0,true,true,backward_euler_step_doubling,0.00002,,0.6
0.018094147333790438,R4,resistor,A,C,1000,Ω,,0,,2.489374929060478,0.002489374929060478,0.006196987537434861,0,true,true,backward_euler_step_doubling,0.00002,,0.6
0.018094147333790438,R5,resistor,C,0,2000,Ω,,0,,3.510625070939522,0.001755312535469761,0.006162244194354562,0,true,true,backward_euler_step_doubling,0.00002,,0.6
0.018094147333790438,C6,capacitor,B,C,100,µF,,0,V,-0.14359387414406033,-0.0007340623935908078,0.00010540686295916613,0.0000010309600345850118,true,true,backward_euler_step_doubling,0.00002,1e-7,0.6
0.018279168588019586,V1,voltage,A,0,6,V,,0,,6,-0.005122150014988135,-0.030732900089928808,0,true,true,backward_euler_step_doubling,0.00002,,0.6
0.018279168588019586,R2,resistor,A,B,1000,Ω,,0,,2.6335499550354147,0.0026335499550354147,0.006935585365667035,0,true,true,backward_euler_step_doubling,0.00002,,0.6
0.018279168588019586,R3,resistor,B,0,1000,Ω,,0,,3.3664500449645853,0.0033664500449645854,0.011332985905242059,0,true,true,backward_euler_step_doubling,0.00002,,0.6
0.018279168588019586,R4,resistor,A,C,1000,Ω,,0,,2.488600059952721,0.002488600059952721,0.006193130258396686,0,true,true,backward_euler_step_doubling,0.00002,,0.6
0.018279168588019586,R5,resistor,C,0,2000,Ω,,0,,3.511399940047279,0.0017556999700236394,0.006164964769482017,0,true,true,backward_euler_step_doubling,0.00002,,0.6
0.018279168588019586,C6,capacitor,B,C,100,µF,,0,V,-0.14494989508269374,-0.0007329000899291096,0.00010623379114132123,0.0000010505236042241959,true,true,backward_euler_step_doubling,0.00002,1e-7,0.6
0.01846418984224874,V1,voltage,A,0,6,V,,0,,6,-0.00512195660444029,-0.03073173962664174,0,true,true,backward_euler_step_doubling,0.00002,,0.6
0.01846418984224874,R2,resistor,A,B,1000,Ω,,0,,2.634130186678945,0.002634130186678945,0.006938641840373254,0,true,true,backward_euler_step_doubling,0.00002,,0.6
0.01846418984224874,R3,resistor,B,0,1000,Ω,,0,,3.365869813321055,0.003365869813321055,0.011329079600225913,0,true,true,backward_euler_step_doubling,0.00002,,0.6
0.01846418984224874,R4,resistor,A,C,1000,Ω,,0,,2.487826417761346,0.002487826417761346,0.006189280284911252,0,true,true,backward_euler_step_doubling,0.00002,,0.6
0.01846418984224874,R5,resistor,C,0,2000,Ω,,0,,3.512173582238654,0.001756086791119327,0.00616768163588755,0,true,true,backward_euler_step_doubling,0.00002,,0.6
0.01846418984224874,C6,capacitor,B,C,100,µF,,0,V,-0.146303768917599,-0.0007317396266422885,0.00010705626524412355,0.00000107023963997471,true,true,backward_euler_step_doubling,0.00002,1e-7,0.6
0.018651189822333266,V1,voltage,A,0,6,V,,0,,6,-0.00512176143826995,-0.030730568629619696,0,true,true,backward_euler_step_doubling,0.00002,,0.6
0.018651189822333266,R2,resistor,A,B,1000,Ω,,0,,2.6347156851897213,0.0026347156851897215,0.0069417267417847435,0,true,true,backward_euler_step_doubling,0.00002,,0.6
0.018651189822333266,R3,resistor,B,0,1000,Ω,,0,,3.3652843148102787,0.0033652843148102786,0.011325138519508086,0,true,true,backward_euler_step_doubling,0.00002,,0.6
0.018651189822333266,R4,resistor,A,C,1000,Ω,,0,,2.487045753080228,0.002487045753080228,0.0061853965779144,0,true,true,backward_euler_step_doubling,0.00002,,0.6
0.018651189822333266,R5,resistor,C,0,2000,Ω,,0,,3.512954246919772,0.001756477123459886,0.006170423770475831,0,true,true,backward_euler_step_doubling,0.00002,,0.6
0.018651189822333266,C6,capacitor,B,C,100,µF,,0,V,-0.1476699321094932,-0.000730568629620528,0.00010788301993738885,0.0000010903204424611165,true,true,backward_euler_step_doubling,0.00002,1e-7,0.6
0.018838189802417794,V1,voltage,A,0,6,V,,0,,6,-0.005121566584422529,-0.030729399506535172,0,true,true,backward_euler_step_doubling,0.00002,,0.6
0.018838189802417794,R2,resistor,A,B,1000,Ω,,0,,2.635300246731991,0.002635300246731991,0.006944807390425692,0,true,true,backward_euler_step_doubling,0.00002,,0.6
0.018838189802417794,R3,resistor,B,0,1000,Ω,,0,,3.364699753268009,0.0033646997532680092,0.011321204429641803,0,true,true,backward_euler_step_doubling,0.00002,,0.6
0.018838189802417794,R4,resistor,A,C,1000,Ω,,0,,2.4862663376905387,0.0024862663376905387,0.006181520301933124,0,true,true,backward_euler_step_doubling,0.00002,,0.6
0.018838189802417794,R5,resistor,C,0,2000,Ω,,0,,3.5137336623094613,0.0017568668311547307,0.00617316212482333,0,true,true,backward_euler_step_doubling,0.00002,,0.6
0.018838189802417794,C6,capacitor,B,C,100,µF,,0,V,-0.14903390904145208,-0.0007293995065359574,0.00010870525971195992,0.0000011105553022087905,true,true,backward_euler_step_doubling,0.00002,1e-7,0.6
0.01902717498422553,V1,voltage,A,0,6,V,,0,,6,-0.005121369980469782,-0.030728219882818694,0,true,true,backward_euler_step_doubling,0.00002,,0.6
0.01902717498422553,R2,resistor,A,B,1000,Ω,,0,,2.63589005859037,0.00263589005859037,0.006947916400975545,0,true,true,backward_euler_step_doubling,0.00002,,0.6
0.01902717498422553,R3,resistor,B,0,1000,Ω,,0,,3.36410994140963,0.0033641099414096296,0.011317235697891103,0,true,true,backward_euler_step_doubling,0.00002,,0.6
0.01902717498422553,R4,resistor,A,C,1000,Ω,,0,,2.4854799218794117,0.002485479921879412,0.006177610442065687,0,true,true,backward_euler_step_doubling,0.00002,,0.6
0.01902717498422553,R5,resistor,C,0,2000,Ω,,0,,3.5145200781205883,0.0017572600390602941,0.006175925689756373,0,true,true,backward_euler_step_doubling,0.00002,,0.6
0.01902717498422553,C6,capacitor,B,C,100,µF,,0,V,-0.1504101367109585,-0.0007282198828194426,0.00010953165213051053,0.000001131160461270461,true,true,backward_euler_step_doubling,0.00002,1e-7,0.6
0.019216160166033266,V1,voltage,A,0,6,V,,0,,6,-0.005121173694475378,-0.030727042166852268,0,true,true,backward_euler_step_doubling,0.00002,,0.6
0.019216160166033266,R2,resistor,A,B,1000,Ω,,0,,2.6364789165735907,0.0026364789165735907,0.006951021077537055,0,true,true,backward_euler_step_doubling,0.00002,,0.6
0.019216160166033266,R3,resistor,B,0,1000,Ω,,0,,3.3635210834264093,0.0033635210834264094,0.011313274078653967,0,true,true,backward_euler_step_doubling,0.00002,,0.6
0.019216160166033266,R4,resistor,A,C,1000,Ω,,0,,2.4846947779017863,0.0024846947779017864,0.0061737081393324076,0,true,true,backward_euler_step_doubling,0.00002,,0.6
0.019216160166033266,R5,resistor,C,0,2000,Ω,,0,,3.5153052220982137,0.0017576526110491069,0.006178685402255486,0,true,true,backward_euler_step_doubling,0.00002,,0.6
0.019216160166033266,C6,capacitor,B,C,100,µF,,0,V,-0.1517841386718044,-0.0007270421668529335,0.00011035346907385481,0.0000011519212376170773,true,true,backward_euler_step_doubling,0.00002,1e-7,0.6
0.01940713711262801,V1,voltage,A,0,6,V,,0,,6,-0.005120975663936107,-0.030725853983616644,0,true,true,backward_euler_step_doubling,0.00002,,0.6
0.01940713711262801,R2,resistor,A,B,1000,Ω,,0,,2.6370730081912805,0.0026370730081912807,0.0069541540505310105,0,true,true,backward_euler_step_doubling,0.00002,,0.6
0.01940713711262801,R3,resistor,B,0,1000,Ω,,0,,3.3629269918087195,0.0033629269918087194,0.011309277952235642,0,true,true,backward_euler_step_doubling,0.00002,,0.6
0.01940713711262801,R4,resistor,A,C,1000,Ω,,0,,2.483902655744827,0.002483902655744827,0.006169772403216205,0,true,true,backward_euler_step_doubling,0.00002,,0.6
0.01940713711262801,R5,resistor,C,0,2000,Ω,,0,,3.516097344255173,0.0017580486721275866,0.00618147026713914,0,true,true,backward_euler_step_doubling,0.00002,,0.6
0.01940713711262801,C6,capacitor,B,C,100,µF,,0,V,-0.1531703524464536,-0.0007258539836175979,0.00011117931049536983,0.0000011730578434285408,true,true,backward_euler_step_doubling,0.00002,1e-7,0.6
0.019598114059222755,V1,voltage,A,0,6,V,,0,,6,-0.00512077795703225,-0.030724667742193502,0,true,true,backward_euler_step_doubling,0.00002,,0.6
0.019598114059222755,R2,resistor,A,B,1000,Ω,,0,,2.637666128902852,0.002637666128902852,0.006957282607561356,0,true,true,backward_euler_step_doubling,0.00002,,0.6
0.019598114059222755,R3,resistor,B,0,1000,Ω,,0,,3.362333871097148,0.0033623338710971483,0.011305289060727135,0,true,true,backward_euler_step_doubling,0.00002,,0.6
0.019598114059222755,R4,resistor,A,C,1000,Ω,,0,,2.4831118281293985,0.0024831118281293985,0.006165844350996123,0,true,true,backward_euler_step_doubling,0.00002,,0.6
0.019598114059222755,R5,resistor,C,0,2000,Ω,,0,,3.5168881718706015,0.0017584440859353008,0.006184251206721671,0,true,true,backward_euler_step_doubling,0.00002,,0.6
0.019598114059222755,C6,capacitor,B,C,100,µF,,0,V,-0.15455430077345333,-0.0007246677421942905,0.00011200051618791572,0.0000011943515943785538,true,true,backward_euler_step_doubling,0.00002,1e-7,0.6
0.01979108942202575,V1,voltage,A,0,6,V,,0,,6,-0.005120578511187029,-0.030723471067122175,0,true,true,backward_euler_step_doubling,0.00002,,0.6
0.01979108942202575,R2,resistor,A,B,1000,Ω,,0,,2.6382644664385184,0.0026382644664385184,0.00696043939487212,0,true,true,backward_euler_step_doubling,0.00002,,0.6
0.01979108942202575,R3,resistor,B,0,1000,Ω,,0,,3.3617355335614816,0.0033617355335614817,0.0113012657976099,0,true,true,backward_euler_step_doubling,0.00002,,0.6
0.01979108942202575,R4,resistor,A,C,1000,Ω,,0,,2.48231404474851,0.00248231404474851,0.006161883016755707,0,true,true,backward_euler_step_doubling,0.00002,,0.6
0.01979108942202575,R5,resistor,C,0,2000,Ω,,0,,3.51768595525149,0.001758842977625745,0.006187057239886794,0,true,true,backward_euler_step_doubling,0.00002,,0.6
0.01979108942202575,C6,capacitor,B,C,100,µF,,0,V,-0.1559504216900085,-0.0007234710671229259,0.00011282561799834074,0.0000012160267012645736,true,true,backward_euler_step_doubling,0.00002,1e-7,0.6
0.019984064784828746,V1,voltage,A,0,6,V,,0,,6,-0.005120379394695324,-0.030722276368171944,0,true,true,backward_euler_step_doubling,0.00002,,0.6
0.019984064784828746,R2,resistor,A,B,1000,Ω,,0,,2.6388618159136263,0.0026388618159136263,0.006963591683486961,0,true,true,backward_euler_step_doubling,0.00002,,0.6
0.019984064784828746,R3,resistor,B,0,1000,Ω,,0,,3.3611381840863737,0.003361138184086374,0.011297249892523446,0,true,true,backward_euler_step_doubling,0.00002,,0.6
0.019984064784828746,R4,resistor,A,C,1000,Ω,,0,,2.481517578781696,0.002481517578781696,0.006157929493802571,0,true,true,backward_euler_step_doubling,0.00002,,0.6
0.019984064784828746,R5,resistor,C,0,2000,Ω,,0,,3.518482421218304,0.001759241210609152,0.006189859274211109,0,true,true,backward_euler_step_doubling,0.00002,,0.6
0.019984064784828746,C6,capacitor,B,C,100,µF,,0,V,-0.15734423713193024,-0.0007222763681727923,0.00011364602414856917,0.0000012378604479314546,true,true,backward_euler_step_doubling,0.00002,1e-7,0.6
0.020179045304568613,V1,voltage,A,0,6,V,,0,,6,-0.005120178544908464,-0.030721071269450784,0,true,true,backward_euler_step_doubling,0.00002,,0.6
0.020179045304568613,R2,resistor,A,B,1000,Ω,,0,,2.6394643652746317,0.0026394643652746315,0.006966772135554614,0,true,true,backward_euler_step_doubling,0.00002,,0.6
0.020179045304568613,R3,resistor,B,0,1000,Ω,,0,,3.3605356347253683,0.003360535634725368,0.011293199752259033,0,true,true,backward_euler_step_doubling,0.00002,,0.6
0.020179045304568613,R4,resistor,A,C,1000,Ω,,0,,2.4807141796338317,0.002480714179633832,0.006153942841036355,0,true,true,backward_euler_step_doubling,0.00002,,0.6
0.020179045304568613,R5,resistor,C,0,2000,Ω,,0,,3.5192858203661683,0.0017596429101830841,0.006192686342715187,0,true,true,backward_euler_step_doubling,0.00002,,0.6
0.020179045304568613,C6,capacitor,B,C,100,µF,,0,V,-0.1587501856408,-0.000721071269450675,0.00011447019788554198,0.0000012600810720494233,true,true,backward_euler_step_doubling,0.00002,1e-7,0.6
0.020374025824308476,V1,voltage,A,0,6,V,,0,,6,-0.005119978030233959,-0.030719868181403757,0,true,true,backward_euler_step_doubling,0.00002,,0.6
0.020374025824308476,R2,resistor,A,B,1000,Ω,,0,,2.6400659092981513,0.002640065909298151,0.006969948005438274,0,true,true,backward_euler_step_doubling,0.00002,,0.6
0.020374025824308476,R3,resistor,B,0,1000,Ω,,0,,3.3599340907018487,0.0033599340907018486,0.011289157093860459,0,true,true,backward_euler_step_doubling,0.00002,,0.6
0.020374025824308476,R4,resistor,A,C,1000,Ω,,0,,2.479912120935808,0.002479912120935808,0.006149964127564338,0,true,true,backward_euler_step_doubling,0.00002,,0.6
0.020374025824308476,R5,resistor,C,0,2000,Ω,,0,,3.520087879064192,0.001760043939532096,0.006195509338167321,0,true,true,backward_euler_step_doubling,0.00002,,0.6
0.020374025824308476,C6,capacitor,B,C,100,µF,,0,V,-0.16015378836234317,-0.0007198681814038603,0.00011528961637333871,0.0000012824617963405103,true,true,backward_euler_step_doubling,0.00002,1e-7,0.6
0.020571018332032884,V1,voltage,A,0,6,V,,0,,6,-0.005119775787952343,-0.03071865472771406,0,true,true,backward_euler_step_doubling,0.00002,,0.6
0.020571018332032884,R2,resistor,A,B,1000,Ω,,0,,2.640672636142346,0.002640672636142346,0.006973151971270967,0,true,true,backward_euler_step_doubling,0.00002,,0.6
0.020571018332032884,R3,resistor,B,0,1000,Ω,,0,,3.359327363857654,0.003359327363857654,0.011285080337562816,0,true,true,backward_euler_step_doubling,0.00002,,0.6
0.020571018332032884,R4,resistor,A,C,1000,Ω,,0,,2.4791031518099964,0.0024791031518099963,0.006145952437314257,0,true,true,backward_euler_step_doubling,0.00002,,0.6
0.020571018332032884,R5,resistor,C,0,2000,Ω,,0,,3.5208968481900036,0.0017604484240950017,0.0061983573077971504,0,true,true,backward_euler_step_doubling,0.00002,,0.6
0.020571018332032884,C6,capacitor,B,C,100,µF,,0,V,-0.1615694843323494,-0.0007186547277152257,0.000116112673769954,0.000001305234913371065,true,true,backward_euler_step_doubling,0.00002,1e-7,0.6
0.02076801083975729,V1,voltage,A,0,6,V,,0,,6,-0.005119573886582825,-0.03071744331949695,0,true,true,backward_euler_step_doubling,0.00002,,0.6
0.02076801083975729,R2,resistor,A,B,1000,Ω,,0,,2.641278340250878,0.0026412783402508778,0.006976351270678432,0,true,true,backward_euler_step_doubling,0.00002,,0.6
0.02076801083975729,R3,resistor,B,0,1000,Ω,,0,,3.358721659749122,0.003358721659749122,0.011281011187667897,0,true,true,backward_euler_step_doubling,0.00002,,0.6
0.02076801083975729,R4,resistor,A,C,1000,Ω,,0,,2.478295546331948,0.0024782955463319477,0.006141948814968767,0,true,true,backward_euler_step_doubling,0.00002,,0.6
0.02076801083975729,R5,resistor,C,0,2000,Ω,,0,,3.521704453668052,0.001760852226834026,0.006201201129492697,0,true,true,backward_euler_step_doubling,0.00002,,0.6
0.02076801083975729,C6,capacitor,B,C,100,µF,,0,V,-0.1629827939189301,-0.0007174433194981818,0.0001169309166902853,0.000001328169555681022,true,true,backward_euler_step_doubling,0.00002,1e-7,0.6
0.020967022257874095,V1,voltage,A,0,6,V,,0,,6,-0.005119370263336833,-0.030716221580021,0,true,true,backward_euler_step_doubling,0.00002,,0.6
0.020967022257874095,R2,resistor,A,B,1000,Ω,,0,,2.6418892099895106,0.0026418892099895107,0.006979578597859,0,true,true,backward_euler_step_doubling,0.00002,,0.6
0.020967022257874095,R3,resistor,B,0,1000,Ω,,0,,3.3581107900104894,0.0033581107900104894,0.011276908077984872,0,true,true,backward_euler_step_doubling,0.00002,,0.6
0.020967022257874095,R4,resistor,A,C,1000,Ω,,0,,2.4774810533473217,0.002477481053347322,0.006137912369694955,0,true,true,backward_euler_step_doubling,0.00002,,0.6
0.020967022257874095,R5,resistor,C,0,2000,Ω,,0,,3.5225189466526783,0.001761259473326339,0.006204069864763547,0,true,true,backward_euler_step_doubling,0.00002,,0.6
0.020967022257874095,C6,capacitor,B,C,100,µF,,0,V,-0.16440815664218889,-0.0007162215800212055,0.00011775266971864238,0.0000013515020985241259,true,true,backward_euler_step_doubling,0.00002,1e-7,0.6
0.021166033675990896,V1,voltage,A,0,6,V,,0,,6,-0.00511916698684217,-0.03071500192105302,0,true,true,backward_euler_step_doubling,0.00002,,0.6
0.021166033675990896,R2,resistor,A,B,1000,Ω,,0,,2.642499039473504,0.002642499039473504,0.006982801173618391,0,true,true,backward_euler_step_doubling,0.00002,,0.6
0.021166033675990896,R3,resistor,B,0,1000,Ω,,0,,3.357500960526496,0.0033575009605264963,0.011272812699936345,0,true,true,backward_euler_step_doubling,0.00002,,0.6
0.021166033675990896,R4,resistor,A,C,1000,Ω,,0,,2.476667947368665,0.002476667947368665,0.006133884121523316,0,true,true,backward_euler_step_doubling,0.00002,,0.6
0.021166033675990896,R5,resistor,C,0,2000,Ω,,0,,3.523332052631335,0.0017616660263156676,0.006206934376549669,0,true,true,backward_euler_step_doubling,0.00002,,0.6
0.021166033675990896,C6,capacitor,B,C,100,µF,,0,V,-0.16583109210483915,-0.0007150019210531549,0.00011856954942530267,0.0000013749975554341822,true,true,backward_euler_step_doubling,0.00002,1e-7,0.6
0.021367071019362954,V1,voltage,A,0,6,V,,0,,6,-0.005118961994242664,-0.030713771965455983,0,true,true,backward_euler_step_doubling,0.00002,,0.6
0.021367071019362954,R2,resistor,A,B,1000,Ω,,0,,2.6431140172722936,0.0026431140172722936,0.006986051708301282,0,true,true,backward_euler_step_doubling,0.00002,,0.6
0.021367071019362954,R3,resistor,B,0,1000,Ω,,0,,3.3568859827277064,0.0033568859827277065,0.01126868350103376,0,true,true,backward_euler_step_doubling,0.00002,,0.6
0.021367071019362954,R4,resistor,A,C,1000,Ω,,0,,2.475847976970368,0.002475847976970368,0.006129823205068264,0,true,true,backward_euler_step_doubling,0.00002,,0.6
0.021367071019362954,R5,resistor,C,0,2000,Ω,,0,,3.524152023029632,0.001762076011514816,0.006209823740711924,0,true,true,backward_euler_step_doubling,0.00002,,0.6
0.021367071019362954,C6,capacitor,B,C,100,µF,,0,V,-0.1672660403019255,-0.0007137719654555427,0.00011938981034027138,0.000001398896411914268,true,true,backward_euler_step_doubling,0.00002,1e-7,0.6
0.02156810836273501,V1,voltage,A,0,6,V,,0,,6,-0.005118757354274012,-0.030712544125644073,0,true,true,backward_euler_step_doubling,0.00002,,0.6
0.02156810836273501,R2,resistor,A,B,1000,Ω,,0,,2.643727937178242,0.002643727937178242,0.0069892974058167225,0,true,true,backward_euler_step_doubling,0.00002,,0.6
0.02156810836273501,R3,resistor,B,0,1000,Ω,,0,,3.356272062821758,0.003356272062821758,0.01126456215967782,0,true,true,backward_euler_step_doubling,0.00002,,0.6
0.02156810836273501,R4,resistor,A,C,1000,Ω,,0,,2.4750294170957687,0.0024750294170957686,0.006125770615489421,0,true,true,backward_euler_step_doubling,0.00002,,0.6
0.02156810836273501,R5,resistor,C,0,2000,Ω,,0,,3.5249705829042313,0.0017624852914521155,0.006212708805170097,0,true,true,backward_euler_step_doubling,0.00002,,0.6
0.02156810836273501,C6,capacitor,B,C,100,µF,,0,V,-0.1686985200824731,-0.0007125441256436341,0.00012020513948954085,0.000001422959533900829,true,true,backward_euler_step_doubling,0.00002,1e-7,0.6
0.021771178739797597,V1,voltage,A,0,6,V,,0,,6,-0.005118551004013137,-0.030711306024078823,0,true,true,backward_euler_step_doubling,0.00002,,0.6
0.021771178739797597,R2,resistor,A,B,1000,Ω,,0,,2.6443469879603883,0.002644346987960388,0.006992570992735177,0,true,true,backward_euler_step_doubling,0.00002,,0.6
0.021771178739797597,R3,resistor,B,0,1000,Ω,,0,,3.3556530120396117,0.0033556530120396116,0.011260407137210519,0,true,true,backward_euler_step_doubling,0.00002,,0.6
0.021771178739797597,R4,resistor,A,C,1000,Ω,,0,,2.4742040160527488,0.002474204016052749,0.006121685513051551,0,true,true,backward_euler_step_doubling,0.00002,,0.6
0.021771178739797597,R5,resistor,C,0,2000,Ω,,0,,3.5257959839472512,0.0017628979919736257,0.006215618660209283,0,true,true,backward_euler_step_doubling,0.00002,,0.6
0.021771178739797597,C6,capacitor,B,C,100,µF,,0,V,-0.1701429719076395,-0.0007113060240791433,0.00012102372087263242,0.00000144743154447819,true,true,backward_euler_step_doubling,0.00002,1e-7,0.6
0.02197424911686018,V1,voltage,A,0,6,V,,0,,6,-0.005118345012302233,-0.0307100700738134,0,true,true,backward_euler_step_doubling,0.00002,,0.6
0.02197424911686018,R2,resistor,A,B,1000,Ω,,0,,2.6449649630930874,0.0026449649630930876,0.006995839655990018,0,true,true,backward_euler_step_doubling,0.00002,,0.6
0.02197424911686018,R3,resistor,B,0,1000,Ω,,0,,3.3550350369069126,0.0033550350369069126,0.011256260098872968,0,true,true,backward_euler_step_doubling,0.00002,,0.6
0.02197424911686018,R4,resistor,A,C,1000,Ω,,0,,2.473380049209146,0.0024733800492091457,0.0061176088678258364,0,true,true,backward_euler_step_doubling,0.00002,,0.6
0.02197424911686018,R5,resistor,C,0,2000,Ω,,0,,3.526619950790854,0.0017633099753954272,0.006218524138658044,0,true,true,backward_euler_step_doubling,0.00002,,0.6
0.02197424911686018,C6,capacitor,B,C,100,µF,,0,V,-0.1715849138839416,-0.0007100700738137224,0.00012183731246689161,0.0000014720691336279826,true,true,backward_euler_step_doubling,0.00002,1e-7,0.6
0.02217935973063983,V1,voltage,A,0,6,V,,0,,6,-0.005118137316152938,-0.030708823896917627,0,true,true,backward_euler_step_doubling,0.00002,,0.6
0.02217935973063983,R2,resistor,A,B,1000,Ω,,0,,2.6455880515412313,0.0026455880515412313,0.006999136138457728,0,true,true,backward_euler_step_doubling,0.00002,,0.6
0.02217935973063983,R3,resistor,B,0,1000,Ω,,0,,3.3544119484587687,0.003354411948458769,0.011252079519962953,0,true,true,backward_euler_step_doubling,0.00002,,0.6
0.02217935973063983,R4,resistor,A,C,1000,Ω,,0,,2.4725492646117053,0.0024725492646117055,0.006113499865931885,0,true,true,backward_euler_step_doubling,0.00002,,0.6
0.02217935973063983,R5,resistor,C,0,2000,Ω,,0,,3.5274507353882947,0.0017637253676941473,0.006221454345295711,0,true,true,backward_euler_step_doubling,0.00002,,0.6
0.02217935973063983,C6,capacitor,B,C,100,µF,,0,V,-0.173038786929526,-0.000708823896917545,0.00012265402726927138,0.0000014971210891020952,true,true,backward_euler_step_doubling,0.00002,1e-7,0.6
0.022384470344419483,V1,voltage,A,0,6,V,,0,,6,-0.0051179299845114535,-0.03070757990706872,0,true,true,backward_euler_step_doubling,0.00002,,0.6
0.022384470344419483,R2,resistor,A,B,1000,Ω,,0,,2.6462100464656744,0.002646210046465674,0.007002427610015866,0,true,true,backward_euler_step_doubling,0.00002,,0.6
0.022384470344419483,R3,resistor,B,0,1000,Ω,,0,,3.3537899535343256,0.0033537899535343255,0.011247907052427774,0,true,true,backward_euler_step_doubling,0.00002,,0.6
0.022384470344419483,R4,resistor,A,C,1000,Ω,,0,,2.471719938045778,0.002471719938045778,0.006109399452133025,0,true,true,backward_euler_step_doubling,0.00002,,0.6
0.022384470344419483,R5,resistor,C,0,2000,Ω,,0,,3.528280061954222,0.0017641400309771108,0.006224380097791843,0,true,true,backward_euler_step_doubling,0.00002,,0.6
0.022384470344419483,C6,capacitor,B,C,100,µF,,0,V,-0.1744901084198962,-0.0007075799070687475,0.00012346569470016584,0.0000015223398968193567,true,true,backward_euler_step_doubling,0.00002,1e-7,0.6
0.0225916284936614,V1,voltage,A,0,6,V,,0,,6,-0.0051177209543255405,-0.03070632572595324,0,true,true,backward_euler_step_doubling,0.00002,,0.6
0.0225916284936614,R2,resistor,A,B,1000,Ω,,0,,2.6468371370234705,0.0026468371370234707,0.0070057468299266025,0,true,true,backward_euler_step_doubling,0.00002,,0.6
0.0225916284936614,R3,resistor,B,0,1000,Ω,,0,,3.3531628629765295,0.0033531628629765295,0.011243701185644956,0,true,true,backward_euler_step_doubling,0.00002,,0.6
0.0225916284936614,R4,resistor,A,C,1000,Ω,,0,,2.47088381730207,0.0024708838173020703,0.00610526683860525,0,true,true,backward_euler_step_doubling,0.00002,,0.6
0.0225916284936614,R5,resistor,C,0,2000,Ω,,0,,3.52911618269793,0.001764558091348965,0.006227330515490204,0,true,true,backward_euler_step_doubling,0.00002,,0.6
0.0225916284936614,C6,capacitor,B,C,100,µF,,0,V,-0.17595331972140027,-0.0007063257259531412,0.0001242803562860832,0.000001547978536049065,true,true,backward_euler_step_doubling,0.00002,1e-7,0.6
0.022798786642903315,V1,voltage,A,0,6,V,,0,,6,-0.00511751229464435,-0.0307050737678661,0,true,true,backward_euler_step_doubling,0.00002,,0.6
0.022798786642903315,R2,resistor,A,B,1000,Ω,,0,,2.647463116067026,0.002647463116067026,0.007009060950935326,0,true,true,backward_euler_step_doubling,0.00002,,0.6
0.022798786642903315,R3,resistor,B,0,1000,Ω,,0,,3.352536883932974,0.0033525368839329743,0.011239503558131017,0,true,true,backward_euler_step_doubling,0.00002,,0.6
0.022798786642903315,R4,resistor,A,C,1000,Ω,,0,,2.470049178577324,0.002470049178577324,0.006101142944590513,0,true,true,backward_euler_step_doubling,0.00002,,0.6
0.022798786642903315,R5,resistor,C,0,2000,Ω,,0,,3.529950821422676,0.001764975410711338,0.0062302764008313125,0,true,true,backward_euler_step_doubling,0.00002,,0.6
0.022798786642903315,C6,capacitor,B,C,100,µF,,0,V,-0.1774139374897019,-0.000705073767866089,0.00012508991337782291,0.0000015737852607799926,true,true,backward_euler_step_doubling,0.00002,1e-7,0.6
0.02300799972325752,V1,voltage,A,0,6,V,,0,,6,-0.005117301942352655,-0.030703811654115933,0,true,true,backward_euler_step_doubling,0.00002,,0.6
0.02300799972325752,R2,resistor,A,B,1000,Ω,,0,,2.6480941729419123,0.0026480941729419122,0.007012402748768911,0,true,true,backward_euler_step_doubling,0.00002,,0.6
0.02300799972325752,R3,resistor,B,0,1000,Ω,,0,,3.3519058270580877,0.003351905827058088,0.011235272673465963,0,true,true,backward_euler_step_doubling,0.00002,,0.6
0.02300799972325752,R4,resistor,A,C,1000,Ω,,0,,2.469207769410742,0.0024692077694107423,0.006096987008518373,0,true,true,backward_euler_step_doubling,0.00002,,0.6
0.02300799972325752,R5,resistor,C,0,2000,Ω,,0,,3.530792230589258,0.001765396115294629,0.006233246887794733,0,true,true,backward_euler_step_doubling,0.00002,,0.6
0.02300799972325752,C6,capacitor,B,C,100,µF,,0,V,-0.17888640353117014,-0.0007038116541161172,0.00012590233556815608,0.0000016000172684158317,true,true,backward_euler_step_doubling,0.00002,1e-7,0.6
0.02321721280361173,V1,voltage,A,0,6,V,,0,,6,-0.005117091966601081,-0.030702551799606487,0,true,true,backward_euler_step_doubling,0.00002,,0.6
0.02321721280361173,R2,resistor,A,B,1000,Ω,,0,,2.648724100196646,0.002648724100196646,0.0070157393589625324,0,true,true,backward_euler_step_doubling,0.00002,,0.6
0.02321721280361173,R3,resistor,B,0,1000,Ω,,0,,3.351275899803354,0.0033512758998033537,0.011231050156602779,0,true,true,backward_euler_step_doubling,0.00002,,0.6
0.02321721280361173,R4,resistor,A,C,1000,Ω,,0,,2.4683678664044346,0.0024683678664044347,0.006092839923897981,0,true,true,backward_euler_step_doubling,0.00002,,0.6
0.02321721280361173,R5,resistor,C,0,2000,Ω,,0,,3.5316321335955654,0.0017658160667977827,0.006236212763522383,0,true,true,backward_euler_step_doubling,0.00002,,0.6
0.02321721280361173,C6,capacitor,B,C,100,µF,,0,V,-0.18035623379221155,-0.0007025517996068557,0.00012670959662103304,0.0000016264185533855434,true,true,backward_euler_step_doubling,0.00002,1e-7,0.6
0.023428488308794345,V1,voltage,A,0,6,V,,0,,6,-0.005116880304212568,-0.030701281825275407,0,true,true,backward_euler_step_doubling,0.00002,,0.6
0.023428488308794345,R2,resistor,A,B,1000,Ω,,0,,2.649359087361942,0.0026493590873619423,0.007019103573787304,0,true,true,backward_euler_step_doubling,0.00002,,0.6
0.023428488308794345,R3,resistor,B,0,1000,Ω,,0,,3.350640912638058,0.003350640912638058,0.011226794525443997,0,true,true,backward_euler_step_doubling,0.00002,,0.6
0.023428488308794345,R4,resistor,A,C,1000,Ω,,0,,2.467521216850625,0.002467521216850625,0.0060886609556079895,0,true,true,backward_euler_step_doubling,0.00002,,0.6
0.023428488308794345,R5,resistor,C,0,2000,Ω,,0,,3.532478783149375,0.0017662393915746873,0.006239203176700244,0,true,true,backward_euler_step_doubling,0.00002,,0.6
0.023428488308794345,C6,capacitor,B,C,100,µF,,0,V,-0.18183787051131706,-0.0007012818252758963,0.0001275195937364585,0.0000016532505576045253,true,true,backward_euler_step_doubling,0.00002,1e-7,0.6
0.023639763813976956,V1,voltage,A,0,6,V,,0,,6,-0.0051166690244376315,-0.03070001414662579,0,true,true,backward_euler_step_doubling,0.00002,,0.6
0.023639763813976956,R2,resistor,A,B,1000,Ω,,0,,2.6499929266867914,0.0026499929266867914,0.007022462511490027,0,true,true,backward_euler_step_doubling,0.00002,,0.6
0.023639763813976956,R3,resistor,B,0,1000,Ω,,0,,3.3500070733132086,0.0033500070733132087,0.01122254739124853,0,true,true,backward_euler_step_doubling,0.00002,,0.6
0.023639763813976956,R4,resistor,A,C,1000,Ω,,0,,2.4666760977508395,0.0024666760977508397,0.006084490971215309,0,true,true,backward_euler_step_doubling,0.00002,,0.6
0.023639763813976956,R5,resistor,C,0,2000,Ω,,0,,3.5333239022491605,0.0017666619511245802,0.006242188899102617,0,true,true,backward_euler_step_doubling,0.00002,,0.6
0.023639763813976956,C6,capacitor,B,C,100,µF,,0,V,-0.18331682893595191,-0.0007000141466264792,0.00012832437356987265,0.0000016802529885566526,true,true,backward_euler_step_doubling,0.00002,1e-7,0.6
0.02385310933686041,V1,voltage,A,0,6,V,,0,,6,-0.005116456064038751,-0.030698736384232504,0,true,true,backward_euler_step_doubling,0.00002,,0.6
0.02385310933686041,R2,resistor,A,B,1000,Ω,,0,,2.6506318078836104,0.0026506318078836104,0.007025848980964337,0,true,true,backward_euler_step_doubling,0.00002,,0.6
0.02385310933686041,R3,resistor,B,0,1000,Ω,,0,,3.3493681921163896,0.0033493681921163898,0.011218267286361012,0,true,true,backward_euler_step_doubling,0.00002,,0.6
0.02385310933686041,R4,resistor,A,C,1000,Ω,,0,,2.4658242561551402,0.00246582425615514,0.00608028926224305,0,true,true,backward_euler_step_doubling,0.00002,,0.6
0.02385310933686041,R5,resistor,C,0,2000,Ω,,0,,3.5341757438448598,0.00176708787192243,0.006245199094190684,0,true,true,backward_euler_step_doubling,0.00002,,0.6
0.02385310933686041,C6,capacitor,B,C,100,µF,,0,V,-0.1848075517284702,-0.0006987363842327431,0.0001291317604736569,0.0000017076915587935592,true,true,backward_euler_step_doubling,0.00002,1e-7,0.6
0.02406645485974386,V1,voltage,A,0,6,V,,0,,6,-0.005116243492364514,-0.030697460954187086,0,true,true,backward_euler_step_doubling,0.00002,,0.6
0.02406645485974386,R2,resistor,A,B,1000,Ω,,0,,2.6512695229063015,0.0026512695229063015,0.007029230083091808,0,true,true,backward_euler_step_doubling,0.00002,,0.6
0.02406645485974386,R3,resistor,B,0,1000,Ω,,0,,3.3487304770936985,0.0033487304770936986,0.01121399580821619,0,true,true,backward_euler_step_doubling,0.00002,,0.6
0.02406645485974386,R4,resistor,A,C,1000,Ω,,0,,2.4649739694582125,0.0024649739694582126,0.006076096670106577,0,true,true,backward_euler_step_doubling,0.00002,,0.6
0.02406645485974386,R5,resistor,C,0,2000,Ω,,0,,3.5350260305417875,0.0017675130152708938,0.006248204518304014,0,true,true,backward_euler_step_doubling,0.00002,,0.6
0.02406645485974386,C6,capacitor,B,C,100,µF,,0,V,-0.186295553448089,-0.0006974609541873073,0.00012993387446875667,0.0000017353016617264895,true,true,backward_euler_step_doubling,0.00002,1e-7,0.6
0.024281878093700943,V1,voltage,A,0,6,V,,0,,6,-0.005116029246117963,-0.030696175476707777,0,true,true,backward_euler_step_doubling,0.00002,,0.6
0.024281878093700943,R2,resistor,A,B,1000,Ω,,0,,2.651912261645996,0.002651912261645996,0.007032638643468381,0,true,true,backward_euler_step_doubling,0.00002,,0.6
0.024281878093700943,R3,resistor,B,0,1000,Ω,,0,,3.348087738354004,0.0033480877383540043,0.01120969150371643,0,true,true,backward_euler_step_doubling,0.00002,,0.6
0.024281878093700943,R4,resistor,A,C,1000,Ω,,0,,2.4641169844719664,0.0024641169844719663,0.006071872513163217,0,true,true,backward_euler_step_doubling,0.00002,,0.6
0.024281878093700943,R5,resistor,C,0,2000,Ω,,0,,3.5358830155280336,0.001767941507764017,0.00625123434974981,0,true,true,backward_euler_step_doubling,0.00002,,0.6
0.024281878093700943,C6,capacitor,B,C,100,µF,,0,V,-0.18779527717402944,-0.0006961754767079584,0.00013073846661013313,0.000001763353306443527,true,true,backward_euler_step_doubling,0.00002,1e-7,0.6
0.02449730132765803,V1,voltage,A,0,6,V,,0,,6,-0.005115815394744722,-0.030694892368468334,0,true,true,backward_euler_step_doubling,0.00002,,0.6
0.02449730132765803,R2,resistor,A,B,1000,Ω,,0,,2.6525538157657134,0.0026525538157657134,0.007036041745533246,0,true,true,backward_euler_step_doubling,0.00002,,0.6
0.02449730132765803,R3,resistor,B,0,1000,Ω,,0,,3.3474461842342866,0.0033474461842342867,0.011205395956344686,0,true,true,backward_euler_step_doubling,0.00002,,0.6
0.02449730132765803,R4,resistor,A,C,1000,Ω,,0,,2.463261578979008,0.002463261578979008,0.006067657606474155,0,true,true,backward_euler_step_doubling,0.00002,,0.6
0.02449730132765803,R5,resistor,C,0,2000,Ω,,0,,3.536738421020992,0.001768369210510496,0.00625425932936303,0,true,true,backward_euler_step_doubling,0.00002,,0.6
0.02449730132765803,C6,capacitor,B,C,100,µF,,0,V,-0.18929223678670537,-0.0006948923684685529,0.00013153773075342382,0.0000017915775453857063,true,true,backward_euler_step_doubling,0.00002,1e-7,0.6
0.024714810067583488,V1,voltage,A,0,6,V,,0,,6,-0.005115599874889429,-0.030693599249336574,0,true,true,backward_euler_step_doubling,0.00002,,0.6
0.024714810067583488,R2,resistor,A,B,1000,Ω,,0,,2.65320037533175,0.00265320037533175,0.0070394722316605395,0,true,true,backward_euler_step_doubling,0.00002,,0.6
0.024714810067583488,R3,resistor,B,0,1000,Ω,,0,,3.34679962466825,0.00334679962466825,0.011201067727679538,0,true,true,backward_euler_step_doubling,0.00002,,0.6
0.024714810067583488,R4,resistor,A,C,1000,Ω,,0,,2.46239949955768,0.00246239949955768,0.006063411295421913,0,true,true,backward_euler_step_doubling,0.00002,,0.6
0.024714810067583488,R5,resistor,C,0,2000,Ω,,0,,3.53760050044232,0.00176880025022116,0.006257308650364876,0,true,true,backward_euler_step_doubling,0.00002,,0.6
0.024714810067583488,C6,capacitor,B,C,100,µF,,0,V,-0.19080087577407,-0.0006935992493366773,0.00013233934420967558,0.0000018202487098076048,true,true,backward_euler_step_doubling,0.00002,1e-7,0.6
0.024932318807508944,V1,voltage,A,0,6,V,,0,,6,-0.005115384756093104,-0.030692308536558622,0,true,true,backward_euler_step_doubling,0.00002,,0.6
0.024932318807508944,R2,resistor,A,B,1000,Ω,,0,,2.65384573172072,0.00265384573172072,0.007042897167772284,0,true,true,backward_euler_step_doubling,0.00002,,0.6
0.024932318807508944,R3,resistor,B,0,1000,Ω,,0,,3.34615426827928,0.00334615426827928,0.011196748387123643,0,true,true,backward_euler_step_doubling,0.00002,,0.6
0.024932318807508944,R4,resistor,A,C,1000,Ω,,0,,2.4615390243723847,0.0024615390243723848,0.006059174368508152,0,true,true,backward_euler_step_doubling,0.00002,,0.6
0.024932318807508944,R5,resistor,C,0,2000,Ω,,0,,3.5384609756276153,0.0017692304878138077,0.006260353038019768,0,true,true,backward_euler_step_doubling,0.00002,,0.6
0.024932318807508944,C6,capacitor,B,C,100,µF,,0,V,-0.19230670734833533,-0.0006923085365587502,0.0001331355751347579,0.0000018490934845579142,true,true,backward_euler_step_doubling,0.00002,1e-7,0.6
0.025151920951192567,V1,voltage,A,0,6,V,,0,,6,-0.00511516797494298,-0.030691007849657878,0,true,true,backward_euler_step_doubling,0.00002,,0.6
0.025151920951192567,R2,resistor,A,B,1000,Ω,,0,,2.6544960751710933,0.0026544960751710934,0.007046349413098739,0,true,true,backward_euler_step_doubling,0.00002,,0.6
0.025151920951192567,R3,resistor,B,0,1000,Ω,,0,,3.3455039248289067,0.0033455039248289067,0.01119239651104562,0,true,true,backward_euler_step_doubling,0.00002,,0.6
0.025151920951192567,R4,resistor,A,C,1000,Ω,,0,,2.4606718997718873,0.0024606718997718874,0.006054906198326989,0,true,true,backward_euler_step_doubling,0.00002,,0.6
0.025151920951192567,R5,resistor,C,0,2000,Ω,,0,,3.5393281002281127,0.0017696640501140564,0.00626342170053217,0,true,true,backward_euler_step_doubling,0.00002,,0.6
0.025151920951192567,C6,capacitor,B,C,100,µF,,0,V,-0.19382417539920604,-0.0006910078496578405,0.00013393402665430948,0.0000018783905484591093,true,true,backward_euler_step_doubling,0.00002,1e-7,0.6
0.025371523094876187,V1,voltage,A,0,6,V,,0,,6,-0.005114951601074276,-0.030689709606445653,0,true,true,backward_euler_step_doubling,0.00002,,0.6
0.025371523094876187,R2,resistor,A,B,1000,Ω,,0,,2.6551451967772137,0.0026551451967772137,0.0070497960159691085,0,true,true,backward_euler_step_doubling,0.00002,,0.6
0.025371523094876187,R3,resistor,B,0,1000,Ω,,0,,3.3448548032227863,0.0033448548032227864,0.011188053654642545,0,true,true,backward_euler_step_doubling,0.00002,,0.6
0.025371523094876187,R4,resistor,A,C,1000,Ω,,0,,2.4598064042970615,0.0024598064042970617,0.006050647546620839,0,true,true,backward_euler_step_doubling,0.00002,,0.6
0.025371523094876187,R5,resistor,C,0,2000,Ω,,0,,3.5401935957029385,0.0017700967978514692,0.00626648534752805,0,true,true,backward_euler_step_doubling,0.00002,,0.6
0.025371523094876187,C6,capacitor,B,C,100,µF,,0,V,-0.19533879248015218,-0.0006897096064454741,0.0001347270416850199,0.0000019078621923801976,true,true,backward_euler_step_doubling,0.00002,1e-7,0.6
0.025593226644329337,V1,voltage,A,0,6,V,,0,,6,-0.005114733571017672,-0.030688401426106033,0,true,true,backward_euler_step_doubling,0.00002,,0.6
0.025593226644329337,R2,resistor,A,B,1000,Ω,,0,,2.655799286946994,0.0026557992869469943,0.007053269852548163,0,true,true,backward_euler_step_doubling,0.00002,,0.6
0.025593226644329337,R3,resistor,B,0,1000,Ω,,0,,3.344200713053006,0.003344200713053006,0.011183678409184232,0,true,true,backward_euler_step_doubling,0.00002,,0.6
0.025593226644329337,R4,resistor,A,C,1000,Ω,,0,,2.4589342840706787,0.0024589342840706787,0.006046357813378181,0,true,true,backward_euler_step_doubling,0.00002,,0.6
0.025593226644329337,R5,resistor,C,0,2000,Ω,,0,,3.5410657159293213,0.0017705328579646607,0.006269573202265019,0,true,true,backward_euler_step_doubling,0.00002,,0.6
0.025593226644329337,C6,capacitor,B,C,100,µF,,0,V,-0.19686500287631548,-0.0006884014261060898,0.00013552214873043504,0.0000019377914678745848,true,true,backward_euler_step_doubling,0.00002,1e-7,0.6
0.025814930193782483,V1,voltage,A,0,6,V,,0,,6,-0.00511451595450125,-0.0306870957270075,0,true,true,backward_euler_step_doubling,0.00002,,0.6
0.025814930193782483,R2,resistor,A,B,1000,Ω,,0,,2.656452136496241,0.0026564521364962406,0.007056737953495442,0,true,true,backward_euler_step_doubling,0.00002,,0.6
0.025814930193782483,R3,resistor,B,0,1000,Ω,,0,,3.343547863503759,0.003343547863503759,0.011179312315540552,0,true,true,backward_euler_step_doubling,0.00002,,0.6
0.025814930193782483,R4,resistor,A,C,1000,Ω,,0,,2.458063818005009,0.002458063818005009,0.006042077733385363,0,true,true,backward_euler_step_doubling,0.00002,,0.6
0.025814930193782483,R5,resistor,C,0,2000,Ω,,0,,3.541936181994991,0.0017709680909974955,0.006272655958662627,0,true,true,backward_euler_step_doubling,0.00002,,0.6
0.025814930193782483,C6,capacitor,B,C,100,µF,,0,V,-0.19838831849123162,-0.0006870957270073186,0.00013631176592349226,0.0000019678962456889174,true,true,backward_euler_step_doubling,0.00002,1e-7,0.6
0.026038743256301983,V1,voltage,A,0,6,V,,0,,6,-0.005114296688000432,-0.03068578012800259,0,true,true,backward_euler_step_doubling,0.00002,,0.6
0.026038743256301983,R2,resistor,A,B,1000,Ω,,0,,2.657109935999147,0.0026571099359991466,0.007060233211985389,0,true,true,backward_euler_step_doubling,0.00002,,0.6
0.026038743256301983,R3,resistor,B,0,1000,Ω,,0,,3.342890064000853,0.003342890064000853,0.011174913979995628,0,true,true,backward_euler_step_doubling,0.00002,,0.6
0.026038743256301983,R4,resistor,A,C,1000,Ω,,0,,2.4571867520012844,0.0024571867520012843,0.006037766734210621,0,true,true,backward_euler_step_doubling,0.00002,,0.6
0.026038743256301983,R5,resistor,C,0,2000,Ω,,0,,3.5428132479987156,0.0017714066239993577,0.006275762855097604,0,true,true,backward_euler_step_doubling,0.00002,,0.6
0.026038743256301983,C6,capacitor,B,C,100,µF,,0,V,-0.19992318399786235,-0.0006857801280016947,0.0001371033467125604,0.000001998463974992156,true,true,backward_euler_step_doubling,0.00002,1e-7,0.6
0.026262556318821483,V1,voltage,A,0,6,V,,0,,6,-0.005114077841334414,-0.030684467048006488,0,true,true,backward_euler_step_doubling,0.00002,,0.6
0.026262556318821483,R2,resistor,A,B,1000,Ω,,0,,2.6577664759971773,0.002657766475997177,0.0070637226409344545,0,true,true,backward_euler_step_doubling,0.00002,,0.6
0.026262556318821483,R3,resistor,B,0,1000,Ω,,0,,3.3422335240028227,0.003342233524002823,0.011170524928968327,0,true,true,backward_euler_step_doubling,0.00002,,0.6
0.026262556318821483,R4,resistor,A,C,1000,Ω,,0,,2.4563113653372364,0.0024563113653372362,0.006033465523484878,0,true,true,backward_euler_step_doubling,0.00002,,0.6
0.026262556318821483,R5,resistor,C,0,2000,Ω,,0,,3.5436886346627636,0.0017718443173313817,0.0062788645697190205,0,true,true,backward_euler_step_doubling,0.00002,,0.6
0.026262556318821483,C6,capacitor,B,C,100,µF,,0,V,-0.20145511065994093,-0.0006844670480057932,0.00013788938489909015,0.000002029208080550452,true,true,backward_euler_step_doubling,0.00002,1e-7,0.6
0.026488487108468965,V1,voltage,A,0,6,V,,0,,6,-0.005113857350923977,-0.03068314410554386,0,true,true,backward_euler_step_doubling,0.00002,,0.6
0.026488487108468965,R2,resistor,A,B,1000,Ω,,0,,2.658427947228002,0.002658427947228002,0.007067239150602888,0,true,true,backward_euler_step_doubling,0.00002,,0.6
0.026488487108468965,R3,resistor,B,0,1000,Ω,,0,,3.341572052771998,0.0033415720527719983,0.011166103783866866,0,true,true,backward_euler_step_doubling,0.00002,,0.6
0.026488487108468965,R4,resistor,A,C,1000,Ω,,0,,2.455429403695975,0.002455429403695975,0.006029133556534771,0,true,true,backward_euler_step_doubling,0.00002,,0.6
0.026488487108468965,R5,resistor,C,0,2000,Ω,,0,,3.544570596304025,0.0017722852981520126,0.006281990356091536,0,true,true,backward_euler_step_doubling,0.00002,,0.6
0.026488487108468965,C6,capacitor,B,C,100,µF,,0,V,-0.20299854353202695,-0.0006831441055441034,0.0001386772584479423,0.000002060420433806212,true,true,backward_euler_step_doubling,0.00002,1e-7,0.6
0.026714417898116447,V1,voltage,A,0,6,V,,0,,6,-0.005113637286679013,-0.030681823720074077,0,true,true,backward_euler_step_doubling,0.00002,,0.6
0.026714417898116447,R2,resistor,A,B,1000,Ω,,0,,2.6590881399629036,0.0026590881399629037,0.007070749736091375,0,true,true,backward_euler_step_doubling,0.00002,,0.6
0.026714417898116447,R3,resistor,B,0,1000,Ω,,0,,3.3409118600370964,0.0033409118600370965,0.011161692056536532,0,true,true,backward_euler_step_doubling,0.00002,,0.6
0.026714417898116447,R4,resistor,A,C,1000,Ω,,0,,2.454549146716109,0.002454549146716109,0.006024811513644779,0,true,true,backward_euler_step_doubling,0.00002,,0.6
0.026714417898116447,R5,resistor,C,0,2000,Ω,,0,,3.545450853283891,0.0017727254266419455,0.006285110876525735,0,true,true,backward_euler_step_doubling,0.00002,,0.6
0.026714417898116447,C6,capacitor,B,C,100,µF,,0,V,-0.20453899324679448,-0.0006818237200742176,0.00013945953727576468,0.0000020918099879206117,true,true,backward_euler_step_doubling,0.00002,1e-7,0.6
0.02694247473696568,V1,voltage,A,0,6,V,,0,,6,-0.005113415584966611,-0.030680493509799667,0,true,true,backward_euler_step_doubling,0.00002,,0.6
0.02694247473696568,R2,resistor,A,B,1000,Ω,,0,,2.6597532451002146,0.002659753245100215,0.0070742873248211225,0,true,true,backward_euler_step_doubling,0.00002,,0.6
0.02694247473696568,R3,resistor,B,0,1000,Ω,,0,,3.3402467548997854,0.0033402467548997853,0.011157248383618546,0,true,true,backward_euler_step_doubling,0.00002,,0.6
0.02694247473696568,R4,resistor,A,C,1000,Ω,,0,,2.453662339866397,0.002453662339866397,0.006020458878078641,0,true,true,backward_euler_step_doubling,0.00002,,0.6
0.02694247473696568,R5,resistor,C,0,2000,Ω,,0,,3.546337660133603,0.0017731688300668016,0.00628825539984094,0,true,true,backward_euler_step_doubling,0.00002,,0.6
0.02694247473696568,C6,capacitor,B,C,100,µF,,0,V,-0.2060909052338178,-0.0006804935097996583,0.00014024352344034943,0.000002123673061004723,true,true,backward_euler_step_doubling,0.00002,1e-7,0.6
0.027170531575814918,V1,voltage,A,0,6,V,,0,,6,-0.005113194315785179,-0.030679165894711074,0,true,true,backward_euler_step_doubling,0.00002,,0.6
0.027170531575814918,R2,resistor,A,B,1000,Ω,,0,,2.6604170526445077,0.0026604170526445077,0.007077818894001689,0,true,true,backward_euler_step_doubling,0.00002,,0.6
0.027170531575814918,R3,resistor,B,0,1000,Ω,,0,,3.3395829473554923,0.0033395829473554925,0.011152814262267597,0,true,true,backward_euler_step_doubling,0.00002,,0.6
0.027170531575814918,R4,resistor,A,C,1000,Ω,,0,,2.4527772631406703,0.0024527772631406704,0.006016116302579837,0,true,true,backward_euler_step_doubling,0.00002,,0.6
0.027170531575814918,R5,resistor,C,0,2000,Ω,,0,,3.5472227368593297,0.0017736113684296648,0.006291394572445897,0,true,true,backward_euler_step_doubling,0.00002,,0.6
0.027170531575814918,C6,capacitor,B,C,100,µF,,0,V,-0.20763978950383732,-0.0006791658947107813,0.00014102186341593198,0.0000021557141092598932,true,true,backward_euler_step_doubling,0.00002,1e-7,0.6
0.02740072289541791,V1,voltage,A,0,6,V,,0,,6,-0.005112971415449194,-0.030677828492695167,0,true,true,backward_euler_step_doubling,0.00002,,0.6
0.02740072289541791,R2,resistor,A,B,1000,Ω,,0,,2.661085753652506,0.002661085753652506,0.007081377388292326,0,true,true,backward_euler_step_doubling,0.00002,,0.6
0.02740072289541791,R3,resistor,B,0,1000,Ω,,0,,3.338914246347494,0.0033389142463474937,0.011148348344462253,0,true,true,backward_euler_step_doubling,0.00002,,0.6
0.02740072289541791,R4,resistor,A,C,1000,Ω,,0,,2.451885661796689,0.002451885661796689,0.006011743298524187,0,true,true,backward_euler_step_doubling,0.00002,,0.6
0.02740072289541791,R5,resistor,C,0,2000,Ω,,0,,3.548114338203311,0.0017740571691016555,0.00629455767848196,0,true,true,backward_euler_step_doubling,0.00002,,0.6
0.02740072289541791,C6,capacitor,B,C,100,µF,,0,V,-0.20920009185581723,-0.0006778284926950932,0.00014180178293430362,0.000002188233921624118,true,true,backward_euler_step_doubling,0.00002,1e-7,0.6
0.0276309142150209,V1,voltage,A,0,6,V,,0,,6,-0.005112748954044779,-0.030676493724268675,0,true,true,backward_euler_step_doubling,0.00002,,0.6
0.0276309142150209,R2,resistor,A,B,1000,Ω,,0,,2.661753137865761,0.002661753137865761,0.007084929766938225,0,true,true,backward_euler_step_doubling,0.00002,,0.6
0.0276309142150209,R3,resistor,B,0,1000,Ω,,0,,3.338246862134239,0.003338246862134239,0.011143892112549092,0,true,true,backward_euler_step_doubling,0.00002,,0.6
0.0276309142150209,R4,resistor,A,C,1000,Ω,,0,,2.4509958161790184,0.0024509958161790186,0.006007380490927053,0,true,true,backward_euler_step_doubling,0.00002,,0.6
0.0276309142150209,R5,resistor,C,0,2000,Ω,,0,,3.5490041838209816,0.0017745020919104908,0.006297715348389416,0,true,true,backward_euler_step_doubling,0.00002,,0.6
0.0276309142150209,C6,capacitor,B,C,100,µF,,0,V,-0.21075732168674266,-0.0006764937242686516,0.0001425760054647508,0.0000022209324322284563,true,true,backward_euler_step_doubling,0.00002,1e-7,0.6
0.027863248557607363,V1,voltage,A,0,6,V,,0,,6,-0.0051125248678345805,-0.030675149207007483,0,true,true,backward_euler_step_doubling,0.00002,,0.6
0.027863248557607363,R2,resistor,A,B,1000,Ω,,0,,2.66242539649645,0.00266242539649645,0.00708850899190928,0,true,true,backward_euler_step_doubling,0.00002,,0.6
0.027863248557607363,R3,resistor,B,0,1000,Ω,,0,,3.33757460350355,0.00333757460350355,0.011139404233951879,0,true,true,backward_euler_step_doubling,0.00002,,0.6
0.027863248557607363,R4,resistor,A,C,1000,Ω,,0,,2.4500994713381297,0.00245009947133813,0.006002987419451383,0,true,true,backward_euler_step_doubling,0.00002,,0.6
0.027863248557607363,R5,resistor,C,0,2000,Ω,,0,,3.5499005286618703,0.0017749502643309351,0.006300896881696913,0,true,true,backward_euler_step_doubling,0.00002,,0.6
0.027863248557607363,C6,capacitor,B,C,100,µF,,0,V,-0.2123259251583205,-0.0006751492070071685,0.00014335167999770347,0.0000022541149247168356,true,true,backward_euler_step_doubling,0.00002,1e-7,0.6
0.02809558290019383,V1,voltage,A,0,6,V,,0,,6,-0.005112301226991046,-0.030673807361946276,0,true,true,backward_euler_step_doubling,0.00002,,0.6
0.02809558290019383,R2,resistor,A,B,1000,Ω,,0,,2.663096319027021,0.002663096319027021,0.00709208200441527,0,true,true,backward_euler_step_doubling,0.00002,,0.6
0.02809558290019383,R3,resistor,B,0,1000,Ω,,0,,3.336903680972979,0.003336903680972979,0.011134926176091017,0,true,true,backward_euler_step_doubling,0.00002,,0.6
0.02809558290019383,R4,resistor,A,C,1000,Ω,,0,,2.4492049079640243,0.0024492049079640242,0.005998604681195065,0,true,true,backward_euler_step_doubling,0.00002,,0.6
0.02809558290019383,R5,resistor,C,0,2000,Ω,,0,,3.5507950920359757,0.0017753975460179877,0.006304072892813386,0,true,true,backward_euler_step_doubling,0.00002,,0.6
0.02809558290019383,C6,capacitor,B,C,100,µF,,0,V,-0.2138914110629968,-0.0006738073619459449,0.00014412160743125358,0.0000022874767863259933,true,true,backward_euler_step_doubling,0.00002,1e-7,0.6
0.028330068920251077,V1,voltage,A,0,6,V,,0,,6,-0.005112075967725663,-0.030672455806353978,0,true,true,backward_euler_step_doubling,0.00002,,0.6
0.028330068920251077,R2,resistor,A,B,1000,Ω,,0,,2.6637720968228127,0.002663772096822813,0.007095681783811804,0,true,true,backward_euler_step_doubling,0.00002,,0.6
0.028330068920251077,R3,resistor,B,0,1000,Ω,,0,,3.3362279031771873,0.0033362279031771873,0.011130416621938052,0,true,true,backward_euler_step_doubling,0.00002,,0.6
0.028330068920251077,R4,resistor,A,C,1000,Ω,,0,,2.4483038709028513,0.0024483038709028513,0.005994191844277886,0,true,true,backward_euler_step_doubling,0.00002,,0.6
0.028330068920251077,R5,resistor,C,0,2000,Ω,,0,,3.5516961290971487,0.0017758480645485744,0.006307272696721835,0,true,true,backward_euler_step_doubling,0.00002,,0.6
0.028330068920251077,C6,capacitor,B,C,100,µF,,0,V,-0.2154682259199614,-0.0006724558063545232,0.0001448928596047862,0.000002321327819054776,true,true,backward_euler_step_doubling,0.00002,1e-7,0.6
0.028564554940308327,V1,voltage,A,0,6,V,,0,,6,-0.005111851160296383,-0.030671106961778296,0,true,true,backward_euler_step_doubling,0.00002,,0.6
0.028564554940308327,R2,resistor,A,B,1000,Ω,,0,,2.6644465191106734,0.0026644465191106733,0.007099275253200984,0,true,true,backward_euler_step_doubling,0.00002,,0.6
0.028564554940308327,R3,resistor,B,0,1000,Ω,,0,,3.3355534808893266,0.0033355534808893264,0.011125917023872903,0,true,true,backward_euler_step_doubling,0.00002,,0.6
0.028564554940308327,R4,resistor,A,C,1000,Ω,,0,,2.44740464118571,0.00244740464118571,0.005989789477697354,0,true,true,backward_euler_step_doubling,0.00002,,0.6
0.028564554940308327,R5,resistor,C,0,2000,Ω,,0,,3.55259535881429,0.001776297679407145,0.006310466891734417,0,true,true,backward_euler_step_doubling,0.00002,,0.6
0.028564554940308327,C6,capacitor,B,C,100,µF,,0,V,-0.21704187792496343,-0.0006711069617787208,0.00014565831527297023,0.000002355358838659736,true,true,backward_euler_step_doubling,0.00002,1e-7,0.6
0.028801201405808916,V1,voltage,A,0,6,V,,0,,6,-0.005111624740864504,-0.030669748445187023,0,true,true,backward_euler_step_doubling,0.00002,,0.6
0.028801201405808916,R2,resistor,A,B,1000,Ω,,0,,2.6651257774063746,0.0026651257774063745,0.007102895409395932,0,true,true,backward_euler_step_doubling,0.00002,,0.6
0.028801201405808916,R3,resistor,B,0,1000,Ω,,0,,3.3348742225936254,0.003334874222593625,0.011121386080519437,0,true,true,backward_euler_step_doubling,0.00002,,0.6
0.028801201405808916,R4,resistor,A,C,1000,Ω,,0,,2.4464989634581302,0.00244649896345813,0.005985357178201705,0,true,true,backward_euler_step_doubling,0.00002,,0.6
0.028801201405808916,R5,resistor,C,0,2000,Ω,,0,,3.5535010365418698,0.001776750518270935,0.006313684808352072,0,true,true,backward_euler_step_doubling,0.00002,,0.6
0.028801201405808916,C6,capacitor,B,C,100,µF,,0,V,-0.21862681394824435,-0.0006697484451873081,0.00014642496871809153,0.000002389884188858012,true,true,backward_euler_step_doubling,0.00002,1e-7,0.6
0.029037847871309506,V1,voltage,A,0,6,V,,0,,6,-0.0051113987797717034,-0.03066839267863022,0,true,true,backward_euler_step_doubling,0.00002,,0.6
0.029037847871309506,R2,resistor,A,B,1000,Ω,,0,,2.665803660684796,0.002665803660684796,0.007106509157320459,0,true,true,backward_euler_step_doubling,0.00002,,0.6
0.029037847871309506,R3,resistor,B,0,1000,Ω,,0,,3.334196339315204,0.0033341963393152037,0.011116865229102905,0,true,true,backward_euler_step_doubling,0.00002,,0.6
0.029037847871309506,R4,resistor,A,C,1000,Ω,,0,,2.445595119086908,0.002445595119086908,0.005980935486501708,0,true,true,backward_euler_step_doubling,0.00002,,0.6
0.029037847871309506,R5,resistor,C,0,2000,Ω,,0,,3.554404880913092,0.001777202440456546,0.006316897028729406,0,true,true,backward_euler_step_doubling,0.00002,,0.6
0.029037847871309506,C6,capacitor,B,C,100,µF,,0,V,-0.22020854159788827,-0.0006683926786305585,0.0001471857769759413,0.0000024245900896334447,true,true,backward_euler_step_doubling,0.00002,1e-7,0.6
0.029276663665394203,V1,voltage,A,0,6,V,,0,,6,-0.005111171213129907,-0.030667027278779443,0,true,true,backward_euler_step_doubling,0.00002,,0.6
0.029276663665394203,R2,resistor,A,B,1000,Ω,,0,,2.666486360610187,0.002666486360610187,0.00711014951132016,0,true,true,backward_euler_step_doubling,0.00002,,0.6
0.029276663665394203,R3,resistor,B,0,1000,Ω,,0,,3.333513639389813,0.003333513639389813,0.011112313183997916,0,true,true,backward_euler_step_doubling,0.00002,,0.6
0.029276663665394203,R4,resistor,A,C,1000,Ω,,0,,2.44468485251972,0.0024446848525197197,0.005976484028139364,0,true,true,backward_euler_step_doubling,0.00002,,0.6
0.029276663665394203,R5,resistor,C,0,2000,Ω,,0,,3.55531514748028,0.00177765757374014,0.006320132898951363,0,true,true,backward_euler_step_doubling,0.00002,,0.6
0.029276663665394203,C6,capacitor,B,C,100,µF,,0,V,-0.22180150809046717,-0.0006670272787795327,0.00014794765637078083,0.0000024597954495602785,true,true,backward_euler_step_doubling,0.00002,1e-7,0.6
0.029515479459478904,V1,voltage,A,0,6,V,,0,,6,-0.005110944111363718,-0.030665664668182307,0,true,true,backward_euler_step_doubling,0.00002,,0.6
0.029515479459478904,R2,resistor,A,B,1000,Ω,,0,,2.667167665908723,0.002667167665908723,0.007113783358068985,0,true,true,backward_euler_step_doubling,0.00002,,0.6
0.029515479459478904,R3,resistor,B,0,1000,Ω,,0,,3.332832334091277,0.003332832334091277,0.01110777136716431,0,true,true,backward_euler_step_doubling,0.00002,,0.6
0.029515479459478904,R4,resistor,A,C,1000,Ω,,0,,2.4437764454549944,0.0024437764454549944,0.005972043315360647,0,true,true,backward_euler_step_doubling,0.00002,,0.6
0.029515479459478904,R5,resistor,C,0,2000,Ω,,0,,3.5562235545450056,0.0017781117772725028,0.006323362984950357,0,true,true,backward_euler_step_doubling,0.00002,,0.6
0.029515479459478904,C6,capacitor,B,C,100,µF,,0,V,-0.2233912204537285,-0.0006656646681825089,0.0001487036426382169,0.000002495181868790316,true,true,backward_euler_step_doubling,0.00002,1e-7,0.6
0.029756473581819643,V1,voltage,A,0,6,V,,0,,6,-0.0051107154105364365,-0.03066429246321862,0,true,true,backward_euler_step_doubling,0.00002,,0.6
0.029756473581819643,R2,resistor,A,B,1000,Ω,,0,,2.6678537683908368,0.0026678537683908366,0.007117443729517188,0,true,true,backward_euler_step_doubling,0.00002,,0.6
0.029756473581819643,R3,resistor,B,0,1000,Ω,,0,,3.3321462316091632,0.003332146231609163,0.011103198508827147,0,true,true,backward_euler_step_doubling,0.00002,,0.6
0.029756473581819643,R4,resistor,A,C,1000,Ω,,0,,2.442861642145599,0.002442861642145599,0.005967573002666293,0,true,true,backward_euler_step_doubling,0.00002,,0.6
0.029756473581819643,R5,resistor,C,0,2000,Ω,,0,,3.557138357854401,0.0017785691789272006,0.006326616648459553,0,true,true,backward_euler_step_doubling,0.00002,,0.6
0.029756473581819643,C6,capacitor,B,C,100,µF,,0,V,-0.22499212624523768,-0.0006642924632185303,0.0001494605737482235,0.000002531072843617648,true,true,backward_euler_step_doubling,0.00002,1e-7,0.6
0.029997467704160383,V1,voltage,A,0,6,V,,0,,6,-0.005110487181154269,-0.030662923086925614,0,true,true,backward_euler_step_doubling,0.00002,,0.6
0.029997467704160383,R2,resistor,A,B,1000,Ω,,0,,2.668538456537318,0.002668538456537318,0.0071210974940185716,0,true,true,backward_euler_step_doubling,0.00002,,0.6
0.029997467704160383,R3,resistor,B,0,1000,Ω,,0,,3.331461543462682,0.003331461543462682,0.011098636015570755,0,true,true,backward_euler_step_doubling,0.00002,,0.6
0.029997467704160383,R4,resistor,A,C,1000,Ω,,0,,2.4419487246169505,0.0024419487246169504,0.005963113573658351,0,true,true,backward_euler_step_doubling,0.00002,,0.6
0.029997467704160383,R5,resistor,C,0,2000,Ω,,0,,3.5580512753830495,0.0017790256376915249,0.006329864439127473,0,true,true,backward_euler_step_doubling,0.00002,,0.6
0.029997467704160383,C6,capacitor,B,C,100,µF,,0,V,-0.22658973192036758,-0.0006629230869253554,0.0001502115645502388,0.000002567145330587202,true,true,backward_euler_step_doubling,0.00002,1e-7,0.6
0.030240649272359078,V1,voltage,A,0,6,V,,0,,6,-0.005110257359232643,-0.030661544155395855,0,true,true,backward_euler_step_doubling,0.00002,,0.6
0.030240649272359078,R2,resistor,A,B,1000,Ω,,0,,2.669227922302214,0.002669227922302214,0.007124777701197794,0,true,true,backward_euler_step_doubling,0.00002,,0.6
0.030240649272359078,R3,resistor,B,0,1000,Ω,,0,,3.330772077697786,0.003330772077697786,0.011094042633571227,0,true,true,backward_euler_step_doubling,0.00002,,0.6
0.030240649272359078,R4,resistor,A,C,1000,Ω,,0,,2.4410294369304286,0.0024410294369304284,0.005958624711960885,0,true,true,backward_euler_step_doubling,0.00002,,0.6
0.030240649272359078,R5,resistor,C,0,2000,Ω,,0,,3.5589705630695714,0.0017794852815347856,0.006333135734397871,0,true,true,backward_euler_step_doubling,0.00002,,0.6
0.030240649272359078,C6,capacitor,B,C,100,µF,,0,V,-0.22819848537178533,-0.0006615441553955728,0.00015096337426782672,0.0000026037274362988457,true,true,backward_euler_step_doubling,0.00002,1e-7,0.6
0.03048383084055777,V1,voltage,A,0,6,V,,0,,6,-0.005110028015358457,-0.03066016809215074,0,true,true,backward_euler_step_doubling,0.00002,,0.6
0.03048383084055777,R2,resistor,A,B,1000,Ω,,0,,2.66991595392474,0.00266991595392474,0.007128451201021855,0,true,true,backward_euler_step_doubling,0.00002,,0.6
0.03048383084055777,R3,resistor,B,0,1000,Ω,,0,,3.33008404607526,0.00333008404607526,0.011089459753924974,0,true,true,backward_euler_step_doubling,0.00002,,0.6
0.03048383084055777,R4,resistor,A,C,1000,Ω,,0,,2.440112061433716,0.002440112061433716,0.0059541468723542995,0,true,true,backward_euler_step_doubling,0.00002,,0.6
0.03048383084055777,R5,resistor,C,0,2000,Ω,,0,,3.559887938566284,0.001779943969283142,0.006336401067574854,0,true,true,backward_euler_step_doubling,0.00002,,0.6
0.03048383084055777,C6,capacitor,B,C,100,µF,,0,V,-0.22980389249102418,-0.0006601680921504438,0.00015170919727454512,0.0000026404914502013097,true,true,backward_euler_step_doubling,0.00002,1e-7,0.6
0.03072920909188045,V1,voltage,A,0,6,V,,0,,6,-0.005109797085499769,-0.03065878251299861,0,true,true,backward_euler_step_doubling,0.00002,,0.6
0.03072920909188045,R2,resistor,A,B,1000,Ω,,0,,2.6706087435006043,0.0026706087435006045,0.007132151060861877,0,true,true,backward_euler_step_doubling,0.00002,,0.6
0.03072920909188045,R3,resistor,B,0,1000,Ω,,0,,3.3293912564993957,0.0033293912564993956,0.011084846138854625,0,true,true,backward_euler_step_doubling,0.00002,,0.6
0.03072920909188045,R4,resistor,A,C,1000,Ω,,0,,2.4391883419991642,0.0024391883419991644,0.005949639767744632,0,true,true,backward_euler_step_doubling,0.00002,,0.6
0.03072920909188045,R5,resistor,C,0,2000,Ω,,0,,3.5608116580008358,0.0017804058290004179,0.006339689831877331,0,true,true,backward_euler_step_doubling,0.00002,,0.6
0.03072920909188045,C6,capacitor,B,C,100,µF,,0,V,-0.23142040150144005,-0.0006587825129987209,0.00015245571366029163,0.0000026777701115543857,true,true,backward_euler_step_doubling,0.00002,1e-7,0.6
0.03097458734320313,V1,voltage,A,0,6,V,,0,,6,-0.005109566640323147,-0.03065739984193888,0,true,true,backward_euler_step_doubling,0.00002,,0.6
0.03097458734320313,R2,resistor,A,B,1000,Ω,,0,,2.6713000790304675,0.0026713000790304677,0.007135844112228182,0,true,true,backward_euler_step_doubling,0.00002,,0.6
0.03097458734320313,R3,resistor,B,0,1000,Ω,,0,,3.3286999209695325,0.0033286999209695325,0.011080243163862571,0,true,true,backward_euler_step_doubling,0.00002,,0.6
0.03097458734320313,R4,resistor,A,C,1000,Ω,,0,,2.4382665612926795,0.0024382665612926796,0.005945143823918028,0,true,true,backward_euler_step_doubling,0.00002,,0.6
0.03097458734320313,R5,resistor,C,0,2000,Ω,,0,,3.5617334387073205,0.0017808667193536603,0.006342972544202937,0,true,true,backward_euler_step_doubling,0.00002,,0.6
0.03097458734320313,C6,capacitor,B,C,100,µF,,0,V,-0.23303351773778802,-0.0006573998419389902,0.00015319619772730873,0.000002715231019462398,true,true,backward_euler_step_doubling,0.00002,1e-7,0.6
0.0312221716360014,V1,voltage,A,0,6,V,,0,,6,-0.005109334615750201,-0.030656007694501206,0,true,true,backward_euler_step_doubling,0.00002,,0.6
0.0312221716360014,R2,resistor,A,B,1000,Ω,,0,,2.6719961527495606,0.0026719961527495607,0.007139563440308454,0,true,true,backward_euler_step_doubling,0.00002,,0.6
0.0312221716360014,R3,resistor,B,0,1000,Ω,,0,,3.3280038472504394,0.0033280038472504395,0.011075609607313725,0,true,true,backward_euler_step_doubling,0.00002,,0.6
0.0312221716360014,R4,resistor,A,C,1000,Ω,,0,,2.4373384630006405,0.0024373384630006407,0.0059406187832223255,0,true,true,backward_euler_step_doubling,0.00002,,0.6
0.0312221716360014,R5,resistor,C,0,2000,Ω,,0,,3.5626615369993595,0.0017813307684996797,0.006346278613607319,0,true,true,backward_euler_step_doubling,0.00002,,0.6
0.0312221716360014,C6,capacitor,B,C,100,µF,,0,V,-0.2346576897489201,-0.0006560076945008158,0.00015393725004907678,0.000002753211567915022,true,true,backward_euler_step_doubling,0.00002,1e-7,0.6
0.03146975592879967,V1,voltage,A,0,6,V,,0,,6,-0.005109103082525666,-0.030654618495153996,0,true,true,backward_euler_step_doubling,0.00002,,0.6
0.03146975592879967,R2,resistor,A,B,1000,Ω,,0,,2.6726907524231702,0.0026726907524231703,0.007143275858088332,0,true,true,backward_euler_step_doubling,0.00002,,0.6
0.03146975592879967,R3,resistor,B,0,1000,Ω,,0,,3.3273092475768298,0.0033273092475768298,0.011070986829010289,0,true,true,backward_euler_step_doubling,0.00002,,0.6
0.03146975592879967,R4,resistor,A,C,1000,Ω,,0,,2.436412330102497,0.002436412330102497,0.00593610504227548,0,true,true,backward_euler_step_doubling,0.00002,,0.6
0.03146975592879967,R5,resistor,C,0,2000,Ω,,0,,3.563587669897503,0.0017817938349487515,0.0063495785405227574,0,true,true,backward_euler_step_doubling,0.00002,,0.6
0.03146975592879967,C6,capacitor,B,C,100,µF,,0,V,-0.2362784223206731,-0.000654618495153713,0.0001546722252568525,0.0000027913746427173173,true,true,backward_euler_step_doubling,0.00002,1e-7,0.6
0.031719555744164116,V1,voltage,A,0,6,V,,0,,6,-0.0051088699765253565,-0.03065321985915214,0,true,true,backward_euler_step_doubling,0.00002,,0.6
0.031719555744164116,R2,resistor,A,B,1000,Ω,,0,,2.673390070424057,0.002673390070424057,0.007147014468641945,0,true,true,backward_euler_step_doubling,0.00002,,0.6
0.031719555744164116,R3,resistor,B,0,1000,Ω,,0,,3.326609929575943,0.0033266099295759426,0.011066333623553259,0,true,true,backward_euler_step_doubling,0.00002,,0.6
0.031719555744164116,R4,resistor,A,C,1000,Ω,,0,,2.435479906101299,0.002435479906101299,0.005931562373023192,0,true,true,backward_euler_step_doubling,0.00002,,0.6
0.031719555744164116,R5,resistor,C,0,2000,Ω,,0,,3.564520093898701,0.0017822600469493506,0.0063529017499038025,0,true,true,backward_euler_step_doubling,0.00002,,0.6
0.031719555744164116,C6,capacitor,B,C,100,µF,,0,V,-0.23791016432275836,-0.0006532198591518723,0.000155407644029711,0.000002830062314404094,true,true,backward_euler_step_doubling,0.00002,1e-7,0.6
0.03196935555952856,V1,voltage,A,0,6,V,,0,,6,-0.005108637368571554,-0.030651824211429327,0,true,true,backward_euler_step_doubling,0.00002,,0.6
0.03196935555952856,R2,resistor,A,B,1000,Ω,,0,,2.6740878942854813,0.0026740878942854815,0.00715074606636416,0,true,true,backward_euler_step_doubling,0.00002,,0.6
0.03196935555952856,R3,resistor,B,0,1000,Ω,,0,,3.3259121057145187,0.0033259121057145186,0.011061691334938383,0,true,true,backward_euler_step_doubling,0.00002,,0.6
0.03196935555952856,R4,resistor,A,C,1000,Ω,,0,,2.4345494742860723,0.0024345494742860725,0.005927031142746592,0,true,true,backward_euler_step_doubling,0.00002,,0.6
0.03196935555952856,R5,resistor,C,0,2000,Ω,,0,,3.5654505257139277,0.0017827252628569638,0.006356218725656861,0,true,true,backward_euler_step_doubling,0.00002,,0.6
0.03196935555952856,C6,capacitor,B,C,100,µF,,0,V,-0.23953841999940906,-0.0006518242114291233,0.00015613694172309295,0.0000028689327327906645,true,true,backward_euler_step_doubling,0.00002,1e-7,0.6
0.03222138050288759,V1,voltage,A,0,6,V,,0,,6,-0.0051084031944947355,-0.030650419166968413,0,true,true,backward_euler_step_doubling,0.00002,,0.6
0.03222138050288759,R2,resistor,A,B,1000,Ω,,0,,2.674790416515646,0.002674790416515646,0.007154503772283944,0,true,true,backward_euler_step_doubling,0.00002,,0.6
0.03222138050288759,R3,resistor,B,0,1000,Ω,,0,,3.325209583484354,0.0033252095834843537,0.01105701877409619,0,true,true,backward_euler_step_doubling,0.00002,,0.6
0.03222138050288759,R4,resistor,A,C,1000,Ω,,0,,2.433612777979088,0.0024336127779790878,0.005922471153143093,0,true,true,backward_euler_step_doubling,0.00002,,0.6
0.03222138050288759,R5,resistor,C,0,2000,Ω,,0,,3.566387222020912,0.001783193611010456,0.006359558908697019,0,true,true,backward_euler_step_doubling,0.00002,,0.6
0.03222138050288759,C6,capacitor,B,C,100,µF,,0,V,-0.24117763853655827,-0.0006504191669687319,0.00015686655874843416,0.0000029083326665035372,true,true,backward_euler_step_doubling,0.00002,1e-7,0.6
0.03247340544624662,V1,voltage,A,0,6,V,,0,,6,-0.005108169525193638,-0.030649017151161827,0,true,true,backward_euler_step_doubling,0.00002,,0.6
0.03247340544624662,R2,resistor,A,B,1000,Ω,,0,,2.675491424418901,0.002675491424418901,0.007158254362139079,0,true,true,backward_euler_step_doubling,0.00002,,0.6
0.03247340544624662,R3,resistor,B,0,1000,Ω,,0,,3.324508575581099,0.003324508575581099,0.011052357269112268,0,true,true,backward_euler_step_doubling,0.00002,,0.6
0.03247340544624662,R4,resistor,A,C,1000,Ω,,0,,2.432678100774736,0.002432678100774736,0.005917922741988976,0,true,true,backward_euler_step_doubling,0.00002,,0.6
0.03247340544624662,R5,resistor,C,0,2000,Ω,,0,,3.567321899225264,0.001783660949612632,0.006362892766346073,0,true,true,backward_euler_step_doubling,0.00002,,0.6
0.03247340544624662,C6,capacitor,B,C,100,µF,,0,V,-0.2428133236441652,-0.0006490171511622024,0.00015759001157576193,0.000002947915506956305,true,true,backward_euler_step_doubling,0.00002,1e-7,0.6
0.03272766524903021,V1,voltage,A,0,6,V,,0,,6,-0.00510793429645432,-0.03064760577872592,0,true,true,backward_euler_step_doubling,0.00002,,0.6
0.03272766524903021,R2,resistor,A,B,1000,Ω,,0,,2.676197110637144,0.002676197110637144,0.007162030974982598,0,true,true,backward_euler_step_doubling,0.00002,,0.6
0.03272766524903021,R3,resistor,B,0,1000,Ω,,0,,3.323802889362856,0.0033238028893628558,0.01104766564733687,0,true,true,backward_euler_step_doubling,0.00002,,0.6
0.03272766524903021,R4,resistor,A,C,1000,Ω,,0,,2.4317371858171755,0.0024317371858171757,0.005913345740886037,0,true,true,backward_euler_step_doubling,0.00002,,0.6
0.03272766524903021,R5,resistor,C,0,2000,Ω,,0,,3.5682628141828245,0.0017841314070914122,0.006366249755539965,0,true,true,backward_euler_step_doubling,0.00002,,0.6
0.03272766524903021,C6,capacitor,B,C,100,µF,,0,V,-0.2444599248199686,-0.0006476057787258165,0.0001583136599802903,0.0000029880327421492345,true,true,backward_euler_step_doubling,0.00002,1e-7,0.6
0.0329819250518138,V1,voltage,A,0,6,V,,0,,6,-0.005107699579250494,-0.030646197475502963,0,true,true,backward_euler_step_doubling,0.00002,,0.6
0.0329819250518138,R2,resistor,A,B,1000,Ω,,0,,2.6769012622486343,0.0026769012622486345,0.007165800367828332,0,true,true,backward_euler_step_doubling,0.00002,,0.6
0.0329819250518138,R3,resistor,B,0,1000,Ω,,0,,3.3230987377513657,0.0033230987377513657,0.01104298522084472,0,true,true,backward_euler_step_doubling,0.00002,,0.6
0.0329819250518138,R4,resistor,A,C,1000,Ω,,0,,2.4307983170018597,0.0024307983170018597,0.005908780457939074,0,true,true,backward_euler_step_doubling,0.00002,,0.6
0.0329819250518138,R5,resistor,C,0,2000,Ω,,0,,3.5692016829981403,0.0017846008414990702,0.006369600326958379,0,true,true,backward_euler_step_doubling,0.00002,,0.6
0.0329819250518138,C6,capacitor,B,C,100,µF,,0,V,-0.24610294524677467,-0.0006461974755028492,0.0001590311019322817,0.0000030283329829568485,true,true,backward_euler_step_doubling,0.00002,1e-7,0.6
0.033238429573124034,V1,voltage,A,0,6,V,,0,,6,-0.005107463309324282,-0.030644779855945693,0,true,true,backward_euler_step_doubling,0.00002,,0.6
0.033238429573124034,R2,resistor,A,B,1000,Ω,,0,,2.6776100720270275,0.0026776100720270275,0.007169595697820583,0,true,true,backward_euler_step_doubling,0.00002,,0.6
0.033238429573124034,R3,resistor,B,0,1000,Ω,,0,,3.3223899279729725,0.0033223899279729726,0.011038274833496254,0,true,true,backward_euler_step_doubling,0.00002,,0.6
0.033238429573124034,R4,resistor,A,C,1000,Ω,,0,,2.429853237297254,0.002429853237297254,0.005904186754803945,0,true,true,backward_euler_step_doubling,0.00002,,0.6
0.033238429573124034,R5,resistor,C,0,2000,Ω,,0,,3.570146762702746,0.001785073381351373,0.0063729739536184495,0,true,true,backward_euler_step_doubling,0.00002,,0.6
0.033238429573124034,C6,capacitor,B,C,100,µF,,0,V,-0.2477568347297736,-0.0006447798559459352,0.0001597486162066843,0.0000030691724577658174,true,true,backward_euler_step_doubling,0.00002,1e-7,0.6
0.03349493409443427,V1,voltage,A,0,6,V,,0,,6,-0.005107227557724009,-0.030643365346344056,0,true,true,backward_euler_step_doubling,0.00002,,0.6
0.03349493409443427,R2,resistor,A,B,1000,Ω,,0,,2.678317326827849,0.002678317326827849,0.007173383703186275,0,true,true,backward_euler_step_doubling,0.00002,,0.6
0.03349493409443427,R3,resistor,B,0,1000,Ω,,0,,3.321682673172151,0.003321682673172151,0.011033575781252088,0,true,true,backward_euler_step_doubling,0.00002,,0.6
0.03349493409443427,R4,resistor,A,C,1000,Ω,,0,,2.428910230896159,0.0024289102308961592,0.005899604909752033,0,true,true,backward_euler_step_doubling,0.00002,,0.6
0.03349493409443427,R5,resistor,C,0,2000,Ω,,0,,3.571089769103841,0.0017855448845519204,0.006376341069499062,0,true,true,backward_euler_step_doubling,0.00002,,0.6
0.03349493409443427,C6,capacitor,B,C,100,µF,,0,V,-0.24940709593168986,-0.0006433653463442497,0.00016045988265480518,0.0000031101949750539572,true,true,backward_euler_step_doubling,0.00002,1e-7,0.6
0.03375369332274495,V1,voltage,A,0,6,V,,0,,6,-0.005106990260148453,-0.030641941560890715,0,true,true,backward_euler_step_doubling,0.00002,,0.6
0.03375369332274495,R2,resistor,A,B,1000,Ω,,0,,2.679029219554655,0.0026790292195546547,0.007177197559227622,0,true,true,backward_euler_step_doubling,0.00002,,0.6
0.03375369332274495,R3,resistor,B,0,1000,Ω,,0,,3.320970780445345,0.0033209707804453454,0.011028846924571767,0,true,true,backward_euler_step_doubling,0.00002,,0.6
0.03375369332274495,R4,resistor,A,C,1000,Ω,,0,,2.427961040593799,0.002427961040593799,0.005894994814641323,0,true,true,backward_euler_step_doubling,0.00002,,0.6
0.03375369332274495,R5,resistor,C,0,2000,Ω,,0,,3.572038959406201,0.0017860194797031006,0.006379731163757868,0,true,true,backward_euler_step_doubling,0.00002,,0.6
0.03375369332274495,C6,capacitor,B,C,100,µF,,0,V,-0.251068178960856,-0.000641941560890629,0.00016117109869209968,0.00000315176152433602,true,true,backward_euler_step_doubling,0.00002,1e-7,0.6
0.03401245255105563,V1,voltage,A,0,6,V,,0,,6,-0.00510675348771901,-0.030640520926314058,0,true,true,backward_euler_step_doubling,0.00002,,0.6
0.03401245255105563,R2,resistor,A,B,1000,Ω,,0,,2.6797395368429826,0.002679739536842983,0.007181003985319443,0,true,true,backward_euler_step_doubling,0.00002,,0.6
0.03401245255105563,R3,resistor,B,0,1000,Ω,,0,,3.3202604631570174,0.0033202604631570173,0.011024129543203651,0,true,true,backward_euler_step_doubling,0.00002,,0.6
0.03401245255105563,R4,resistor,A,C,1000,Ω,,0,,2.4270139508760282,0.002427013950876028,0.005890396717746868,0,true,true,backward_euler_step_doubling,0.00002,,0.6
0.03401245255105563,R5,resistor,C,0,2000,Ω,,0,,3.5729860491239718,0.0017864930245619858,0.006383114653617264,0,true,true,backward_euler_step_doubling,0.00002,,0.6
0.03401245255105563,C6,capacitor,B,C,100,µF,,0,V,-0.2527255859669544,-0.0006405209263139526,0.0001618760264267901,0.0000031935110901170225,true,true,backward_euler_step_doubling,0.00002,1e-7,0.6
0.03427347660601043,V1,voltage,A,0,6,V,,0,,6,-0.005106515176091848,-0.03063909105655109,0,true,true,backward_euler_step_doubling,0.00002,,0.6
0.03427347660601043,R2,resistor,A,B,1000,Ω,,0,,2.6804544717247314,0.0026804544717247314,0.007184836174989109,0,true,true,backward_euler_step_doubling,0.00002,,0.6
0.03427347660601043,R3,resistor,B,0,1000,Ω,,0,,3.3195455282752686,0.0033195455282752687,0.011019382514292332,0,true,true,backward_euler_step_doubling,0.00002,,0.6
0.03427347660601043,R4,resistor,A,C,1000,Ω,,0,,2.4260607043671154,0.0024260607043671153,0.0058857705412742635,0,true,true,backward_euler_step_doubling,0.00002,,0.6
0.03427347660601043,R5,resistor,C,0,2000,Ω,,0,,3.5739392956328846,0.0017869696478164422,0.00638652104443444,0,true,true,backward_euler_step_doubling,0.00002,,0.6
0.03427347660601043,C6,capacitor,B,C,100,µF,,0,V,-0.254393767357616,-0.0006390910565505004,0.00016258078156044102,0.000003235809443520042,true,true,backward_euler_step_doubling,0.00002,1e-7,0.6
0.03453450066096524,V1,voltage,A,0,6,V,,0,,6,-0.005106277396460649,-0.030637664378763897,0,true,true,backward_euler_step_doubling,0.00002,,0.6
0.03453450066096524,R2,resistor,A,B,1000,Ω,,0,,2.681167810618357,0.002681167810618357,0.007188660828696035,0,true,true,backward_euler_step_doubling,0.00002,,0.6
0.03453450066096524,R3,resistor,B,0,1000,Ω,,0,,3.318832189381643,0.0033188321893816426,0.011014647101275747,0,true,true,backward_euler_step_doubling,0.00002,,0.6
0.03453450066096524,R4,resistor,A,C,1000,Ω,,0,,2.425109585842291,0.0024251095858422913,0.005881156503344169,0,true,true,backward_euler_step_doubling,0.00002,,0.6
0.03453450066096524,R5,resistor,C,0,2000,Ω,,0,,3.574890414157709,0.0017874452070788544,0.006389920736618338,0,true,true,backward_euler_step_doubling,0.00002,,0.6
0.03453450066096524,C6,capacitor,B,C,100,µF,,0,V,-0.2560582247760661,-0.0006376643787632238,0.00016327920882904412,0.0000032782907237735193,true,true,backward_euler_step_doubling,0.00002,1e-7,0.6
0.034797799795106624,V1,voltage,A,0,6,V,,0,,6,-0.005106038084439343,-0.030636228506636057,0,true,true,backward_euler_step_doubling,0.00002,,0.6
0.034797799795106624,R2,resistor,A,B,1000,Ω,,0,,2.6818857466822705,0.0026818857466822704,0.0071925111582575195,0,true,true,backward_euler_step_doubling,0.00002,,0.6
0.034797799795106624,R3,resistor,B,0,1000,Ω,,0,,3.3181142533177295,0.0033181142533177293,0.011009882198070272,0,true,true,backward_euler_step_doubling,0.00002,,0.6
0.034797799795106624,R4,resistor,A,C,1000,Ω,,0,,2.4241523377570724,0.0024241523377570725,0.00587651455665308,0,true,true,backward_euler_step_doubling,0.00002,,0.6
0.034797799795106624,R5,resistor,C,0,2000,Ω,,0,,3.5758476622429276,0.0017879238311214638,0.006393343251784105,0,true,true,backward_euler_step_doubling,0.00002,,0.6
0.034797799795106624,C6,capacitor,B,C,100,µF,,0,V,-0.25773340892519814,-0.0006362285066355278,0.0001639773418705626,0.00000332132550381017,true,true,backward_euler_step_doubling,0.00002,1e-7,0.6
0.03506109892924802,V1,voltage,A,0,6,V,,0,,6,-0.005105799311293146,-0.030634795867758878,0,true,true,backward_euler_step_doubling,0.00002,,0.6
0.03506109892924802,R2,resistor,A,B,1000,Ω,,0,,2.682602066120859,0.0026826020661208593,0.007196353845155903,0,true,true,backward_euler_step_doubling,0.00002,,0.6
0.03506109892924802,R3,resistor,B,0,1000,Ω,,0,,3.317397933879141,0.003317397933879141,0.011005129051705592,0,true,true,backward_euler_step_doubling,0.00002,,0.6
0.03506109892924802,R4,resistor,A,C,1000,Ω,,0,,2.423197245172288,0.002423197245172288,0.005871884889010566,0,true,true,backward_euler_step_doubling,0.00002,,0.6
0.03506109892924802,R5,resistor,C,0,2000,Ω,,0,,3.576802754827712,0.001788401377413856,0.006396758973471555,0,true,true,backward_euler_step_doubling,0.00002,,0.6
0.03506109892924802,C6,capacitor,B,C,100,µF,,0,V,-0.2594048209485713,-0.000634795867758396,0.00016466910841475966,0.000003364543056568017,true,true,backward_euler_step_doubling,0.00002,1e-7,0.6
0.03532668352974686,V1,voltage,A,0,6,V,,0,,6,-0.005105559012594301,-0.030633354075565805,0,true,true,backward_euler_step_doubling,0.00002,,0.6
0.03532668352974686,R2,resistor,A,B,1000,Ω,,0,,2.683322962217103,0.002683322962217103,0.007200222119561568,0,true,true,backward_euler_step_doubling,0.00002,,0.6
0.03532668352974686,R3,resistor,B,0,1000,Ω,,0,,3.316677037782897,0.003316677037782897,0.011000346572956333,0,true,true,backward_euler_step_doubling,0.00002,,0.6
0.03532668352974686,R4,resistor,A,C,1000,Ω,,0,,2.422236050377197,0.002422236050377197,0.005867227483746923,0,true,true,backward_euler_step_doubling,0.00002,,0.6
0.03532668352974686,R5,resistor,C,0,2000,Ω,,0,,3.577763949622803,0.0017888819748114015,0.006400197439610279,0,true,true,backward_euler_step_doubling,0.00002,,0.6
0.03532668352974686,C6,capacitor,B,C,100,µF,,0,V,-0.26108691183990596,-0.000633354075565824,0.00016536045969069944,0.000003408318776704941,true,true,backward_euler_step_doubling,0.00002,1e-7,0.6
0.035592268130245706,V1,voltage,A,0,6,V,,0,,6,-0.005105319259678542,-0.03063191555807125,0,true,true,backward_euler_step_doubling,0.00002,,0.6
0.035592268130245706,R2,resistor,A,B,1000,Ω,,0,,2.6840422209644204,0.0026840422209644206,0.007204082643919619,0,true,true,backward_euler_step_doubling,0.00002,,0.6
0.035592268130245706,R3,resistor,B,0,1000,Ω,,0,,3.3159577790355796,0.0033159577790355796,0.010995575992346573,0,true,true,backward_euler_step_doubling,0.00002,,0.6
0.035592268130245706,R4,resistor,A,C,1000,Ω,,0,,2.421277038714121,0.002421277038714121,0.005862582498204224,0,true,true,backward_euler_step_doubling,0.00002,,0.6
0.035592268130245706,R5,resistor,C,0,2000,Ω,,0,,3.578722961285879,0.0017893614806429395,0.006403629016817385,0,true,true,backward_euler_step_doubling,0.00002,,0.6
0.035592268130245706,C6,capacitor,B,C,100,µF,,0,V,-0.2627651822502992,-0.0006319155580711313,0.00016604540678336036,0.0000034522770501516476,true,true,backward_euler_step_doubling,0.00002,1e-7,0.6
0.03586014872096608,V1,voltage,A,0,6,V,,0,,6,-0.00510507798807689,-0.030630467928461337,0,true,true,backward_euler_step_doubling,0.00002,,0.6
0.03586014872096608,R2,resistor,A,B,1000,Ω,,0,,2.684766035769127,0.002684766035769127,0.007207968666819473,0,true,true,backward_euler_step_doubling,0.00002,,0.6
0.03586014872096608,R3,resistor,B,0,1000,Ω,,0,,3.315233964230873,0.003315233964230873,0.01099077623758995,0,true,true,backward_euler_step_doubling,0.00002,,0.6
0.03586014872096608,R4,resistor,A,C,1000,Ω,,0,,2.420311952307762,0.002420311952307762,0.005857909946483809,0,true,true,backward_euler_step_doubling,0.00002,,0.6
0.03586014872096608,R5,resistor,C,0,2000,Ω,,0,,3.579688047692238,0.0017898440238461192,0.006407083259395334,0,true,true,backward_euler_step_doubling,0.00002,,0.6
0.03586014872096608,C6,capacitor,B,C,100,µF,,0,V,-0.2644540834613651,-0.0006304679284617762,0.00016672981817314453,0.000003496798112969533,true,true,backward_euler_step_doubling,0.00002,1e-7,0.6
0.03612802931168645,V1,voltage,A,0,6,V,,0,,6,-0.005104837269194598,-0.03062902361516759,0,true,true,backward_euler_step_doubling,0.00002,,0.6
0.03612802931168645,R2,resistor,A,B,1000,Ω,,0,,2.6854881924160225,0.0026854881924160225,0.007211846831605876,0,true,true,backward_euler_step_doubling,0.00002,,0.6
0.03612802931168645,R3,resistor,B,0,1000,Ω,,0,,3.3145118075839775,0.0033145118075839776,0.010985988522613606,0,true,true,backward_euler_step_doubling,0.00002,,0.6
0.03612802931168645,R4,resistor,A,C,1000,Ω,,0,,2.419349076778575,0.002419349076778575,0.005853249955309343,0,true,true,backward_euler_step_doubling,0.00002,,0.6
0.03612802931168645,R5,resistor,C,0,2000,Ω,,0,,3.580650923221425,0.0017903254616107125,0.006410530516983221,0,true,true,backward_euler_step_doubling,0.00002,,0.6
0.03612802931168645,C6,capacitor,B,C,100,µF,,0,V,-0.2661391156374475,-0.0006290236151678936,0.0001674077886558533,0.000003541501443614133,true,true,backward_euler_step_doubling,0.00002,1e-7,0.6
0.03639821655487317,V1,voltage,A,0,6,V,,0,,6,-0.005104595038522291,-0.030627570231133747,0,true,true,backward_euler_step_doubling,0.00002,,0.6
0.03639821655487317,R2,resistor,A,B,1000,Ω,,0,,2.68621488443315,0.00268621488443315,0.007215750405350201,0,true,true,backward_euler_step_doubling,0.00002,,0.6
0.03639821655487317,R3,resistor,B,0,1000,Ω,,0,,3.31378511556685,0.00331378511556685,0.010981171792152402,0,true,true,backward_euler_step_doubling,0.00002,,0.6
0.03639821655487317,R4,resistor,A,C,1000,Ω,,0,,2.418380154089142,0.002418380154089142,0.005848562569692222,0,true,true,backward_euler_step_doubling,0.00002,,0.6
0.03639821655487317,R5,resistor,C,0,2000,Ω,,0,,3.581619845910858,0.001790809922955429,0.0064140003603112596,0,true,true,backward_euler_step_doubling,0.00002,,0.6
0.03639821655487317,C6,capacitor,B,C,100,µF,,0,V,-0.26783473034400807,-0.0006275702311336553,0.0001680851036276094,0.0000035867721389223753,true,true,backward_euler_step_doubling,0.00002,1e-7,0.6
0.03666840379805989,V1,voltage,A,0,6,V,,0,,6,-0.005104353367533511,-0.030626120205201068,0,true,true,backward_euler_step_doubling,0.00002,,0.6
0.03666840379805989,R2,resistor,A,B,1000,Ω,,0,,2.6869398973994945,0.0026869398973994943,0.007219646012237206,0,true,true,backward_euler_step_doubling,0.00002,,0.6
0.03666840379805989,R3,resistor,B,0,1000,Ω,,0,,3.3130601026005055,0.0033130601026005054,0.010976367243443272,0,true,true,backward_euler_step_doubling,0.00002,,0.6
0.03666840379805989,R4,resistor,A,C,1000,Ω,,0,,2.4174134701340186,0.0024174134701340187,0.005843887885585398,0,true,true,backward_euler_step_doubling,0.00002,,0.6
0.03666840379805989,R5,resistor,C,0,2000,Ω,,0,,3.5825865298659814,0.0017912932649329907,0.006417463121988587,0,true,true,backward_euler_step_doubling,0.00002,,0.6
0.03666840379805989,C6,capacitor,B,C,100,µF,,0,V,-0.2695264272654758,-0.0006261202052010538,0.00016875594194656662,0.0000036322247497245914,true,true,backward_euler_step_doubling,0.00002,1e-7,0.6
0.03694090849635671,V1,voltage,A,0,6,V,,0,,6,-0.0051041101916788996,-0.030624661150073396,0,true,true,backward_euler_step_doubling,0.00002,,0.6
0.03694090849635671,R2,resistor,A,B,1000,Ω,,0,,2.68766942496338,0.00268766942496338,0.007223566937882986,0,true,true,backward_euler_step_doubling,0.00002,,0.6
0.03694090849635671,R3,resistor,B,0,1000,Ω,,0,,3.31233057503662,0.00331233057503662,0.010971533838322426,0,true,true,backward_euler_step_doubling,0.00002,,0.6
0.03694090849635671,R4,resistor,A,C,1000,Ω,,0,,2.4164407667155197,0.00241644076671552,0.005839185979044689,0,true,true,backward_euler_step_doubling,0.00002,,0.6
0.03694090849635671,R5,resistor,C,0,2000,Ω,,0,,3.5835592332844803,0.0017917796166422402,0.006420948389229226,0,true,true,backward_euler_step_doubling,0.00002,,0.6
0.03694090849635671,C6,capacitor,B,C,100,µF,,0,V,-0.27122865824786047,-0.0006246611500732865,0.0001694260055939429,0.0000036782492527467342,true,true,backward_euler_step_doubling,0.00002,1e-7,0.6
0.03721341319465353,V1,voltage,A,0,6,V,,0,,6,-0.005103867582499769,-0.030623205494998612,0,true,true,backward_euler_step_doubling,0.00002,,0.6
0.03721341319465353,R2,resistor,A,B,1000,Ω,,0,,2.688397252500772,0.002688397252500772,0.007227479787253699,0,true,true,backward_euler_step_doubling,0.00002,,0.6
0.03721341319465353,R3,resistor,B,0,1000,Ω,,0,,3.311602747499228,0.003311602747499228,0.010966712757244436,0,true,true,backward_euler_step_doubling,0.00002,,0.6
0.03721341319465353,R4,resistor,A,C,1000,Ω,,0,,2.4154703299989966,0.0024154703299989967,0.005834496915105462,0,true,true,backward_euler_step_doubling,0.00002,,0.6
0.03721341319465353,R5,resistor,C,0,2000,Ω,,0,,3.5845296700010034,0.0017922648350005017,0.006424426477558751,0,true,true,backward_euler_step_doubling,0.00002,,0.6
0.03721341319465353,C6,capacitor,B,C,100,µF,,0,V,-0.2729269225017754,-0.0006232054949985344,0.00017008955783614558,0.000003724455251314506,true,true,backward_euler_step_doubling,0.00002,1e-7,0.6
0.03748824629296098,V1,voltage,A,0,6,V,,0,,6,-0.005103623475407115,-0.030621740852442694,0,true,true,backward_euler_step_doubling,0.00002,,0.6
0.03748824629296098,R2,resistor,A,B,1000,Ω,,0,,2.689129573778551,0.0026891295737785513,0.007231417864570413,0,true,true,backward_euler_step_doubling,0.00002,,0.6
0.03748824629296098,R3,resistor,B,0,1000,Ω,,0,,3.310870426221449,0.003310870426221449,0.010961862979227799,0,true,true,backward_euler_step_doubling,0.00002,,0.6
0.03748824629296098,R4,resistor,A,C,1000,Ω,,0,,2.414493901628564,0.002414493901628564,0.005829780801001526,0,true,true,backward_euler_step_doubling,0.00002,,0.6
0.03748824629296098,R5,resistor,C,0,2000,Ω,,0,,3.585506098371436,0.001792753049185718,0.006427926990729379,0,true,true,backward_euler_step_doubling,0.00002,,0.6
0.03748824629296098,C6,capacitor,B,C,100,µF,,0,V,-0.2746356721499872,-0.0006217408524428333,0.00017075221691374354,0.000003771237620863762,true,true,backward_euler_step_doubling,0.00002,1e-7,0.6
0.037763079391268425,V1,voltage,A,0,6,V,,0,,6,-0.0051033799420091295,-0.03062027965205478,0,true,true,backward_euler_step_doubling,0.00002,,0.6
0.037763079391268425,R2,resistor,A,B,1000,Ω,,0,,2.6898601739725145,0.0026898601739725144,0.0072353477555234455,0,true,true,backward_euler_step_doubling,0.00002,,0.6
0.037763079391268425,R3,resistor,B,0,1000,Ω,,0,,3.3101398260274855,0.0033101398260274853,0.010957025667853271,0,true,true,backward_euler_step_doubling,0.00002,,0.6
0.037763079391268425,R4,resistor,A,C,1000,Ω,,0,,2.4135197680366143,0.002413519768036614,0.005825077670703512,0,true,true,backward_euler_step_doubling,0.00002,,0.6
0.037763079391268425,R5,resistor,C,0,2000,Ω,,0,,3.5864802319633857,0.0017932401159816928,0.00643142022713207,0,true,true,backward_euler_step_doubling,0.00002,,0.6
0.037763079391268425,C6,capacitor,B,C,100,µF,,0,V,-0.27634040593590026,-0.000620279652054877,0.00017140833084262365,0.000003818200997640907,true,true,backward_euler_step_doubling,0.00002,1e-7,0.6
0.03804025197886479,V1,voltage,A,0,6,V,,0,,6,-0.005103134917677699,-0.030618809506066193,0,true,true,backward_euler_step_doubling,0.00002,,0.6
0.03804025197886479,R2,resistor,A,B,1000,Ω,,0,,2.690595246966928,0.002690595246966928,0.007239302783001024,0,true,true,backward_euler_step_doubling,0.00002,,0.6
0.03804025197886479,R3,resistor,B,0,1000,Ω,,0,,3.309404753033072,0.0033094047530330723,0.01095215981939789,0,true,true,backward_euler_step_doubling,0.00002,,0.6
0.03804025197886479,R4,resistor,A,C,1000,Ω,,0,,2.4125396707107716,0.0024125396707107716,0.005820347662753239,0,true,true,backward_euler_step_doubling,0.00002,,0.6
0.03804025197886479,R5,resistor,C,0,2000,Ω,,0,,3.5874603292892284,0.0017937301646446142,0.006434935807111989,0,true,true,backward_euler_step_doubling,0.00002,,0.6
0.03804025197886479,C6,capacitor,B,C,100,µF,,0,V,-0.2780555762561563,-0.0006188095060662147,0.00017206343380202875,0.000003865745174357157,true,true,backward_euler_step_doubling,0.00002,1e-7,0.6
0.03831742456646116,V1,voltage,A,0,6,V,,0,,6,-0.005102890474086776,-0.030617342844520654,0,true,true,backward_euler_step_doubling,0.00002,,0.6
0.03831742456646116,R2,resistor,A,B,1000,Ω,,0,,2.6913285777397147,0.002691328577739715,0.007243249513358476,0,true,true,backward_euler_step_doubling,0.00002,,0.6
0.03831742456646116,R3,resistor,B,0,1000,Ω,,0,,3.3086714222602853,0.0033086714222602853,0.010947306580481899,0,true,true,backward_euler_step_doubling,0.00002,,0.6
0.03831742456646116,R4,resistor,A,C,1000,Ω,,0,,2.4115618963470595,0.0024115618963470595,0.005815630779913026,0,true,true,backward_euler_step_doubling,0.00002,,0.6
0.03831742456646116,R5,resistor,C,0,2000,Ω,,0,,3.5884381036529405,0.0017942190518264703,0.006438444011874156,0,true,true,backward_euler_step_doubling,0.00002,,0.6
0.03831742456646116,C6,capacitor,B,C,100,µF,,0,V,-0.27976668139265515,-0.0006173428445206315,0.00017271195889303895,0.00000391346980087297,true,true,backward_euler_step_doubling,0.00002,1e-7,0.6
0.03859694787886979,V1,voltage,A,0,6,V,,0,,6,-0.005102644546569712,-0.03061586727941827,0,true,true,backward_euler_step_doubling,0.00002,,0.6
0.03859694787886979,R2,resistor,A,B,1000,Ω,,0,,2.6920663602909185,0.0026920663602909185,0.007247221288209994,0,true,true,backward_euler_step_doubling,0.00002,,0.6
0.03859694787886979,R3,resistor,B,0,1000,Ω,,0,,3.3079336397090815,0.0033079336397090816,0.010942424964718972,0,true,true,backward_euler_step_doubling,0.00002,,0.6
0.03859694787886979,R4,resistor,A,C,1000,Ω,,0,,2.410578186278793,0.0024105781862787928,0.005810887192163154,0,true,true,backward_euler_step_doubling,0.00002,,0.6
0.03859694787886979,R5,resistor,C,0,2000,Ω,,0,,3.589421813721207,0.0017947109068606035,0.00644197447840882,0,true,true,backward_euler_step_doubling,0.00002,,0.6
0.03859694787886979,C6,capacitor,B,C,100,µF,,0,V,-0.28148817401212556,-0.0006158672794181138,0.00017335935591722038,0.000003961779605434034,true,true,backward_euler_step_doubling,0.00002,1e-7,0.6
0.03887647119127841,V1,voltage,A,0,6,V,,0,,6,-0.005102399206865507,-0.03061439524119304,0,true,true,backward_euler_step_doubling,0.00002,,0.6
0.03887647119127841,R2,resistor,A,B,1000,Ω,,0,,2.6928023794035476,0.0026928023794035474,0.0072511846545214075,0,true,true,backward_euler_step_doubling,0.00002,,0.6
0.03887647119127841,R3,resistor,B,0,1000,Ω,,0,,3.3071976205964524,0.0033071976205964523,0.010937556101678837,0,true,true,backward_euler_step_doubling,0.00002,,0.6
0.03887647119127841,R4,resistor,A,C,1000,Ω,,0,,2.4095968274619586,0.0024095968274619587,0.005806156870914736,0,true,true,backward_euler_step_doubling,0.00002,,0.6
0.03887647119127841,R5,resistor,C,0,2000,Ω,,0,,3.5904031725380414,0.0017952015862690207,0.006445497470685616,0,true,true,backward_euler_step_doubling,0.00002,,0.6
0.03887647119127841,C6,capacitor,B,C,100,µF,,0,V,-0.28320555194158903,-0.0006143952411929354,0.000174000143392331,0.000004010269232527003,true,true,backward_euler_step_doubling,0.00002,1e-7,0.6
0.03915835661254671,V1,voltage,A,0,6,V,,0,,6,-0.005102152390269213,-0.03061291434161528,0,true,true,backward_euler_step_doubling,0.00002,,0.6
0.03915835661254671,R2,resistor,A,B,1000,Ω,,0,,2.6935428291923387,0.0026935428291923386,0.007255172972693468,0,true,true,backward_euler_step_doubling,0.00002,,0.6
0.03915835661254671,R3,resistor,B,0,1000,Ω,,0,,3.3064571708076613,0.0033064571708076615,0.010932659022385405,0,true,true,backward_euler_step_doubling,0.00002,,0.6
0.03915835661254671,R4,resistor,A,C,1000,Ω,,0,,2.408609561076873,0.0024086095610768733,0.005801400017710928,0,true,true,backward_euler_step_doubling,0.00002,,0.6
0.03915835661254671,R5,resistor,C,0,2000,Ω,,0,,3.591390438923127,0.0017956952194615634,0.006449042642394225,0,true,true,backward_euler_step_doubling,0.00002,,0.6
0.03915835661254671,C6,capacitor,B,C,100,µF,,0,V,-0.2849332681154655,-0.0006129143416154164,0.00017463968643131945,0.000004059348363947987,true,true,backward_euler_step_doubling,0.00002,1e-7,0.6
0.03944024203381502,V1,voltage,A,0,6,V,,0,,6,-0.005101906168584106,-0.030611437011504636,0,true,true,backward_euler_step_doubling,0.00002,,0.6
0.03944024203381502,R2,resistor,A,B,1000,Ω,,0,,2.6942814942476208,0.002694281494247621,0.007259152770245193,0,true,true,backward_euler_step_doubling,0.00002,,0.6
0.03944024203381502,R3,resistor,B,0,1000,Ω,,0,,3.3057185057523792,0.0033057185057523792,0.010927774839273744,0,true,true,backward_euler_step_doubling,0.00002,,0.6
0.03944024203381502,R4,resistor,A,C,1000,Ω,,0,,2.4076246743364846,0.002407624674336485,0.005796656572473864,0,true,true,backward_euler_step_doubling,0.00002,,0.6
0.03944024203381502,R5,resistor,C,0,2000,Ω,,0,,3.5923753256635154,0.0017961876628317577,0.006452580240218024,0,true,true,backward_euler_step_doubling,0.00002,,0.6
0.03944024203381502,C6,capacitor,B,C,100,µF,,0,V,-0.2866568199111361,-0.000611437011504802,0.0001752725892939353,0.000004108606620078276,true,true,backward_euler_step_doubling,0.00002,1e-7,0.6
0.039724501098386794,V1,voltage,A,0,6,V,,0,,6,-0.00510165847706759,-0.03060995086240554,0,true,true,backward_euler_step_doubling,0.00002,,0.6
0.039724501098386794,R2,resistor,A,B,1000,Ω,,0,,2.695024568797274,0.002695024568797274,0.007263157426420932,0,true,true,backward_euler_step_doubling,0.00002,,0.6
0.039724501098386794,R3,resistor,B,0,1000,Ω,,0,,3.304975431202726,0.0033049754312027262,0.010922862600853647,0,true,true,backward_euler_step_doubling,0.00002,,0.6
0.039724501098386794,R4,resistor,A,C,1000,Ω,,0,,2.406633908270316,0.002406633908270316,0.005791886768436456,0,true,true,backward_euler_step_doubling,0.00002,,0.6
0.039724501098386794,R5,resistor,C,0,2000,Ω,,0,,3.593366091729684,0.001796683045864842,0.006456139934596331,0,true,true,backward_euler_step_doubling,0.00002,,0.6
0.039724501098386794,C6,capacitor,B,C,100,µF,,0,V,-0.2883906605269577,-0.0006099508624055873,0.00017590413209813484,0.000004158458653958748,true,true,backward_euler_step_doubling,0.00002,1e-7,0.6
0.040008760162958575,V1,voltage,A,0,6,V,,0,,6,-0.005101411387586125,-0.03060846832551675,0,true,true,backward_euler_step_doubling,0.00002,,0.6
0.040008760162958575,R2,resistor,A,B,1000,Ω,,0,,2.695765837241706,0.002695765837241706,0.007267153449239476,0,true,true,backward_euler_step_doubling,0.00002,,0.6
0.040008760162958575,R3,resistor,B,0,1000,Ω,,0,,3.304234162758294,0.003304234162758294,0.010917963402339003,0,true,true,backward_euler_step_doubling,0.00002,,0.6
0.040008760162958575,R4,resistor,A,C,1000,Ω,,0,,2.405645550344419,0.002405645550344419,0.005787130513891903,0,true,true,backward_euler_step_doubling,0.00002,,0.6
0.040008760162958575,R5,resistor,C,0,2000,Ω,,0,,3.594354449655581,0.0017971772248277903,0.006459691954879436,0,true,true,backward_euler_step_doubling,0.00002,,0.6
0.040008760162958575,C6,capacitor,B,C,100,µF,,0,V,-0.29012028689728675,-0.0006084683255165979,0.00017652900516678703,0.000004208489043468198,true,true,backward_euler_step_doubling,0.00002,1e-7,0.6
0.040295404558028915,V1,voltage,A,0,6,V,,0,,6,-0.005101162835359726,-0.030606977012158358,0,true,true,backward_euler_step_doubling,0.00002,,0.6
0.040295404558028915,R2,resistor,A,B,1000,Ω,,0,,2.696511493920865,0.002696511493920865,0.007271174236847336,0,true,true,backward_euler_step_doubling,0.00002,,0.6
0.040295404558028915,R3,resistor,B,0,1000,Ω,,0,,3.303488506079135,0.0033034885060791346,0.010913036309796953,0,true,true,backward_euler_step_doubling,0.00002,,0.6
0.040295404558028915,R4,resistor,A,C,1000,Ω,,0,,2.404651341438861,0.002404651341438861,0.005782348073883714,0,true,true,backward_euler_step_doubling,0.00002,,0.6
0.040295404558028915,R5,resistor,C,0,2000,Ω,,0,,3.595348658561139,0.0017976743292805694,0.00646326598830869,0,true,true,backward_euler_step_doubling,0.00002,,0.6
0.040295404558028915,C6,capacitor,B,C,100,µF,,0,V,-0.29186015248200414,-0.0006069770121583673,0.00017715240332161236,0.000004259117430340935,true,true,backward_euler_step_doubling,0.00002,1e-7,0.6
0.04058204895309926,V1,voltage,A,0,6,V,,0,,6,-0.0051009148923174905,-0.030605489353904943,0,true,true,backward_euler_step_doubling,0.00002,,0.6
0.04058204895309926,R2,resistor,A,B,1000,Ω,,0,,2.6972553230476053,0.002697255323047605,0.007275186277708641,0,true,true,backward_euler_step_doubling,0.00002,,0.6
0.04058204895309926,R3,resistor,B,0,1000,Ω,,0,,3.3027446769523947,0.0033027446769523946,0.010908122401137378,0,true,true,backward_euler_step_doubling,0.00002,,0.6
0.04058204895309926,R4,resistor,A,C,1000,Ω,,0,,2.403659569269885,0.0024036595692698854,0.0057775793249426905,0,true,true,backward_euler_step_doubling,0.00002,,0.6
0.04058204895309926,R5,resistor,C,0,2000,Ω,,0,,3.596340430730115,0.0017981702153650574,0.006466832246852033,0,true,true,backward_euler_step_doubling,0.00002,,0.6
0.04058204895309926,C6,capacitor,B,C,100,µF,,0,V,-0.29359575377772007,-0.000605489353904865,0.00017776910326408355,0.000004309923331815381,true,true,backward_euler_step_doubling,0.00002,1e-7,0.6
0.04087109052066912,V1,voltage,A,0,6,V,,0,,6,-0.005100665493642568,-0.030603992961855404,0,true,true,backward_euler_step_doubling,0.00002,,0.6
0.04087109052066912,R2,resistor,A,B,1000,Ω,,0,,2.6980035190726226,0.0026980035190726226,0.007279222988928255,0,true,true,backward_euler_step_doubling,0.00002,,0.6
0.04087109052066912,R3,resistor,B,0,1000,Ω,,0,,3.3019964809273774,0.0033019964809273775,0.010903180760056785,0,true,true,backward_euler_step_doubling,0.00002,,0.6
0.04087109052066912,R4,resistor,A,C,1000,Ω,,0,,2.402661974569946,0.002402661974569946,0.005772784564044352,0,true,true,backward_euler_step_doubling,0.00002,,0.6
0.04087109052066912,R5,resistor,C,0,2000,Ω,,0,,3.597338025430054,0.001798669012715027,0.006470420434602501,0,true,true,backward_euler_step_doubling,0.00002,,0.6
0.04087109052066912,C6,capacitor,B,C,100,µF,,0,V,-0.2953415445026768,-0.0006039929618548046,0.00017838421422294433,0.000004361331395461331,true,true,backward_euler_step_doubling,0.00002,1e-7,0.6
0.041160132088238974,V1,voltage,A,0,6,V,,0,,6,-0.005100416711325545,-0.030602500267953272,0,true,true,backward_euler_step_doubling,0.00002,,0.6
0.041160132088238974,R2,resistor,A,B,1000,Ω,,0,,2.6987498660236633,0.0026987498660236632,0.0072832508393627406,0,true,true,backward_euler_step_doubling,0.00002,,0.6
0.041160132088238974,R3,resistor,B,0,1000,Ω,,0,,3.3012501339763367,0.003301250133976337,0.010898252447078781,0,true,true,backward_euler_step_doubling,0.00002,,0.6
0.041160132088238974,R4,resistor,A,C,1000,Ω,,0,,2.4016668453018832,0.0024016668453018834,0.0057680036358223,0,true,true,backward_euler_step_doubling,0.00002,,0.6
0.041160132088238974,R5,resistor,C,0,2000,Ω,,0,,3.5983331546981168,0.0017991665773490584,0.006474000746099851,0,true,true,backward_euler_step_doubling,0.00002,,0.6
0.041160132088238974,C6,capacitor,B,C,100,µF,,0,V,-0.29708302072178006,-0.0006025002679527647,0.00017899259958908926,0.00000441291606005888,true,true,backward_euler_step_doubling,0.00002,1e-7,0.6
0.0414515828274507,V1,voltage,A,0,6,V,,0,,6,-0.005100166480512955,-0.030600998883077726,0,true,true,backward_euler_step_doubling,0.00002,,0.6
0.0414515828274507,R2,resistor,A,B,1000,Ω,,0,,2.6995005584610596,0.0026995005584610596,0.007287303265131573,0,true,true,backward_euler_step_doubling,0.00002,,0.6
0.0414515828274507,R3,resistor,B,0,1000,Ω,,0,,3.3004994415389404,0.0033004994415389405,0.010893296563598857,0,true,true,backward_euler_step_doubling,0.00002,,0.6
0.0414515828274507,R4,resistor,A,C,1000,Ω,,0,,2.400665922051895,0.002400665922051895,0.005763196869301275,0,true,true,backward_euler_step_doubling,0.00002,,0.6
0.0414515828274507,R5,resistor,C,0,2000,Ω,,0,,3.599334077948105,0.0017996670389740525,0.006477602902339268,0,true,true,backward_euler_step_doubling,0.00002,,0.6
0.0414515828274507,C6,capacitor,B,C,100,µF,,0,V,-0.29883463640916474,-0.0006009988830778852,0.00017959928270689393,0.000004465106995889884,true,true,backward_euler_step_doubling,0.00002,1e-7,0.6
0.04174303356666242,V1,voltage,A,0,6,V,,0,,6,-0.005099916873256626,-0.030599501239539757,0,true,true,backward_euler_step_doubling,0.00002,,0.6
0.04174303356666242,R2,resistor,A,B,1000,Ω,,0,,2.700249380230007,0.002700249380230007,0.007291346715432536,0,true,true,backward_euler_step_doubling,0.00002,,0.6
0.04174303356666242,R3,resistor,B,0,1000,Ω,,0,,3.299750619769993,0.003299750619769993,0.010888354152672452,0,true,true,backward_euler_step_doubling,0.00002,,0.6
0.04174303356666242,R4,resistor,A,C,1000,Ω,,0,,2.3996674930266195,0.0023996674930266194,0.005758404077088661,0,true,true,backward_euler_step_doubling,0.00002,,0.6
0.04174303356666242,R5,resistor,C,0,2000,Ω,,0,,3.6003325069733805,0.0018001662534866902,0.006481197080384613,0,true,true,backward_euler_step_doubling,0.00002,,0.6
0.04174303356666242,C6,capacitor,B,C,100,µF,,0,V,-0.3005818872033874,-0.0005995012395399656,0.00018019921396169287,0.000004517473545737495,true,true,backward_euler_step_doubling,0.00002,1e-7,0.6
0.04203690563597051,V1,voltage,A,0,6,V,,0,,6,-0.005099665824666994,-0.030597994948001965,0,true,true,backward_euler_step_doubling,0.00002,,0.6
0.04203690563597051,R2,resistor,A,B,1000,Ω,,0,,2.7010025259992156,0.0027010025259992156,0.007295414645454143,0,true,true,backward_euler_step_doubling,0.00002,,0.6
0.04203690563597051,R3,resistor,B,0,1000,Ω,,0,,3.2989974740007844,0.0032989974740007845,0.010883384333463557,0,true,true,backward_euler_step_doubling,0.00002,,0.6
0.04203690563597051,R4,resistor,A,C,1000,Ω,,0,,2.398663298667778,0.002398663298667778,0.005753585620375787,0,true,true,backward_euler_step_doubling,0.00002,,0.6
0.04203690563597051,R5,resistor,C,0,2000,Ω,,0,,3.601336701332222,0.001800668350666111,0.006484813018181225,0,true,true,backward_euler_step_doubling,0.00002,,0.6
0.04203690563597051,C6,capacitor,B,C,100,µF,,0,V,-0.3023392273314376,-0.000597994948001608,0.00018079733052690937,0.0000045704504191685345,true,true,backward_euler_step_doubling,0.00002,1e-7,0.6
0.0423307777052786,V1,voltage,A,0,6,V,,0,,6,-0.005099415406855573,-0.030596492441133438,0,true,true,backward_euler_step_doubling,0.00002,,0.6
0.0423307777052786,R2,resistor,A,B,1000,Ω,,0,,2.701753779433517,0.0027017537794335167,0.0072994734846832925,0,true,true,backward_euler_step_doubling,0.00002,,0.6
0.0423307777052786,R3,resistor,B,0,1000,Ω,,0,,3.298246220566483,0.003298246220566483,0.010878428131481089,0,true,true,backward_euler_step_doubling,0.00002,,0.6
0.0423307777052786,R4,resistor,A,C,1000,Ω,,0,,2.3976616274220555,0.0023976616274220554,0.0057487812796121794,0,true,true,backward_euler_step_doubling,0.00002,,0.6
0.0423307777052786,R5,resistor,C,0,2000,Ω,,0,,3.6023383725779445,0.0018011691862889723,0.006488420875273757,0,true,true,backward_euler_step_doubling,0.00002,,0.6
0.0423307777052786,C6,capacitor,B,C,100,µF,,0,V,-0.30409215201146145,-0.0005964924411329852,0.00018138867008269944,0.000004623601845748088,true,true,backward_euler_step_doubling,0.00002,1e-7,0.6
0.042627083424882424,V1,voltage,A,0,6,V,,0,,6,-0.005099163554896968,-0.030594981329381807,0,true,true,backward_euler_step_doubling,0.00002,,0.6
0.042627083424882424,R2,resistor,A,B,1000,Ω,,0,,2.7025093353089815,0.0027025093353089816,0.007303556707432194,0,true,true,backward_euler_step_doubling,0.00002,,0.6
0.042627083424882424,R3,resistor,B,0,1000,Ω,,0,,3.2974906646910185,0.0032974906646910185,0.010873444683724415,0,true,true,backward_euler_step_doubling,0.00002,,0.6
0.042627083424882424,R4,resistor,A,C,1000,Ω,,0,,2.3966542195879863,0.0023966542195879865,0.0057439514482689,0,true,true,backward_euler_step_doubling,0.00002,,0.6
0.042627083424882424,R5,resistor,C,0,2000,Ω,,0,,3.6033457804120137,0.0018016728902060068,0.0064920504066065315,0,true,true,backward_euler_step_doubling,0.00002,,0.6
0.042627083424882424,C6,capacitor,B,C,100,µF,,0,V,-0.3058551157209952,-0.0005949813293820138,0.0001819780833499674,0.000004677367590635169,true,true,backward_euler_step_doubling,0.00002,1e-7,0.6
0.04292338914448625,V1,voltage,A,0,6,V,,0,,6,-0.005098912340962404,-0.03059347404577442,0,true,true,backward_euler_step_doubling,0.00002,,0.6
0.04292338914448625,R2,resistor,A,B,1000,Ω,,0,,2.703262977112697,0.002703262977112697,0.007307630723428202,0,true,true,backward_euler_step_doubling,0.00002,,0.6
0.04292338914448625,R3,resistor,B,0,1000,Ω,,0,,3.296737022887303,0.003296737022887303,0.010868474998075837,0,true,true,backward_euler_step_doubling,0.00002,,0.6
0.04292338914448625,R4,resistor,A,C,1000,Ω,,0,,2.3956493638497074,0.0023956493638497074,0.005739135874513508,0,true,true,backward_euler_step_doubling,0.00002,,0.6
0.04292338914448625,R5,resistor,C,0,2000,Ω,,0,,3.6043506361502926,0.0018021753180751463,0.00649567175415851,0,true,true,backward_euler_step_doubling,0.00002,,0.6
0.04292338914448625,C6,capacitor,B,C,100,µF,,0,V,-0.30761361326298964,-0.0005934740457746222,0.00018256069559853647,0.000004731306753235607,true,true,backward_euler_step_doubling,0.00002,1e-7,0.6
0.04322214099859707,V1,voltage,A,0,6,V,,0,,6,-0.0050986597000909645,-0.030591958200545787,0,true,true,backward_euler_step_doubling,0.00002,,0.6
0.04322214099859707,R2,resistor,A,B,1000,Ω,,0,,2.7040208997268245,0.0027040208997268244,0.0073117290261594655,0,true,true,backward_euler_step_doubling,0.00002,,0.6
0.04322214099859707,R3,resistor,B,0,1000,Ω,,0,,3.2959791002731755,0.0032959791002731757,0.010863478229437572,0,true,true,backward_euler_step_doubling,0.00002,,0.6
0.04322214099859707,R4,resistor,A,C,1000,Ω,,0,,2.3946388003641417,0.002394638800364142,0.005734294984209416,0,true,true,backward_euler_step_doubling,0.00002,,0.6
0.04322214099859707,R5,resistor,C,0,2000,Ω,,0,,3.6053611996358583,0.0018026805998179291,0.006499314689919857,0,true,true,backward_euler_step_doubling,0.00002,,0.6
0.04322214099859707,C6,capacitor,B,C,100,µF,,0,V,-0.3093820993626828,-0.0005919582005462996,0.00018314127081997016,0.000004785864170303046,true,true,backward_euler_step_doubling,0.00002,1e-7,0.6
0.0435208928527079,V1,voltage,A,0,6,V,,0,,6,-0.005098407704512258,-0.030590446227073548,0,true,true,backward_euler_step_doubling,0.00002,,0.6
0.0435208928527079,R2,resistor,A,B,1000,Ω,,0,,2.704776886462926,0.002704776886462926,0.00731581800554408,0,true,true,backward_euler_step_doubling,0.00002,,0.6
0.0435208928527079,R3,resistor,B,0,1000,Ω,,0,,3.295223113537074,0.003295223113537074,0.010858495367988968,0,true,true,backward_euler_step_doubling,0.00002,,0.6
0.0435208928527079,R4,resistor,A,C,1000,Ω,,0,,2.393630818049332,0.002393630818049332,0.005729468493115515,0,true,true,backward_euler_step_doubling,0.00002,,0.6
0.0435208928527079,R5,resistor,C,0,2000,Ω,,0,,3.606369181950668,0.001803184590975334,0.006502949338261765,0,true,true,backward_euler_step_doubling,0.00002,,0.6
0.0435208928527079,C6,capacitor,B,C,100,µF,,0,V,-0.3111460684135938,-0.0005904462270740107,0.0001837150221637185,0.00000484059379446184,true,true,backward_euler_step_doubling,0.00002,1e-7,0.6
0.04382210349207445,V1,voltage,A,0,6,V,,0,,6,-0.005098154289230518,-0.030588925735383105,0,true,true,backward_euler_step_doubling,0.00002,,0.6
0.04382210349207445,R2,resistor,A,B,1000,Ω,,0,,2.705537132308527,0.002705537132308527,0.007319931174300248,0,true,true,backward_euler_step_doubling,0.00002,,0.6
0.04382210349207445,R3,resistor,B,0,1000,Ω,,0,,3.294462867691473,0.003294462867691473,0.010853485586597924,0,true,true,backward_euler_step_doubling,0.00002,,0.6
0.04382210349207445,R4,resistor,A,C,1000,Ω,,0,,2.392617156921992,0.002392617156921992,0.005724616859597476,0,true,true,backward_euler_step_doubling,0.00002,,0.6
0.04382210349207445,R5,resistor,C,0,2000,Ω,,0,,3.607382843078008,0.001803691421539004,0.006506605488266787,0,true,true,backward_euler_step_doubling,0.00002,,0.6
0.04382210349207445,C6,capacitor,B,C,100,µF,,0,V,-0.31291997538653504,-0.0005889257353829802,0.00018428662662053923,0.000004895945549795485,true,true,backward_euler_step_doubling,0.00002,1e-7,0.6
0.044123314131441,V1,voltage,A,0,6,V,,0,,6,-0.005097901526532782,-0.030587409159196693,0,true,true,backward_euler_step_doubling,0.00002,,0.6
0.044123314131441,R2,resistor,A,B,1000,Ω,,0,,2.706295420401715,0.0027062954204017152,0.007324034902487296,0,true,true,backward_euler_step_doubling,0.00002,,0.6
0.044123314131441,R3,resistor,B,0,1000,Ω,,0,,3.293704579598285,0.003293704579598285,0.010848489857666715,0,true,true,backward_euler_step_doubling,0.00002,,0.6
0.044123314131441,R4,resistor,A,C,1000,Ω,,0,,2.3916061061310665,0.0023916061061310663,0.005719779766883402,0,true,true,backward_euler_step_doubling,0.00002,,0.6
0.044123314131441,R5,resistor,C,0,2000,Ω,,0,,3.6083938938689335,0.0018041969469344667,0.006510253246655302,0,true,true,backward_euler_step_doubling,0.00002,,0.6
0.044123314131441,C6,capacitor,B,C,100,µF,,0,V,-0.3146893142706486,-0.0005874091591965425,0.0001848513855038582,0.000004951468225806553,true,true,backward_euler_step_doubling,0.00002,1e-7,0.6
0.04442699637573836,V1,voltage,A,0,6,V,,0,,6,-0.005097647351388646,-0.030585884108331875,0,true,true,backward_euler_step_doubling,0.00002,,0.6
0.04442699637573836,R2,resistor,A,B,1000,Ω,,0,,2.7070579458342285,0.0027070579458342283,0.007328162722104232,0,true,true,backward_euler_step_doubling,0.00002,,0.6
0.04442699637573836,R3,resistor,B,0,1000,Ω,,0,,3.2929420541657715,0.0032929420541657714,0.01084346737209349,0,true,true,backward_euler_step_doubling,0.00002,,0.6
0.04442699637573836,R4,resistor,A,C,1000,Ω,,0,,2.390589405554417,0.002390589405554417,0.005714917705949021,0,true,true,backward_euler_step_doubling,0.00002,,0.6
0.04442699637573836,R5,resistor,C,0,2000,Ω,,0,,3.609410594445583,0.0018047052972227915,0.006513922419648008,0,true,true,backward_euler_step_doubling,0.00002,,0.6
0.04442699637573836,C6,capacitor,B,C,100,µF,,0,V,-0.3164685402798115,-0.0005858841083315781,0.0001854138885368335,0.0000050076168493417335,true,true,backward_euler_step_doubling,0.00002,1e-7,0.6
0.04473067862003572,V1,voltage,A,0,6,V,,0,,6,-0.005097393836142309,-0.03058436301685385,0,true,true,backward_euler_step_doubling,0.00002,,0.6
0.04473067862003572,R2,resistor,A,B,1000,Ω,,0,,2.7078184915732724,0.0027078184915732724,0.007332280983306152,0,true,true,backward_euler_step_doubling,0.00002,,0.6
0.04473067862003572,R3,resistor,B,0,1000,Ω,,0,,3.2921815084267276,0.0032921815084267277,0.010838459084426884,0,true,true,backward_euler_step_doubling,0.00002,,0.6
0.04473067862003572,R4,resistor,A,C,1000,Ω,,0,,2.389575344569036,0.002389575344569036,0.005710070327372228,0,true,true,backward_euler_step_doubling,0.00002,,0.6
0.04473067862003572,R5,resistor,C,0,2000,Ω,,0,,3.610424655430964,0.001805212327715482,0.006517583096271897,0,true,true,backward_euler_step_doubling,0.00002,,0.6
0.04473067862003572,C6,capacitor,B,C,100,µF,,0,V,-0.31824314700423617,-0.0005843630168535565,0.00018596952547636532,0.000005063935030757994,true,true,backward_euler_step_doubling,0.00002,1e-7,0.6
0.04503684546039127,V1,voltage,A,0,6,V,,0,,6,-0.005097138915728859,-0.030582833494373157,0,true,true,backward_euler_step_doubling,0.00002,,0.6
0.04503684546039127,R2,resistor,A,B,1000,Ω,,0,,2.7085832528136753,0.0027085832528136755,0.007336423237422711,0,true,true,backward_euler_step_doubling,0.00002,,0.6
0.04503684546039127,R3,resistor,B,0,1000,Ω,,0,,3.2914167471863247,0.0032914167471863247,0.010833424203658607,0,true,true,backward_euler_step_doubling,0.00002,,0.6
0.04503684546039127,R4,resistor,A,C,1000,Ω,,0,,2.3885556629151843,0.0023885556629151842,0.0057051981548441955,0,true,true,backward_euler_step_doubling,0.00002,,0.6
0.04503684546039127,R5,resistor,C,0,2000,Ω,,0,,3.6114443370848157,0.001805722168542408,0.006521265099930992,0,true,true,backward_euler_step_doubling,0.00002,,0.6
0.04503684546039127,C6,capacitor,B,C,100,µF,,0,V,-0.320027589898491,-0.0005828334943727323,0.00018652279851622122,0.000005120882914811836,true,true,backward_euler_step_doubling,0.00002,1e-7,0.6
0.04534301230074682,V1,voltage,A,0,6,V,,0,,6,-0.00509688466254876,-0.03058130797529256,0,true,true,backward_euler_step_doubling,0.00002,,0.6
0.04534301230074682,R2,resistor,A,B,1000,Ω,,0,,2.709346012353969,0.002709346012353969,0.007340555814658353,0,true,true,backward_euler_step_doubling,0.00002,,0.6
0.04534301230074682,R3,resistor,B,0,1000,Ω,,0,,3.290653987646031,0.003290653987646031,0.010828403666410726,0,true,true,backward_euler_step_doubling,0.00002,,0.6
0.04534301230074682,R4,resistor,A,C,1000,Ω,,0,,2.3875386501947915,0.0023875386501947915,0.005700340806173967,0,true,true,backward_euler_step_doubling,0.00002,,0.6
0.04534301230074682,R5,resistor,C,0,2000,Ω,,0,,3.6124613498052085,0.0018062306749026043,0.0065249385019182345,0,true,true,backward_euler_step_doubling,0.00002,,0.6
0.04534301230074682,C6,capacitor,B,C,100,µF,,0,V,-0.3218073621591775,-0.000581307975292049,0.00018706918613082662,0.0000051779989169924,true,true,backward_euler_step_doubling,0.00002,1e-7,0.6
0.04565167690236481,V1,voltage,A,0,6,V,,0,,6,-0.0050966290115029515,-0.03057977406901771,0,true,true,backward_euler_step_doubling,0.00002,,0.6
0.04565167690236481,R2,resistor,A,B,1000,Ω,,0,,2.710112965491273,0.0027101129654912726,0.0073447122857239,0,true,true,backward_euler_step_doubling,0.00002,,0.6
0.04565167690236481,R3,resistor,B,0,1000,Ω,,0,,3.289887034508727,0.003289887034508727,0.010823356699828627,0,true,true,backward_euler_step_doubling,0.00002,,0.6
0.04565167690236481,R4,resistor,A,C,1000,Ω,,0,,2.3865160460116783,0.0023865160460116784,0.005695458837871216,0,true,true,backward_euler_step_doubling,0.00002,,0.6
0.04565167690236481,R5,resistor,C,0,2000,Ω,,0,,3.6134839539883217,0.0018067419769941609,0.006528633142865538,0,true,true,backward_euler_step_doubling,0.00002,,0.6
0.04565167690236481,C6,capacitor,B,C,100,µF,,0,V,-0.32359691947959446,-0.000579774069017397,0.00018761310272817945,0.000005235748314834156,true,true,backward_euler_step_doubling,0.00002,1e-7,0.6
0.0459603415039828,V1,voltage,A,0,6,V,,0,,6,-0.005096374035047506,-0.030578244210285037,0,true,true,backward_euler_step_doubling,0.00002,,0.6
0.0459603415039828,R2,resistor,A,B,1000,Ω,,0,,2.7108778948575782,0.0027108778948575782,0.007348858960827455,0,true,true,backward_euler_step_doubling,0.00002,,0.6
0.0459603415039828,R3,resistor,B,0,1000,Ω,,0,,3.2891221051424218,0.003289122105142422,0.010818324222536516,0,true,true,backward_euler_step_doubling,0.00002,,0.6
0.0459603415039828,R4,resistor,A,C,1000,Ω,,0,,2.385496140189929,0.0023854961401899286,0.005690591834861048,0,true,true,backward_euler_step_doubling,0.00002,,0.6
0.0459603415039828,R5,resistor,C,0,2000,Ω,,0,,3.614503859810071,0.0018072519299050355,0.006532319076290951,0,true,true,backward_euler_step_doubling,0.00002,,0.6
0.0459603415039828,C6,capacitor,B,C,100,µF,,0,V,-0.3253817546676494,-0.0005782442102848861,0.00018815011576890547,0.0000052936643135299185,true,true,backward_euler_step_doubling,0.00002,1e-7,0.6
0.04627151720866825,V1,voltage,A,0,6,V,,0,,6,-0.005096117668049612,-0.03057670600829767,0,true,true,backward_euler_step_doubling,0.00002,,0.6
0.04627151720866825,R2,resistor,A,B,1000,Ω,,0,,2.711646995851272,0.002711646995851272,0.007353029430109228,0,true,true,backward_euler_step_doubling,0.00002,,0.6
0.04627151720866825,R3,resistor,B,0,1000,Ω,,0,,3.288353004148728,0.0032883530041487277,0.010813265479893964,0,true,true,backward_euler_step_doubling,0.00002,,0.6
0.04627151720866825,R4,resistor,A,C,1000,Ω,,0,,2.38447067219834,0.00238447067219834,0.005685700386574004,0,true,true,backward_euler_step_doubling,0.00002,,0.6
0.04627151720866825,R5,resistor,C,0,2000,Ω,,0,,3.61552932780166,0.00180776466390083,0.006536026160096962,0,true,true,backward_euler_step_doubling,0.00002,,0.6
0.04627151720866825,C6,capacitor,B,C,100,µF,,0,V,-0.32717632365293214,-0.0005767060082974018,0.0001886845516233013,0.00000535221733795241,true,true,backward_euler_step_doubling,0.00002,1e-7,0.6
0.04658269291335369,V1,voltage,A,0,6,V,,0,,6,-0.005095861983020025,-0.03057517189812015,0,true,true,backward_euler_step_doubling,0.00002,,0.6
0.04658269291335369,R2,resistor,A,B,1000,Ω,,0,,2.7124140509400427,0.0027124140509400428,0.007357189983736973,0,true,true,backward_euler_step_doubling,0.00002,,0.6
0.04658269291335369,R3,resistor,B,0,1000,Ω,,0,,3.2875859490599573,0.0032875859490599573,0.01080822137245646,0,true,true,backward_euler_step_doubling,0.00002,,0.6
0.04658269291335369,R4,resistor,A,C,1000,Ω,,0,,2.3834479320799833,0.0023834479320799834,0.005680824044936349,0,true,true,backward_euler_step_doubling,0.00002,,0.6
0.04658269291335369,R5,resistor,C,0,2000,Ω,,0,,3.6165520679200167,0.0018082760339600084,0.006539724429988274,0,true,true,backward_euler_step_doubling,0.00002,,0.6
0.04658269291335369,C6,capacitor,B,C,100,µF,,0,V,-0.32896611886005944,-0.0005751718981199161,0.0001892120670018823,0.000005410935367892537,true,true,backward_euler_step_doubling,0.00002,1e-7,0.6
0.04689639324225049,V1,voltage,A,0,6,V,,0,,6,-0.0050956049147925075,-0.030573629488755045,0,true,true,backward_euler_step_doubling,0.00002,,0.6
0.04689639324225049,R2,resistor,A,B,1000,Ω,,0,,2.713185255622719,0.002713185255622719,0.00736137423132852,0,true,true,backward_euler_step_doubling,0.00002,,0.6
0.04689639324225049,R3,resistor,B,0,1000,Ω,,0,,3.286814744377281,0.0032868147443772806,0.01080315116385589,0,true,true,backward_euler_step_doubling,0.00002,,0.6
0.04689639324225049,R4,resistor,A,C,1000,Ω,,0,,2.3824196591697877,0.0023824196591697875,0.005675923432398687,0,true,true,backward_euler_step_doubling,0.00002,,0.6
0.04689639324225049,R5,resistor,C,0,2000,Ω,,0,,3.6175803408302123,0.001808790170415106,0.006543443761180617,0,true,true,backward_euler_step_doubling,0.00002,,0.6
0.04689639324225049,C6,capacitor,B,C,100,µF,,0,V,-0.33076559645293147,-0.0005736294887545374,0.0001897368999908847,0.000005470293989843175,true,true,backward_euler_step_doubling,0.00002,1e-7,0.6
0.0472100935711473,V1,voltage,A,0,6,V,,0,,6,-0.005095348535931807,-0.030572091215590843,0,true,true,backward_euler_step_doubling,0.00002,,0.6
0.0472100935711473,R2,resistor,A,B,1000,Ω,,0,,2.713954392204818,0.0027139543922048183,0.007365548442967824,0,true,true,backward_euler_step_doubling,0.00002,,0.6
0.0472100935711473,R3,resistor,B,0,1000,Ω,,0,,3.286045607795182,0.003286045607795182,0.010798095736510006,0,true,true,backward_euler_step_doubling,0.00002,,0.6
0.0472100935711473,R4,resistor,A,C,1000,Ω,,0,,2.3813941437269897,0.0023813941437269897,0.005671038067777202,0,true,true,backward_euler_step_doubling,0.00002,,0.6
0.0472100935711473,R5,resistor,C,0,2000,Ω,,0,,3.6186058562730103,0.0018093029281365052,0.006547154171526663,0,true,true,backward_euler_step_doubling,0.00002,,0.6
0.0472100935711473,C6,capacitor,B,C,100,µF,,0,V,-0.3325602484778285,-0.0005720912155904777,0.00019025479680875222,0.000005529815943381752,true,true,backward_euler_step_doubling,0.00002,1e-7,0.6
0.04752633222744793,V1,voltage,A,0,6,V,,0,,6,-0.00509509078123841,-0.030570544687430458,0,true,true,backward_euler_step_doubling,0.00002,,0.6
0.04752633222744793,R2,resistor,A,B,1000,Ω,,0,,2.7147276562846825,0.0027147276562846825,0.007369746247796925,0,true,true,backward_euler_step_doubling,0.00002,,0.6
0.04752633222744793,R3,resistor,B,0,1000,Ω,,0,,3.2852723437153175,0.0032852723437153176,0.010793014372380736,0,true,true,backward_euler_step_doubling,0.00002,,0.6
0.04752633222744793,R4,resistor,A,C,1000,Ω,,0,,2.3803631249537287,0.0023803631249537287,0.00566612860663948,0,true,true,backward_euler_step_doubling,0.00002,,0.6
0.04752633222744793,R5,resistor,C,0,2000,Ω,,0,,3.6196368750462713,0.0018098184375231357,0.006550885553597369,0,true,true,backward_euler_step_doubling,0.00002,,0.6
0.04752633222744793,C6,capacitor,B,C,100,µF,,0,V,-0.3343645313309538,-0.000570544687430627,0.00019076990701610713,0.000005589981990608418,true,true,backward_euler_step_doubling,0.00002,1e-7,0.6
0.04784257088374857,V1,voltage,A,0,6,V,,0,,6,-0.005094833723330648,-0.030569002339983886,0,true,true,backward_euler_step_doubling,0.00002,,0.6
0.04784257088374857,R2,resistor,A,B,1000,Ω,,0,,2.715498830007944,0.002715498830007944,0.007373933895774513,0,true,true,backward_euler_step_doubling,0.00002,,0.6
0.04784257088374857,R3,resistor,B,0,1000,Ω,,0,,3.284501169992056,0.003284501169992056,0.010787947935679184,0,true,true,backward_euler_step_doubling,0.00002,,0.6
0.04784257088374857,R4,resistor,A,C,1000,Ω,,0,,2.379334893322705,0.002379334893322705,0.005661234534582969,0,true,true,backward_euler_step_doubling,0.00002,,0.6
0.04784257088374857,R5,resistor,C,0,2000,Ω,,0,,3.620665106677295,0.0018103325533386475,0.006554607907355254,0,true,true,backward_euler_step_doubling,0.00002,,0.6
0.04784257088374857,C6,capacitor,B,C,100,µF,,0,V,-0.3361639366852387,-0.0005690023399841038,0.00019127806659216892,0.0000056503096163858575,true,true,backward_euler_step_doubling,0.00002,1e-7,0.6
0.04816136175545524,V1,voltage,A,0,6,V,,0,,6,-0.005094575296976191,-0.030567451781857144,0,true,true,backward_euler_step_doubling,0.00002,,0.6
0.04816136175545524,R2,resistor,A,B,1000,Ω,,0,,2.716274109071662,0.0027162741090716617,0.00737814503561305,0,true,true,backward_euler_step_doubling,0.00002,,0.6
0.04816136175545524,R3,resistor,B,0,1000,Ω,,0,,3.283725890928338,0.0032837258909283384,0.01078285572675311,0,true,true,backward_euler_step_doubling,0.00002,,0.6
0.04816136175545524,R4,resistor,A,C,1000,Ω,,0,,2.378301187904527,0.002378301187904527,0.005656316540388085,0,true,true,backward_euler_step_doubling,0.00002,,0.6
0.04816136175545524,R5,resistor,C,0,2000,Ω,,0,,3.621698812095473,0.0018108494060477365,0.0065583511427668795,0,true,true,backward_euler_step_doubling,0.00002,,0.6
0.04816136175545524,C6,capacitor,B,C,100,µF,,0,V,-0.33797292116713473,-0.0005674517818567059,0.00019178333633560659,0.000005711284772112313,true,true,backward_euler_step_doubling,0.00002,1e-7,0.6
0.04848015262716191,V1,voltage,A,0,6,V,,0,,6,-0.005094317574845602,-0.03056590544907361,0,true,true,backward_euler_step_doubling,0.00002,,0.6
0.04848015262716191,R2,resistor,A,B,1000,Ω,,0,,2.7170472754634356,0.0027170472754634357,0.007382345897103279,0,true,true,backward_euler_step_doubling,0.00002,,0.6
0.04848015262716191,R3,resistor,B,0,1000,Ω,,0,,3.2829527245365644,0.0032829527245365644,0.010777778591542051,0,true,true,backward_euler_step_doubling,0.00002,,0.6
0.04848015262716191,R4,resistor,A,C,1000,Ω,,0,,2.377270299382165,0.0023772702993821652,0.0056514140763245695,0,true,true,backward_euler_step_doubling,0.00002,,0.6
0.04848015262716191,R5,resistor,C,0,2000,Ω,,0,,3.622729700617835,0.0018113648503089174,0.006562085241869294,0,true,true,backward_euler_step_doubling,0.00002,,0.6
0.04848015262716191,C6,capacitor,B,C,100,µF,,0,V,-0.33977697608127055,-0.0005659054490731403,0.00019228164223398508,0.000005772419673746614,true,true,backward_euler_step_doubling,0.00002,1e-7,0.6
0.04880150978997842,V1,voltage,A,0,6,V,,0,,6,-0.005094058491673897,-0.03056435095004338,0,true,true,backward_euler_step_doubling,0.00002,,0.6
0.04880150978997842,R2,resistor,A,B,1000,Ω,,0,,2.7178245249782775,0.0027178245249782776,0.0073865701485734,0,true,true,backward_euler_step_doubling,0.00002,,0.6
0.04880150978997842,R3,resistor,B,0,1000,Ω,,0,,3.2821754750217225,0.0032821754750217225,0.01077267584883407,0,true,true,backward_euler_step_doubling,0.00002,,0.6
0.04880150978997842,R4,resistor,A,C,1000,Ω,,0,,2.376233966695619,0.002376233966695619,0.0056464878644779965,0,true,true,backward_euler_step_doubling,0.00002,,0.6
0.04880150978997842,R5,resistor,C,0,2000,Ω,,0,,3.623766033304381,0.0018118830166521905,0.006565840132065284,0,true,true,backward_euler_step_doubling,0.00002,,0.6
0.04880150978997842,C6,capacitor,B,C,100,µF,,0,V,-0.3415905582826584,-0.0005643509500434988,0.0001927769560927074,0.000005834205475392911,true,true,backward_euler_step_doubling,0.00002,1e-7,0.6
0.04912286695279494,V1,voltage,A,0,6,V,,0,,6,-0.005093800120183952,-0.030562800721103713,0,true,true,backward_euler_step_doubling,0.00002,,0.6
0.04912286695279494,R2,resistor,A,B,1000,Ω,,0,,2.7185996394481307,0.0027185996394481307,0.007390783999607506,0,true,true,backward_euler_step_doubling,0.00002,,0.6
0.04912286695279494,R3,resistor,B,0,1000,Ω,,0,,3.2814003605518693,0.0032814003605518695,0.010767588326229939,0,true,true,backward_euler_step_doubling,0.00002,,0.6
0.04912286695279494,R4,resistor,A,C,1000,Ω,,0,,2.3752004807358222,0.0023752004807358223,0.005641577323687681,0,true,true,backward_euler_step_doubling,0.00002,,0.6
0.04912286695279494,R5,resistor,C,0,2000,Ω,,0,,3.6247995192641778,0.001812399759632089,0.006569585777428907,0,true,true,backward_euler_step_doubling,0.00002,,0.6
0.04912286695279494,C6,capacitor,B,C,100,µF,,0,V,-0.3433991587123084,-0.0005628007211037927,0.00019326529414972294,0.0000058961491102160584,true,true,backward_euler_step_doubling,0.00002,1e-7,0.6
0.049446804672938154,V1,voltage,A,0,6,V,,0,,6,-0.005093540395078375,-0.03056124237047025,0,true,true,backward_euler_step_doubling,0.00002,,0.6
0.049446804672938154,R2,resistor,A,B,1000,Ω,,0,,2.7193788147650304,0.0027193788147650303,0.0073950211381928616,0,true,true,backward_euler_step_doubling,0.00002,,0.6
0.049446804672938154,R3,resistor,B,0,1000,Ω,,0,,3.2806211852349696,0.0032806211852349698,0.010762475361012496,0,true,true,backward_euler_step_doubling,0.00002,,0.6
0.049446804672938154,R4,resistor,A,C,1000,Ω,,0,,2.374161580313344,0.002374161580313344,0.005636643209435955,0,true,true,backward_euler_step_doubling,0.00002,,0.6
0.049446804672938154,R5,resistor,C,0,2000,Ω,,0,,3.625838419686656,0.001812919209843328,0.006573352122837913,0,true,true,backward_euler_step_doubling,0.00002,,0.6
0.049446804672938154,C6,capacitor,B,C,100,µF,,0,V,-0.3452172344516864,-0.0005612423704699172,0.00019375053899073363,0.00000595874694812353,true,true,backward_euler_step_doubling,0.00002,1e-7,0.6
0.049770742393081366,V1,voltage,A,0,6,V,,0,,6,-0.005093281389131006,-0.030559688334786034,0,true,true,backward_euler_step_doubling,0.00002,,0.6
0.049770742393081366,R2,resistor,A,B,1000,Ω,,0,,2.7201558326071527,0.0027201558326071526,0.007399247753666712,0,true,true,backward_euler_step_doubling,0.00002,,0.6
0.049770742393081366,R3,resistor,B,0,1000,Ω,,0,,3.2798441673928473,0.0032798441673928475,0.010757377762380881,0,true,true,backward_euler_step_doubling,0.00002,,0.6
0.049770742393081366,R4,resistor,A,C,1000,Ω,,0,,2.3731255565238536,0.0023731255565238537,0.00563172490702665,0,true,true,backward_euler_step_doubling,0.00002,,0.6
0.049770742393081366,R5,resistor,C,0,2000,Ω,,0,,3.6268744434761464,0.0018134372217380732,0.006577109114370204,0,true,true,backward_euler_step_doubling,0.00002,,0.6
0.049770742393081366,C6,capacitor,B,C,100,µF,,0,V,-0.34703027608329906,-0.0005596883347858091,0.00019422879734132126,0.000006021500625922538,true,true,backward_euler_step_doubling,0.00002,1e-7,0.6
0.050097275130337626,V1,voltage,A,0,6,V,,0,,6,-0.0050930210370124076,-0.030558126222074447,0,true,true,backward_euler_step_doubling,0.00002,,0.6
0.050097275130337626,R2,resistor,A,B,1000,Ω,,0,,2.7209368889629957,0.002720936888962996,0.007403497553719626,0,true,true,backward_euler_step_doubling,0.00002,,0.6
0.050097275130337626,R3,resistor,B,0,1000,Ω,,0,,3.2790631110370043,0.0032790631110370043,0.010752254886163676,0,true,true,backward_euler_step_doubling,0.00002,,0.6
0.050097275130337626,R4,resistor,A,C,1000,Ω,,0,,2.3720841480494133,0.0023720841480494134,0.005626783205427311,0,true,true,backward_euler_step_doubling,0.00002,,0.6
0.050097275130337626,R5,resistor,C,0,2000,Ω,,0,,3.6279158519505867,0.0018139579259752933,0.006580886714417176,0,true,true,backward_euler_step_doubling,0.00002,,0.6
0.050097275130337626,C6,capacitor,B,C,100,µF,,0,V,-0.3488527409135824,-0.0005581262220740522,0.0001947038623462759,0.000006084911742145953,true,true,backward_euler_step_doubling,0.00002,1e-7,0.6
0.05042380786759389,V1,voltage,A,0,6,V,,0,,6,-0.0050927614115470555,-0.030556568469282334,0,true,true,backward_euler_step_doubling,0.00002,,0.6
0.05042380786759389,R2,resistor,A,B,1000,Ω,,0,,2.7217157653590447,0.002721715765359045,0.00740773670740397,0,true,true,backward_euler_step_doubling,0.00002,,0.6
0.05042380786759389,R3,resistor,B,0,1000,Ω,,0,,3.2782842346409553,0.0032782842346409553,0.010747147523095434,0,true,true,backward_euler_step_doubling,0.00002,,0.6
0.05042380786759389,R4,resistor,A,C,1000,Ω,,0,,2.3710456461880107,0.0023710456461880107,0.0056218574563071215,0,true,true,backward_euler_step_doubling,0.00002,,0.6
0.05042380786759389,R5,resistor,C,0,2000,Ω,,0,,3.6289543538119893,0.0018144771769059947,0.006584654851025496,0,true,true,backward_euler_step_doubling,0.00002,,0.6
0.05042380786759389,C6,capacitor,B,C,100,µF,,0,V,-0.35067011917103397,-0.0005565684692819231,0.00019517193144993195,0.000006148476623971358,true,true,backward_euler_step_doubling,0.00002,1e-7,0.6
0.05075295027825128,V1,voltage,A,0,6,V,,0,,6,-0.00509250044737353,-0.030555002684241182,0,true,true,backward_euler_step_doubling,0.00002,,0.6
0.05075295027825128,R2,resistor,A,B,1000,Ω,,0,,2.7224986578793446,0.0027224986578793446,0.007411998942154833,0,true,true,backward_euler_step_doubling,0.00002,,0.6
0.05075295027825128,R3,resistor,B,0,1000,Ω,,0,,3.2775013421206554,0.0032775013421206555,0.010742015047602698,0,true,true,backward_euler_step_doubling,0.00002,,0.6
0.05075295027825128,R4,resistor,A,C,1000,Ω,,0,,2.370001789494186,0.002370001789494186,0.005616908482205643,0,true,true,backward_euler_step_doubling,0.00002,,0.6
0.05075295027825128,R5,resistor,C,0,2000,Ω,,0,,3.629998210505814,0.0018149991052529072,0.006588443504137707,0,true,true,backward_euler_step_doubling,0.00002,,0.6
0.05075295027825128,C6,capacitor,B,C,100,µF,,0,V,-0.3524968683851588,-0.0005550026842412375,0.00019563670814039336,0.000006212702111067198,true,true,backward_euler_step_doubling,0.00002,1e-7,0.6
0.05108209268890867,V1,voltage,A,0,6,V,,0,,6,-0.005092240217366352,-0.030553441304198112,0,true,true,backward_euler_step_doubling,0.00002,,0.6
0.05108209268890867,R2,resistor,A,B,1000,Ω,,0,,2.7232793479008612,0.0027232793479008612,0.00741625040670334,0,true,true,backward_euler_step_doubling,0.00002,,0.6
0.05108209268890867,R3,resistor,B,0,1000,Ω,,0,,3.2767206520991388,0.003276720652099139,0.010736898231893006,0,true,true,backward_euler_step_doubling,0.00002,,0.6
0.05108209268890867,R4,resistor,A,C,1000,Ω,,0,,2.3689608694654907,0.0023689608694654907,0.005611975601058694,0,true,true,backward_euler_step_doubling,0.00002,,0.6
0.05108209268890867,R5,resistor,C,0,2000,Ω,,0,,3.6310391305345093,0.0018155195652672547,0.006592222583736403,0,true,true,backward_euler_step_doubling,0.00002,,0.6
0.05108209268890867,C6,capacitor,B,C,100,µF,,0,V,-0.35431847843537057,-0.0005534413041982257,0.00019609448080680242,0.000006277079208037808,true,true,backward_euler_step_doubling,0.00002,1e-7,0.6
0.051413859628903595,V1,voltage,A,0,6,V,,0,,6,-0.005091978656132445,-0.03055187193679467,0,true,true,backward_euler_step_doubling,0.00002,,0.6
0.051413859628903595,R2,resistor,A,B,1000,Ω,,0,,2.724064031602604,0.0027240640316026038,0.007420524848271032,0,true,true,backward_euler_step_doubling,0.00002,,0.6
0.051413859628903595,R3,resistor,B,0,1000,Ω,,0,,3.275935968397396,0.003275935968397396,0.010731756469039785,0,true,true,backward_euler_step_doubling,0.00002,,0.6
0.051413859628903595,R4,resistor,A,C,1000,Ω,,0,,2.367914624529839,0.002367914624529839,0.005607019669062288,0,true,true,backward_euler_step_doubling,0.00002,,0.6
0.051413859628903595,R5,resistor,C,0,2000,Ω,,0,,3.632085375470161,0.0018160426877350806,0.006596022087352111,0,true,true,backward_euler_step_doubling,0.00002,,0.6
0.051413859628903595,C6,capacitor,B,C,100,µF,,0,V,-0.3561494070727651,-0.0005518719367947102,0.00019654886306953452,0.000006342120007914107,true,true,backward_euler_step_doubling,0.00002,1e-7,0.6
0.05174562656889852,V1,voltage,A,0,6,V,,0,,6,-0.005091717836595388,-0.03055030701957233,0,true,true,backward_euler_step_doubling,0.00002,,0.6
0.05174562656889852,R2,resistor,A,B,1000,Ω,,0,,2.7248464902137832,0.002724846490213783,0.007424788395230373,0,true,true,backward_euler_step_doubling,0.00002,,0.6
0.05174562656889852,R3,resistor,B,0,1000,Ω,,0,,3.2751535097862168,0.003275153509786217,0.010726630512664976,0,true,true,backward_euler_step_doubling,0.00002,,0.6
0.05174562656889852,R4,resistor,A,C,1000,Ω,,0,,2.3668713463816053,0.0023668713463816052,0.005602079970322273,0,true,true,backward_euler_step_doubling,0.00002,,0.6
0.05174562656889852,R5,resistor,C,0,2000,Ω,,0,,3.6331286536183947,0.0018165643268091972,0.006599811906871504,0,true,true,backward_euler_step_doubling,0.00002,,0.6
0.05174562656889852,C6,capacitor,B,C,100,µF,,0,V,-0.3579751438321779,-0.0005503070195724463,0.00019699623448330358,0.0000064073101800834214,true,true,backward_euler_step_doubling,0.00002,1e-7,0.6
0.05208003309688115,V1,voltage,A,0,6,V,,0,,6,-0.005091455693330835,-0.030548734159985012,0,true,true,backward_euler_step_doubling,0.00002,,0.6
0.05208003309688115,R2,resistor,A,B,1000,Ω,,0,,2.725632920007637,0.002725632920007637,0.007429074814629357,0,true,true,backward_euler_step_doubling,0.00002,,0.6
0.05208003309688115,R3,resistor,B,0,1000,Ω,,0,,3.274367079992363,0.0032743670799923632,0.010721479774537716,0,true,true,backward_euler_step_doubling,0.00002,,0.6
0.05208003309688115,R4,resistor,A,C,1000,Ω,,0,,2.365822773323199,0.002365822773323199,0.0055971173947746726,0,true,true,backward_euler_step_doubling,0.00002,,0.6
0.05208003309688115,R5,resistor,C,0,2000,Ω,,0,,3.634177226676801,0.0018170886133384006,0.0066036220574481426,0,true,true,backward_euler_step_doubling,0.00002,,0.6
0.05208003309688115,C6,capacitor,B,C,100,µF,,0,V,-0.3598101466844379,-0.0005487341599848605,0.00019744011859491447,0.000006473167082853835,true,true,backward_euler_step_doubling,0.00002,1e-7,0.6
0.05241443962486378,V1,voltage,A,0,6,V,,0,,6,-0.005091194299310792,-0.03054716579586475,0,true,true,backward_euler_step_doubling,0.00002,,0.6
0.05241443962486378,R2,resistor,A,B,1000,Ω,,0,,2.7264171020677446,0.0027264171020677445,0.007433350214447478,0,true,true,backward_euler_step_doubling,0.00002,,0.6
0.05241443962486378,R3,resistor,B,0,1000,Ω,,0,,3.2735828979322554,0.0032735828979322556,0.010716344989634544,0,true,true,backward_euler_step_doubling,0.00002,,0.6
0.05241443962486378,R4,resistor,A,C,1000,Ω,,0,,2.3647771972430474,0.002364777197243047,0.005592171192600682,0,true,true,backward_euler_step_doubling,0.00002,,0.6
0.05241443962486378,R5,resistor,C,0,2000,Ω,,0,,3.6352228027569526,0.0018176114013784763,0.0066074224128420565,0,true,true,backward_euler_step_doubling,0.00002,,0.6
0.05241443962486378,C6,capacitor,B,C,100,µF,,0,V,-0.3616399048246972,-0.0005471657958645977,0.00019787698633980282,0.000006539171038080802,true,true,backward_euler_step_doubling,0.00002,1e-7,0.6
0.05275150100546191,V1,voltage,A,0,6,V,,0,,6,-0.005090931589079782,-0.030545589534478695,0,true,true,backward_euler_step_doubling,0.00002,,0.6
0.05275150100546191,R2,resistor,A,B,1000,Ω,,0,,2.727205232760895,0.002727205232760895,0.007437648381598408,0,true,true,backward_euler_step_doubling,0.00002,,0.6
0.05275150100546191,R3,resistor,B,0,1000,Ω,,0,,3.272794767239105,0.003272794767239105,0.010711185588467667,0,true,true,backward_euler_step_doubling,0.00002,,0.6
0.05275150100546191,R4,resistor,A,C,1000,Ω,,0,,2.3637263563188866,0.0023637263563188867,0.0055872022875565605,0,true,true,backward_euler_step_doubling,0.00002,,0.6
0.05275150100546191,R5,resistor,C,0,2000,Ω,,0,,3.6362736436811134,0.0018181368218405567,0.006611243005864961,0,true,true,backward_euler_step_doubling,0.00002,,0.6
0.05275150100546191,C6,capacitor,B,C,100,µF,,0,V,-0.3634788764420085,-0.0005455895344782486,0.00019831027099067227,0.000006605844680977244,true,true,backward_euler_step_doubling,0.00002,1e-7,0.6
0.05308856238606003,V1,voltage,A,0,6,V,,0,,6,-0.005090669635657726,-0.030544017813946354,0,true,true,backward_euler_step_doubling,0.00002,,0.6
0.05308856238606003,R2,resistor,A,B,1000,Ω,,0,,2.72799109302706,0.00272799109302706,0.007441935403634974,0,true,true,backward_euler_step_doubling,0.00002,,0.6
0.05308856238606003,R3,resistor,B,0,1000,Ω,,0,,3.27200890697294,0.0032720089069729398,0.010706042287310253,0,true,true,backward_euler_step_doubling,0.00002,,0.6
0.05308856238606003,R4,resistor,A,C,1000,Ω,,0,,2.362678542630666,0.002362678542630666,0.0055822498958073685,0,true,true,backward_euler_step_doubling,0.00002,,0.6
0.05308856238606003,R5,resistor,C,0,2000,Ω,,0,,3.637321457369334,0.001818660728684667,0.006615053692119688,0,true,true,backward_euler_step_doubling,0.00002,,0.6
0.05308856238606003,C6,capacitor,B,C,100,µF,,0,V,-0.3653125503963941,-0.000544017813945842,0.00019873653507362655,0.000006672662973855898,true,true,backward_euler_step_doubling,0.00002,1e-7,0.6
0.053428294093233464,V1,voltage,A,0,6,V,,0,,6,-0.00509040637355802,-0.03054243824134812,0,true,true,backward_euler_step_doubling,0.00002,,0.6
0.053428294093233464,R2,resistor,A,B,1000,Ω,,0,,2.7287808793260533,0.0027287808793260535,0.0074462450873754695,0,true,true,backward_euler_step_doubling,0.00002,,0.6
0.053428294093233464,R3,resistor,B,0,1000,Ω,,0,,3.2712191206739467,0.0032712191206739467,0.01070087453546283,0,true,true,backward_euler_step_doubling,0.00002,,0.6
0.053428294093233464,R4,resistor,A,C,1000,Ω,,0,,2.361625494231966,0.002361625494231966,0.005577274975006378,0,true,true,backward_euler_step_doubling,0.00002,,0.6
0.053428294093233464,R5,resistor,C,0,2000,Ω,,0,,3.638374505768034,0.001819187252884017,0.0066188845221113925,0,true,true,backward_euler_step_doubling,0.00002,,0.6
0.053428294093233464,C6,capacitor,B,C,100,µF,,0,V,-0.3671553850940872,-0.0005424382413479926,0.00019915912139188162,0.000006740153840179372,true,true,backward_euler_step_doubling,0.00002,1e-7,0.6
0.0537680258004069,V1,voltage,A,0,6,V,,0,,6,-0.005090143875848024,-0.030540863255088146,0,true,true,backward_euler_step_doubling,0.00002,,0.6
0.0537680258004069,R2,resistor,A,B,1000,Ω,,0,,2.7295683724560478,0.0027295683724560477,0.007450543499912358,0,true,true,backward_euler_step_doubling,0.00002,,0.6
0.0537680258004069,R3,resistor,B,0,1000,Ω,,0,,3.2704316275439522,0.0032704316275439524,0.010695723030439785,0,true,true,backward_euler_step_doubling,0.00002,,0.6
0.0537680258004069,R4,resistor,A,C,1000,Ω,,0,,2.3605755033919764,0.0023605755033919763,0.005572316707214283,0,true,true,backward_euler_step_doubling,0.00002,,0.6
0.0537680258004069,R5,resistor,C,0,2000,Ω,,0,,3.6394244966080236,0.0018197122483040117,0.006622705333255282,0,true,true,backward_euler_step_doubling,0.00002,,0.6
0.0537680258004069,C6,capacitor,B,C,100,µF,,0,V,-0.36899286906407136,-0.000540863255087974,0.00019957468426624422,0.0000068077868710067455,true,true,backward_euler_step_doubling,0.00002,1e-7,0.6
0.05411044352057088,V1,voltage,A,0,6,V,,0,,6,-0.00508988007701041,-0.03053928046206246,0,true,true,backward_euler_step_doubling,0.00002,,0.6
0.05411044352057088,R2,resistor,A,B,1000,Ω,,0,,2.7303597689689814,0.0027303597689689813,0.007454864468004349,0,true,true,backward_euler_step_doubling,0.00002,,0.6
0.05411044352057088,R3,resistor,B,0,1000,Ω,,0,,3.2696402310310186,0.003269640231031019,0.010690547240376574,0,true,true,backward_euler_step_doubling,0.00002,,0.6
0.05411044352057088,R4,resistor,A,C,1000,Ω,,0,,2.3595203080414273,0.0023595203080414274,0.005567336084059912,0,true,true,backward_euler_step_doubling,0.00002,,0.6
0.05411044352057088,R5,resistor,C,0,2000,Ω,,0,,3.6404796919585727,0.0018202398459792864,0.0066265461937813925,0,true,true,backward_euler_step_doubling,0.00002,,0.6
0.05411044352057088,C6,capacitor,B,C,100,µF,,0,V,-0.37083946092755404,-0.0005392804620620567,0.00019998647583985537,0.000006876095289051943,true,true,backward_euler_step_doubling,0.00002,1e-7,0.6
0.05445286124073486,V1,voltage,A,0,6,V,,0,,6,-0.0050896170501589615,-0.03053770230095377,0,true,true,backward_euler_step_doubling,0.00002,,0.6
0.05445286124073486,R2,resistor,A,B,1000,Ω,,0,,2.7311488495233545,0.0027311488495233545,0.007459174038252743,0,true,true,backward_euler_step_doubling,0.00002,,0.6
0.05445286124073486,R3,resistor,B,0,1000,Ω,,0,,3.2688511504766455,0.0032688511504766456,0.01068538784397249,0,true,true,backward_euler_step_doubling,0.00002,,0.6
0.05445286124073486,R4,resistor,A,C,1000,Ω,,0,,2.3584682006356066,0.0023584682006356065,0.0055623722534093555,0,true,true,backward_euler_step_doubling,0.00002,,0.6
0.05445286124073486,R5,resistor,C,0,2000,Ω,,0,,3.6415317993643934,0.0018207658996821968,0.006630376922891039,0,true,true,backward_euler_step_doubling,0.00002,,0.6
0.05445286124073486,C6,capacitor,B,C,100,µF,,0,V,-0.3726806488877479,-0.0005377023009533793,0.0002003912424277405,0.0000069445433027696395,true,true,backward_euler_step_doubling,0.00002,1e-7,0.6
0.05479798087645775,V1,voltage,A,0,6,V,,0,,6,-0.005089352729745646,-0.030536116378473876,0,true,true,backward_euler_step_doubling,0.00002,,0.6
0.05479798087645775,R2,resistor,A,B,1000,Ω,,0,,2.731941810762917,0.002731941810762917,0.0074635060573945665,0,true,true,backward_euler_step_doubling,0.00002,,0.6
0.05479798087645775,R3,resistor,B,0,1000,Ω,,0,,3.268058189237083,0.003268058189237083,0.010680204328239561,0,true,true,backward_euler_step_doubling,0.00002,,0.6
0.05479798087645775,R4,resistor,A,C,1000,Ω,,0,,2.357410918982729,0.0023574109189827288,0.005557386240938994,0,true,true,backward_euler_step_doubling,0.00002,,0.6
0.05479798087645775,R5,resistor,C,0,2000,Ω,,0,,3.642589081017271,0.0018212945405086357,0.0066342276065731245,0,true,true,backward_euler_step_doubling,0.00002,,0.6
0.05479798087645775,C6,capacitor,B,C,100,µF,,0,V,-0.3745308917801884,-0.0005361163784740875,0.00020079214532786496,0.000007013669444883158,true,true,backward_euler_step_doubling,0.00002,1e-7,0.6
0.05514310051218064,V1,voltage,A,0,6,V,,0,,6,-0.005089089188930528,-0.030534535133583167,0,true,true,backward_euler_step_doubling,0.00002,,0.6
0.05514310051218064,R2,resistor,A,B,1000,Ω,,0,,2.7327324332082754,0.0027327324332082755,0.007467826551508422,0,true,true,backward_euler_step_doubling,0.00002,,0.6
0.05514310051218064,R3,resistor,B,0,1000,Ω,,0,,3.2672675667917246,0.0032672675667917246,0.010675037353009117,0,true,true,backward_euler_step_doubling,0.00002,,0.6
0.05514310051218064,R4,resistor,A,C,1000,Ω,,0,,2.356356755722253,0.002356356755722253,0.0055524171602379015,0,true,true,backward_euler_step_doubling,0.00002,,0.6
0.05514310051218064,R5,resistor,C,0,2000,Ω,,0,,3.643643244277747,0.0018218216221388733,0.006638068045785432,0,true,true,backward_euler_step_doubling,0.00002,,0.6
0.05514310051218064,C6,capacitor,B,C,100,µF,,0,V,-0.3763756774860223,-0.0005345351335834063,0.00020118602304253599,0.000007082932530153113,true,true,backward_euler_step_doubling,0.00002,1e-7,0.6
0.055490938185452365,V1,voltage,A,0,6,V,,0,,6,-0.005088824362135221,-0.030532946172811326,0,true,true,backward_euler_step_doubling,0.00002,,0.6
0.055490938185452365,R2,resistor,A,B,1000,Ω,,0,,2.7335269135942704,0.0027335269135942706,0.007472169387344218,0,true,true,backward_euler_step_doubling,0.00002,,0.6
0.055490938185452365,R3,resistor,B,0,1000,Ω,,0,,3.2664730864057296,0.0032664730864057296,0.010669846424212972,0,true,true,backward_euler_step_doubling,0.00002,,0.6
0.055490938185452365,R4,resistor,A,C,1000,Ω,,0,,2.3552974485409504,0.00235529744854095,0.0055474260711035105,0,true,true,backward_euler_step_doubling,0.00002,,0.6
0.055490938185452365,R5,resistor,C,0,2000,Ω,,0,,3.6447025514590496,0.0018223512757295248,0.006641928344306053,0,true,true,backward_euler_step_doubling,0.00002,,0.6
0.055490938185452365,C6,capacitor,B,C,100,µF,,0,V,-0.37822946505332,-0.0005329461728113464,0.00020157594584464976,0.00000715287641172603,true,true,backward_euler_step_doubling,0.00002,1e-7,0.6
0.05583877585872409,V1,voltage,A,0,6,V,,0,,6,-0.0050885603225648305,-0.03053136193538898,0,true,true,backward_euler_step_doubling,0.00002,,0.6
0.05583877585872409,R2,resistor,A,B,1000,Ω,,0,,2.73431903230543,0.00273431903230543,0.007476500570427703,0,true,true,backward_euler_step_doubling,0.00002,,0.6
0.05583877585872409,R3,resistor,B,0,1000,Ω,,0,,3.26568096769457,0.00326568096769457,0.010664672182762543,0,true,true,backward_euler_step_doubling,0.00002,,0.6
0.05583877585872409,R4,resistor,A,C,1000,Ω,,0,,2.354241290259401,0.002354241290259401,0.005542452052762249,0,true,true,backward_euler_step_doubling,0.00002,,0.6
0.05583877585872409,R5,resistor,C,0,2000,Ω,,0,,3.645758709740599,0.0018228793548702995,0.006645778284824718,0,true,true,backward_euler_step_doubling,0.00002,,0.6
0.05583877585872409,C6,capacitor,B,C,100,µF,,0,V,-0.38007774204602907,-0.0005313619353891003,0.00020195884461189723,0.00000722295449994039,true,true,backward_euler_step_doubling,0.00002,1e-7,0.6
0.05618934791464057,V1,voltage,A,0,6,V,,0,,6,-0.0050882950046108955,-0.030529770027665375,0,true,true,backward_euler_step_doubling,0.00002,,0.6
0.05618934791464057,R2,resistor,A,B,1000,Ω,,0,,2.735114986167269,0.002735114986167269,0.007480853987556779,0,true,true,backward_euler_step_doubling,0.00002,,0.6
0.05618934791464057,R3,resistor,B,0,1000,Ω,,0,,3.264885013832731,0.003264885013832731,0.010659474153549552,0,true,true,backward_euler_step_doubling,0.00002,,0.6
0.05618934791464057,R4,resistor,A,C,1000,Ω,,0,,2.353180018443624,0.002353180018443624,0.005537456199202335,0,true,true,backward_euler_step_doubling,0.00002,,0.6
0.05618934791464057,R5,resistor,C,0,2000,Ω,,0,,3.646819981556376,0.001823409990778188,0.006649647988939423,0,true,true,backward_euler_step_doubling,0.00002,,0.6
0.05618934791464057,C6,capacitor,B,C,100,µF,,0,V,-0.381934967723645,-0.0005297700276654099,0.00020233769841734286,0.000007293715978503086,true,true,backward_euler_step_doubling,0.00002,1e-7,0.6
0.05653991997055705,V1,voltage,A,0,6,V,,0,,6,-0.005088030481523263,-0.030528182889139582,0,true,true,backward_euler_step_doubling,0.00002,,0.6
0.05653991997055705,R2,resistor,A,B,1000,Ω,,0,,2.7359085554301816,0.0027359085554301815,0.007485195623676063,0,true,true,backward_euler_step_doubling,0.00002,,0.6
0.05653991997055705,R3,resistor,B,0,1000,Ω,,0,,3.2640914445698184,0.0032640914445698182,0.010654292958513884,0,true,true,backward_euler_step_doubling,0.00002,,0.6
0.05653991997055705,R4,resistor,A,C,1000,Ω,,0,,2.352121926093081,0.0023521219260930807,0.005532477555207824,0,true,true,backward_euler_step_doubling,0.00002,,0.6
0.05653991997055705,R5,resistor,C,0,2000,Ω,,0,,3.647878073906919,0.0018239390369534595,0.006653507221045427,0,true,true,backward_euler_step_doubling,0.00002,,0.6
0.05653991997055705,C6,capacitor,B,C,100,µF,,0,V,-0.38378662933710084,-0.000528182889139627,0.00020270953069642905,0.000007364608842896661,true,true,backward_euler_step_doubling,0.00002,1e-7,0.6
0.056893242980888596,V1,voltage,A,0,6,V,,0,,6,-0.005087764687663416,-0.030526588125980494,0,true,true,backward_euler_step_doubling,0.00002,,0.6
0.056893242980888596,R2,resistor,A,B,1000,Ω,,0,,2.7367059370096403,0.0027367059370096403,0.007489559385663813,0,true,true,backward_euler_step_doubling,0.00002,,0.6
0.056893242980888596,R3,resistor,B,0,1000,Ω,,0,,3.2632940629903597,0.00326329406299036,0.01064908814154813,0,true,true,backward_euler_step_doubling,0.00002,,0.6
0.056893242980888596,R4,resistor,A,C,1000,Ω,,0,,2.3510587506537757,0.0023510587506537757,0.005527477249025693,0,true,true,backward_euler_step_doubling,0.00002,,0.6
0.056893242980888596,R5,resistor,C,0,2000,Ω,,0,,3.6489412493462243,0.0018244706246731122,0.006657386120590193,0,true,true,backward_euler_step_doubling,0.00002,,0.6
0.056893242980888596,C6,capacitor,B,C,100,µF,,0,V,-0.3856471863558646,-0.0005265881259807784,0.00020307722915289473,0.000007436187617209747,true,true,backward_euler_step_doubling,0.00002,1e-7,0.6
0.05724656599122014,V1,voltage,A,0,6,V,,0,,6,-0.005087499696325346,-0.030524998177952074,0,true,true,backward_euler_step_doubling,0.00002,,0.6
0.05724656599122014,R2,resistor,A,B,1000,Ω,,0,,2.7375009110238686,0.0027375009110238687,0.007493911237856511,0,true,true,backward_euler_step_doubling,0.00002,,0.6
0.05724656599122014,R3,resistor,B,0,1000,Ω,,0,,3.2624990889761314,0.0032624990889761315,0.010643900305570088,0,true,true,backward_euler_step_doubling,0.00002,,0.6
0.05724656599122014,R4,resistor,A,C,1000,Ω,,0,,2.3499987853014774,0.0023499987853014773,0.005522494290918419,0,true,true,backward_euler_step_doubling,0.00002,,0.6
0.05724656599122014,R5,resistor,C,0,2000,Ω,,0,,3.6500012146985226,0.0018250006073492612,0.006661254433650345,0,true,true,backward_euler_step_doubling,0.00002,,0.6
0.05724656599122014,C6,capacitor,B,C,100,µF,,0,V,-0.3875021257223912,-0.0005249981779522322,0.0002034379099568722,0.000007507894871968593,true,true,backward_euler_step_doubling,0.00002,1e-7,0.6
0.05760265675819652,V1,voltage,A,0,6,V,,0,,6,-0.00508723344184069,-0.03052340065104414,0,true,true,backward_euler_step_doubling,0.00002,,0.6
0.05760265675819652,R2,resistor,A,B,1000,Ω,,0,,2.738299674477872,0.002738299674477872,0.007498285107245619,0,true,true,backward_euler_step_doubling,0.00002,,0.6
0.05760265675819652,R3,resistor,B,0,1000,Ω,,0,,3.261700325522128,0.003261700325522128,0.010638689013511157,0,true,true,backward_euler_step_doubling,0.00002,,0.6
0.05760265675819652,R4,resistor,A,C,1000,Ω,,0,,2.348933767362818,0.002348933767362818,0.005517489843457281,0,true,true,backward_euler_step_doubling,0.00002,,0.6
0.05760265675819652,R5,resistor,C,0,2000,Ω,,0,,3.651066232637182,0.001825533116318591,0.006665142317551733,0,true,true,backward_euler_step_doubling,0.00002,,0.6
0.05760265675819652,C6,capacitor,B,C,100,µF,,0,V,-0.3893659071150539,-0.0005234006510442181,0.0002037943692784418,0.000007580290481176439,true,true,backward_euler_step_doubling,0.00002,1e-7,0.6
0.05795874752517291,V1,voltage,A,0,6,V,,0,,6,-0.005086967997546848,-0.030521807985281084,0,true,true,backward_euler_step_doubling,0.00002,,0.6
0.05795874752517291,R2,resistor,A,B,1000,Ω,,0,,2.7390960073594166,0.002739096007359417,0.007502646937532297,0,true,true,backward_euler_step_doubling,0.00002,,0.6
0.05795874752517291,R3,resistor,B,0,1000,Ω,,0,,3.2609039926405834,0.0032609039926405833,0.010633494849219298,0,true,true,backward_euler_step_doubling,0.00002,,0.6
0.05795874752517291,R4,resistor,A,C,1000,Ω,,0,,2.347871990187431,0.0023478719901874313,0.005512502882306689,0,true,true,backward_euler_step_doubling,0.00002,,0.6
0.05795874752517291,R5,resistor,C,0,2000,Ω,,0,,3.652128009812569,0.0018260640049062844,0.006669019500028757,0,true,true,backward_euler_step_doubling,0.00002,,0.6
0.05795874752517291,C6,capacitor,B,C,100,µF,,0,V,-0.3912240171719854,-0.000521807985281099,0.00020414381619409178,0.000007652811580609295,true,true,backward_euler_step_doubling,0.00002,1e-7,0.6
0.05831762308529445,V1,voltage,A,0,6,V,,0,,6,-0.005086701297745797,-0.03052020778647478,0,true,true,backward_euler_step_doubling,0.00002,,0.6
0.05831762308529445,R2,resistor,A,B,1000,Ω,,0,,2.739896106762645,0.0027398961067626446,0.007507030675853098,0,true,true,backward_euler_step_doubling,0.00002,,0.6
0.05831762308529445,R3,resistor,B,0,1000,Ω,,0,,3.260103893237355,0.003260103893237355,0.01062827739470136,0,true,true,backward_euler_step_doubling,0.00002,,0.6
0.05831762308529445,R4,resistor,A,C,1000,Ω,,0,,2.346805190983152,0.002346805190983152,0.005507494604425469,0,true,true,backward_euler_step_doubling,0.00002,,0.6
0.05831762308529445,R5,resistor,C,0,2000,Ω,,0,,3.653194809016848,0.0018265974045084238,0.006672916156313821,0,true,true,backward_euler_step_doubling,0.00002,,0.6
0.05831762308529445,C6,capacitor,B,C,100,µF,,0,V,-0.3930909157794926,-0.0005202077864747746,0.0002044889551809919,0.000007726023403418006,true,true,backward_euler_step_doubling,0.00002,1e-7,0.6
0.05867649864541599,V1,voltage,A,0,6,V,,0,,6,-0.005086435415817793,-0.030518612494906755,0,true,true,backward_euler_step_doubling,0.00002,,0.6
0.05867649864541599,R2,resistor,A,B,1000,Ω,,0,,2.7406937525466217,0.0027406937525466216,0.007511402245248083,0,true,true,backward_euler_step_doubling,0.00002,,0.6
0.05867649864541599,R3,resistor,B,0,1000,Ω,,0,,3.2593062474533783,0.003259306247453378,0.010623077214688621,0,true,true,backward_euler_step_doubling,0.00002,,0.6
0.05867649864541599,R4,resistor,A,C,1000,Ω,,0,,2.3457416632711716,0.0023457416632711716,0.005502503950806203,0,true,true,backward_euler_step_doubling,0.00002,,0.6
0.05867649864541599,R5,resistor,C,0,2000,Ω,,0,,3.6542583367288284,0.0018271291683644142,0.006676801995776071,0,true,true,backward_euler_step_doubling,0.00002,,0.6
0.05867649864541599,C6,capacitor,B,C,100,µF,,0,V,-0.3949520892754501,-0.0005186124949069156,0.00020482708838784005,0.000007799357641152156,true,true,backward_euler_step_doubling,0.00002,1e-7,0.6
0.05903817627322735,V1,voltage,A,0,6,V,,0,,6,-0.005086168286035315,-0.030517009716211886,0,true,true,backward_euler_step_doubling,0.00002,,0.6
0.05903817627322735,R2,resistor,A,B,1000,Ω,,0,,2.7414951418939575,0.0027414951418939576,0.00751579561302817,0,true,true,backward_euler_step_doubling,0.00002,,0.6
0.05903817627322735,R3,resistor,B,0,1000,Ω,,0,,3.2585048581060425,0.0032585048581060426,0.01061785391030068,0,true,true,backward_euler_step_doubling,0.00002,,0.6
0.05903817627322735,R4,resistor,A,C,1000,Ω,,0,,2.3446731441413573,0.0023446731441413575,0.005497492152857718,0,true,true,backward_euler_step_doubling,0.00002,,0.6
0.05903817627322735,R5,resistor,C,0,2000,Ω,,0,,3.6553268558586427,0.0018276634279293213,0.006680707211580715,0,true,true,backward_euler_step_doubling,0.00002,,0.6
0.05903817627322735,C6,capacitor,B,C,100,µF,,0,V,-0.3968219977526002,-0.0005170097162120833,0.00020516082844478377,0.00000787338489501823,true,true,backward_euler_step_doubling,0.00002,1e-7,0.6
0.0593998539010387,V1,voltage,A,0,6,V,,0,,6,-0.005085901981820951,-0.030515411890925707,0,true,true,backward_euler_step_doubling,0.00002,,0.6
0.0593998539010387,R2,resistor,A,B,1000,Ω,,0,,2.7422940545370555,0.0027422940545370556,0.007520176681549283,0,true,true,backward_euler_step_doubling,0.00002,,0.6
0.0593998539010387,R3,resistor,B,0,1000,Ω,,0,,3.2577059454629445,0.0032577059454629445,0.010612648027104618,0,true,true,backward_euler_step_doubling,0.00002,,0.6
0.0593998539010387,R4,resistor,A,C,1000,Ω,,0,,2.3436079272838968,0.002343607927283897,0.005492498116827923,0,true,true,backward_euler_step_doubling,0.00002,,0.6
0.0593998539010387,R5,resistor,C,0,2000,Ω,,0,,3.6563920727161032,0.0018281960363580516,0.006684601494710581,0,true,true,backward_euler_step_doubling,0.00002,,0.6
0.0593998539010387,C6,capacitor,B,C,100,µF,,0,V,-0.3986861272531588,-0.0005154118909259419,0.00020548757073349125,0.000007947531403206094,true,true,backward_euler_step_doubling,0.00002,1e-7,0.6
0.05976435111322435,V1,voltage,A,0,6,V,,0,,6,-0.005085634437417759,-0.03051380662450655,0,true,true,backward_euler_step_doubling,0.00002,,0.6
0.05976435111322435,R2,resistor,A,B,1000,Ω,,0,,2.7430966877466343,0.0027430966877466344,0.0075245794383265565,0,true,true,backward_euler_step_doubling,0.00002,,0.6
0.05976435111322435,R3,resistor,B,0,1000,Ω,,0,,3.2569033122533657,0.0032569033122533658,0.010607419185366944,0,true,true,backward_euler_step_doubling,0.00002,,0.6
0.05976435111322435,R4,resistor,A,C,1000,Ω,,0,,2.3425377496711235,0.0023425377496711234,0.0054874831086342505,0,true,true,backward_euler_step_doubling,0.00002,,0.6
0.05976435111322435,R5,resistor,C,0,2000,Ω,,0,,3.6574622503288765,0.0018287311251644382,0.006688515056290385,0,true,true,backward_euler_step_doubling,0.00002,,0.6
0.05976435111322435,C6,capacitor,B,C,100,µF,,0,V,-0.4005589380755108,-0.0005138066245066767,0.00020580983588855715,0.000008022373143609045,true,true,backward_euler_step_doubling,0.00002,1e-7,0.6
0.060128848325409996,V1,voltage,A,0,6,V,,0,,6,-0.005085367726289956,-0.030512206357739734,0,true,true,backward_euler_step_doubling,0.00002,,0.6
0.060128848325409996,R2,resistor,A,B,1000,Ω,,0,,2.7438968211300323,0.0027438968211300325,0.0075289697650074965,0,true,true,backward_euler_step_doubling,0.00002,,0.6
0.060128848325409996,R3,resistor,B,0,1000,Ω,,0,,3.2561031788699677,0.0032561031788699677,0.01060220791144711,0,true,true,backward_euler_step_doubling,0.00002,,0.6
0.060128848325409996,R4,resistor,A,C,1000,Ω,,0,,2.341470905159922,0.002341470905159922,0.0054824859997104234,0,true,true,backward_euler_step_doubling,0.00002,,0.6
0.060128848325409996,R5,resistor,C,0,2000,Ω,,0,,3.658529094840078,0.0018292645474200391,0.006692417568895681,0,true,true,backward_euler_step_doubling,0.00002,,0.6
0.060128848325409996,C6,capacitor,B,C,100,µF,,0,V,-0.40242591597011046,-0.000512206357739921,0.00020612511267920178,0.00000809733089221912,true,true,backward_euler_step_doubling,0.00002,1e-7,0.6
0.0604961828847831,V1,voltage,A,0,6,V,,0,,6,-0.005085099782651406,-0.03051059869590844,0,true,true,backward_euler_step_doubling,0.00002,,0.6
0.0604961828847831,R2,resistor,A,B,1000,Ω,,0,,2.7447006520456485,0.0027447006520456485,0.007533381669339808,0,true,true,backward_euler_step_doubling,0.00002,,0.6
0.0604961828847831,R3,resistor,B,0,1000,Ω,,0,,3.2552993479543515,0.0032552993479543517,0.010596973844792027,0,true,true,backward_euler_step_doubling,0.00002,,0.6
0.0604961828847831,R4,resistor,A,C,1000,Ω,,0,,2.340399130605757,0.002340399130605757,0.005477468090540183,0,true,true,backward_euler_step_doubling,0.00002,,0.6
0.0604961828847831,R5,resistor,C,0,2000,Ω,,0,,3.659600869394243,0.0018298004346971215,0.00669633926163555,0,true,true,backward_euler_step_doubling,0.00002,,0.6
0.0604961828847831,C6,capacitor,B,C,100,µF,,0,V,-0.4043015214398915,-0.0005105986959086981,0.00020643582960111115,0.000008172986011930552,true,true,backward_euler_step_doubling,0.00002,1e-7,0.6
0.06086351744415621,V1,voltage,A,0,6,V,,0,,6,-0.005084832680007442,-0.03050899608004465,0,true,true,backward_euler_step_doubling,0.00002,,0.6
0.06086351744415621,R2,resistor,A,B,1000,Ω,,0,,2.7455019599775965,0.0027455019599775966,0.007537781012240824,0,true,true,backward_euler_step_doubling,0.00002,,0.6
0.06086351744415621,R3,resistor,B,0,1000,Ω,,0,,3.2544980400224035,0.0032544980400224036,0.010591757492509665,0,true,true,backward_euler_step_doubling,0.00002,,0.6
0.06086351744415621,R4,resistor,A,C,1000,Ω,,0,,2.339330720029846,0.002339330720029846,0.005472468217675357,0,true,true,backward_euler_step_doubling,0.00002,,0.6
0.06086351744415621,R5,resistor,C,0,2000,Ω,,0,,3.660669279970154,0.001830334639985077,0.006700249788658603,0,true,true,backward_euler_step_doubling,0.00002,,0.6
0.06086351744415621,C6,capacitor,B,C,100,µF,,0,V,-0.4061712399477506,-0.0005089960800448414,0.00020673956896035775,0.00000824875380803466,true,true,backward_euler_step_doubling,0.00002,1e-7,0.6
0.061233707363800696,V1,voltage,A,0,6,V,,0,,6,-0.005084564352542869,-0.03050738611525721,0,true,true,backward_euler_step_doubling,0.00002,,0.6
0.061233707363800696,R2,resistor,A,B,1000,Ω,,0,,2.746306942371488,0.002746306942371488,0.007542201821717832,0,true,true,backward_euler_step_doubling,0.00002,,0.6
0.061233707363800696,R3,resistor,B,0,1000,Ω,,0,,3.253693057628512,0.003253693057628512,0.010586518513259976,0,true,true,backward_euler_step_doubling,0.00002,,0.6
0.061233707363800696,R4,resistor,A,C,1000,Ω,,0,,2.33825741017138,0.00233825741017138,0.00546744771622137,0,true,true,backward_euler_step_doubling,0.00002,,0.6
0.061233707363800696,R5,resistor,C,0,2000,Ω,,0,,3.66174258982862,0.00183087129491431,0.0067041793970824045,0,true,true,backward_euler_step_doubling,0.00002,,0.6
0.061233707363800696,C6,capacitor,B,C,100,µF,,0,V,-0.4080495322001081,-0.0005073861152570809,0.00020703866697548197,0.00000832522103643635,true,true,backward_euler_step_doubling,0.00002,1e-7,0.6
0.06160389728344518,V1,voltage,A,0,6,V,,0,,6,-0.005084296873803394,-0.030505781242820364,0,true,true,backward_euler_step_doubling,0.00002,,0.6
0.06160389728344518,R2,resistor,A,B,1000,Ω,,0,,2.7471093785899376,0.002747109378589938,0.0075466099379367935,0,true,true,backward_euler_step_doubling,0.00002,,0.6
0.06160389728344518,R3,resistor,B,0,1000,Ω,,0,,3.2528906214100624,0.0032528906214100623,0.01058129739485754,0,true,true,backward_euler_step_doubling,0.00002,,0.6
0.06160389728344518,R4,resistor,A,C,1000,Ω,,0,,2.3371874952134566,0.0023371874952134567,0.005462445387782152,0,true,true,backward_euler_step_doubling,0.00002,,0.6
0.06160389728344518,R5,resistor,C,0,2000,Ω,,0,,3.6628125047865434,0.0018314062523932717,0.006708097722610336,0,true,true,backward_euler_step_doubling,0.00002,,0.6
0.06160389728344518,C6,capacitor,B,C,100,µF,,0,V,-0.40992188337648106,-0.0005057812428201947,0.00020733079963335149,0.000008401797523546065,true,true,backward_euler_step_doubling,0.00002,1e-7,0.6
0.06197696083099034,V1,voltage,A,0,6,V,,0,,6,-0.005084028177944838,-0.030504169067669028,0,true,true,backward_euler_step_doubling,0.00002,,0.6
0.06197696083099034,R2,resistor,A,B,1000,Ω,,0,,2.747915466165396,0.002747915466165396,0.007551039409190985,0,true,true,backward_euler_step_doubling,0.00002,,0.6
0.06197696083099034,R3,resistor,B,0,1000,Ω,,0,,3.252084533834604,0.0032520845338346043,0.010576053815206234,0,true,true,backward_euler_step_doubling,0.00002,,0.6
0.06197696083099034,R4,resistor,A,C,1000,Ω,,0,,2.336112711779443,0.002336112711779443,0.005457422602137503,0,true,true,backward_euler_step_doubling,0.00002,,0.6
0.06197696083099034,R5,resistor,C,0,2000,Ω,,0,,3.663887288220557,0.0018319436441102785,0.006712035030392093,0,true,true,backward_euler_step_doubling,0.00002,,0.6
0.06197696083099034,C6,capacitor,B,C,100,µF,,0,V,-0.41180275438595304,-0.0005041690676691846,0.00020761821074236815,0.000008479075425992878,true,true,backward_euler_step_doubling,0.00002,1e-7,0.6
0.06235002437853549,V1,voltage,A,0,6,V,,0,,6,-0.005083760338553049,-0.030502562031318292,0,true,true,backward_euler_step_doubling,0.00002,,0.6
0.06235002437853549,R2,resistor,A,B,1000,Ω,,0,,2.7487189843408264,0.0027487189843408266,0.007555456054875664,0,true,true,backward_euler_step_doubling,0.00002,,0.6
0.06235002437853549,R3,resistor,B,0,1000,Ω,,0,,3.2512810156591736,0.0032512810156591736,0.010570828242785747,0,true,true,backward_euler_step_doubling,0.00002,,0.6
0.06235002437853549,R4,resistor,A,C,1000,Ω,,0,,2.335041354212222,0.002335041354212222,0.005452418125881248,0,true,true,backward_euler_step_doubling,0.00002,,0.6
0.06235002437853549,R5,resistor,C,0,2000,Ω,,0,,3.664958645787778,0.0018324793228938888,0.006715960937667291,0,true,true,backward_euler_step_doubling,0.00002,,0.6
0.06235002437853549,C6,capacitor,B,C,100,µF,,0,V,-0.41367763012860426,-0.0005025620313183486,0.00020789867010839185,0.000008556459083440914,true,true,backward_euler_step_doubling,0.00002,1e-7,0.6
0.06272598008043061,V1,voltage,A,0,6,V,,0,,6,-0.0050834912897550185,-0.030500947738530113,0,true,true,backward_euler_step_doubling,0.00002,,0.6
0.06272598008043061,R2,resistor,A,B,1000,Ω,,0,,2.7495261307350707,0.0027495261307350707,0.007559893943594969,0,true,true,backward_euler_step_doubling,0.00002,,0.6
0.06272598008043061,R3,resistor,B,0,1000,Ω,,0,,3.2504738692649293,0.0032504738692649294,0.010565580374774121,0,true,true,backward_euler_step_doubling,0.00002,,0.6
0.06272598008043061,R4,resistor,A,C,1000,Ω,,0,,2.3339651590199484,0.0023339651590199486,0.0054473933635190135,0,true,true,backward_euler_step_doubling,0.00002,,0.6
0.06272598008043061,R5,resistor,C,0,2000,Ω,,0,,3.6660348409800516,0.0018330174204900258,0.006719905727639816,0,true,true,backward_euler_step_doubling,0.00002,,0.6
0.06272598008043061,C6,capacitor,B,C,100,µF,,0,V,-0.4155609717151223,-0.0005009477385299571,0.00020817432900200198,0.000008634546060640833,true,true,backward_euler_step_doubling,0.00002,1e-7,0.6
0.06310193578232573,V1,voltage,A,0,6,V,,0,,6,-0.005083223105175694,-0.030499338631054165,0,true,true,backward_euler_step_doubling,0.00002,,0.6
0.06310193578232573,R2,resistor,A,B,1000,Ω,,0,,2.7503306844730147,0.0027503306844730148,0.007564318873953801,0,true,true,backward_euler_step_doubling,0.00002,,0.6
0.06310193578232573,R3,resistor,B,0,1000,Ω,,0,,3.2496693155269853,0.0032496693155269854,0.010560350660277626,0,true,true,backward_euler_step_doubling,0.00002,,0.6
0.06310193578232573,R4,resistor,A,C,1000,Ω,,0,,2.33289242070268,0.00233289242070268,0.005442387046572011,0,true,true,backward_euler_step_doubling,0.00002,,0.6
0.06310193578232573,R5,resistor,C,0,2000,Ω,,0,,3.66710757929732,0.00183355378964866,0.006723838999069925,0,true,true,backward_euler_step_doubling,0.00002,,0.6
0.06310193578232573,C6,capacitor,B,C,100,µF,,0,V,-0.41743826377033466,-0.0004993386310539487,0.00020844305118061606,0.000008712735202979573,true,true,backward_euler_step_doubling,0.00002,1e-7,0.6
0.06348080242831787,V1,voltage,A,0,6,V,,0,,6,-0.005082953718913465,-0.030497722313480788,0,true,true,backward_euler_step_doubling,0.00002,,0.6
0.06348080242831787,R2,resistor,A,B,1000,Ω,,0,,2.7511388432596195,0.0027511388432596194,0.007568764934891877,0,true,true,backward_euler_step_doubling,0.00002,,0.6
0.06348080242831787,R3,resistor,B,0,1000,Ω,,0,,3.2488611567403805,0.0032488611567403802,0.010555098815776442,0,true,true,backward_euler_step_doubling,0.00002,,0.6
0.06348080242831787,R4,resistor,A,C,1000,Ω,,0,,2.331814875653846,0.002331814875653846,0.005437360614320561,0,true,true,backward_euler_step_doubling,0.00002,,0.6
0.06348080242831787,R5,resistor,C,0,2000,Ω,,0,,3.668185124346154,0.001834092562173077,0.006727791053237205,0,true,true,backward_euler_step_doubling,0.00002,,0.6
0.06348080242831787,C6,capacitor,B,C,100,µF,,0,V,-0.4193239676057736,-0.0004977223134807413,0.00020870689525466905,0.000008791629490432393,true,true,backward_euler_step_doubling,0.00002,1e-7,0.6
0.06385966907431001,V1,voltage,A,0,6,V,,0,,6,-0.0050826852046321645,-0.030496111227792985,0,true,true,backward_euler_step_doubling,0.00002,,0.6
0.06385966907431001,R2,resistor,A,B,1000,Ω,,0,,2.7519443861035344,0.0027519443861035342,0.007573197904206758,0,true,true,backward_euler_step_doubling,0.00002,,0.6
0.06385966907431001,R3,resistor,B,0,1000,Ω,,0,,3.2480556138964656,0.0032480556138964655,0.010549865270964345,0,true,true,backward_euler_step_doubling,0.00002,,0.6
0.06385966907431001,R4,resistor,A,C,1000,Ω,,0,,2.330740818528631,0.002330740818528631,0.005432352763155513,0,true,true,backward_euler_step_doubling,0.00002,,0.6
0.06385966907431001,R5,resistor,C,0,2000,Ω,,0,,3.669259181471369,0.0018346295907356845,0.00673173147040597,0,true,true,backward_euler_step_doubling,0.00002,,0.6
0.06385966907431001,C6,capacitor,B,C,100,µF,,0,V,-0.4212035675749033,-0.0004961112277929797,0.00020896381906036857,0.000008870622266891306,true,true,backward_euler_step_doubling,0.00002,1e-7,0.6
0.06424146572193698,V1,voltage,A,0,6,V,,0,,6,-0.005082415496401578,-0.030494492978409466,0,true,true,backward_euler_step_doubling,0.00002,,0.6
0.06424146572193698,R2,resistor,A,B,1000,Ω,,0,,2.7527535107953987,0.0027527535107953987,0.007577651891196393,0,true,true,backward_euler_step_doubling,0.00002,,0.6
0.06424146572193698,R3,resistor,B,0,1000,Ω,,0,,3.2472464892046013,0.0032472464892046014,0.01054460976165161,0,true,true,backward_euler_step_doubling,0.00002,,0.6
0.06424146572193698,R4,resistor,A,C,1000,Ω,,0,,2.329661985606178,0.002329661985606178,0.00542732496717852,0,true,true,backward_euler_step_doubling,0.00002,,0.6
0.06424146572193698,R5,resistor,C,0,2000,Ω,,0,,3.670338014393822,0.0018351690071969108,0.006735690569952191,0,true,true,backward_euler_step_doubling,0.00002,,0.6
0.06424146572193698,C6,capacitor,B,C,100,µF,,0,V,-0.42309152518922044,-0.0004944929784092095,0.0002092157884305127,0.000008950321934347037,true,true,backward_euler_step_doubling,0.00002,1e-7,0.6
0.06462326236956396,V1,voltage,A,0,6,V,,0,,6,-0.005082146667923633,-0.0304928800075418,0,true,true,backward_euler_step_doubling,0.00002,,0.6
0.06462326236956396,R2,resistor,A,B,1000,Ω,,0,,2.753559996229235,0.002753559996229235,0.007582092652833945,0,true,true,backward_euler_step_doubling,0.00002,,0.6
0.06462326236956396,R3,resistor,B,0,1000,Ω,,0,,3.246440003770765,0.0032464400037707647,0.010539372698083123,0,true,true,backward_euler_step_doubling,0.00002,,0.6
0.06462326236956396,R4,resistor,A,C,1000,Ω,,0,,2.3285866716943975,0.0023285866716943977,0.005422315887592792,0,true,true,backward_euler_step_doubling,0.00002,,0.6
0.06462326236956396,R5,resistor,C,0,2000,Ω,,0,,3.6714133283056025,0.0018357066641528012,0.006739637913630011,0,true,true,backward_euler_step_doubling,0.00002,,0.6
0.06462326236956396,C6,capacitor,B,C,100,µF,,0,V,-0.4249733245348377,-0.000492880007541563,0.0002094608554016939,0.000009030116328309624,true,true,backward_euler_step_doubling,0.00002,1e-7,0.6
0.06500800834876776,V1,voltage,A,0,6,V,,0,,6,-0.005081876653239661,-0.030491259919437966,0,true,true,backward_euler_step_doubling,0.00002,,0.6
0.06500800834876776,R2,resistor,A,B,1000,Ω,,0,,2.754370040280988,0.002754370040280988,0.007586554318797492,0,true,true,backward_euler_step_doubling,0.00002,,0.6
0.06500800834876776,R3,resistor,B,0,1000,Ω,,0,,3.245629959719012,0.003245629959719012,0.010534113835425636,0,true,true,backward_euler_step_doubling,0.00002,,0.6
0.06500800834876776,R4,resistor,A,C,1000,Ω,,0,,2.3275066129586732,0.0023275066129586734,0.0054172870333663555,0,true,true,backward_euler_step_doubling,0.00002,,0.6
0.06500800834876776,R5,resistor,C,0,2000,Ω,,0,,3.6724933870413268,0.0018362466935206634,0.006743603838931138,0,true,true,backward_euler_step_doubling,0.00002,,0.6
0.06500800834876776,C6,capacitor,B,C,100,µF,,0,V,-0.42686342732231486,-0.0004912599194379115,0.0002097008929173512,0.000009110619279267658,true,true,backward_euler_step_doubling,0.00002,1e-7,0.6
0.06539275432797155,V1,voltage,A,0,6,V,,0,,6,-0.005081607526089355,-0.030489645156536134,0,true,true,backward_euler_step_doubling,0.00002,,0.6
0.06539275432797155,R2,resistor,A,B,1000,Ω,,0,,2.7551774217319047,0.0027551774217319048,0.007591002625221266,0,true,true,backward_euler_step_doubling,0.00002,,0.6
0.06539275432797155,R3,resistor,B,0,1000,Ω,,0,,3.2448225782680953,0.0032448225782680954,0.01052887356443841,0,true,true,backward_euler_step_doubling,0.00002,,0.6
0.06539275432797155,R4,resistor,A,C,1000,Ω,,0,,2.326430104357451,0.002326430104357451,0.00541227703046062,0,true,true,backward_euler_step_doubling,0.00002,,0.6
0.06539275432797155,R5,resistor,C,0,2000,Ω,,0,,3.673569895642549,0.0018367849478212745,0.006747557889085604,0,true,true,backward_euler_step_doubling,0.00002,,0.6
0.06539275432797155,C6,capacitor,B,C,100,µF,,0,V,-0.4287473173744538,-0.0004896451565361544,0.00020993404733027072,0.000009191213107789532,true,true,backward_euler_step_doubling,0.00002,1e-7,0.6
0.06578046924586753,V1,voltage,A,0,6,V,,0,,6,-0.0050813372204856835,-0.0304880233229141,0,true,true,backward_euler_step_doubling,0.00002,,0.6
0.06578046924586753,R2,resistor,A,B,1000,Ω,,0,,2.755988338542944,0.0027559883385429437,0.007595471722184695,0,true,true,backward_euler_step_doubling,0.00002,,0.6
0.06578046924586753,R3,resistor,B,0,1000,Ω,,0,,3.244011661457056,0.0032440116614570564,0.010523611659669372,0,true,true,backward_euler_step_doubling,0.00002,,0.6
0.06578046924586753,R4,resistor,A,C,1000,Ω,,0,,2.32534888194274,0.0023253488819427403,0.005407247422752352,0,true,true,backward_euler_step_doubling,0.00002,,0.6
0.06578046924586753,R5,resistor,C,0,2000,Ω,,0,,3.67465111805726,0.00183732555902863,0.006751530419719735,0,true,true,backward_euler_step_doubling,0.00002,,0.6
0.06578046924586753,C6,capacitor,B,C,100,µF,,0,V,-0.43063945660020364,-0.00048802332291414814,0.00021016209858797447,0.000009272517079045932,true,true,backward_euler_step_doubling,0.00002,1e-7,0.6
0.06616818416376351,V1,voltage,A,0,6,V,,0,,6,-0.005081067810205301,-0.03048640686123181,0,true,true,backward_euler_step_doubling,0.00002,,0.6
0.06616818416376351,R2,resistor,A,B,1000,Ω,,0,,2.7567965693840857,0.0027567965693840856,0.007599927324967864,0,true,true,backward_euler_step_doubling,0.00002,,0.6
0.06616818416376351,R3,resistor,B,0,1000,Ω,,0,,3.2432034306159143,0.0032432034306159145,0.010518368492358836,0,true,true,backward_euler_step_doubling,0.00002,,0.6
0.06616818416376351,R4,resistor,A,C,1000,Ω,,0,,2.3242712408212167,0.002324271240821217,0.0054022368009085985,0,true,true,backward_euler_step_doubling,0.00002,,0.6
0.06616818416376351,R5,resistor,C,0,2000,Ω,,0,,3.6757287591787833,0.0018378643795893916,0.006755490955526999,0,true,true,backward_euler_step_doubling,0.00002,,0.6
0.06616818416376351,C6,capacitor,B,C,100,µF,,0,V,-0.43252532856286896,-0.0004864068612318085,0.0002103832874695218,0.000009353907992420887,true,true,backward_euler_step_doubling,0.00002,1e-7,0.6
0.06655888790944818,V1,voltage,A,0,6,V,,0,,6,-0.005080797229232941,-0.03048478337539765,0,true,true,backward_euler_step_doubling,0.00002,,0.6
0.06655888790944818,R2,resistor,A,B,1000,Ω,,0,,2.7576083123009734,0.002757608312300973,0.007604403604071422,0,true,true,backward_euler_step_doubling,0.00002,,0.6
0.06655888790944818,R3,resistor,B,0,1000,Ω,,0,,3.2423916876990266,0.0032423916876990265,0.010513103856459741,0,true,true,backward_euler_step_doubling,0.00002,,0.6
0.06655888790944818,R4,resistor,A,C,1000,Ω,,0,,2.3231889169319677,0.0023231889169319678,0.005397206743755529,0,true,true,backward_euler_step_doubling,0.00002,,0.6
0.06655888790944818,R5,resistor,C,0,2000,Ω,,0,,3.6768110830680323,0.0018384055415340162,0.0067594698702859585,0,true,true,backward_euler_step_doubling,0.00002,,0.6
0.06655888790944818,C6,capacitor,B,C,100,µF,,0,V,-0.43441939536900565,-0.0004847833753980228,0.00021059930082535476,0.000009436010553638622,true,true,backward_euler_step_doubling,0.00002,1e-7,0.6
0.06694959165513287,V1,voltage,A,0,6,V,,0,,6,-0.005080527551381897,-0.030483165308291385,0,true,true,backward_euler_step_doubling,0.00002,,0.6
0.06694959165513287,R2,resistor,A,B,1000,Ω,,0,,2.7584173458541237,0.0027584173458541235,0.0076088662539089075,0,true,true,backward_euler_step_doubling,0.00002,,0.6
0.06694959165513287,R3,resistor,B,0,1000,Ω,,0,,3.2415826541458763,0.003241582654145876,0.010507858103659423,0,true,true,backward_euler_step_doubling,0.00002,,0.6
0.06694959165513287,R4,resistor,A,C,1000,Ω,,0,,2.3221102055277734,0.0023221102055277732,0.005392195806616237,0,true,true,backward_euler_step_doubling,0.00002,,0.6
0.06694959165513287,R5,resistor,C,0,2000,Ω,,0,,3.6778897944722266,0.0018389448972361132,0.006763436670141478,0,true,true,backward_euler_step_doubling,0.00002,,0.6
0.06694959165513287,C6,capacitor,B,C,100,µF,,0,V,-0.4363071403263503,-0.0004831653082917211,0.00021080847396566028,0.000009518196034987877,true,true,backward_euler_step_doubling,0.00002,1e-7,0.6
0.06734330440463503,V1,voltage,A,0,6,V,,0,,6,-0.005080256710608826,-0.030481540263652955,0,true,true,backward_euler_step_doubling,0.00002,,0.6
0.06734330440463503,R2,resistor,A,B,1000,Ω,,0,,2.7592298681735814,0.0027592298681735814,0.007613349465421199,0,true,true,backward_euler_step_doubling,0.00002,,0.6
0.06734330440463503,R3,resistor,B,0,1000,Ω,,0,,3.2407701318264186,0.0032407701318264187,0.010502591047338222,0,true,true,backward_euler_step_doubling,0.00002,,0.6
0.06734330440463503,R4,resistor,A,C,1000,Ω,,0,,2.3210268424352436,0.0023210268424352434,0.005387165603304917,0,true,true,backward_euler_step_doubling,0.00002,,0.6
0.06734330440463503,R5,resistor,C,0,2000,Ω,,0,,3.6789731575647564,0.0018394865787823781,0.006767421747040997,0,true,true,backward_euler_step_doubling,0.00002,,0.6
0.06734330440463503,C6,capacitor,B,C,100,µF,,0,V,-0.4382030257383378,-0.0004815402636528289,0.00021101240054750657,0.000009601094588311716,true,true,backward_euler_step_doubling,0.00002,1e-7,0.6
0.06773701715413719,V1,voltage,A,0,6,V,,0,,6,-0.0050799867807627295,-0.030479920684576375,0,true,true,backward_euler_step_doubling,0.00002,,0.6
0.06773701715413719,R2,resistor,A,B,1000,Ω,,0,,2.760039657711871,0.0027600396577118712,0.007617818912142263,0,true,true,backward_euler_step_doubling,0.00002,,0.6
0.06773701715413719,R3,resistor,B,0,1000,Ω,,0,,3.239960342288129,0.003239960342288129,0.010497343019599809,0,true,true,backward_euler_step_doubling,0.00002,,0.6
0.06773701715413719,R4,resistor,A,C,1000,Ω,,0,,2.3199471230508584,0.0023199471230508583,0.005382154653751955,0,true,true,backward_euler_step_doubling,0.00002,,0.6
0.06773701715413719,R5,resistor,C,0,2000,Ω,,0,,3.6800528769491416,0.001840026438474571,0.0067713945885708275,0,true,true,backward_euler_step_doubling,0.00002,,0.6
0.06773701715413719,C6,capacitor,B,C,100,µF,,0,V,-0.4400925346610127,-0.00047992068457629967,0.0002112095105114321,0.000009684071953217733,true,true,backward_euler_step_doubling,0.00002,1e-7,0.6
0.06813375937550649,V1,voltage,A,0,6,V,,0,,6,-0.005079715695772286,-0.03047829417463372,0,true,true,backward_euler_step_doubling,0.00002,,0.6
0.06813375937550649,R2,resistor,A,B,1000,Ω,,0,,2.76085291268321,0.00276085291268321,0.007622308805471365,0,true,true,backward_euler_step_doubling,0.00002,,0.6
0.06813375937550649,R3,resistor,B,0,1000,Ω,,0,,3.23914708731679,0.0032391470873167896,0.010492073853272842,0,true,true,backward_euler_step_doubling,0.00002,,0.6
0.06813375937550649,R4,resistor,A,C,1000,Ω,,0,,2.318862783089076,0.002318862783089076,0.005377124606795615,0,true,true,backward_euler_step_doubling,0.00002,,0.6
0.06813375937550649,R5,resistor,C,0,2000,Ω,,0,,3.681137216910924,0.001840568608455462,0.006775385604863351,0,true,true,backward_euler_step_doubling,0.00002,,0.6
0.06813375937550649,C6,capacitor,B,C,100,µF,,0,V,-0.4419901295941342,-0.0004782941746336347,0.00021140130423043965,0.000009767763732931977,true,true,backward_euler_step_doubling,0.00002,1e-7,0.6
0.06853050159687579,V1,voltage,A,0,6,V,,0,,6,-0.005079445529522046,-0.030476673177132277,0,true,true,backward_euler_step_doubling,0.00002,,0.6
0.06853050159687579,R2,resistor,A,B,1000,Ω,,0,,2.761663411433904,0.002761663411433904,0.007626784798052748,0,true,true,backward_euler_step_doubling,0.00002,,0.6
0.06853050159687579,R3,resistor,B,0,1000,Ω,,0,,3.238336588566096,0.003238336588566096,0.0104868238608459,0,true,true,backward_euler_step_doubling,0.00002,,0.6
0.06853050159687579,R4,resistor,A,C,1000,Ω,,0,,2.3177821180881435,0.0023177821180881434,0.0053721139469291605,0,true,true,backward_euler_step_doubling,0.00002,,0.6
0.06853050159687579,R5,resistor,C,0,2000,Ω,,0,,3.6822178819118565,0.0018411089409559283,0.00677936426493572,0,true,true,backward_euler_step_doubling,0.00002,,0.6
0.06853050159687579,C6,capacitor,B,C,100,µF,,0,V,-0.4438812933457603,-0.0004766731771322467,0.00021158630636869437,0.000009851530129115246,true,true,backward_euler_step_doubling,0.00002,1e-7,0.6
0.06893029405529197,V1,voltage,A,0,6,V,,0,,6,-0.005079174215912668,-0.030475045295476004,0,true,true,backward_euler_step_doubling,0.00002,,0.6
0.06893029405529197,R2,resistor,A,B,1000,Ω,,0,,2.762477352261901,0.0027624773522619012,0.0076312811217599235,0,true,true,backward_euler_step_doubling,0.00002,,0.6
0.06893029405529197,R3,resistor,B,0,1000,Ω,,0,,3.237522647738099,0.003237522647738099,0.010481552894617111,0,true,true,backward_euler_step_doubling,0.00002,,0.6
0.06893029405529197,R4,resistor,A,C,1000,Ω,,0,,2.3166968636507663,0.0023166968636507664,0.005367084358049298,0,true,true,backward_euler_step_doubling,0.00002,,0.6
0.06893029405529197,R5,resistor,C,0,2000,Ω,,0,,3.6833031363492337,0.0018416515681746169,0.006783360997120051,0,true,true,backward_euler_step_doubling,0.00002,,0.6
0.06893029405529197,C6,capacitor,B,C,100,µF,,0,V,-0.44578048861113473,-0.0004750452954761344,0.00021176592392977206,0.0000099360122013191,true,true,backward_euler_step_doubling,0.00002,1e-7,0.6
0.06933008651370814,V1,voltage,A,0,6,V,,0,,6,-0.00507890382886365,-0.030473422973181896,0,true,true,backward_euler_step_doubling,0.00002,,0.6
0.06933008651370814,R2,resistor,A,B,1000,Ω,,0,,2.763288513408987,0.0027632885134089872,0.00763576340833805,0,true,true,backward_euler_step_doubling,0.00002,,0.6
0.06933008651370814,R3,resistor,B,0,1000,Ω,,0,,3.236711486591013,0.003236711486591013,0.010476301247430205,0,true,true,backward_euler_step_doubling,0.00002,,0.6
0.06933008651370814,R4,resistor,A,C,1000,Ω,,0,,2.3156153154546613,0.002315615315454661,0.00536207428916819,0,true,true,backward_euler_step_doubling,0.00002,,0.6
0.06933008651370814,R5,resistor,C,0,2000,Ω,,0,,3.6843846845453387,0.0018421923422726693,0.006787345251856127,0,true,true,backward_euler_step_doubling,0.00002,,0.6
0.06933008651370814,C6,capacitor,B,C,100,µF,,0,V,-0.4476731979543258,-0.0004734229731819558,0.00021193877638941118,0.000010020564608332647,true,true,backward_euler_step_doubling,0.00002,1e-7,0.6
0.06973295027686797,V1,voltage,A,0,6,V,,0,,6,-0.00507863230224773,-0.03047179381348638,0,true,true,backward_euler_step_doubling,0.00002,,0.6
0.06973295027686797,R2,resistor,A,B,1000,Ω,,0,,2.7641030932567117,0.0027641030932567118,0.007640265910151322,0,true,true,backward_euler_step_doubling,0.00002,,0.6
0.06973295027686797,R3,resistor,B,0,1000,Ω,,0,,3.2358969067432883,0.0032358969067432884,0.010471028791070782,0,true,true,backward_euler_step_doubling,0.00002,,0.6
0.06973295027686797,R4,resistor,A,C,1000,Ω,,0,,2.3145292089910185,0.0023145292089910186,0.00535704545927259,0,true,true,backward_euler_step_doubling,0.00002,,0.6
0.06973295027686797,R5,resistor,C,0,2000,Ω,,0,,3.6854707910089815,0.0018427353955044908,0.006791347475690184,0,true,true,backward_euler_step_doubling,0.00002,,0.6
0.06973295027686797,C6,capacitor,B,C,100,µF,,0,V,-0.4495738842656931,-0.00047179381348657576,0.00021210617730168382,0.00001010583387068714,true,true,backward_euler_step_doubling,0.00002,1e-7,0.6
0.0701358140400278,V1,voltage,A,0,6,V,,0,,6,-0.005078361710018699,-0.030470170260112193,0,true,true,backward_euler_step_doubling,0.00002,,0.6
0.0701358140400278,R2,resistor,A,B,1000,Ω,,0,,2.7649148699437704,0.0027649148699437705,0.007644754238036177,0,true,true,backward_euler_step_doubling,0.00002,,0.6
0.0701358140400278,R3,resistor,B,0,1000,Ω,,0,,3.2350851300562296,0.0032350851300562296,0.010465775798710933,0,true,true,backward_euler_step_doubling,0.00002,,0.6
0.0701358140400278,R4,resistor,A,C,1000,Ω,,0,,2.31344684007493,0.00231344684007493,0.0053520362818526785,0,true,true,backward_euler_step_doubling,0.00002,,0.6
0.0701358140400278,R5,resistor,C,0,2000,Ω,,0,,3.68655315992507,0.001843276579962535,0.00679533710047676,0,true,true,backward_euler_step_doubling,0.00002,,0.6
0.0701358140400278,C6,capacitor,B,C,100,µF,,0,V,-0.4514680298688405,-0.0004701702601124463,0.0002122668410358864,0.000010191169099682612,true,true,backward_euler_step_doubling,0.00002,1e-7,0.6
0.07054177048345839,V1,voltage,A,0,6,V,,0,,6,-0.0050780899860216645,-0.030468539916129987,0,true,true,backward_euler_step_doubling,0.00002,,0.6
0.07054177048345839,R2,resistor,A,B,1000,Ω,,0,,2.7657300419350404,0.00276573004193504,0.007649262664861999,0,true,true,backward_euler_step_doubling,0.00002,,0.6
0.07054177048345839,R3,resistor,B,0,1000,Ω,,0,,3.2342699580649596,0.0032342699580649595,0.010460502161641516,0,true,true,backward_euler_step_doubling,0.00002,,0.6
0.07054177048345839,R4,resistor,A,C,1000,Ω,,0,,2.312359944086626,0.002312359944086626,0.005347008511016304,0,true,true,backward_euler_step_doubling,0.00002,,0.6
0.07054177048345839,R5,resistor,C,0,2000,Ω,,0,,3.687640055913374,0.001843820027956687,0.006799344590988396,0,true,true,backward_euler_step_doubling,0.00002,,0.6
0.07054177048345839,C6,capacitor,B,C,100,µF,,0,V,-0.4533700978484143,-0.00046853991612996455,0.00021242198762172986,0.000010277222281154037,true,true,backward_euler_step_doubling,0.00002,1e-7,0.6
0.07094772692688896,V1,voltage,A,0,6,V,,0,,6,-0.005077819204244078,-0.03046691522546447,0,true,true,backward_euler_step_doubling,0.00002,,0.6
0.07094772692688896,R2,resistor,A,B,1000,Ω,,0,,2.7665423872678128,0.0027665423872678127,0.007653756780549488,0,true,true,backward_euler_step_doubling,0.00002,,0.6
0.07094772692688896,R3,resistor,B,0,1000,Ω,,0,,3.2334576127321872,0.0032334576127321874,0.010455248133335735,0,true,true,backward_euler_step_doubling,0.00002,,0.6
0.07094772692688896,R4,resistor,A,C,1000,Ω,,0,,2.3112768169762674,0.0023112768169762676,0.0053420005246919465,0,true,true,backward_euler_step_doubling,0.00002,,0.6
0.07094772692688896,R5,resistor,C,0,2000,Ω,,0,,3.6887231830237326,0.0018443615915118663,0.006803339360488369,0,true,true,backward_euler_step_doubling,0.00002,,0.6
0.07094772692688896,C6,capacitor,B,C,100,µF,,0,V,-0.45526557029154535,-0.0004669152254643747,0.00021257042639884403,0.0000103633369746443,true,true,backward_euler_step_doubling,0.00002,1e-7,0.6
0.07135679773955451,V1,voltage,A,0,6,V,,0,,6,-0.005077547298503314,-0.030465283791019884,0,true,true,backward_euler_step_doubling,0.00002,,0.6
0.07135679773955451,R2,resistor,A,B,1000,Ω,,0,,2.7673581044899933,0.002767358104489993,0.0076582708784864485,0,true,true,backward_euler_step_doubling,0.00002,,0.6
0.07135679773955451,R3,resistor,B,0,1000,Ω,,0,,3.2326418955100067,0.0032326418955100065,0.01044997362460653,0,true,true,backward_euler_step_doubling,0.00002,,0.6
0.07135679773955451,R4,resistor,A,C,1000,Ω,,0,,2.3101891940133212,0.0023101891940133213,0.005336974112135919,0,true,true,backward_euler_step_doubling,0.00002,,0.6
0.07135679773955451,R5,resistor,C,0,2000,Ω,,0,,3.6898108059866788,0.0018449054029933394,0.006807351891988032,0,true,true,backward_euler_step_doubling,0.00002,,0.6
0.07135679773955451,C6,capacitor,B,C,100,µF,,0,V,-0.4571689104766721,-0.00046528379102001873,0.00021271328380307754,0.00001045017063532137,true,true,backward_euler_step_doubling,0.00002,1e-7,0.6
0.07176586855222009,V1,voltage,A,0,6,V,,0,,6,-0.005077276342820249,-0.030463658056921493,0,true,true,backward_euler_step_doubling,0.00002,,0.6
0.07176586855222009,R2,resistor,A,B,1000,Ω,,0,,2.7681709715391802,0.00276817097153918,0.007662770527672169,0,true,true,backward_euler_step_doubling,0.00002,,0.6
0.07176586855222009,R3,resistor,B,0,1000,Ω,,0,,3.2318290284608198,0.00323182902846082,0.010444718869202006,0,true,true,backward_euler_step_doubling,0.00002,,0.6
0.07176586855222009,R4,resistor,A,C,1000,Ω,,0,,2.3091053712810696,0.00230910537128107,0.005331967615679087,0,true,true,backward_euler_step_doubling,0.00002,,0.6
0.07176586855222009,R5,resistor,C,0,2000,Ω,,0,,3.6908946287189304,0.0018454473143594652,0.006811351580153125,0,true,true,backward_euler_step_doubling,0.00002,,0.6
0.07176586855222009,C6,capacitor,B,C,100,µF,,0,V,-0.4590656002581106,-0.00046365805692159795,0.00021284946421522259,0.000010537061267016968,true,true,backward_euler_step_doubling,0.00002,1e-7,0.6
0.07217807574219619,V1,voltage,A,0,6,V,,0,,6,-0.005077004270984606,-0.030462025625907635,0,true,true,backward_euler_step_doubling,0.00002,,0.6
0.07217807574219619,R2,resistor,A,B,1000,Ω,,0,,2.7689871870461205,0.0027689871870461204,0.007667290042025587,0,true,true,backward_euler_step_doubling,0.00002,,0.6
0.07217807574219619,R3,resistor,B,0,1000,Ω,,0,,3.2310128129538795,0.0032310128129538797,0.010439443797472142,0,true,true,backward_euler_step_doubling,0.00002,,0.6
0.07217807574219619,R4,resistor,A,C,1000,Ω,,0,,2.308017083938486,0.002308017083938486,0.0053269428597519115,0,true,true,backward_euler_step_doubling,0.00002,,0.6
0.07217807574219619,R5,resistor,C,0,2000,Ω,,0,,3.691982916061514,0.001845991458030757,0.00681536892624504,0,true,true,backward_euler_step_doubling,0.00002,,0.6
0.07217807574219619,C6,capacitor,B,C,100,µF,,0,V,-0.46097010310763453,-0.0004620256259077692,0.00021298000041307375,0.00001062467179795316,true,true,backward_euler_step_doubling,0.00002,1e-7,0.6
0.07259028293217229,V1,voltage,A,0,6,V,,0,,6,-0.005076733157049931,-0.030460398942299585,0,true,true,backward_euler_step_doubling,0.00002,,0.6
0.07259028293217229,R2,resistor,A,B,1000,Ω,,0,,2.7698005288501495,0.0027698005288501496,0.007671794969618569,0,true,true,backward_euler_step_doubling,0.00002,,0.6
0.07259028293217229,R3,resistor,B,0,1000,Ω,,0,,3.2301994711498505,0.0032301994711498505,0.010434188623416774,0,true,true,backward_euler_step_doubling,0.00002,,0.6
0.07259028293217229,R4,resistor,A,C,1000,Ω,,0,,2.3069326281997817,0.002306932628199782,0.005321938151052753,0,true,true,backward_euler_step_doubling,0.00002,,0.6
0.07259028293217229,R5,resistor,C,0,2000,Ω,,0,,3.6930673718002183,0.001846533685900109,0.0068193733063276855,0,true,true,backward_euler_step_doubling,0.00002,,0.6
0.07259028293217229,C6,capacitor,B,C,100,µF,,0,V,-0.46286790065036776,-0.00046039894229968163,0.00021310389188390342,0.000010712334672623936,true,true,backward_euler_step_doubling,0.00002,1e-7,0.6
0.07300564883242307,V1,voltage,A,0,6,V,,0,,6,-0.0050764609347784305,-0.030458765608670585,0,true,true,backward_euler_step_doubling,0.00002,,0.6
0.07300564883242307,R2,resistor,A,B,1000,Ω,,0,,2.7706171956646477,0.0027706171956646476,0.007676319644912636,0,true,true,backward_euler_step_doubling,0.00002,,0.6
0.07300564883242307,R3,resistor,B,0,1000,Ω,,0,,3.2293828043353523,0.0032293828043353525,0.010428913296936865,0,true,true,backward_euler_step_doubling,0.00002,,0.6
0.07300564883242307,R4,resistor,A,C,1000,Ω,,0,,2.305843739113784,0.0023058437391137838,0.0053169153492102356,0,true,true,backward_euler_step_doubling,0.00002,,0.6
0.07300564883242307,R5,resistor,C,0,2000,Ω,,0,,3.694156260886216,0.0018470781304431082,0.006823395239922416,0,true,true,backward_euler_step_doubling,0.00002,,0.6
0.07300564883242307,C6,capacitor,B,C,100,µF,,0,V,-0.4647734565508639,-0.00045876560867072393,0.00021322207768855334,0.000010800718295711886,true,true,backward_euler_step_doubling,0.00002,1e-7,0.6
0.07342101473267384,V1,voltage,A,0,6,V,,0,,6,-0.005076189678255882,-0.030457138069535292,0,true,true,backward_euler_step_doubling,0.00002,,0.6
0.07342101473267384,R2,resistor,A,B,1000,Ω,,0,,2.77143096523233,0.0027714309652323303,0.007680829595048606,0,true,true,backward_euler_step_doubling,0.00002,,0.6
0.07342101473267384,R3,resistor,B,0,1000,Ω,,0,,3.22856903476767,0.00322856903476767,0.010423658012260643,0,true,true,backward_euler_step_doubling,0.00002,,0.6
0.07342101473267384,R4,resistor,A,C,1000,Ω,,0,,2.304758713023552,0.0023047587130235517,0.005311912725257979,0,true,true,backward_euler_step_doubling,0.00002,,0.6
0.07342101473267384,R5,resistor,C,0,2000,Ω,,0,,3.695241286976448,0.001847620643488224,0.006827404084487678,0,true,true,backward_euler_step_doubling,0.00002,,0.6
0.07342101473267384,C6,capacitor,B,C,100,µF,,0,V,-0.4666722522087783,-0.0004571380695353145,0.0002133336524804183,0.000010889149549080676,true,true,backward_euler_step_doubling,0.00002,1e-7,0.6
0.07383956200700974,V1,voltage,A,0,6,V,,0,,6,-0.005075917321216999,-0.030455503927301994,0,true,true,backward_euler_step_doubling,0.00002,,0.6
0.07383956200700974,R2,resistor,A,B,1000,Ω,,0,,2.772248036348997,0.002772248036348997,0.007685359175040869,0,true,true,backward_euler_step_doubling,0.00002,,0.6
0.07383956200700974,R3,resistor,B,0,1000,Ω,,0,,3.227751963651003,0.0032277519636510032,0.010418382738852906,0,true,true,backward_euler_step_doubling,0.00002,,0.6
0.07383956200700974,R4,resistor,A,C,1000,Ω,,0,,2.303669284868003,0.0023036692848680033,0.005306892174044257,0,true,true,backward_euler_step_doubling,0.00002,,0.6
0.07383956200700974,R5,resistor,C,0,2000,Ω,,0,,3.696330715131997,0.0018481653575659984,0.006831430377814109,0,true,true,backward_euler_step_doubling,0.00002,,0.6
0.07383956200700974,C6,capacitor,B,C,100,µF,,0,V,-0.4685787514809938,-0.0004555039273020232,0.0002134394615498714,0.000010978302316974347,true,true,backward_euler_step_doubling,0.00002,1e-7,0.6
0.07425810928134562,V1,voltage,A,0,6,V,,0,,6,-0.005075645937779241,-0.030453875626675446,0,true,true,backward_euler_step_doubling,0.00002,,0.6
0.07425810928134562,R2,resistor,A,B,1000,Ω,,0,,2.773062186662279,0.0027730621866622787,0.007689873891096179,0,true,true,backward_euler_step_doubling,0.00002,,0.6
0.07425810928134562,R3,resistor,B,0,1000,Ω,,0,,3.226937813337721,0.003226937813337721,0.010413127651148832,0,true,true,backward_euler_step_doubling,0.00002,,0.6
0.07425810928134562,R4,resistor,A,C,1000,Ω,,0,,2.3025837511169605,0.0023025837511169603,0.005301891930907852,0,true,true,backward_euler_step_doubling,0.00002,,0.6
0.07425810928134562,R5,resistor,C,0,2000,Ω,,0,,3.6974162488830395,0.0018487081244415197,0.006835443458752163,0,true,true,backward_euler_step_doubling,0.00002,,0.6
0.07425810928134562,C6,capacitor,B,C,100,µF,,0,V,-0.47047843554531843,-0.00045387562667535355,0.00021353869477037135,0.000011067497915658517,true,true,backward_euler_step_doubling,0.00002,1e-7,0.6
0.07467986093050116,V1,voltage,A,0,6,V,,0,,6,-0.0050753734616499555,-0.030452240769899733,0,true,true,backward_euler_step_doubling,0.00002,,0.6
0.07467986093050116,R2,resistor,A,B,1000,Ω,,0,,2.7738796150502396,0.0027738796150502394,0.007694408118791265,0,true,true,backward_euler_step_doubling,0.00002,,0.6
0.07467986093050116,R3,resistor,B,0,1000,Ω,,0,,3.2261203849497604,0.0032261203849497603,0.01040785273818839,0,true,true,backward_euler_step_doubling,0.00002,,0.6
0.07467986093050116,R4,resistor,A,C,1000,Ω,,0,,2.3014938465997163,0.0023014938465997165,0.005296873925936359,0,true,true,backward_euler_step_doubling,0.00002,,0.6
0.07467986093050116,R5,resistor,C,0,2000,Ω,,0,,3.6985061534002837,0.0018492530767001418,0.006839473883369881,0,true,true,backward_euler_step_doubling,0.00002,,0.6
0.07467986093050116,C6,capacitor,B,C,100,µF,,0,V,-0.47238576845052327,-0.00045224076989948815,0.00021363210361362598,0.000011157415711729568,true,true,backward_euler_step_doubling,0.00002,1e-7,0.6
0.07510161257965671,V1,voltage,A,0,6,V,,0,,6,-0.005075101966977723,-0.03045061180186634,0,true,true,backward_euler_step_doubling,0.00002,,0.6
0.07510161257965671,R2,resistor,A,B,1000,Ω,,0,,2.774694099066953,0.0027746940990669533,0.007698927343396971,0,true,true,backward_euler_step_doubling,0.00002,,0.6
0.07510161257965671,R3,resistor,B,0,1000,Ω,,0,,3.225305900933047,0.003225305900933047,0.010402598154593533,0,true,true,backward_euler_step_doubling,0.00002,,0.6
0.07510161257965671,R4,resistor,A,C,1000,Ω,,0,,2.3004078679107702,0.00230040786791077,0.005291876358745775,0,true,true,backward_euler_step_doubling,0.00002,,0.6
0.07510161257965671,R5,resistor,C,0,2000,Ω,,0,,3.6995921320892298,0.0018497960660446148,0.006843490971908266,0,true,true,backward_euler_step_doubling,0.00002,,0.6
0.07510161257965671,C6,capacitor,B,C,100,µF,,0,V,-0.47428623115618285,-0.0004506118018660454,0.0002137189732215433,0.000011247371453216804,true,true,backward_euler_step_doubling,0.00002,1e-7,0.6
0.07552659194751088,V1,voltage,A,0,6,V,,0,,6,-0.0050748293874424925,-0.030448976324654955,0,true,true,backward_euler_step_doubling,0.00002,,0.6
0.07552659194751088,R2,resistor,A,B,1000,Ω,,0,,2.775511837672504,0.002775511837672504,0.0077034659610602,0,true,true,backward_euler_step_doubling,0.00002,,0.6
0.07552659194751088,R3,resistor,B,0,1000,Ω,,0,,3.224488162327496,0.003224488162327496,0.01039732390899015,0,true,true,backward_euler_step_doubling,0.00002,,0.6
0.07552659194751088,R4,resistor,A,C,1000,Ω,,0,,2.299317549769988,0.002299317549769988,0.005286861194680262,0,true,true,backward_euler_step_doubling,0.00002,,0.6
0.07552659194751088,R5,resistor,C,0,2000,Ω,,0,,3.700682450230012,0.001850341225115006,0.006847525298720202,0,true,true,backward_euler_step_doubling,0.00002,,0.6
0.07552659194751088,C6,capacitor,B,C,100,µF,,0,V,-0.47619428790251606,-0.00044897632465488747,0.000213799961204123,0.000011338049991549217,true,true,backward_euler_step_doubling,0.00002,1e-7,0.6
0.07595157131536504,V1,voltage,A,0,6,V,,0,,6,-0.005074557797223642,-0.03044734678334185,0,true,true,backward_euler_step_doubling,0.00002,,0.6
0.07595157131536504,R2,resistor,A,B,1000,Ω,,0,,2.77632660832906,0.0027763266083290603,0.007707989436115943,0,true,true,backward_euler_step_doubling,0.00002,,0.6
0.07595157131536504,R3,resistor,B,0,1000,Ω,,0,,3.22367339167094,0.00322367339167094,0.010392070136167221,0,true,true,backward_euler_step_doubling,0.00002,,0.6
0.07595157131536504,R4,resistor,A,C,1000,Ω,,0,,2.2982311888945817,0.002298231188894582,0.005281866597607802,0,true,true,backward_euler_step_doubling,0.00002,,0.6
0.07595157131536504,R5,resistor,C,0,2000,Ω,,0,,3.7017688111054183,0.0018508844055527092,0.006851546165436411,0,true,true,backward_euler_step_doubling,0.00002,,0.6
0.07595157131536504,C6,capacitor,B,C,100,µF,,0,V,-0.4780954194344784,-0.0004473467833419027,0.0002138744480145117,0.000011428761504211491,true,true,backward_euler_step_doubling,0.00002,1e-7,0.6
0.07637980209528493,V1,voltage,A,0,6,V,,0,,6,-0.005074285129973785,-0.03044571077984271,0,true,true,backward_euler_step_doubling,0.00002,,0.6
0.07637980209528493,R2,resistor,A,B,1000,Ω,,0,,2.7771446100784862,0.002777144610078486,0.007712532185287987,0,true,true,backward_euler_step_doubling,0.00002,,0.6
0.07637980209528493,R3,resistor,B,0,1000,Ω,,0,,3.2228553899215138,0.0032228553899215136,0.010386796864346152,0,true,true,backward_euler_step_doubling,0.00002,,0.6
0.07637980209528493,R4,resistor,A,C,1000,Ω,,0,,2.2971405198952994,0.0022971405198952996,0.005276854568144847,0,true,true,backward_euler_step_doubling,0.00002,,0.6
0.07637980209528493,R5,resistor,C,0,2000,Ω,,0,,3.7028594801047006,0.0018514297400523503,0.006855584164700627,0,true,true,backward_euler_step_doubling,0.00002,,0.6
0.07637980209528493,C6,capacitor,B,C,100,µF,,0,V,-0.4800040901831868,-0.00044571077984292606,0.0002139429973633424,0.000011520196329629444,true,true,backward_euler_step_doubling,0.00002,1e-7,0.6
0.07680803287520481,V1,voltage,A,0,6,V,,0,,6,-0.005074013459902432,-0.030444080759414592,0,true,true,backward_euler_step_doubling,0.00002,,0.6
0.07680803287520481,R2,resistor,A,B,1000,Ω,,0,,2.777959620292568,0.002777959620292568,0.007717059651976029,0,true,true,backward_euler_step_doubling,0.00002,,0.6
0.07680803287520481,R3,resistor,B,0,1000,Ω,,0,,3.222040379707432,0.003222040379707432,0.010381544208465212,0,true,true,backward_euler_step_doubling,0.00002,,0.6
0.07680803287520481,R4,resistor,A,C,1000,Ω,,0,,2.296053839609865,0.002296053839609865,0.005271863234387203,0,true,true,backward_euler_step_doubling,0.00002,,0.6
0.07680803287520481,R5,resistor,C,0,2000,Ω,,0,,3.703946160390135,0.0018519730801950676,0.006859608579534412,0,true,true,backward_euler_step_doubling,0.00002,,0.6
0.07680803287520481,C6,capacitor,B,C,100,µF,,0,V,-0.4819057806827032,-0.0004440807594148531,0.0002140050850519825,0.00001161165907277028,true,true,backward_euler_step_doubling,0.00002,1e-7,0.6
0.07723953911663206,V1,voltage,A,0,6,V,,0,,6,-0.005073740720635056,-0.03044244432381034,0,true,true,backward_euler_step_doubling,0.00002,,0.6
0.07723953911663206,R2,resistor,A,B,1000,Ω,,0,,2.7787778380949195,0.0027787778380949195,0.007721606273487475,0,true,true,backward_euler_step_doubling,0.00002,,0.6
0.07723953911663206,R3,resistor,B,0,1000,Ω,,0,,3.2212221619050805,0.0032212221619050806,0.010376272216348442,0,true,true,backward_euler_step_doubling,0.00002,,0.6
0.07723953911663206,R4,resistor,A,C,1000,Ω,,0,,2.2949628825401347,0.0022949628825401345,0.005266854632236924,0,true,true,backward_euler_step_doubling,0.00002,,0.6
0.07723953911663206,R5,resistor,C,0,2000,Ω,,0,,3.7050371174598653,0.0018525185587299326,0.0068636500208776536,0,true,true,backward_euler_step_doubling,0.00002,,0.6
0.07723953911663206,C6,capacitor,B,C,100,µF,,0,V,-0.4838149555547848,-0.0004424443238102016,0.0002140611808596995,0.00001170384556092392,true,true,backward_euler_step_doubling,0.00002,1e-7,0.6
0.07767104535805933,V1,voltage,A,0,6,V,,0,,6,-0.005073468986410607,-0.030440813918463643,0,true,true,backward_euler_step_doubling,0.00002,,0.6
0.07767104535805933,R2,resistor,A,B,1000,Ω,,0,,2.77959304076832,0.00277959304076832,0.007726137472287676,0,true,true,backward_euler_step_doubling,0.00002,,0.6
0.07767104535805933,R3,resistor,B,0,1000,Ω,,0,,3.22040695923168,0.00322040695923168,0.010371020983067835,0,true,true,backward_euler_step_doubling,0.00002,,0.6
0.07767104535805933,R4,resistor,A,C,1000,Ω,,0,,2.2938759456422857,0.0022938759456422857,0.005261866853996291,0,true,true,backward_euler_step_doubling,0.00002,,0.6
0.07767104535805933,R5,resistor,C,0,2000,Ω,,0,,3.7061240543577143,0.0018530620271788572,0.006867677753144431,0,true,true,backward_euler_step_doubling,0.00002,,0.6
0.07767104535805933,C6,capacitor,B,C,100,µF,,0,V,-0.48571709512603434,-0.00044081391846337385,0.0002141108559671545,0.000011796054824883654,true,true,backward_euler_step_doubling,0.00002,1e-7,0.6
0.07810585147316924,V1,voltage,A,0,6,V,,0,,6,-0.0050731961908273195,-0.030439177144963917,0,true,true,backward_euler_step_doubling,0.00002,,0.6
0.07810585147316924,R2,resistor,A,B,1000,Ω,,0,,2.7804114275179117,0.0027804114275179117,0.007730687706272192,0,true,true,backward_euler_step_doubling,0.00002,,0.6
0.07810585147316924,R3,resistor,B,0,1000,Ω,,0,,3.2195885724820883,0.0032195885724820884,0.010365750576057252,0,true,true,backward_euler_step_doubling,0.00002,,0.6
0.07810585147316924,R4,resistor,A,C,1000,Ω,,0,,2.292784763309408,0.002292784763309408,0.005256861970863777,0,true,true,backward_euler_step_doubling,0.00002,,0.6
0.07810585147316924,R5,resistor,C,0,2000,Ω,,0,,3.707215236690592,0.0018536076183452961,0.0068717224055754415,0,true,true,backward_euler_step_doubling,0.00002,,0.6
0.07810585147316924,C6,capacitor,B,C,100,µF,,0,V,-0.48762666420850387,-0.0004391771449642107,0.0002141544861955126,0.000011888988182355648,true,true,backward_euler_step_doubling,0.00002,1e-7,0.6
0.07854065758827916,V1,voltage,A,0,6,V,,0,,6,-0.00507292440815356,-0.03043754644892136,0,true,true,backward_euler_step_doubling,0.00002,,0.6
0.07854065758827916,R2,resistor,A,B,1000,Ω,,0,,2.7812267755392104,0.0027812267755392105,0.007735222376976233,0,true,true,backward_euler_step_doubling,0.00002,,0.6
0.07854065758827916,R3,resistor,B,0,1000,Ω,,0,,3.2187732244607896,0.0032187732244607897,0.010360501070505708,0,true,true,backward_euler_step_doubling,0.00002,,0.6
0.07854065758827916,R4,resistor,A,C,1000,Ω,,0,,2.2916976326143494,0.0022916976326143495,0.005251878039330214,0,true,true,backward_euler_step_doubling,0.00002,,0.6
0.07854065758827916,R5,resistor,C,0,2000,Ω,,0,,3.7083023673856506,0.0018541511836928253,0.006875753223979011,0,true,true,backward_euler_step_doubling,0.00002,,0.6
0.07854065758827916,C6,capacitor,B,C,100,µF,,0,V,-0.48952914292486094,-0.0004375464489215231,0.00021419173813036965,0.000011981939088637446,true,true,backward_euler_step_doubling,0.00002,1e-7,0.6
0.07897878835881764,V1,voltage,A,0,6,V,,0,,6,-0.005072651571960413,-0.030435909431762477,0,true,true,backward_euler_step_doubling,0.00002,,0.6
0.07897878835881764,R2,resistor,A,B,1000,Ω,,0,,2.7820452841187517,0.002782045284118752,0.007739775962887386,0,true,true,backward_euler_step_doubling,0.00002,,0.6
0.07897878835881764,R3,resistor,B,0,1000,Ω,,0,,3.2179547158812483,0.0032179547158812482,0.010355232553462365,0,true,true,backward_euler_step_doubling,0.00002,,0.6
0.07897878835881764,R4,resistor,A,C,1000,Ω,,0,,2.2906062878416598,0.00229060628784166,0.005246877165899749,0,true,true,backward_euler_step_doubling,0.00002,,0.6
0.07897878835881764,R5,resistor,C,0,2000,Ω,,0,,3.7093937121583402,0.00185469685607917,0.006879800855899915,0,true,true,backward_euler_step_doubling,0.00002,,0.6
0.07897878835881764,C6,capacitor,B,C,100,µF,,0,V,-0.491438996277092,-0.00043590943176252564,0.0002142228936130931,0.000012075614353091781,true,true,backward_euler_step_doubling,0.00002,1e-7,0.6
0.07941691912935611,V1,voltage,A,0,6,V,,0,,6,-0.005072379756544646,-0.030434278539267876,0,true,true,backward_euler_step_doubling,0.00002,,0.6
0.07941691912935611,R2,resistor,A,B,1000,Ω,,0,,2.7828607303660577,0.002782860730366058,0.0077443138446135085,0,true,true,backward_euler_step_doubling,0.00002,,0.6
0.07941691912935611,R3,resistor,B,0,1000,Ω,,0,,3.2171392696339423,0.0032171392696339423,0.010349985080220815,0,true,true,backward_euler_step_doubling,0.00002,,0.6
0.07941691912935611,R4,resistor,A,C,1000,Ω,,0,,2.2895190261785876,0.002289519026178588,0.005241897371233748,0,true,true,backward_euler_step_doubling,0.00002,,0.6
0.07941691912935611,R5,resistor,C,0,2000,Ω,,0,,3.7104809738214124,0.0018552404869107062,0.006883834528545348,0,true,true,backward_euler_step_doubling,0.00002,,0.6
0.07941691912935611,C6,capacitor,B,C,100,µF,,0,V,-0.49334170418747014,-0.00043427853926801037,0.0002142477146545254,0.000012169301854529865,true,true,backward_euler_step_doubling,0.00002,1e-7,0.6
0.07985839971362227,V1,voltage,A,0,6,V,,0,,6,-0.005072106895450321,-0.030432641372701928,0,true,true,backward_euler_step_doubling,0.00002,,0.6
0.07985839971362227,R2,resistor,A,B,1000,Ω,,0,,2.783679313648887,0.002783679313648887,0.007748870521236739,0,true,true,backward_euler_step_doubling,0.00002,,0.6
0.07985839971362227,R3,resistor,B,0,1000,Ω,,0,,3.216320686351113,0.003216320686351113,0.010344718757450095,0,true,true,backward_euler_step_doubling,0.00002,,0.6
0.07985839971362227,R4,resistor,A,C,1000,Ω,,0,,2.288427581801434,0.0022884275818014343,0.00523690079714956,0,true,true,backward_euler_step_doubling,0.00002,,0.6
0.07985839971362227,R5,resistor,C,0,2000,Ω,,0,,3.711572418198566,0.001855786209099283,0.006887884907766175,0,true,true,backward_euler_step_doubling,0.00002,,0.6
0.07985839971362227,C6,capacitor,B,C,100,µF,,0,V,-0.49525173184745297,-0.0004326413727022032,0.0002142663890996255,0.00001226371389489507,true,true,backward_euler_step_doubling,0.00002,1e-7,0.6
0.08029988029788844,V1,voltage,A,0,6,V,,0,,6,-0.00507183506300245,-0.030431010378014697,0,true,true,backward_euler_step_doubling,0.00002,,0.6
0.08029988029788844,R2,resistor,A,B,1000,Ω,,0,,2.7844948109925056,0.0027844948109925056,0.007753411352444189,0,true,true,backward_euler_step_doubling,0.00002,,0.6
0.08029988029788844,R3,resistor,B,0,1000,Ω,,0,,3.2155051890074944,0.0032155051890074946,0.010339473620534122,0,true,true,backward_euler_step_doubling,0.00002,,0.6
0.08029988029788844,R4,resistor,A,C,1000,Ω,,0,,2.2873402520099444,0.0022873402520099443,0.005231925428464916,0,true,true,backward_euler_step_doubling,0.00002,,0.6
0.08029988029788844,R5,resistor,C,0,2000,Ω,,0,,3.7126597479900556,0.0018563298739950277,0.006891921202172791,0,true,true,backward_euler_step_doubling,0.00002,,0.6
0.08029988029788844,C6,capacitor,B,C,100,µF,,0,V,-0.4971545589825612,-0.00043101037801496407,0.00021427877439893645,0.000012358132775857247,true,true,backward_euler_step_doubling,0.00002,1e-7,0.6
0.08074473623803782,V1,voltage,A,0,6,V,,0,,6,-0.005071562192717987,-0.030429373156307924,0,true,true,backward_euler_step_doubling,0.00002,,0.6
0.08074473623803782,R2,resistor,A,B,1000,Ω,,0,,2.785313421845897,0.002785313421845897,0.007757970857914899,0,true,true,backward_euler_step_doubling,0.00002,,0.6
0.08074473623803782,R3,resistor,B,0,1000,Ω,,0,,3.214686578154103,0.003214686578154103,0.010334209795764137,0,true,true,backward_euler_step_doubling,0.00002,,0.6
0.08074473623803782,R4,resistor,A,C,1000,Ω,,0,,2.2862487708720916,0.0022862487708720917,0.005226933442314149,0,true,true,backward_euler_step_doubling,0.00002,,0.6
0.08074473623803782,R5,resistor,C,0,2000,Ω,,0,,3.7137512291279084,0.0018568756145639542,0.006895974095924525,0,true,true,backward_euler_step_doubling,0.00002,,0.6
0.08074473623803782,C6,capacitor,B,C,100,µF,,0,V,-0.49906465097380526,-0.00042937315630822123,0.00021428496439048356,0.000012453276292580302,true,true,backward_euler_step_doubling,0.00002,1e-7,0.6
0.08118959217818722,V1,voltage,A,0,6,V,,0,,6,-0.005071290358949529,-0.030427742153697174,0,true,true,backward_euler_step_doubling,0.00002,,0.6
0.08118959217818722,R2,resistor,A,B,1000,Ω,,0,,2.78612892315129,0.00278612892315129,0.007762514376420166,0,true,true,backward_euler_step_doubling,0.00002,,0.6
0.08118959217818722,R3,resistor,B,0,1000,Ω,,0,,3.21387107684871,0.00321387107684871,0.010328967298604688,0,true,true,backward_euler_step_doubling,0.00002,,0.6
0.08118959217818722,R4,resistor,A,C,1000,Ω,,0,,2.285161435798239,0.002285161435798239,0.005221962787659469,0,true,true,backward_euler_step_doubling,0.00002,,0.6
0.08118959217818722,R5,resistor,C,0,2000,Ω,,0,,3.714838564201761,0.0018574192821008805,0.006900012779040301,0,true,true,backward_euler_step_doubling,0.00002,,0.6
0.08118959217818722,C6,capacitor,B,C,100,µF,,0,V,-0.500967487353051,-0.00042774215369737866,0.00021428491197275832,0.000012548421169241463,true,true,backward_euler_step_doubling,0.00002,1e-7,0.6
0.08163784940741044,V1,voltage,A,0,6,V,,0,,6,-0.005071017495187145,-0.030426104971122872,0,true,true,backward_euler_step_doubling,0.00002,,0.6
0.08163784940741044,R2,resistor,A,B,1000,Ω,,0,,2.786947514438666,0.002786947514438666,0.007767076448235858,0,true,true,backward_euler_step_doubling,0.00002,,0.6
0.08163784940741044,R3,resistor,B,0,1000,Ω,,0,,3.213052485561334,0.003213052485561334,0.010323706274971867,0,true,true,backward_euler_step_doubling,0.00002,,0.6
0.08163784940741044,R4,resistor,A,C,1000,Ω,,0,,2.284069980748478,0.002284069980748478,0.005216975676956353,0,true,true,backward_euler_step_doubling,0.00002,,0.6
0.08163784940741044,R5,resistor,C,0,2000,Ω,,0,,3.715930019251522,0.001857965009625761,0.006904067953987308,0,true,true,backward_euler_step_doubling,0.00002,,0.6
0.08163784940741044,C6,capacitor,B,C,100,µF,,0,V,-0.5028775336901878,-0.00042610497112267583,0.00021427861697129993,0.0000126442906945163,true,true,backward_euler_step_doubling,0.00002,1e-7,0.6
0.08208610663663364,V1,voltage,A,0,6,V,,0,,6,-0.005070745675810413,-0.030424474054862476,0,true,true,backward_euler_step_doubling,0.00002,,0.6
0.08208610663663364,R2,resistor,A,B,1000,Ω,,0,,2.7877629725688484,0.0027877629725688484,0.007771622391225902,0,true,true,backward_euler_step_doubling,0.00002,,0.6
0.08208610663663364,R3,resistor,B,0,1000,Ω,,0,,3.2122370274311516,0.0032122370274311517,0.010318466720399721,0,true,true,backward_euler_step_doubling,0.00002,,0.6
0.08208610663663364,R4,resistor,A,C,1000,Ω,,0,,2.2829827032415633,0.0022829827032415633,0.005212010023300156,0,true,true,backward_euler_step_doubling,0.00002,,0.6
0.08208610663663364,R5,resistor,C,0,2000,Ω,,0,,3.7170172967584367,0.0018585086483792184,0.006908108792200699,0,true,true,backward_euler_step_doubling,0.00002,,0.6
0.08208610663663364,C6,capacitor,B,C,100,µF,,0,V,-0.5047802693272851,-0.00042447405486233276,0.00021426612773585316,0.000012740156015106324,true,true,backward_euler_step_doubling,0.00002,1e-7,0.6
0.08253779148682522,V1,voltage,A,0,6,V,,0,,6,-0.005070472834282431,-0.030422837005694585,0,true,true,backward_euler_step_doubling,0.00002,,0.6
0.08253779148682522,R2,resistor,A,B,1000,Ω,,0,,2.7885814971527205,0.0027885814971527205,0.007776186766262508,0,true,true,backward_euler_step_doubling,0.00002,,0.6
0.08253779148682522,R3,resistor,B,0,1000,Ω,,0,,3.2114185028472795,0.0032114185028472796,0.010313208800429862,0,true,true,backward_euler_step_doubling,0.00002,,0.6
0.08253779148682522,R4,resistor,A,C,1000,Ω,,0,,2.2818913371297094,0.0022818913371297094,0.005207028074467613,0,true,true,backward_euler_step_doubling,0.00002,,0.6
0.08253779148682522,R5,resistor,C,0,2000,Ω,,0,,3.7181086628702906,0.0018590543314351453,0.0069121660144555504,0,true,true,backward_euler_step_doubling,0.00002,,0.6
0.08253779148682522,C6,capacitor,B,C,100,µF,,0,V,-0.5066901600230111,-0.00042283700569456067,0.00021424735007902782,0.000012836745913207232,true,true,backward_euler_step_doubling,0.00002,1e-7,0.6
0.08298947633701678,V1,voltage,A,0,6,V,,0,,6,-0.005070201045009571,-0.030421206270057424,0,true,true,backward_euler_step_doubling,0.00002,,0.6
0.08298947633701678,R2,resistor,A,B,1000,Ω,,0,,2.7893968649712435,0.0027893968649712435,0.007780734870311402,0,true,true,backward_euler_step_doubling,0.00002,,0.6
0.08298947633701678,R3,resistor,B,0,1000,Ω,,0,,3.2106031350287565,0.0032106031350287566,0.01030797249065648,0,true,true,backward_euler_step_doubling,0.00002,,0.6
0.08298947633701678,R4,resistor,A,C,1000,Ω,,0,,2.280804180038326,0.002280804180038326,0.0052020677076803,0,true,true,backward_euler_step_doubling,0.00002,,0.6
0.08298947633701678,R5,resistor,C,0,2000,Ω,,0,,3.719195819961674,0.0018595979099808372,0.006916208773610195,0,true,true,backward_euler_step_doubling,0.00002,,0.6
0.08298947633701678,C6,capacitor,B,C,100,µF,,0,V,-0.5085926849329176,-0.00042120627005745045,0.0002142224277990983,0.000012933325958363702,true,true,backward_euler_step_doubling,0.00002,1e-7,0.6
0.0834446155464769,V1,voltage,A,0,6,V,,0,,6,-0.00506992824142799,-0.03041956944856794,0,true,true,backward_euler_step_doubling,0.00002,,0.6
0.0834446155464769,R2,resistor,A,B,1000,Ω,,0,,2.7902152757161267,0.0027902152757161265,0.00778530128483962,0,true,true,backward_euler_step_doubling,0.00002,,0.6
0.0834446155464769,R3,resistor,B,0,1000,Ω,,0,,3.2097847242838733,0.003209784724283873,0.0103027179762461,0,true,true,backward_euler_step_doubling,0.00002,,0.6
0.0834446155464769,R4,resistor,A,C,1000,Ω,,0,,2.2797129657118615,0.0022797129657118618,0.005197091206034772,0,true,true,backward_euler_step_doubling,0.00002,,0.6
0.0834446155464769,R5,resistor,C,0,2000,Ω,,0,,3.7202870342881385,0.0018601435171440692,0.006920267808746217,0,true,true,backward_euler_step_doubling,0.00002,,0.6
0.0834446155464769,C6,capacitor,B,C,100,µF,,0,V,-0.5105023100042652,-0.0004195694485677613,0.00021419117270105785,0.00001303063042598454,true,true,backward_euler_step_doubling,0.00002,1e-7,0.6
0.08389975475593703,V1,voltage,A,0,6,V,,0,,6,-0.005069656497970099,-0.030417938987820595,0,true,true,backward_euler_step_doubling,0.00002,,0.6
0.08389975475593703,R2,resistor,A,B,1000,Ω,,0,,2.7910305060897773,0.002791030506089777,0.007789851285923758,0,true,true,backward_euler_step_doubling,0.00002,,0.6
0.08389975475593703,R3,resistor,B,0,1000,Ω,,0,,3.2089694939102227,0.0032089694939102225,0.01029748521284643,0,true,true,backward_euler_step_doubling,0.00002,,0.6
0.08389975475593703,R4,resistor,A,C,1000,Ω,,0,,2.2786259918803204,0.0022786259918803203,0.005192136410872574,0,true,true,backward_euler_step_doubling,0.00002,,0.6
0.08389975475593703,R5,resistor,C,0,2000,Ω,,0,,3.7213740081196796,0.0018606870040598397,0.006924312254154364,0,true,true,backward_euler_step_doubling,0.00002,,0.6
0.08389975475593703,C6,capacitor,B,C,100,µF,,0,V,-0.5124045142094569,-0.0004179389878204668,0.00021415382402333838,0.000013127919309111474,true,true,backward_euler_step_doubling,0.00002,1e-7,0.6
0.08435837547722524,V1,voltage,A,0,6,V,,0,,6,-0.005069383748045153,-0.030416302488270916,0,true,true,backward_euler_step_doubling,0.00002,,0.6
0.08435837547722524,R2,resistor,A,B,1000,Ω,,0,,2.791848755864529,0.002791848755864529,0.007794419475622319,0,true,true,backward_euler_step_doubling,0.00002,,0.6
0.08435837547722524,R3,resistor,B,0,1000,Ω,,0,,3.208151244135471,0.0032081512441354708,0.01029223440524797,0,true,true,backward_euler_step_doubling,0.00002,,0.6
0.08435837547722524,R4,resistor,A,C,1000,Ω,,0,,2.277534992180623,0.002277534992180623,0.005187165640607191,0,true,true,backward_euler_step_doubling,0.00002,,0.6
0.08435837547722524,R5,resistor,C,0,2000,Ω,,0,,3.722465007819377,0.0018612325039096885,0.006928372867219857,0,true,true,backward_euler_step_doubling,0.00002,,0.6
0.08435837547722524,C6,capacitor,B,C,100,µF,,0,V,-0.5143137636839059,-0.0004163024882709524,0.0002141100995736086,0.000013225932375735229,true,true,backward_euler_step_doubling,0.00002,1e-7,0.6
0.08481699619851346,V1,voltage,A,0,6,V,,0,,6,-0.00506911206611137,-0.030414672396668216,0,true,true,backward_euler_step_doubling,0.00002,,0.6
0.08481699619851346,R2,resistor,A,B,1000,Ω,,0,,2.792663801665929,0.002792663801665929,0.007798971109135198,0,true,true,backward_euler_step_doubling,0.00002,,0.6
0.08481699619851346,R3,resistor,B,0,1000,Ω,,0,,3.207336198334071,0.0032073361983340713,0.010287005489144052,0,true,true,backward_euler_step_doubling,0.00002,,0.6
0.08481699619851346,R4,resistor,A,C,1000,Ω,,0,,2.2764482644454405,0.0022764482644454403,0.005182216700696658,0,true,true,backward_euler_step_doubling,0.00002,,0.6
0.08481699619851346,R5,resistor,C,0,2000,Ω,,0,,3.7235517355545595,0.0018617758677772797,0.006932418763675686,0,true,true,backward_euler_step_doubling,0.00002,,0.6
0.08481699619851346,C6,capacitor,B,C,100,µF,,0,V,-0.5162155372204884,-0.00041467239666812596,0.0002140603340165441,0.000013323924043391872,true,true,backward_euler_step_doubling,0.00002,1e-7,0.6
0.08527912600665738,V1,voltage,A,0,6,V,,0,,6,-0.005068839385551076,-0.030413036313306455,0,true,true,backward_euler_step_doubling,0.00002,,0.6
0.08527912600665738,R2,resistor,A,B,1000,Ω,,0,,2.7934818433469055,0.0027934818433469053,0.0078035408091088245,0,true,true,backward_euler_step_doubling,0.00002,,0.6
0.08527912600665738,R3,resistor,B,0,1000,Ω,,0,,3.2065181566530945,0.0032065181566530944,0.010281758688945958,0,true,true,backward_euler_step_doubling,0.00002,,0.6
0.08527912600665738,R4,resistor,A,C,1000,Ω,,0,,2.2753575422041705,0.0022753575422041704,0.005177251944865404,0,true,true,backward_euler_step_doubling,0.00002,,0.6
0.08527912600665738,R5,resistor,C,0,2000,Ω,,0,,3.7246424577958295,0.0018623212288979148,0.006936480719207679,0,true,true,backward_euler_step_doubling,0.00002,,0.6
0.08527912600665738,C6,capacitor,B,C,100,µF,,0,V,-0.518124301142735,-0.0004130363133061861,0.0002140041511783394,0.000013422639571732375,true,true,backward_euler_step_doubling,0.00002,1e-7,0.6
0.0857412558148013,V1,voltage,A,0,6,V,,0,,6,-0.005068567780847575,-0.030411406685085452,0,true,true,backward_euler_step_doubling,0.00002,,0.6
0.0857412558148013,R2,resistor,A,B,1000,Ω,,0,,2.7942966574573926,0.0027942966574573927,0.007808093809877558,0,true,true,backward_euler_step_doubling,0.00002,,0.6
0.0857412558148013,R3,resistor,B,0,1000,Ω,,0,,3.2057033425426074,0.0032057033425426074,0.010276533920388846,0,true,true,backward_euler_step_doubling,0.00002,,0.6
0.0857412558148013,R4,resistor,A,C,1000,Ω,,0,,2.2742711233901822,0.002274271123390182,0.005172309142686442,0,true,true,backward_euler_step_doubling,0.00002,,0.6
0.0857412558148013,R5,resistor,C,0,2000,Ω,,0,,3.7257288766098178,0.001862864438304909,0.0069405278310021275,0,true,true,backward_euler_step_doubling,0.00002,,0.6
0.0857412558148013,C6,capacitor,B,C,100,µF,,0,V,-0.5200255340672104,-0.00041140668508518385,0.0002139419811302434,0.00001352132780409437,true,true,backward_euler_step_doubling,0.00002,1e-7,0.6
0.08620692271558168,V1,voltage,A,0,6,V,,0,,6,-0.005068295185356389,-0.030409771112138332,0,true,true,backward_euler_step_doubling,0.00002,,0.6
0.08620692271558168,R2,resistor,A,B,1000,Ω,,0,,2.7951144439308937,0.002795114443930894,0.007812664754671109,0,true,true,backward_euler_step_doubling,0.00002,,0.6
0.08620692271558168,R3,resistor,B,0,1000,Ω,,0,,3.2048855560691063,0.0032048855560691063,0.010271291427500384,0,true,true,backward_euler_step_doubling,0.00002,,0.6
0.08620692271558168,R4,resistor,A,C,1000,Ω,,0,,2.2731807414254956,0.0022731807414254957,0.005167350683187766,0,true,true,backward_euler_step_doubling,0.00002,,0.6
0.08620692271558168,R5,resistor,C,0,2000,Ω,,0,,3.7268192585745044,0.0018634096292872522,0.006944590893040909,0,true,true,backward_euler_step_doubling,0.00002,,0.6
0.08620692271558168,C6,capacitor,B,C,100,µF,,0,V,-0.5219337025053981,-0.00040977111213828246,0.0002138733537380884,0.000013620739490549667,true,true,backward_euler_step_doubling,0.00002,1e-7,0.6
0.08667258961636207,V1,voltage,A,0,6,V,,0,,6,-0.005068023673585611,-0.030408142041513667,0,true,true,backward_euler_step_doubling,0.00002,,0.6
0.08667258961636207,R2,resistor,A,B,1000,Ω,,0,,2.7959289792432536,0.0027959289792432534,0.007817218856972221,0,true,true,backward_euler_step_doubling,0.00002,,0.6
0.08667258961636207,R3,resistor,B,0,1000,Ω,,0,,3.2040710207567464,0.0032040710207567463,0.010266071106053178,0,true,true,backward_euler_step_doubling,0.00002,,0.6
0.08667258961636207,R4,resistor,A,C,1000,Ω,,0,,2.2720946943423574,0.0022720946943423576,0.005162414300058691,0,true,true,backward_euler_step_doubling,0.00002,,0.6
0.08667258961636207,R5,resistor,C,0,2000,Ω,,0,,3.7279053056576426,0.0018639526528288213,0.006948638983975201,0,true,true,backward_euler_step_doubling,0.00002,,0.6
0.08667258961636207,C6,capacitor,B,C,100,µF,,0,V,-0.5238342849008961,-0.0004081420415135795,0.00021379879445425777,0.000013720117901881659,true,true,backward_euler_step_doubling,0.00002,1e-7,0.6
0.0871418220547802,V1,voltage,A,0,6,V,,0,,6,-0.005067751178863917,-0.030406507073183504,0,true,true,backward_euler_step_doubling,0.00002,,0.6
0.0871418220547802,R2,resistor,A,B,1000,Ω,,0,,2.7967464634083283,0.0027967464634083283,0.007821790780586991,0,true,true,backward_euler_step_doubling,0.00002,,0.6
0.0871418220547802,R3,resistor,B,0,1000,Ω,,0,,3.2032535365916717,0.003203253536591672,0.010260833219687052,0,true,true,backward_euler_step_doubling,0.00002,,0.6
0.0871418220547802,R4,resistor,A,C,1000,Ω,,0,,2.2710047154555912,0.002271004715455591,0.005157462417621531,0,true,true,backward_euler_step_doubling,0.00002,,0.6
0.0871418220547802,R5,resistor,C,0,2000,Ω,,0,,3.7289952845444088,0.0018644976422722043,0.006952702916077217,0,true,true,backward_euler_step_doubling,0.00002,,0.6
0.0871418220547802,C6,capacitor,B,C,100,µF,,0,V,-0.5257417479527371,-0.0004065070731834649,0.00021371773921062605,0.000013820219277019964,true,true,backward_euler_step_doubling,0.00002,1e-7,0.6
0.08761105449319834,V1,voltage,A,0,6,V,,0,,6,-0.005067479775723565,-0.03040487865434139,0,true,true,backward_euler_step_doubling,0.00002,,0.6
0.08761105449319834,R2,resistor,A,B,1000,Ω,,0,,2.7975606728293516,0.0027975606728293514,0.007826345718161414,0,true,true,backward_euler_step_doubling,0.00002,,0.6
0.08761105449319834,R3,resistor,B,0,1000,Ω,,0,,3.2024393271706484,0.0032024393271706483,0.010255617644209195,0,true,true,backward_euler_step_doubling,0.00002,,0.6
0.08761105449319834,R4,resistor,A,C,1000,Ω,,0,,2.2699191028942143,0.0022699191028942144,0.005152532733684075,0,true,true,backward_euler_step_doubling,0.00002,,0.6
0.08761105449319834,R5,resistor,C,0,2000,Ω,,0,,3.7300808971057857,0.0018650404485528928,0.006956751749476751,0,true,true,backward_euler_step_doubling,0.00002,,0.6
0.08761105449319834,C6,capacitor,B,C,100,µF,,0,V,-0.5276415699351373,-0.00040487865434130364,0.00021363080880987126,0.00001392028131618082,true,true,backward_euler_step_doubling,0.00002,1e-7,0.6
0.08808388136232961,V1,voltage,A,0,6,V,,0,,6,-0.0050672073974664545,-0.030403244384798727,0,true,true,backward_euler_step_doubling,0.00002,,0.6
0.08808388136232961,R2,resistor,A,B,1000,Ω,,0,,2.798377807600592,0.002798377807600592,0.007830918354071497,0,true,true,backward_euler_step_doubling,0.00002,,0.6
0.08808388136232961,R3,resistor,B,0,1000,Ω,,0,,3.201622192399408,0.003201622192399408,0.010250384662864391,0,true,true,backward_euler_step_doubling,0.00002,,0.6
0.08808388136232961,R4,resistor,A,C,1000,Ω,,0,,2.2688295898658626,0.0022688295898658627,0.005147587707850899,0,true,true,backward_euler_step_doubling,0.00002,,0.6
0.08808388136232961,R5,resistor,C,0,2000,Ω,,0,,3.7311704101341374,0.0018655852050670687,0.006960816314730274,0,true,true,backward_euler_step_doubling,0.00002,,0.6
0.08808388136232961,C6,capacitor,B,C,100,µF,,0,V,-0.5295482177347295,-0.0004032443847988651,0.00021353734528177648,0.000014021065745301422,true,true,backward_euler_step_doubling,0.00002,1e-7,0.6
0.08855670823146089,V1,voltage,A,0,6,V,,0,,6,-0.005066936118648634,-0.030401616711891802,0,true,true,backward_euler_step_doubling,0.00002,,0.6
0.08855670823146089,R2,resistor,A,B,1000,Ω,,0,,2.7991916440540545,0.0027991916440540544,0.00783547386014204,0,true,true,backward_euler_step_doubling,0.00002,,0.6
0.08855670823146089,R3,resistor,B,0,1000,Ω,,0,,3.2008083559459455,0.0032008083559459453,0.010245174131493387,0,true,true,backward_euler_step_doubling,0.00002,,0.6
0.08855670823146089,R4,resistor,A,C,1000,Ω,,0,,2.2677444745945787,0.002267744474594579,0.0051426650020542424,0,true,true,backward_euler_step_doubling,0.00002,,0.6
0.08855670823146089,R5,resistor,C,0,2000,Ω,,0,,3.7322555254054213,0.0018661277627027106,0.006964865653459649,0,true,true,backward_euler_step_doubling,0.00002,,0.6
0.08855670823146089,C6,capacitor,B,C,100,µF,,0,V,-0.5314471694594758,-0.00040161671189186787,0.00021343806474255497,0.000014121804696324437,true,true,backward_euler_step_doubling,0.00002,1e-7,0.6
0.08903315888136085,V1,voltage,A,0,6,V,,0,,6,-0.005066663872545266,-0.030399983235271596,0,true,true,backward_euler_step_doubling,0.00002,,0.6
0.08903315888136085,R2,resistor,A,B,1000,Ω,,0,,2.800008382364341,0.0028000083823643412,0.007840046941310574,0,true,true,backward_euler_step_doubling,0.00002,,0.6
0.08903315888136085,R3,resistor,B,0,1000,Ω,,0,,3.199991617635659,0.003199991617635659,0.01023994635293848,0,true,true,backward_euler_step_doubling,0.00002,,0.6
0.08903315888136085,R4,resistor,A,C,1000,Ω,,0,,2.2666554901809244,0.0022666554901809243,0.005137727111167326,0,true,true,backward_euler_step_doubling,0.00002,,0.6
0.08903315888136085,R5,resistor,C,0,2000,Ω,,0,,3.7333445098190756,0.001866672254909538,0.006968930614498117,0,true,true,backward_euler_step_doubling,0.00002,,0.6
0.08903315888136085,C6,capacitor,B,C,100,µF,,0,V,-0.5333528921834167,-0.0003999832352712918,0.0002133322153568235,0.000014223265380020767,true,true,backward_euler_step_doubling,0.00002,1e-7,0.6
0.08950960953126082,V1,voltage,A,0,6,V,,0,,6,-0.005066392733735529,-0.030398356402413174,0,true,true,backward_euler_step_doubling,0.00002,,0.6
0.08950960953126082,R2,resistor,A,B,1000,Ω,,0,,2.80082179879358,0.00280082179879358,0.007844602748597307,0,true,true,backward_euler_step_doubling,0.00002,,0.6
0.08950960953126082,R3,resistor,B,0,1000,Ω,,0,,3.19917820120642,0.00319917820120642,0.010234741163074344,0,true,true,backward_euler_step_doubling,0.00002,,0.6
0.08950960953126082,R4,resistor,A,C,1000,Ω,,0,,2.265570934941949,0.002265570934941949,0.005132811661253738,0,true,true,backward_euler_step_doubling,0.00002,,0.6
0.08950960953126082,R5,resistor,C,0,2000,Ω,,0,,3.734429065058051,0.0018672145325290255,0.006972980220975174,0,true,true,backward_euler_step_doubling,0.00002,,0.6
0.08950960953126082,C6,capacitor,B,C,100,µF,,0,V,-0.5352508638516311,-0.00039835640241290074,0.0002132206085123331,0.000014324674362695867,true,true,backward_euler_step_doubling,0.00002,1e-7,0.6
0.08998971377818223,V1,voltage,A,0,6,V,,0,,6,-0.005066120635467796,-0.030396723812806774,0,true,true,backward_euler_step_doubling,0.00002,,0.6
0.08998971377818223,R2,resistor,A,B,1000,Ω,,0,,2.80163809359663,0.00280163809359663,0.00784917600749176,0,true,true,backward_euler_step_doubling,0.00002,,0.6
0.08998971377818223,R3,resistor,B,0,1000,Ω,,0,,3.19836190640337,0.0031983619064033697,0.010229518884332198,0,true,true,backward_euler_step_doubling,0.00002,,0.6
0.08998971377818223,R4,resistor,A,C,1000,Ω,,0,,2.2644825418711654,0.0022644825418711655,0.0051278811824392945,0,true,true,backward_euler_step_doubling,0.00002,,0.6
0.08998971377818223,R5,resistor,C,0,2000,Ω,,0,,3.7355174581288346,0.0018677587290644173,0.006977045339992655,0,true,true,backward_euler_step_doubling,0.00002,,0.6
0.08998971377818223,C6,capacitor,B,C,100,µF,,0,V,-0.5371555517254647,-0.00039672381280671183,0.00021310239855081928,0.000014426804337474418,true,true,backward_euler_step_doubling,0.00002,1e-7,0.6
0.09046981802510363,V1,voltage,A,0,6,V,,0,,6,-0.005065849652344233,-0.0303950979140654,0,true,true,backward_euler_step_doubling,0.00002,,0.6
0.09046981802510363,R2,resistor,A,B,1000,Ω,,0,,2.8024510429673115,0.0028024510429673116,0.007853731848228572,0,true,true,backward_euler_step_doubling,0.00002,,0.6
0.09046981802510363,R3,resistor,B,0,1000,Ω,,0,,3.1975489570326885,0.0031975489570326885,0.010224319332620834,0,true,true,backward_euler_step_doubling,0.00002,,0.6
0.09046981802510363,R4,resistor,A,C,1000,Ω,,0,,2.2633986093769214,0.0022633986093769216,0.005122973264929382,0,true,true,backward_euler_step_doubling,0.00002,,0.6
0.09046981802510363,R5,resistor,C,0,2000,Ω,,0,,3.7366013906230786,0.0018683006953115393,0.006981094976203163,0,true,true,backward_euler_step_doubling,0.00002,,0.6
0.09046981802510363,C6,capacitor,B,C,100,µF,,0,V,-0.5390524335903901,-0.00039509791406530187,0.0002129784920833878,0.000014528876307986098,true,true,backward_euler_step_doubling,0.00002,1e-7,0.6
0.09095360616089776,V1,voltage,A,0,6,V,,0,,6,-0.005065577717586429,-0.03039346630551857,0,true,true,backward_euler_step_doubling,0.00002,,0.6
0.09095360616089776,R2,resistor,A,B,1000,Ω,,0,,2.803266847240633,0.002803266847240633,0.007858305016838438,0,true,true,backward_euler_step_doubling,0.00002,,0.6
0.09095360616089776,R3,resistor,B,0,1000,Ω,,0,,3.196733152759367,0.003196733152759367,0.010219102849950843,0,true,true,backward_euler_step_doubling,0.00002,,0.6
0.09095360616089776,R4,resistor,A,C,1000,Ω,,0,,2.2623108703457957,0.002262310870345796,0.005118050474084752,0,true,true,backward_euler_step_doubling,0.00002,,0.6
0.09095360616089776,R5,resistor,C,0,2000,Ω,,0,,3.7376891296542043,0.0018688445648271021,0.006985160014967602,0,true,true,backward_euler_step_doubling,0.00002,,0.6
0.09095360616089776,C6,capacitor,B,C,100,µF,,0,V,-0.5409559768948373,-0.00039346630551875225,0.00021284794967709914,0.000014631668446912386,true,true,backward_euler_step_doubling,0.00002,1e-7,0.6
0.09143739429669188,V1,voltage,A,0,6,V,,0,,6,-0.005065306905818813,-0.030391841434912876,0,true,true,backward_euler_step_doubling,0.00002,,0.6
0.09143739429669188,R2,resistor,A,B,1000,Ω,,0,,2.804079282543443,0.002804079282543443,0.00786286062278935,0,true,true,backward_euler_step_doubling,0.00002,,0.6
0.09143739429669188,R3,resistor,B,0,1000,Ω,,0,,3.195920717456557,0.003195920717456557,0.010213909232268033,0,true,true,backward_euler_step_doubling,0.00002,,0.6
0.09143739429669188,R4,resistor,A,C,1000,Ω,,0,,2.2612276232753703,0.0022612276232753703,0.00511315036426358,0,true,true,backward_euler_step_doubling,0.00002,,0.6
0.09143739429669188,R5,resistor,C,0,2000,Ω,,0,,3.7387723767246297,0.001869386188362315,0.006989209442479568,0,true,true,backward_euler_step_doubling,0.00002,,0.6
0.09143739429669188,C6,capacitor,B,C,100,µF,,0,V,-0.5428516592680728,-0.00039184143491318406,0.0002127117731126045,0.000014734396198504988,true,true,backward_euler_step_doubling,0.00002,1e-7,0.6
0.09192489709847396,V1,voltage,A,0,6,V,,0,,6,-0.0050650351502364065,-0.03039021090141844,0,true,true,backward_euler_step_doubling,0.00002,,0.6
0.09192489709847396,R2,resistor,A,B,1000,Ω,,0,,2.8048945492908754,0.0028048945492908754,0.007867433432641664,0,true,true,backward_euler_step_doubling,0.00002,,0.6
0.09192489709847396,R3,resistor,B,0,1000,Ω,,0,,3.1951054507091246,0.0031951054507091247,0.010208698841151158,0,true,true,backward_euler_step_doubling,0.00002,,0.6
0.09192489709847396,R4,resistor,A,C,1000,Ω,,0,,2.2601406009455296,0.0022601406009455298,0.00510823553604242,0,true,true,backward_euler_step_doubling,0.00002,,0.6
0.09192489709847396,R5,resistor,C,0,2000,Ω,,0,,3.7398593990544704,0.0018699296995272352,0.006993274162348032,0,true,true,backward_euler_step_doubling,0.00002,,0.6
0.09192489709847396,C6,capacitor,B,C,100,µF,,0,V,-0.5447539483453459,-0.0003902109014182523,0.00021256892923498947,0.000014837843211892186,true,true,backward_euler_step_doubling,0.00002,1e-7,0.6
0.09241239990025604,V1,voltage,A,0,6,V,,0,,6,-0.0050647645254853066,-0.030388587152911838,0,true,true,backward_euler_step_doubling,0.00002,,0.6
0.09241239990025604,R2,resistor,A,B,1000,Ω,,0,,2.80570642354423,0.0028057064235442303,0.007871988535117355,0,true,true,backward_euler_step_doubling,0.00002,,0.6
0.09241239990025604,R3,resistor,B,0,1000,Ω,,0,,3.19429357645577,0.00319429357645577,0.010203511452586593,0,true,true,backward_euler_step_doubling,0.00002,,0.6
0.09241239990025604,R4,resistor,A,C,1000,Ω,,0,,2.2590581019410756,0.002259058101941076,0.005103343507945616,0,true,true,backward_euler_step_doubling,0.00002,,0.6
0.09241239990025604,R5,resistor,C,0,2000,Ω,,0,,3.7409418980589244,0.0018704709490294622,0.0069973231423263536,0,true,true,backward_euler_step_doubling,0.00002,,0.6
0.09241239990025604,C6,capacitor,B,C,100,µF,,0,V,-0.5466483216031546,-0.0003885871529114913,0.0002124205149356151,0.000014941219375577294,true,true,backward_euler_step_doubling,0.00002,1e-7,0.6
0.09290364864048553,V1,voltage,A,0,6,V,,0,,6,-0.005064492964733771,-0.030386957788402624,0,true,true,backward_euler_step_doubling,0.00002,,0.6
0.09290364864048553,R2,resistor,A,B,1000,Ω,,0,,2.8065211057988364,0.0028065211057988365,0.007876560717294324,0,true,true,backward_euler_step_doubling,0.00002,,0.6
0.09290364864048553,R3,resistor,B,0,1000,Ω,,0,,3.1934788942011636,0.0031934788942011637,0.010198307447708287,0,true,true,backward_euler_step_doubling,0.00002,,0.6
0.09290364864048553,R4,resistor,A,C,1000,Ω,,0,,2.257971858934935,0.002257971858934935,0.005098436915742086,0,true,true,backward_euler_step_doubling,0.00002,,0.6
0.09290364864048553,R5,resistor,C,0,2000,Ω,,0,,3.742028141065065,0.0018710140705325323,0.007001387304261432,0,true,true,backward_euler_step_doubling,0.00002,,0.6
0.09290364864048553,C6,capacitor,B,C,100,µF,,0,V,-0.5485492468639013,-0.0003869577884024088,0.00021226540339626222,0.000015045313811747664,true,true,backward_euler_step_doubling,0.00002,1e-7,0.6
0.093394897380715,V1,voltage,A,0,6,V,,0,,6,-0.005064222542649447,-0.030385335255896685,0,true,true,backward_euler_step_doubling,0.00002,,0.6
0.093394897380715,R2,resistor,A,B,1000,Ω,,0,,2.8073323720517998,0.0028073323720517996,0.007881115047169984,0,true,true,backward_euler_step_doubling,0.00002,,0.6
0.093394897380715,R3,resistor,B,0,1000,Ω,,0,,3.1926676279482002,0.0031926676279482,0.010193126582548387,0,true,true,backward_euler_step_doubling,0.00002,,0.6
0.093394897380715,R4,resistor,A,C,1000,Ω,,0,,2.256890170597647,0.002256890170597647,0.0050935532421402755,0,true,true,backward_euler_step_doubling,0.00002,,0.6
0.093394897380715,R5,resistor,C,0,2000,Ω,,0,,3.743109829402353,0.0018715549147011764,0.007005435597484256,0,true,true,backward_euler_step_doubling,0.00002,,0.6
0.093394897380715,C6,capacitor,B,C,100,µF,,0,V,-0.5504422014541528,-0.0003853352558964812,0.0002121047865535584,0.000015149330857084705,true,true,backward_euler_step_doubling,0.00002,1e-7,0.6
0.09388992383716237,V1,voltage,A,0,6,V,,0,,6,-0.00506395119237384,-0.030383707154243038,0,true,true,backward_euler_step_doubling,0.00002,,0.6
0.09388992383716237,R2,resistor,A,B,1000,Ω,,0,,2.808146422878389,0.002808146422878389,0.007885686332324691,0,true,true,backward_euler_step_doubling,0.00002,,0.6
0.09388992383716237,R3,resistor,B,0,1000,Ω,,0,,3.191853577121611,0.003191853577121611,0.010187929257784023,0,true,true,backward_euler_step_doubling,0.00002,,0.6
0.09388992383716237,R4,resistor,A,C,1000,Ω,,0,,2.2558047694954513,0.0022558047694954514,0.005088655158078426,0,true,true,backward_euler_step_doubling,0.00002,,0.6
0.09388992383716237,R5,resistor,C,0,2000,Ω,,0,,3.7441952305045487,0.0018720976152522743,0.007009498962066505,0,true,true,backward_euler_step_doubling,0.00002,,0.6
0.09388992383716237,C6,capacitor,B,C,100,µF,,0,V,-0.5523416533829377,-0.00038370715424316073,0.0002119374439895293,0.000015254065103089865,true,true,backward_euler_step_doubling,0.00002,1e-7,0.6
0.09438495029360973,V1,voltage,A,0,6,V,,0,,6,-0.005063680988595604,-0.030382085931573623,0,true,true,backward_euler_step_doubling,0.00002,,0.6
0.09438495029360973,R2,resistor,A,B,1000,Ω,,0,,2.8089570342130976,0.0028089570342130976,0.007890239620055242,0,true,true,backward_euler_step_doubling,0.00002,,0.6
0.09438495029360973,R3,resistor,B,0,1000,Ω,,0,,3.1910429657869024,0.0031910429657869025,0.01018275520949807,0,true,true,backward_euler_step_doubling,0.00002,,0.6
0.09438495029360973,R4,resistor,A,C,1000,Ω,,0,,2.254723954382506,0.0022547239543825063,0.005083780110466286,0,true,true,backward_euler_step_doubling,0.00002,,0.6
0.09438495029360973,R5,resistor,C,0,2000,Ω,,0,,3.745276045617494,0.001872638022808747,0.007013546328938106,0,true,true,backward_euler_step_doubling,0.00002,,0.6
0.09438495029360973,C6,capacitor,B,C,100,µF,,0,V,-0.5542330798305914,-0.00038208593157380903,0.0002117646626160928,0.000015358715338925137,true,true,backward_euler_step_doubling,0.00002,1e-7,0.6
0.09488378676000989,V1,voltage,A,0,6,V,,0,,6,-0.005063409864429605,-0.030380459186577627,0,true,true,backward_euler_step_doubling,0.00002,,0.6
0.09488378676000989,R2,resistor,A,B,1000,Ω,,0,,2.8097704067113076,0.0028097704067113075,0.007894809738430627,0,true,true,backward_euler_step_doubling,0.00002,,0.6
0.09488378676000989,R3,resistor,B,0,1000,Ω,,0,,3.1902295932886924,0.003190229593288692,0.010177564857894936,0,true,true,backward_euler_step_doubling,0.00002,,0.6
0.09488378676000989,R4,resistor,A,C,1000,Ω,,0,,2.253639457718299,0.002253639457718299,0.005078890805384829,0,true,true,backward_euler_step_doubling,0.00002,,0.6
0.09488378676000989,R5,resistor,C,0,2000,Ω,,0,,3.746360542281701,0.0018731802711408506,0.007017608656382621,0,true,true,backward_euler_step_doubling,0.00002,,0.6
0.09488378676000989,C6,capacitor,B,C,100,µF,,0,V,-0.5561309489930086,-0.00038045918657734216,0.00021158512848436543,0.000015464081621393217,true,true,backward_euler_step_doubling,0.00002,1e-7,0.6
0.09538262322641004,V1,voltage,A,0,6,V,,0,,6,-0.0050631398945847235,-0.03037883936750834,0,true,true,backward_euler_step_doubling,0.00002,,0.6
0.09538262322641004,R2,resistor,A,B,1000,Ω,,0,,2.8105803162459715,0.0028105803162459713,0.007899361714069304,0,true,true,backward_euler_step_doubling,0.00002,,0.6
0.09538262322641004,R3,resistor,B,0,1000,Ω,,0,,3.1894196837540285,0.0031894196837540284,0.010172397919117646,0,true,true,backward_euler_step_doubling,0.00002,,0.6
0.09538262322641004,R4,resistor,A,C,1000,Ω,,0,,2.252559578338753,0.002252559578338753,0.005074024653965661,0,true,true,backward_euler_step_doubling,0.00002,,0.6
0.09538262322641004,R5,resistor,C,0,2000,Ω,,0,,3.747440421661247,0.0018737202108306235,0.007021654856950312,0,true,true,backward_euler_step_doubling,0.00002,,0.6
0.09538262322641004,C6,capacitor,B,C,100,µF,,0,V,-0.5580207379072184,-0.0003788393675080325,0.00021140022340513618,0.000015569357196725824,true,true,backward_euler_step_doubling,0.00002,1e-7,0.6
0.09588530252309582,V1,voltage,A,0,6,V,,0,,6,-0.005062869012149133,-0.030377214072894794,0,true,true,backward_euler_step_doubling,0.00002,,0.6
0.09588530252309582,R2,resistor,A,B,1000,Ω,,0,,2.811392963552489,0.002811392963552489,0.007903930395512446,0,true,true,backward_euler_step_doubling,0.00002,,0.6
0.09588530252309582,R3,resistor,B,0,1000,Ω,,0,,3.188607036447511,0.003188607036447511,0.010167214832882578,0,true,true,backward_euler_step_doubling,0.00002,,0.6
0.09588530252309582,R4,resistor,A,C,1000,Ω,,0,,2.2514760485966425,0.0022514760485966424,0.005069144397404351,0,true,true,backward_euler_step_doubling,0.00002,,0.6
0.09588530252309582,R5,resistor,C,0,2000,Ω,,0,,3.7485239514033575,0.0018742619757016786,0.00702571590712232,0,true,true,backward_euler_step_doubling,0.00002,,0.6
0.09588530252309582,C6,capacitor,B,C,100,µF,,0,V,-0.5599169149558465,-0.00037721407289494806,0.00021120853997326912,0.00001567534758268363,true,true,backward_euler_step_doubling,0.00002,1e-7,0.6
0.0963879818197816,V1,voltage,A,0,6,V,,0,,6,-0.005062599291851964,-0.030375595751111782,0,true,true,backward_euler_step_doubling,0.00002,,0.6
0.0963879818197816,R2,resistor,A,B,1000,Ω,,0,,2.8122021244439415,0.0028122021244439415,0.007908480788727018,0,true,true,backward_euler_step_doubling,0.00002,,0.6
0.0963879818197816,R3,resistor,B,0,1000,Ω,,0,,3.1877978755560585,0.0031877978755560587,0.01016205529539972,0,true,true,backward_euler_step_doubling,0.00002,,0.6
0.0963879818197816,R4,resistor,A,C,1000,Ω,,0,,2.250397167408023,0.002250397167408023,0.005064287411078053,0,true,true,backward_euler_step_doubling,0.00002,,0.6
0.0963879818197816,R5,resistor,C,0,2000,Ω,,0,,3.749602832591977,0.0018748014162959885,0.007029760701090889,0,true,true,backward_euler_step_doubling,0.00002,,0.6
0.0963879818197816,C6,capacitor,B,C,100,µF,,0,V,-0.5618049570359185,-0.00037559575111210323,0.00021101155481640868,0.00001578124048750651,true,true,backward_euler_step_doubling,0.00002,1e-7,0.6
0.09689453730465433,V1,voltage,A,0,6,V,,0,,6,-0.005062328666754812,-0.030373972000528868,0,true,true,backward_euler_step_doubling,0.00002,,0.6
0.09689453730465433,R2,resistor,A,B,1000,Ω,,0,,2.8130139997356487,0.0028130139997356485,0.007913047762708752,0,true,true,backward_euler_step_doubling,0.00002,,0.6
0.09689453730465433,R3,resistor,B,0,1000,Ω,,0,,3.1869860002643513,0.003186986000264351,0.010156879765880967,0,true,true,backward_euler_step_doubling,0.00002,,0.6
0.09689453730465433,R4,resistor,A,C,1000,Ω,,0,,2.2493146670191635,0.0022493146670191635,0.005059416471267531,0,true,true,backward_euler_step_doubling,0.00002,,0.6
0.09689453730465433,R5,resistor,C,0,2000,Ω,,0,,3.7506853329808365,0.0018753426664904183,0.007033820233518785,0,true,true,backward_euler_step_doubling,0.00002,,0.6
0.09689453730465433,C6,capacitor,B,C,100,µF,,0,V,-0.5636993327164852,-0.00037397200052876283,0.00021080776715271267,0.00001588784688525053,true,true,backward_euler_step_doubling,0.00002,1e-7,0.6
0.09740109278952706,V1,voltage,A,0,6,V,,0,,6,-0.005062059211606023,-0.03037235526963614,0,true,true,backward_euler_step_doubling,0.00002,,0.6
0.09740109278952706,R2,resistor,A,B,1000,Ω,,0,,2.8138223651820313,0.0028138223651820314,0.007917596302798601,0,true,true,backward_euler_step_doubling,0.00002,,0.6
0.09740109278952706,R3,resistor,B,0,1000,Ω,,0,,3.1861776348179687,0.0031861776348179687,0.010151727920614225,0,true,true,backward_euler_step_doubling,0.00002,,0.6
0.09740109278952706,R4,resistor,A,C,1000,Ω,,0,,2.2482368464239926,0.0022482368464239928,0.0050545689176185,0,true,true,backward_euler_step_doubling,0.00002,,0.6
0.09740109278952706,R5,resistor,C,0,2000,Ω,,0,,3.7517631535760074,0.0018758815767880037,0.007037863380265294,0,true,true,backward_euler_step_doubling,0.00002,,0.6
0.09740109278952706,C6,capacitor,B,C,100,µF,,0,V,-0.5655855187580388,-0.00037235526963595153,0.00021059874833933903,0.00001599434895143999,true,true,backward_euler_step_doubling,0.00002,1e-7,0.6
0.0979115583694751,V1,voltage,A,0,6,V,,0,,6,-0.005061788859440561,-0.030370733156643362,0,true,true,backward_euler_step_doubling,0.00002,,0.6
0.0979115583694751,R2,resistor,A,B,1000,Ω,,0,,2.8146334216783586,0.0028146334216783584,0.007922161298428824,0,true,true,backward_euler_step_doubling,0.00002,,0.6
0.0979115583694751,R3,resistor,B,0,1000,Ω,,0,,3.1853665783216414,0.0031853665783216412,0.010146560238288522,0,true,true,backward_euler_step_doubling,0.00002,,0.6
0.0979115583694751,R4,resistor,A,C,1000,Ω,,0,,2.247155437762201,0.002247155437762201,0.005049707561464229,0,true,true,backward_euler_step_doubling,0.00002,,0.6
0.0979115583694751,R5,resistor,C,0,2000,Ω,,0,,3.752844562237799,0.0018764222811188996,0.007041921154158909,0,true,true,backward_euler_step_doubling,0.00002,,0.6
0.0979115583694751,C6,capacitor,B,C,100,µF,,0,V,-0.5674779839161577,-0.0003707331566433086,0.00021038290430281786,0.000016101563111477343,true,true,backward_euler_step_doubling,0.00002,1e-7,0.6
0.09842202394942313,V1,voltage,A,0,6,V,,0,,6,-0.005061519685026018,-0.030369118110156107,0,true,true,backward_euler_step_doubling,0.00002,,0.6
0.09842202394942313,R2,resistor,A,B,1000,Ω,,0,,2.8154409449219386,0.0028154409449219387,0.007926707714342939,0,true,true,backward_euler_step_doubling,0.00002,,0.6
0.09842202394942313,R3,resistor,B,0,1000,Ω,,0,,3.1845590550780614,0.0031845590550780615,0.010141416375279676,0,true,true,backward_euler_step_doubling,0.00002,,0.6
0.09842202394942313,R4,resistor,A,C,1000,Ω,,0,,2.246078740104079,0.002246078740104079,0.005044869706747527,0,true,true,backward_euler_step_doubling,0.00002,,0.6
0.09842202394942313,R5,resistor,C,0,2000,Ω,,0,,3.753921259895921,0.0018769606299479603,0.007045962412749288,0,true,true,backward_euler_step_doubling,0.00002,,0.6
0.09842202394942313,C6,capacitor,B,C,100,µF,,0,V,-0.5693622048178595,-0.00036911811015615084,0.00021016190103670756,0.000016208666013752708,true,true,backward_euler_step_doubling,0.00002,1e-7,0.6
0.09893643409193809,V1,voltage,A,0,6,V,,0,,6,-0.005061249621370653,-0.03036749772822392,0,true,true,backward_euler_step_doubling,0.00002,,0.6
0.09893643409193809,R2,resistor,A,B,1000,Ω,,0,,2.8162511358880042,0.002816251135888004,0.007931270460390473,0,true,true,backward_euler_step_doubling,0.00002,,0.6
0.09893643409193809,R3,resistor,B,0,1000,Ω,,0,,3.1837488641119958,0.0031837488641119956,0.010136256829734423,0,true,true,backward_euler_step_doubling,0.00002,,0.6
0.09893643409193809,R4,resistor,A,C,1000,Ω,,0,,2.2449984854826486,0.0022449984854826487,0.005040018199819386,0,true,true,backward_euler_step_doubling,0.00002,,0.6
0.09893643409193809,R5,resistor,C,0,2000,Ω,,0,,3.7550015145173514,0.0018775007572586757,0.007050018187013802,0,true,true,backward_euler_step_doubling,0.00002,,0.6
0.09893643409193809,C6,capacitor,B,C,100,µF,,0,V,-0.5712526504053557,-0.00036749772822398453,0.00020993405126589824,0.00001631647952975717,true,true,backward_euler_step_doubling,0.00002,1e-7,0.6
0.09945084423445302,V1,voltage,A,0,6,V,,0,,6,-0.00506098074326066,-0.03036588445956396,0,true,true,backward_euler_step_doubling,0.00002,,0.6
0.09945084423445302,R2,resistor,A,B,1000,Ω,,0,,2.817057770217949,0.0028170577702179493,0.007935814480745323,0,true,true,backward_euler_step_doubling,0.00002,,0.6
0.09945084423445302,R3,resistor,B,0,1000,Ω,,0,,3.182942229782051,0.003182942229782051,0.010131121238129934,0,true,true,backward_euler_step_doubling,0.00002,,0.6
0.09945084423445302,R4,resistor,A,C,1000,Ω,,0,,2.2439229730427104,0.0022439229730427104,0.005035190308948836,0,true,true,backward_euler_step_doubling,0.00002,,0.6
0.09945084423445302,R5,resistor,C,0,2000,Ω,,0,,3.7560770269572896,0.0018780385134786449,0.007054057316218156,0,true,true,backward_euler_step_doubling,0.00002,,0.6
0.09945084423445302,C6,capacitor,B,C,100,µF,,0,V,-0.5731347971752387,-0.0003658844595639746,0.00020970111552177044,0.0000164241747866551,true,true,backward_euler_step_doubling,0.00002,1e-7,0.6
0.09996923397948347,V1,voltage,A,0,6,V,,0,,6,-0.005060710983677674,-0.030364265902066048,0,true,true,backward_euler_step_doubling,0.00002,,0.6
0.09996923397948347,R2,resistor,A,B,1000,Ω,,0,,2.8178670489669324,0.0028178670489669324,0.007940374705653609,0,true,true,backward_euler_step_doubling,0.00002,,0.6
0.09996923397948347,R3,resistor,B,0,1000,Ω,,0,,3.1821329510330676,0.0031821329510330677,0.01012597011805042,0,true,true,backward_euler_step_doubling,0.00002,,0.6
0.09996923397948347,R4,resistor,A,C,1000,Ω,,0,,2.2428439347107405,0.0022428439347107407,0.005030348915468757,0,true,true,backward_euler_step_doubling,0.00002,,0.6
0.09996923397948347,R5,resistor,C,0,2000,Ω,,0,,3.7571560652892595,0.0018785780326446297,0.007058110849469935,0,true,true,backward_euler_step_doubling,0.00002,,0.6
0.09996923397948347,C6,capacitor,B,C,100,µF,,0,V,-0.5750231142561919,-0.0003642659020660674,0.00020946131342337108,0.000016532579096444477,true,true,backward_euler_step_doubling,0.00002,1e-7,0.6
0.10048762372451392,V1,voltage,A,0,6,V,,0,,6,-0.005060442417426028,-0.030362654504556167,0,true,true,backward_euler_step_doubling,0.00002,,0.6
0.10048762372451392,R2,resistor,A,B,1000,Ω,,0,,2.818672747721865,0.0028186727477218653,0.00794491605874993,0,true,true,backward_euler_step_doubling,0.00002,,0.6
0.10048762372451392,R3,resistor,B,0,1000,Ω,,0,,3.181327252278135,0.003181327252278135,0.010120843086087548,0,true,true,backward_euler_step_doubling,0.00002,,0.6
0.10048762372451392,R4,resistor,A,C,1000,Ω,,0,,2.241769669704163,0.002241769669704163,0.005025531252005512,0,true,true,backward_euler_step_doubling,0.00002,,0.6
0.10048762372451392,R5,resistor,C,0,2000,Ω,,0,,3.758230330295837,0.0018791151651479186,0.007062147607777778,0,true,true,backward_euler_step_doubling,0.00002,,0.6
0.10048762372451392,C6,capacitor,B,C,100,µF,,0,V,-0.5769030780177022,-0.00036265450455620125,0.00020921649993545731,0.00001664085807131495,true,true,backward_euler_step_doubling,0.00002,1e-7,0.6
0.10101002869673703,V1,voltage,A,0,6,V,,0,,6,-0.005060172977460726,-0.030361037864764358,0,true,true,backward_euler_step_doubling,0.00002,,0.6
0.10101002869673703,R2,resistor,A,B,1000,Ω,,0,,2.819481067617783,0.002819481067617783,0.007949473490655114,0,true,true,backward_euler_step_doubling,0.00002,,0.6
0.10101002869673703,R3,resistor,B,0,1000,Ω,,0,,3.180518932382217,0.003180518932382217,0.010115700679241717,0,true,true,backward_euler_step_doubling,0.00002,,0.6
0.10101002869673703,R4,resistor,A,C,1000,Ω,,0,,2.240691909842943,0.002240691909842943,0.005020700234835616,0,true,true,backward_euler_step_doubling,0.00002,,0.6
0.10101002869673703,R5,resistor,C,0,2000,Ω,,0,,3.759308090157057,0.0018796540450785285,0.0070661986583601495,0,true,true,backward_euler_step_doubling,0.00002,,0.6
0.10101002869673703,C6,capacitor,B,C,100,µF,,0,V,-0.5787891577748399,-0.00036103786476444926,0.00020896480167184212,0.000016749844457885422,true,true,backward_euler_step_doubling,0.00002,1e-7,0.6
0.10153243366896013,V1,voltage,A,0,6,V,,0,,6,-0.005059904738603806,-0.030359428431622835,0,true,true,backward_euler_step_doubling,0.00002,,0.6
0.10153243366896013,R2,resistor,A,B,1000,Ω,,0,,2.8202857841885143,0.002820285784188514,0.007954011904495822,0,true,true,backward_euler_step_doubling,0.00002,,0.6
0.10153243366896013,R3,resistor,B,0,1000,Ω,,0,,3.1797142158114857,0.0031797142158114856,0.01011058249423365,0,true,true,backward_euler_step_doubling,0.00002,,0.6
0.10153243366896013,R4,resistor,A,C,1000,Ω,,0,,2.2396189544152922,0.002239618954415292,0.005015893060976246,0,true,true,backward_euler_step_doubling,0.00002,,0.6
0.10153243366896013,R5,resistor,C,0,2000,Ω,,0,,3.7603810455847078,0.0018801905227923538,0.0070702328039963696,0,true,true,backward_euler_step_doubling,0.00002,,0.6
0.10153243366896013,C6,capacitor,B,C,100,µF,,0,V,-0.580666829773222,-0.00035942843162301957,0.00020870816792090008,0.0000168586983599442,true,true,backward_euler_step_doubling,0.00002,1e-7,0.6
0.10205889009035989,V1,voltage,A,0,6,V,,0,,6,-0.005059635633783687,-0.03035781380270212,0,true,true,backward_euler_step_doubling,0.00002,,0.6
0.10205889009035989,R2,resistor,A,B,1000,Ω,,0,,2.8210930986489444,0.0028210930986489443,0.007958566271244702,0,true,true,backward_euler_step_doubling,0.00002,,0.6
0.10205889009035989,R3,resistor,B,0,1000,Ω,,0,,3.1789069013510556,0.0031789069013510554,0.01010544908745737,0,true,true,backward_euler_step_doubling,0.00002,,0.6
0.10205889009035989,R4,resistor,A,C,1000,Ω,,0,,2.2385425351347426,0.0022385425351347426,0.00501107268160748,0,true,true,backward_euler_step_doubling,0.00002,,0.6
0.10205889009035989,R5,resistor,C,0,2000,Ω,,0,,3.7614574648652574,0.0018807287324326288,0.007074281129995285,0,true,true,backward_euler_step_doubling,0.00002,,0.6
0.10205889009035989,C6,capacitor,B,C,100,µF,,0,V,-0.5825505635142019,-0.0003578138027020927,0.00020844463239726353,0.000016968257952535706,true,true,backward_euler_step_doubling,0.00002,1e-7,0.6
0.10258534651175964,V1,voltage,A,0,6,V,,0,,6,-0.005059367737839608,-0.030356206427037652,0,true,true,backward_euler_step_doubling,0.00002,,0.6
0.10258534651175964,R2,resistor,A,B,1000,Ω,,0,,2.8218967864811946,0.0028218967864811944,0.007963101473552892,0,true,true,backward_euler_step_doubling,0.00002,,0.6
0.10258534651175964,R3,resistor,B,0,1000,Ω,,0,,3.1781032135188054,0.0031781032135188053,0.010100340035778558,0,true,true,backward_euler_step_doubling,0.00002,,0.6
0.10258534651175964,R4,resistor,A,C,1000,Ω,,0,,2.237470951358415,0.002237470951358415,0.00500627625817273,0,true,true,backward_euler_step_doubling,0.00002,,0.6
0.10258534651175964,R5,resistor,C,0,2000,Ω,,0,,3.762529048641585,0.0018812645243207926,0.007078312420935876,0,true,true,backward_euler_step_doubling,0.00002,,0.6
0.10258534651175964,C6,capacitor,B,C,100,µF,,0,V,-0.5844258351227798,-0.00035620642703756755,0.00020817623859753194,0.000017077677837947927,true,true,backward_euler_step_doubling,0.00002,1e-7,0.6
0.10311589121466613,V1,voltage,A,0,6,V,,0,,6,-0.005059098983673345,-0.030354593902040067,0,true,true,backward_euler_step_doubling,0.00002,,0.6
0.10311589121466613,R2,resistor,A,B,1000,Ω,,0,,2.822703048980113,0.002822703048980113,0.007967652502721627,0,true,true,backward_euler_step_doubling,0.00002,,0.6
0.10311589121466613,R3,resistor,B,0,1000,Ω,,0,,3.177296951019887,0.003177296951019887,0.01009521591496027,0,true,true,backward_euler_step_doubling,0.00002,,0.6
0.10311589121466613,R4,resistor,A,C,1000,Ω,,0,,2.2363959346932316,0.0022363959346932316,0.005001466776712413,0,true,true,backward_euler_step_doubling,0.00002,,0.6
0.10311589121466613,R5,resistor,C,0,2000,Ω,,0,,3.7636040653067684,0.0018818020326533842,0.007082357780196817,0,true,true,backward_euler_step_doubling,0.00002,,0.6
0.10311589121466613,C6,capacitor,B,C,100,µF,,0,V,-0.5863071142868814,-0.0003545939020398048,0.00020790092744868305,0.00001718780161317051,true,true,backward_euler_step_doubling,0.00002,1e-7,0.6
0.10364643591757264,V1,voltage,A,0,6,V,,0,,6,-0.00505883144614093,-0.030352988676845584,0,true,true,backward_euler_step_doubling,0.00002,,0.6
0.10364643591757264,R2,resistor,A,B,1000,Ω,,0,,2.8235056615773377,0.0028235056615773376,0.007972184220959279,0,true,true,backward_euler_step_doubling,0.00002,,0.6
0.10364643591757264,R3,resistor,B,0,1000,Ω,,0,,3.1764943384226623,0.0031764943384226625,0.010090116282031228,0,true,true,backward_euler_step_doubling,0.00002,,0.6
0.10364643591757264,R4,resistor,A,C,1000,Ω,,0,,2.235325784563593,0.002235325784563593,0.004996681363134844,0,true,true,backward_euler_step_doubling,0.00002,,0.6
0.10364643591757264,R5,resistor,C,0,2000,Ω,,0,,3.764674215436407,0.0018823371077182035,0.007086385974185863,0,true,true,backward_euler_step_doubling,0.00002,,0.6
0.10364643591757264,C6,capacitor,B,C,100,µF,,0,V,-0.5881798770137445,-0.00035298867684541846,0.00020762083653418263,0.00001729777838619518,true,true,backward_euler_step_doubling,0.00002,1e-7,0.6
0.1041811063577708,V1,voltage,A,0,6,V,,0,,6,-0.005058563058117474,-0.03035137834870484,0,true,true,backward_euler_step_doubling,0.00002,,0.6
0.1041811063577708,R2,resistor,A,B,1000,Ω,,0,,2.8243108256474994,0.002824310825647499,0.00797673163986966,0,true,true,backward_euler_step_doubling,0.00002,,0.6
0.1041811063577708,R3,resistor,B,0,1000,Ω,,0,,3.1756891743525006,0.0031756891743525005,0.010085001732099667,0,true,true,backward_euler_step_doubling,0.00002,,0.6
0.1041811063577708,R4,resistor,A,C,1000,Ω,,0,,2.234252232469973,0.0022342522324699733,0.004991883038297059,0,true,true,backward_euler_step_doubling,0.00002,,0.6
0.1041811063577708,R5,resistor,C,0,2000,Ω,,0,,3.765747767530027,0.0018828738837650134,0.007090428124328691,0,true,true,backward_euler_step_doubling,0.00002,,0.6
0.1041811063577708,C6,capacitor,B,C,100,µF,,0,V,-0.5900585931775262,-0.00035137834870493126,0.00020733381410987397,0.000017408457169132066,true,true,backward_euler_step_doubling,0.00002,1e-7,0.6
0.10471577679796894,V1,voltage,A,0,6,V,,0,,6,-0.005058295894475524,-0.030349775366853144,0,true,true,backward_euler_step_doubling,0.00002,,0.6
0.10471577679796894,R2,resistor,A,B,1000,Ω,,0,,2.8251123165733545,0.0028251123165733546,0.007981259601254466,0,true,true,backward_euler_step_doubling,0.00002,,0.6
0.10471577679796894,R3,resistor,B,0,1000,Ω,,0,,3.1748876834266455,0.0031748876834266455,0.010079911802374211,0,true,true,backward_euler_step_doubling,0.00002,,0.6
0.10471577679796894,R4,resistor,A,C,1000,Ω,,0,,2.233183577902169,0.002233183577902169,0.004987108892611933,0,true,true,backward_euler_step_doubling,0.00002,,0.6
0.10471577679796894,R5,resistor,C,0,2000,Ω,,0,,3.766816422097831,0.0018834082110489154,0.007094452978892951,0,true,true,backward_euler_step_doubling,0.00002,,0.6
0.10471577679796894,C6,capacitor,B,C,100,µF,,0,V,-0.5919287386711853,-0.0003497753668532841,0.0002070420917197156,0.00001751898158324302,true,true,backward_euler_step_doubling,0.00002,1e-7,0.6
0.10525461106850657,V1,voltage,A,0,6,V,,0,,6,-0.005058027888063529,-0.030348167328381172,0,true,true,backward_euler_step_doubling,0.00002,,0.6
0.10525461106850657,R2,resistor,A,B,1000,Ω,,0,,2.8259163358094233,0.002825916335809423,0.007985803136994556,0,true,true,backward_euler_step_doubling,0.00002,,0.6
0.10525461106850657,R3,resistor,B,0,1000,Ω,,0,,3.1740836641905767,0.003174083664190577,0.010074807107281479,0,true,true,backward_euler_step_doubling,0.00002,,0.6
0.10525461106850657,R4,resistor,A,C,1000,Ω,,0,,2.232111552254105,0.002232111552254105,0.00498232198170623,0,true,true,backward_euler_step_doubling,0.00002,,0.6
0.10525461106850657,R5,resistor,C,0,2000,Ω,,0,,3.767888447745895,0.0018839442238729476,0.007098491677328485,0,true,true,backward_euler_step_doubling,0.00002,,0.6
0.10525461106850657,C6,capacitor,B,C,100,µF,,0,V,-0.5938047835553184,-0.00034816732838117027,0.0002067434250704143,0.000017630206048658925,true,true,backward_euler_step_doubling,0.00002,1e-7,0.6
0.10579344533904421,V1,voltage,A,0,6,V,,0,,6,-0.005057761113769801,-0.030346566682618807,0,true,true,backward_euler_step_doubling,0.00002,,0.6
0.10579344533904421,R2,resistor,A,B,1000,Ω,,0,,2.826716658690667,0.002826716658690667,0.00799032706851933,0,true,true,backward_euler_step_doubling,0.00002,,0.6
0.10579344533904421,R3,resistor,B,0,1000,Ω,,0,,3.173283341309333,0.003173283341309333,0.010069727164231325,0,true,true,backward_euler_step_doubling,0.00002,,0.6
0.10579344533904421,R4,resistor,A,C,1000,Ω,,0,,2.2310444550791337,0.002231044455079134,0.004977559360539349,0,true,true,backward_euler_step_doubling,0.00002,,0.6
0.10579344533904421,R5,resistor,C,0,2000,Ω,,0,,3.7689555449208663,0.0018844777724604331,0.007102512949794872,0,true,true,backward_euler_step_doubling,0.00002,,0.6
0.10579344533904421,C6,capacitor,B,C,100,µF,,0,V,-0.5956722036115334,-0.0003465666826187034,0.00020644013953382195,0.000017741268707771005,true,true,backward_euler_step_doubling,0.00002,1e-7,0.6
0.10633648218415347,V1,voltage,A,0,6,V,,0,,6,-0.005057493504416227,-0.030344961026497363,0,true,true,backward_euler_step_doubling,0.00002,,0.6
0.10633648218415347,R2,resistor,A,B,1000,Ω,,0,,2.8275194867514535,0.0028275194867514535,0.007994866447959202,0,true,true,backward_euler_step_doubling,0.00002,,0.6
0.10633648218415347,R3,resistor,B,0,1000,Ω,,0,,3.1724805132485465,0.0031724805132485466,0.010064632606941761,0,true,true,backward_euler_step_doubling,0.00002,,0.6
0.10633648218415347,R4,resistor,A,C,1000,Ω,,0,,2.2299740176647735,0.0022299740176647737,0.004972784119459972,0,true,true,backward_euler_step_doubling,0.00002,,0.6
0.10633648218415347,R5,resistor,C,0,2000,Ω,,0,,3.7700259823352265,0.0018850129911676132,0.007106547953741344,0,true,true,backward_euler_step_doubling,0.00002,,0.6
0.10633648218415347,C6,capacitor,B,C,100,µF,,0,V,-0.5975454690866799,-0.0003449610264971371,0.0002061298983948544,0.00001785302938130102,true,true,backward_euler_step_doubling,0.00002,1e-7,0.6
0.10687951902926271,V1,voltage,A,0,6,V,,0,,6,-0.005057227134906567,-0.030343362809439403,0,true,true,backward_euler_step_doubling,0.00002,,0.6
0.10687951902926271,R2,resistor,A,B,1000,Ω,,0,,2.8283185952804515,0.0028283185952804515,0.007999386076409187,0,true,true,backward_euler_step_doubling,0.00002,,0.6
0.10687951902926271,R3,resistor,B,0,1000,Ω,,0,,3.1716814047195485,0.0031716814047195487,0.010059562933043768,0,true,true,backward_euler_step_doubling,0.00002,,0.6
0.10687951902926271,R4,resistor,A,C,1000,Ω,,0,,2.228908539626115,0.002228908539626115,0.004968033278018221,0,true,true,backward_euler_step_doubling,0.00002,,0.6
0.10687951902926271,R5,resistor,C,0,2000,Ω,,0,,3.771091460373885,0.0018855457301869426,0.00711056540125242,0,true,true,backward_euler_step_doubling,0.00002,,0.6
0.10687951902926271,C6,capacitor,B,C,100,µF,,0,V,-0.5994100556543365,-0.00034336280943909095,0.00020581512071551482,0.000017964620740976737,true,true,backward_euler_step_doubling,0.00002,1e-7,0.6
0.10742679785890039,V1,voltage,A,0,6,V,,0,,6,-0.005056959938036027,-0.030341759628216163,0,true,true,backward_euler_step_doubling,0.00002,,0.6
0.10742679785890039,R2,resistor,A,B,1000,Ω,,0,,2.8291201858919193,0.002829120185891919,0.008003921026221127,0,true,true,backward_euler_step_doubling,0.00002,,0.6
0.10742679785890039,R3,resistor,B,0,1000,Ω,,0,,3.1708798141080807,0.0031708798141080806,0.010054478795518096,0,true,true,backward_euler_step_doubling,0.00002,,0.6
0.10742679785890039,R4,resistor,A,C,1000,Ω,,0,,2.2278397521441073,0.0022278397521441075,0.004963269961233518,0,true,true,backward_euler_step_doubling,0.00002,,0.6
0.10742679785890039,R5,resistor,C,0,2000,Ω,,0,,3.7721602478558927,0.0018860801239279463,0.007114596467752115,0,true,true,backward_euler_step_doubling,0.00002,,0.6
0.10742679785890039,C6,capacitor,B,C,100,µF,,0,V,-0.6012804337478119,-0.00034175962821615685,0.00020549337749130173,0.00001807690800039784,true,true,backward_euler_step_doubling,0.00002,1e-7,0.6
0.10797407668853806,V1,voltage,A,0,6,V,,0,,6,-0.005056693988723483,-0.030340163932340902,0,true,true,backward_euler_step_doubling,0.00002,,0.6
0.10797407668853806,R2,resistor,A,B,1000,Ω,,0,,2.82991803382953,0.00282991803382953,0.008008436078193593,0,true,true,backward_euler_step_doubling,0.00002,,0.6
0.10797407668853806,R3,resistor,B,0,1000,Ω,,0,,3.17008196617047,0.00317008196617047,0.010049419672239233,0,true,true,backward_euler_step_doubling,0.00002,,0.6
0.10797407668853806,R4,resistor,A,C,1000,Ω,,0,,2.226775954893953,0.0022267759548939533,0.004958531153293877,0,true,true,backward_euler_step_doubling,0.00002,,0.6
0.10797407668853806,R5,resistor,C,0,2000,Ω,,0,,3.773224045106047,0.0018866120225530234,0.00711860984728322,0,true,true,backward_euler_step_doubling,0.00002,,0.6
0.10797407668853806,C6,capacitor,B,C,100,µF,,0,V,-0.6031420789355768,-0.0003401639323409199,0.00020516718133100332,0.000018189018369136475,true,true,backward_euler_step_doubling,0.00002,1e-7,0.6
0.1085256375931261,V1,voltage,A,0,6,V,,0,,6,-0.005056427219737517,-0.0303385633184251,0,true,true,backward_euler_step_doubling,0.00002,,0.6
0.1085256375931261,R2,resistor,A,B,1000,Ω,,0,,2.830718340787402,0.002830718340787402,0.008012966324870183,0,true,true,backward_euler_step_doubling,0.00002,,0.6
0.1085256375931261,R3,resistor,B,0,1000,Ω,,0,,3.169281659212598,0.003169281659212598,0.010044346235421359,0,true,true,backward_euler_step_doubling,0.00002,,0.6
0.1085256375931261,R4,resistor,A,C,1000,Ω,,0,,2.225708878950116,0.0022257088789501157,0.004953780013837381,0,true,true,backward_euler_step_doubling,0.00002,,0.6
0.1085256375931261,R5,resistor,C,0,2000,Ω,,0,,3.774291121049884,0.001887145560524942,0.007122636733217996,0,true,true,backward_euler_step_doubling,0.00002,,0.6
0.1085256375931261,C6,capacitor,B,C,100,µF,,0,V,-0.6050094618372861,-0.0003385633184251969,0.0002048340110782741,0.000018301822445632126,true,true,backward_euler_step_doubling,0.00002,1e-7,0.6
0.10907719849771413,V1,voltage,A,0,6,V,,0,,6,-0.00505616170601148,-0.03033697023606888,0,true,true,backward_euler_step_doubling,0.00002,,0.6
0.10907719849771413,R2,resistor,A,B,1000,Ω,,0,,2.8315148819655107,0.002831514881965511,0.008017476526792161,0,true,true,backward_euler_step_doubling,0.00002,,0.6
0.10907719849771413,R3,resistor,B,0,1000,Ω,,0,,3.1684851180344893,0.0031684851180344893,0.010039297943206031,0,true,true,backward_euler_step_doubling,0.00002,,0.6
0.10907719849771413,R4,resistor,A,C,1000,Ω,,0,,2.22464682404597,0.00222464682404597,0.004949053491737822,0,true,true,backward_euler_step_doubling,0.00002,,0.6
0.10907719849771413,R5,resistor,C,0,2000,Ω,,0,,3.77535317595403,0.001887676587977015,0.0071266458015930905,0,true,true,backward_euler_step_doubling,0.00002,,0.6
0.10907719849771413,C6,capacitor,B,C,100,µF,,0,V,-0.6068680579195407,-0.00033697023606899326,0.0002044964727398791,0.00001841444198615175,true,true,backward_euler_step_doubling,0.00002,1e-7,0.6
0.10963308226340482,V1,voltage,A,0,6,V,,0,,6,-0.005055895380287394,-0.030335372281724365,0,true,true,backward_euler_step_doubling,0.00002,,0.6
0.10963308226340482,R2,resistor,A,B,1000,Ω,,0,,2.832313859137834,0.0028323138591378337,0.00802200179666425,0,true,true,backward_euler_step_doubling,0.00002,,0.6
0.10963308226340482,R3,resistor,B,0,1000,Ω,,0,,3.167686140862166,0.003167686140862166,0.010034235487010242,0,true,true,backward_euler_step_doubling,0.00002,,0.6
0.10963308226340482,R4,resistor,A,C,1000,Ω,,0,,2.223581521149561,0.002223581521149561,0.004944314781197796,0,true,true,backward_euler_step_doubling,0.00002,,0.6
0.10963308226340482,R5,resistor,C,0,2000,Ω,,0,,3.776418478850439,0.0018882092394252195,0.007130668263701532,0,true,true,backward_euler_step_doubling,0.00002,,0.6
0.10963308226340482,C6,capacitor,B,C,100,µF,,0,V,-0.6087323379882728,-0.00033537228172435095,0.00020415195315052584,0.000018527752965633434,true,true,backward_euler_step_doubling,0.00002,1e-7,0.6
0.11018896602909549,V1,voltage,A,0,6,V,,0,,6,-0.005055630317512675,-0.030333781905076053,0,true,true,backward_euler_step_doubling,0.00002,,0.6
0.11018896602909549,R2,resistor,A,B,1000,Ω,,0,,2.8331090474620395,0.0028331090474620394,0.008026506874811264,0,true,true,backward_euler_step_doubling,0.00002,,0.6
0.11018896602909549,R3,resistor,B,0,1000,Ω,,0,,3.1668909525379605,0.0031668909525379603,0.01002919830526679,0,true,true,backward_euler_step_doubling,0.00002,,0.6
0.11018896602909549,R4,resistor,A,C,1000,Ω,,0,,2.2225212700506365,0.0022225212700506367,0.004939600795827495,0,true,true,backward_euler_step_doubling,0.00002,,0.6
0.11018896602909549,R5,resistor,C,0,2000,Ω,,0,,3.7774787299493635,0.0018887393649746817,0.007134672777609928,0,true,true,backward_euler_step_doubling,0.00002,,0.6
0.11018896602909549,C6,capacitor,B,C,100,µF,,0,V,-0.610587777411403,-0.0003337819050759486,0.00020380315156046737,0.00001864087169620985,true,true,backward_euler_step_doubling,0.00002,1e-7,0.6
0.11074921415349473,V1,voltage,A,0,6,V,,0,,6,-0.005055364450402687,-0.030332186702416122,0,true,true,backward_euler_step_doubling,0.00002,,0.6
0.11074921415349473,R2,resistor,A,B,1000,Ω,,0,,2.8339066487919404,0.0028339066487919405,0.008031026894067166,0,true,true,backward_euler_step_doubling,0.00002,,0.6
0.11074921415349473,R3,resistor,B,0,1000,Ω,,0,,3.1660933512080596,0.0031660933512080596,0.01002414710856388,0,true,true,backward_euler_step_doubling,0.00002,,0.6
0.11074921415349473,R4,resistor,A,C,1000,Ω,,0,,2.2214578016107476,0.0022214578016107474,0.0049348747643372555,0,true,true,backward_euler_step_doubling,0.00002,,0.6
0.11074921415349473,R5,resistor,C,0,2000,Ω,,0,,3.7785421983892524,0.0018892710991946261,0.007138690572504142,0,true,true,backward_euler_step_doubling,0.00002,,0.6
0.11074921415349473,C6,capacitor,B,C,100,µF,,0,V,-0.6124488471811929,-0.0003321867024160896,0.00020344736294365605,0.000018754679520678604,true,true,backward_euler_step_doubling,0.00002,1e-7,0.6
0.11130946227789397,V1,voltage,A,0,6,V,,0,,6,-0.005055099853918584,-0.030330599123511503,0,true,true,backward_euler_step_doubling,0.00002,,0.6
0.11130946227789397,R2,resistor,A,B,1000,Ω,,0,,2.8347004382442655,0.0028347004382442654,0.00803552657458223,0,true,true,backward_euler_step_doubling,0.00002,,0.6
0.11130946227789397,R3,resistor,B,0,1000,Ω,,0,,3.1652995617557345,0.0031652995617557343,0.010019121315651044,0,true,true,backward_euler_step_doubling,0.00002,,0.6
0.11130946227789397,R4,resistor,A,C,1000,Ω,,0,,2.2203994156743194,0.0022203994156743193,0.004930173565126859,0,true,true,backward_euler_step_doubling,0.00002,,0.6
0.11130946227789397,R5,resistor,C,0,2000,Ω,,0,,3.7796005843256806,0.0018898002921628402,0.007142690288517513,0,true,true,backward_euler_step_doubling,0.00002,,0.6
0.11130946227789397,C6,capacitor,B,C,100,µF,,0,V,-0.6143010225699461,-0.0003305991235114551,0.00020308737963381477,0.00001886828731652407,true,true,backward_euler_step_doubling,0.00002,1e-7,0.6
0.11187411698621783,V1,voltage,A,0,6,V,,0,,6,-0.00505483446074909,-0.030329006764494543,0,true,true,backward_euler_step_doubling,0.00002,,0.6
0.11187411698621783,R2,resistor,A,B,1000,Ω,,0,,2.835496617752729,0.002835496617752729,0.008040041069287166,0,true,true,backward_euler_step_doubling,0.00002,,0.6
0.11187411698621783,R3,resistor,B,0,1000,Ω,,0,,3.164503382247271,0.003164503382247271,0.010014081656254418,0,true,true,backward_euler_step_doubling,0.00002,,0.6
0.11187411698621783,R4,resistor,A,C,1000,Ω,,0,,2.2193378429963606,0.0022193378429963607,0.004925460461355739,0,true,true,backward_euler_step_doubling,0.00002,,0.6
0.11187411698621783,R5,resistor,C,0,2000,Ω,,0,,3.7806621570036394,0.0018903310785018197,0.007146703172699706,0,true,true,backward_euler_step_doubling,0.00002,,0.6
0.11187411698621783,C6,capacitor,B,C,100,µF,,0,V,-0.6161587747563684,-0.0003290067644945174,0.0002027204048974989,0.000018982581785463452,true,true,backward_euler_step_doubling,0.00002,1e-7,0.6
0.11243877169454167,V1,voltage,A,0,6,V,,0,,6,-0.005054570345868547,-0.03032742207521128,0,true,true,backward_euler_step_doubling,0.00002,,0.6
0.11243877169454167,R2,resistor,A,B,1000,Ω,,0,,2.8362889623943435,0.0028362889623943436,0.008044535078199981,0,true,true,backward_euler_step_doubling,0.00002,,0.6
0.11243877169454167,R3,resistor,B,0,1000,Ω,,0,,3.1637110376056565,0.0031637110376056565,0.01000906752946786,0,true,true,backward_euler_step_doubling,0.00002,,0.6
0.11243877169454167,R4,resistor,A,C,1000,Ω,,0,,2.218281383474203,0.002218281383474203,0.004920772296268223,0,true,true,backward_euler_step_doubling,0.00002,,0.6
0.11243877169454167,R5,resistor,C,0,2000,Ω,,0,,3.781718616525797,0.0018908593082628987,0.007150697847288895,0,true,true,backward_euler_step_doubling,0.00002,,0.6
0.11243877169454167,C6,capacitor,B,C,100,µF,,0,V,-0.6180075789201407,-0.00032742207521130784,0.00020234932398634857,0.000019096668380136696,true,true,backward_euler_step_doubling,0.00002,1e-7,0.6
0.11300787595613793,V1,voltage,A,0,6,V,,0,,6,-0.0050543054419391305,-0.030325832651634785,0,true,true,backward_euler_step_doubling,0.00002,,0.6
0.11300787595613793,R2,resistor,A,B,1000,Ω,,0,,2.8370836741826984,0.002837083674182698,0.008049043774313999,0,true,true,backward_euler_step_doubling,0.00002,,0.6
0.11300787595613793,R3,resistor,B,0,1000,Ω,,0,,3.1629163258173016,0.0031629163258173015,0.010004039684121618,0,true,true,backward_euler_step_doubling,0.00002,,0.6
0.11300787595613793,R4,resistor,A,C,1000,Ω,,0,,2.217221767756433,0.0022172217677564328,0.004916072367412961,0,true,true,backward_euler_step_doubling,0.00002,,0.6
0.11300787595613793,R5,resistor,C,0,2000,Ω,,0,,3.782778232243567,0.0018913891161217835,0.007154705577167883,0,true,true,backward_euler_step_doubling,0.00002,,0.6
0.11300787595613793,C6,capacitor,B,C,100,µF,,0,V,-0.6198619064262654,-0.00032583265163461516,0.00020197124861815775,0.000019211439151920208,true,true,backward_euler_step_doubling,0.00002,1e-7,0.6
0.11357698021773419,V1,voltage,A,0,6,V,,0,,6,-0.005054041823947875,-0.03032425094368725,0,true,true,backward_euler_step_doubling,0.00002,,0.6
0.11357698021773419,R2,resistor,A,B,1000,Ω,,0,,2.8378745281564646,0.0028378745281564645,0.008053531837559276,0,true,true,backward_euler_step_doubling,0.00002,,0.6
0.11357698021773419,R3,resistor,B,0,1000,Ω,,0,,3.1621254718435354,0.0031621254718435356,0.009999037499681703,0,true,true,backward_euler_step_doubling,0.00002,,0.6
0.11357698021773419,R4,resistor,A,C,1000,Ω,,0,,2.21616729579141,0.00221616729579141,0.004911397482935411,0,true,true,backward_euler_step_doubling,0.00002,,0.6
0.11357698021773419,R5,resistor,C,0,2000,Ω,,0,,3.78383270420859,0.001891916352104295,0.007158694966719245,0,true,true,backward_euler_step_doubling,0.00002,,0.6
0.11357698021773419,C6,capacitor,B,C,100,µF,,0,V,-0.6217072323650545,-0.000324250943687064,0.0002015891567914417,0.00001932599413875079,true,true,backward_euler_step_doubling,0.00002,1e-7,0.6
0.11415057776322833,V1,voltage,A,0,6,V,,0,,6,-0.005053777424530302,-0.030322664547181813,0,true,true,backward_euler_step_doubling,0.00002,,0.6
0.11415057776322833,R2,resistor,A,B,1000,Ω,,0,,2.8386677264090854,0.0028386677264090852,0.008058034460956525,0,true,true,backward_euler_step_doubling,0.00002,,0.6
0.11415057776322833,R3,resistor,B,0,1000,Ω,,0,,3.1613322735909146,0.0031613322735909145,0.009994021744047501,0,true,true,backward_euler_step_doubling,0.00002,,0.6
0.11415057776322833,R4,resistor,A,C,1000,Ω,,0,,2.2151096981212164,0.0022151096981212165,0.004906710974710666,0,true,true,backward_euler_step_doubling,0.00002,,0.6
0.11415057776322833,R5,resistor,C,0,2000,Ω,,0,,3.7848903018787836,0.0018924451509393918,0.007162697298628035,0,true,true,backward_euler_step_doubling,0.00002,,0.6
0.11415057776322833,C6,capacitor,B,C,100,µF,,0,V,-0.623558028287869,-0.00032266454718177695,0.00020120006883906692,0.00001944123073211274,true,true,backward_euler_step_doubling,0.00002,1e-7,0.6
0.11472417530872246,V1,voltage,A,0,6,V,,0,,6,-0.005053514318685896,-0.030321085912115374,0,true,true,backward_euler_step_doubling,0.00002,,0.6
0.11472417530872246,R2,resistor,A,B,1000,Ω,,0,,2.8394570439422933,0.0028394570439422935,0.008062516304393507,0,true,true,backward_euler_step_doubling,0.00002,,0.6
0.11472417530872246,R3,resistor,B,0,1000,Ω,,0,,3.1605429560577067,0.0031605429560577067,0.009989031777085986,0,true,true,backward_euler_step_doubling,0.00002,,0.6
0.11472417530872246,R4,resistor,A,C,1000,Ω,,0,,2.214057274743603,0.002214057274743603,0.004902049615845071,0,true,true,backward_euler_step_doubling,0.00002,,0.6
0.11472417530872246,R5,resistor,C,0,2000,Ω,,0,,3.785942725256397,0.0018929713626281985,0.007166681159460918,0,true,true,backward_euler_step_doubling,0.00002,,0.6
0.11472417530872246,C6,capacitor,B,C,100,µF,,0,V,-0.6253997691986903,-0.00032108591211538944,0.0002008070553299155,0.000019556243565688757,true,true,backward_euler_step_doubling,0.00002,1e-7,0.6
0.11530231064755164,V1,voltage,A,0,6,V,,0,,6,-0.005053250439023559,-0.030319502634141356,0,true,true,backward_euler_step_doubling,0.00002,,0.6
0.11530231064755164,R2,resistor,A,B,1000,Ω,,0,,2.8402486829293547,0.0028402486829293546,0.008067012580881935,0,true,true,backward_euler_step_doubling,0.00002,,0.6
0.11530231064755164,R3,resistor,B,0,1000,Ω,,0,,3.1597513170706453,0.0031597513170706455,0.009984028385729678,0,true,true,backward_euler_step_doubling,0.00002,,0.6
0.11530231064755164,R4,resistor,A,C,1000,Ω,,0,,2.2130017560942035,0.0022130017560942033,0.004897376772476028,0,true,true,backward_euler_step_doubling,0.00002,,0.6
0.11530231064755164,R5,resistor,C,0,2000,Ω,,0,,3.7869982439057965,0.0018934991219528982,0.007170677849672793,0,true,true,backward_euler_step_doubling,0.00002,,0.6
0.11530231064755164,C6,capacitor,B,C,100,µF,,0,V,-0.6272469268351513,-0.00031950263414129453,0.00020040704538086266,0.00001967193536120708,true,true,backward_euler_step_doubling,0.00002,1e-7,0.6
0.11588044598638082,V1,voltage,A,0,6,V,,0,,6,-0.005052987860554571,-0.03031792716332743,0,true,true,backward_euler_step_doubling,0.00002,,0.6
0.11588044598638082,R2,resistor,A,B,1000,Ω,,0,,2.8410364183363273,0.0028410364183363273,0.008071487930313306,0,true,true,backward_euler_step_doubling,0.00002,,0.6
0.11588044598638082,R3,resistor,B,0,1000,Ω,,0,,3.1589635816636727,0.003158963581663673,0.00997905091027738,0,true,true,backward_euler_step_doubling,0.00002,,0.6
0.11588044598638082,R4,resistor,A,C,1000,Ω,,0,,2.2119514422182434,0.0022119514422182436,0.0048927291827313675,0,true,true,backward_euler_step_doubling,0.00002,,0.6
0.11588044598638082,R5,resistor,C,0,2000,Ω,,0,,3.7880485577817566,0.0018940242788908783,0.007174655938056223,0,true,true,backward_euler_step_doubling,0.00002,,0.6
0.11588044598638082,C6,capacitor,B,C,100,µF,,0,V,-0.6290849761180839,-0.0003179271633273596,0.00020000320194908216,0.000019787395358874506,true,true,backward_euler_step_doubling,0.00002,1e-7,0.6
0.11646316442493404,V1,voltage,A,0,6,V,,0,,6,-0.005052724515861229,-0.030316347095167374,0,true,true,backward_euler_step_doubling,0.00002,,0.6
0.11646316442493404,R2,resistor,A,B,1000,Ω,,0,,2.8418264524163397,0.0028418264524163396,0.00807597758565324,0,true,true,backward_euler_step_doubling,0.00002,,0.6
0.11646316442493404,R3,resistor,B,0,1000,Ω,,0,,3.1581735475836603,0.0031581735475836605,0.009974060156657163,0,true,true,backward_euler_step_doubling,0.00002,,0.6
0.11646316442493404,R4,resistor,A,C,1000,Ω,,0,,2.2108980634448883,0.0022108980634448884,0.004888070246944358,0,true,true,backward_euler_step_doubling,0.00002,,0.6
0.11646316442493404,R5,resistor,C,0,2000,Ω,,0,,3.7891019365551117,0.0018945509682775558,0.007178646742802849,0,true,true,backward_euler_step_doubling,0.00002,,0.6
0.11646316442493404,C6,capacitor,B,C,100,µF,,0,V,-0.6309283889714514,-0.0003163470951673293,0.0001995923631097215,0.000019903531600505555,true,true,backward_euler_step_doubling,0.00002,1e-7,0.6
0.11704588286348726,V1,voltage,A,0,6,V,,0,,6,-0.005052462479966285,-0.03031477487979771,0,true,true,backward_euler_step_doubling,0.00002,,0.6
0.11704588286348726,R2,resistor,A,B,1000,Ω,,0,,2.8426125601011254,0.002842612560101125,0.008080446166844673,0,true,true,backward_euler_step_doubling,0.00002,,0.6
0.11704588286348726,R3,resistor,B,0,1000,Ω,,0,,3.1573874398988746,0.0031573874398988745,0.00996909544563117,0,true,true,backward_euler_step_doubling,0.00002,,0.6
0.11704588286348726,R4,resistor,A,C,1000,Ω,,0,,2.209849919865159,0.0022098499198651587,0.004883436668328049,0,true,true,backward_euler_step_doubling,0.00002,,0.6
0.11704588286348726,R5,resistor,C,0,2000,Ω,,0,,3.790150080134841,0.0018950750400674205,0.007182618814973071,0,true,true,backward_euler_step_doubling,0.00002,,0.6
0.11704588286348726,C6,capacitor,B,C,100,µF,,0,V,-0.6327626402359665,-0.0003147748797977259,0.00019917778402076805,0.000020019427943919555,true,true,backward_euler_step_doubling,0.00002,1e-7,0.6
0.1176332305237152,V1,voltage,A,0,6,V,,0,,6,-0.005052199685425437,-0.030313198112552623,0,true,true,backward_euler_step_doubling,0.00002,,0.6
0.1176332305237152,R2,resistor,A,B,1000,Ω,,0,,2.84340094372368,0.00284340094372368,0.008084928926768715,0,true,true,backward_euler_step_doubling,0.00002,,0.6
0.1176332305237152,R3,resistor,B,0,1000,Ω,,0,,3.15659905627632,0.00315659905627632,0.009964117602084554,0,true,true,backward_euler_step_doubling,0.00002,,0.6
0.1176332305237152,R4,resistor,A,C,1000,Ω,,0,,2.208798741701757,0.002208798741701757,0.004878791881343265,0,true,true,backward_euler_step_doubling,0.00002,,0.6
0.1176332305237152,R5,resistor,C,0,2000,Ω,,0,,3.791201258298243,0.0018956006291491214,0.00718660349046109,0,true,true,backward_euler_step_doubling,0.00002,,0.6
0.1176332305237152,C6,capacitor,B,C,100,µF,,0,V,-0.6346022020219229,-0.0003131981125526931,0.0001987562118950491,0.000020135997740553665,true,true,backward_euler_step_doubling,0.00002,1e-7,0.6
0.11822057818394316,V1,voltage,A,0,6,V,,0,,6,-0.005051938207272427,-0.030311629243634564,0,true,true,backward_euler_step_doubling,0.00002,,0.6
0.11822057818394316,R2,resistor,A,B,1000,Ω,,0,,2.844185378182712,0.002844185378182712,0.008089390465468338,0,true,true,backward_euler_step_doubling,0.00002,,0.6
0.11822057818394316,R3,resistor,B,0,1000,Ω,,0,,3.155814621817288,0.0031558146218172876,0.00995916592727579,0,true,true,backward_euler_step_doubling,0.00002,,0.6
0.11822057818394316,R4,resistor,A,C,1000,Ω,,0,,2.2077528290897157,0.0022077528290897156,0.004874172554353643,0,true,true,backward_euler_step_doubling,0.00002,,0.6
0.11822057818394316,R5,resistor,C,0,2000,Ω,,0,,3.7922471709102843,0.001896123585455142,0.007190569302638527,0,true,true,backward_euler_step_doubling,0.00002,,0.6
0.11822057818394316,C6,capacitor,B,C,100,µF,,0,V,-0.6364325490929965,-0.00031162924363456175,0.0001983309938982666,0.000020252319477250466,true,true,backward_euler_step_doubling,0.00002,1e-7,0.6
0.11881260202252905,V1,voltage,A,0,6,V,,0,,6,-0.005051675978036314,-0.030310055868217882,0,true,true,backward_euler_step_doubling,0.00002,,0.6
0.11881260202252905,R2,resistor,A,B,1000,Ω,,0,,2.844972065891047,0.0028449720658910473,0.008093866055700373,0,true,true,backward_euler_step_doubling,0.00002,,0.6
0.11881260202252905,R3,resistor,B,0,1000,Ω,,0,,3.155027934108953,0.003155027934108953,0.009954201265007807,0,true,true,backward_euler_step_doubling,0.00002,,0.6
0.11881260202252905,R4,resistor,A,C,1000,Ω,,0,,2.2067039121452665,0.0022067039121452664,0.004869542155877224,0,true,true,backward_euler_step_doubling,0.00002,,0.6
0.11881260202252905,R5,resistor,C,0,2000,Ω,,0,,3.7932960878547335,0.0018966480439273666,0.007194547605067013,0,true,true,backward_euler_step_doubling,0.00002,,0.6
0.11881260202252905,C6,capacitor,B,C,100,µF,,0,V,-0.6382681537457806,-0.00031005586821784305,0.00019789878656544774,0.00002036931180430237,true,true,backward_euler_step_doubling,0.00002,1e-7,0.6
0.11940462586111494,V1,voltage,A,0,6,V,,0,,6,-0.005051415072761435,-0.030308490436568608,0,true,true,backward_euler_step_doubling,0.00002,,0.6
0.11940462586111494,R2,resistor,A,B,1000,Ω,,0,,2.8457547817157294,0.0028457547817157293,0.00809832027765794,0,true,true,backward_euler_step_doubling,0.00002,,0.6
0.11940462586111494,R3,resistor,B,0,1000,Ω,,0,,3.1542452182842706,0.003154245218284271,0.009949262897069187,0,true,true,backward_euler_step_doubling,0.00002,,0.6
0.11940462586111494,R4,resistor,A,C,1000,Ω,,0,,2.2056602910457053,0.0022056602910457052,0.004864937319495825,0,true,true,backward_euler_step_doubling,0.00002,,0.6
0.11940462586111494,R5,resistor,C,0,2000,Ω,,0,,3.7943397089542947,0.0018971698544771474,0.007198506913473682,0,true,true,backward_euler_step_doubling,0.00002,,0.6
0.11940462586111494,C6,capacitor,B,C,100,µF,,0,V,-0.6400944906700241,-0.0003084904365685478,0.00019746302887191798,0.000020486047849305877,true,true,backward_euler_step_doubling,0.00002,1e-7,0.6
0.12000137368927093,V1,voltage,A,0,6,V,,0,,6,-0.005051153423950175,-0.03030692054370105,0,true,true,backward_euler_step_doubling,0.00002,,0.6
0.12000137368927093,R2,resistor,A,B,1000,Ω,,0,,2.8465397281494496,0.0028465397281494495,0.008102788423933142,0,true,true,backward_euler_step_doubling,0.00002,,0.6
0.12000137368927093,R3,resistor,B,0,1000,Ω,,0,,3.1534602718505504,0.0031534602718505506,0.009944311686139748,0,true,true,backward_euler_step_doubling,0.00002,,0.6
0.12000137368927093,R4,resistor,A,C,1000,Ω,,0,,2.2046136958007247,0.0022046136958007246,0.00486032154771213,0,true,true,backward_euler_step_doubling,0.00002,,0.6
0.12000137368927093,R5,resistor,C,0,2000,Ω,,0,,3.7953863041992753,0.0018976931520996376,0.007202478599051716,0,true,true,backward_euler_step_doubling,0.00002,,0.6
0.12000137368927093,C6,capacitor,B,C,100,µF,,0,V,-0.6419260323487248,-0.00030692054370107344,0.00019702028686434349,0.000020603451550348805,true,true,backward_euler_step_doubling,0.00002,1e-7,0.6
0.12059812151742691,V1,voltage,A,0,6,V,,0,,6,-0.00505089310665705,-0.0303053586399423,0,true,true,backward_euler_step_doubling,0.00002,,0.6
0.12059812151742691,R2,resistor,A,B,1000,Ω,,0,,2.847320680028858,0.002847320680028858,0.008107235054919998,0,true,true,backward_euler_step_doubling,0.00002,,0.6
0.12059812151742691,R3,resistor,B,0,1000,Ω,,0,,3.152679319971142,0.003152679319971142,0.009939386894573701,0,true,true,backward_euler_step_doubling,0.00002,,0.6
0.12059812151742691,R4,resistor,A,C,1000,Ω,,0,,2.2035724266281913,0.002203572426628191,0.004855731439396055,0,true,true,backward_euler_step_doubling,0.00002,,0.6
0.12059812151742691,R5,resistor,C,0,2000,Ω,,0,,3.7964275733718087,0.0018982137866859043,0.00720643115992888,0,true,true,backward_euler_step_doubling,0.00002,,0.6
0.12059812151742691,C6,capacitor,B,C,100,µF,,0,V,-0.6437482534006667,-0.0003053586399422197,0.00019657409112360698,0.000020720590687820446,true,true,backward_euler_step_doubling,0.00002,1e-7,0.6
0.12119964202115083,V1,voltage,A,0,6,V,,0,,6,-0.0050506320533578565,-0.03030379232014714,0,true,true,backward_euler_step_doubling,0.00002,,0.6
0.12119964202115083,R2,resistor,A,B,1000,Ω,,0,,2.8481038399264724,0.0028481038399264724,0.008111695483003917,0,true,true,backward_euler_step_doubling,0.00002,,0.6
0.12119964202115083,R3,resistor,B,0,1000,Ω,,0,,3.1518961600735276,0.0031518961600735277,0.009934449403886249,0,true,true,backward_euler_step_doubling,0.00002,,0.6
0.12119964202115083,R4,resistor,A,C,1000,Ω,,0,,2.202528213431383,0.002202528213431383,0.004851130530961239,0,true,true,backward_euler_step_doubling,0.00002,,0.6
0.12119964202115083,R5,resistor,C,0,2000,Ω,,0,,3.797471786568617,0.0018987358932843086,0.007210395984892323,0,true,true,backward_euler_step_doubling,0.00002,,0.6
0.12119964202115083,C6,capacitor,B,C,100,µF,,0,V,-0.6455756264950896,-0.00030379232014702276,0.00019612091740331105,0.000020838394476226372,true,true,backward_euler_step_doubling,0.00002,1e-7,0.6
0.12180116252487473,V1,voltage,A,0,6,V,,0,,6,-0.005050372339116725,-0.03030223403470035,0,true,true,backward_euler_step_doubling,0.00002,,0.6
0.12180116252487473,R2,resistor,A,B,1000,Ω,,0,,2.848882982649884,0.002848882982649884,0.008116134248832098,0,true,true,backward_euler_step_doubling,0.00002,,0.6
0.12180116252487473,R3,resistor,B,0,1000,Ω,,0,,3.151117017350116,0.0031511170173501163,0.009929538457033493,0,true,true,backward_euler_step_doubling,0.00002,,0.6
0.12180116252487473,R4,resistor,A,C,1000,Ω,,0,,2.20148935646684,0.00220148935646684,0.004846555386636781,0,true,true,backward_euler_step_doubling,0.00002,,0.6
0.12180116252487473,R5,resistor,C,0,2000,Ω,,0,,3.79851064353316,0.00189925532176658,0.00721434155451735,0,true,true,backward_euler_step_doubling,0.00002,,0.6
0.12180116252487473,C6,capacitor,B,C,100,µF,,0,V,-0.6473936261830437,-0.00030223403470026693,0.00019566438768053767,0.000020955925361121525,true,true,backward_euler_step_doubling,0.00002,1e-7,0.6
0.1224075052859625,V1,voltage,A,0,6,V,,0,,6,-0.005050111896382837,-0.030300671378297023,0,true,true,backward_euler_step_doubling,0.00002,,0.6
0.1224075052859625,R2,resistor,A,B,1000,Ω,,0,,2.8496643108514235,0.0028496643108514236,0.00812058668454032,0,true,true,backward_euler_step_doubling,0.00002,,0.6
0.1224075052859625,R3,resistor,B,0,1000,Ω,,0,,3.1503356891485765,0.0031503356891485765,0.009924614954323237,0,true,true,backward_euler_step_doubling,0.00002,,0.6
0.1224075052859625,R4,resistor,A,C,1000,Ω,,0,,2.2004475855314123,0.0022004475855314123,0.004841969576671022,0,true,true,backward_euler_step_doubling,0.00002,,0.6
0.1224075052859625,R5,resistor,C,0,2000,Ω,,0,,3.7995524144685877,0.001899776207234294,0.007218299275147037,0,true,true,backward_euler_step_doubling,0.00002,,0.6
0.1224075052859625,C6,capacitor,B,C,100,µF,,0,V,-0.6492167253200112,-0.0003006713782971196,0.00019520088761551028,0.00002107411782176194,true,true,backward_euler_step_doubling,0.00002,1e-7,0.6
0.12301384804705029,V1,voltage,A,0,6,V,,0,,6,-0.005049852800229647,-0.03029911680137788,0,true,true,backward_euler_step_doubling,0.00002,,0.6
0.12301384804705029,R2,resistor,A,B,1000,Ω,,0,,2.8504415993110053,0.0028504415993110053,0.008125017311082682,0,true,true,backward_euler_step_doubling,0.00002,,0.6
0.12301384804705029,R3,resistor,B,0,1000,Ω,,0,,3.1495584006889947,0.003149558400688995,0.009919718119350619,0,true,true,backward_euler_step_doubling,0.00002,,0.6
0.12301384804705029,R4,resistor,A,C,1000,Ω,,0,,2.1994112009186413,0.002199411200918641,0.00483740963072638,0,true,true,backward_euler_step_doubling,0.00002,,0.6
0.12301384804705029,R5,resistor,C,0,2000,Ω,,0,,3.8005887990813587,0.0019002943995406793,0.007222237609851342,0,true,true,backward_euler_step_doubling,0.00002,,0.6
0.12301384804705029,C6,capacitor,B,C,100,µF,,0,V,-0.651030398392364,-0.00029911680137799954,0.00019473413036696864,0.000021192028981546007,true,true,backward_euler_step_doubling,0.00002,1e-7,0.6
0.12362506356467204,V1,voltage,A,0,6,V,,0,,6,-0.0050495929830797325,-0.030297557898478395,0,true,true,backward_euler_step_doubling,0.00002,,0.6
0.12362506356467204,R2,resistor,A,B,1000,Ω,,0,,2.8512210507607536,0.002851221050760754,0.008129461480301256,0,true,true,backward_euler_step_doubling,0.00002,,0.6
0.12362506356467204,R3,resistor,B,0,1000,Ω,,0,,3.1487789492392464,0.0031487789492392463,0.009914808871172213,0,true,true,backward_euler_step_doubling,0.00002,,0.6
0.12362506356467204,R4,resistor,A,C,1000,Ω,,0,,2.1983719323189796,0.0021983719323189796,0.004832839152807885,0,true,true,backward_euler_step_doubling,0.00002,,0.6
0.12362506356467204,R5,resistor,C,0,2000,Ω,,0,,3.8016280676810204,0.0019008140338405103,0.007226187982490064,0,true,true,backward_euler_step_doubling,0.00002,,0.6
0.12362506356467204,C6,capacitor,B,C,100,µF,,0,V,-0.652849118441774,-0.0002975578984785326,0.00019426041170709688,0.000021310598572510067,true,true,backward_euler_step_doubling,0.00002,1e-7,0.6
0.12423627908229379,V1,voltage,A,0,6,V,,0,,6,-0.005049334520015273,-0.030296007120091638,0,true,true,backward_euler_step_doubling,0.00002,,0.6
0.12423627908229379,R2,resistor,A,B,1000,Ω,,0,,2.851996439954157,0.0028519964399541567,0.008133883693511184,0,true,true,backward_euler_step_doubling,0.00002,,0.6
0.12423627908229379,R3,resistor,B,0,1000,Ω,,0,,3.148003560045843,0.003148003560045843,0.009909926414061302,0,true,true,backward_euler_step_doubling,0.00002,,0.6
0.12423627908229379,R4,resistor,A,C,1000,Ω,,0,,2.197338080061117,0.002197338080061117,0.004828294638086676,0,true,true,backward_euler_step_doubling,0.00002,,0.6
0.12423627908229379,R5,resistor,C,0,2000,Ω,,0,,3.802661919938883,0.0019013309599694415,0.007230118838676636,0,true,true,backward_euler_step_doubling,0.00002,,0.6
0.12423627908229379,C6,capacitor,B,C,100,µF,,0,V,-0.6546583598930398,-0.00029600712009171515,0.0001937835357559043,0.000021428878408892237,true,true,backward_euler_step_doubling,0.00002,1e-7,0.6
0.12485241879524349,V1,voltage,A,0,6,V,,0,,6,-0.005049075343432335,-0.03029445206059401,0,true,true,backward_euler_step_doubling,0.00002,,0.6
0.12485241879524349,R2,resistor,A,B,1000,Ω,,0,,2.852773969703146,0.0028527739697031458,0.008138319322215844,0,true,true,backward_euler_step_doubling,0.00002,,0.6
0.12485241879524349,R3,resistor,B,0,1000,Ω,,0,,3.147226030296854,0.0031472260302968544,0.009905031685778096,0,true,true,backward_euler_step_doubling,0.00002,,0.6
0.12485241879524349,R4,resistor,A,C,1000,Ω,,0,,2.1963013737291894,0.0021963013737291894,0.004823739724244725,0,true,true,backward_euler_step_doubling,0.00002,,0.6
0.12485241879524349,R5,resistor,C,0,2000,Ω,,0,,3.8036986262708106,0.0019018493131354054,0.007234061619747226,0,true,true,backward_euler_step_doubling,0.00002,,0.6
0.12485241879524349,C6,capacitor,B,C,100,µF,,0,V,-0.6564725959739564,-0.00029445206059371375,0.00019329970860783598,0.000021547813463239262,true,true,backward_euler_step_doubling,0.00002,1e-7,0.6
0.1254685585081932,V1,voltage,A,0,6,V,,0,,6,-0.005048817528421342,-0.030292905170528052,0,true,true,backward_euler_step_doubling,0.00002,,0.6
0.1254685585081932,R2,resistor,A,B,1000,Ω,,0,,2.853547414736102,0.0028535474147361023,0.008142732848147092,0,true,true,backward_euler_step_doubling,0.00002,,0.6
0.1254685585081932,R3,resistor,B,0,1000,Ω,,0,,3.146452585263898,0.0031464525852638978,0.009900163871313867,0,true,true,backward_euler_step_doubling,0.00002,,0.6
0.1254685585081932,R4,resistor,A,C,1000,Ω,,0,,2.1952701136852406,0.0021952701136852405,0.004819210872039609,0,true,true,backward_euler_step_doubling,0.00002,,0.6
0.1254685585081932,R5,resistor,C,0,2000,Ω,,0,,3.8047298863147594,0.0019023649431573796,0.0072379847539083605,0,true,true,backward_euler_step_doubling,0.00002,,0.6
0.1254685585081932,C6,capacitor,B,C,100,µF,,0,V,-0.6582773010508616,-0.0002929051705278673,0.00019281282511892685,0.00002166645025394033,true,true,backward_euler_step_doubling,0.00002,1e-7,0.6
0.1260896748178955,V1,voltage,A,0,6,V,,0,,6,-0.005048559007351714,-0.030291354044110284,0,true,true,backward_euler_step_doubling,0.00002,,0.6
0.1260896748178955,R2,resistor,A,B,1000,Ω,,0,,2.8543229779447614,0.0028543229779447615,0.00814715966242345,0,true,true,backward_euler_step_doubling,0.00002,,0.6
0.1260896748178955,R3,resistor,B,0,1000,Ω,,0,,3.1456770220552386,0.0031456770220552386,0.009895283927086313,0,true,true,backward_euler_step_doubling,0.00002,,0.6
0.1260896748178955,R4,resistor,A,C,1000,Ω,,0,,2.194236029406952,0.002194236029406952,0.004814671752747587,0,true,true,backward_euler_step_doubling,0.00002,,0.6
0.1260896748178955,R5,resistor,C,0,2000,Ω,,0,,3.805763970593048,0.001902881985296524,0.007241919699932081,0,true,true,backward_euler_step_doubling,0.00002,,0.6
0.1260896748178955,C6,capacitor,B,C,100,µF,,0,V,-0.6600869485378094,-0.00029135404411053333,0.00019231900192107226,0.000021785738981497826,true,true,backward_euler_step_doubling,0.00002,1e-7,0.6
0.1267107911275978,V1,voltage,A,0,6,V,,0,,6,-0.005048301855322043,-0.030289811131932257,0,true,true,backward_euler_step_doubling,0.00002,,0.6
0.1267107911275978,R2,resistor,A,B,1000,Ω,,0,,2.8550944340338082,0.0028550944340338083,0.008151564227250833,0,true,true,backward_euler_step_doubling,0.00002,,0.6
0.1267107911275978,R3,resistor,B,0,1000,Ω,,0,,3.1449055659661918,0.003144905565966192,0.009890431018845134,0,true,true,backward_euler_step_doubling,0.00002,,0.6
0.1267107911275978,R4,resistor,A,C,1000,Ω,,0,,2.1932074212882338,0.002193207421288234,0.004810158792793784,0,true,true,backward_euler_step_doubling,0.00002,,0.6
0.1267107911275978,R5,resistor,C,0,2000,Ω,,0,,3.8067925787117662,0.0019033962893558831,0.007245834868667489,0,true,true,backward_euler_step_doubling,0.00002,,0.6
0.1267107911275978,C6,capacitor,B,C,100,µF,,0,V,-0.6618870127455745,-0.0002898111319324181,0.0001918222243751618,0.00002190472088206301,true,true,backward_euler_step_doubling,0.00002,1e-7,0.6
0.12733693742160623,V1,voltage,A,0,6,V,,0,,6,-0.00504804400467513,-0.03028826402805078,0,true,true,backward_euler_step_doubling,0.00002,,0.6
0.12733693742160623,R2,resistor,A,B,1000,Ω,,0,,2.855867985974651,0.002855867985974651,0.008155981953314911,0,true,true,backward_euler_step_doubling,0.00002,,0.6
0.12733693742160623,R3,resistor,B,0,1000,Ω,,0,,3.144132014025349,0.0031441320140253486,0.009885566121619095,0,true,true,backward_euler_step_doubling,0.00002,,0.6
0.12733693742160623,R4,resistor,A,C,1000,Ω,,0,,2.192176018700478,0.002192176018700478,0.004805635696965478,0,true,true,backward_euler_step_doubling,0.00002,,0.6
0.12733693742160623,R5,resistor,C,0,2000,Ω,,0,,3.807823981299522,0.0019039119906497611,0.007249761736279872,0,true,true,backward_euler_step_doubling,0.00002,,0.6
0.12733693742160623,C6,capacitor,B,C,100,µF,,0,V,-0.6636919672741732,-0.00028826402805068015,0.00019131851987133337,0.00002202435137121311,true,true,backward_euler_step_doubling,0.00002,1e-7,0.6
0.12796308371561466,V1,voltage,A,0,6,V,,0,,6,-0.005047787530516853,-0.030286725183101118,0,true,true,backward_euler_step_doubling,0.00002,,0.6
0.12796308371561466,R2,resistor,A,B,1000,Ω,,0,,2.8566374084495014,0.0028566374084495016,0.008160377283353084,0,true,true,backward_euler_step_doubling,0.00002,,0.6
0.12796308371561466,R3,resistor,B,0,1000,Ω,,0,,3.1433625915504986,0.0031433625915504985,0.009880728381959067,0,true,true,backward_euler_step_doubling,0.00002,,0.6
0.12796308371561466,R4,resistor,A,C,1000,Ω,,0,,2.1911501220673526,0.0021911501220673525,0.004801138857435774,0,true,true,backward_euler_step_doubling,0.00002,,0.6
0.12796308371561466,R5,resistor,C,0,2000,Ω,,0,,3.8088498779326474,0.0019044249389663238,0.007253668696313772,0,true,true,backward_euler_step_doubling,0.00002,,0.6
0.12796308371561466,C6,capacitor,B,C,100,µF,,0,V,-0.6654872863821488,-0.0002867251831009685,0.0001908119640392883,0.000022143666416813807,true,true,backward_euler_step_doubling,0.00002,1e-7,0.6
0.12859431439216634,V1,voltage,A,0,6,V,,0,,6,-0.005047530365163525,-0.03028518219098115,0,true,true,backward_euler_step_doubling,0.00002,,0.6
0.12859431439216634,R2,resistor,A,B,1000,Ω,,0,,2.857408904509604,0.002857408904509604,0.008164785647570776,0,true,true,backward_euler_step_doubling,0.00002,,0.6
0.12859431439216634,R3,resistor,B,0,1000,Ω,,0,,3.142591095490396,0.003142591095490396,0.009875878793455528,0,true,true,backward_euler_step_doubling,0.00002,,0.6
0.12859431439216634,R4,resistor,A,C,1000,Ω,,0,,2.190121460653922,0.0021901214606539223,0.00479663201241687,0,true,true,backward_euler_step_doubling,0.00002,,0.6
0.12859431439216634,R5,resistor,C,0,2000,Ω,,0,,3.809878539346078,0.001904939269673039,0.007257587242284902,0,true,true,backward_euler_step_doubling,0.00002,,0.6
0.12859431439216634,C6,capacitor,B,C,100,µF,,0,V,-0.667287443855682,-0.0002851821909808192,0.00019029849525275375,0.00002226362663637249,true,true,backward_euler_step_doubling,0.00002,1e-7,0.6
0.129225545068718,V1,voltage,A,0,6,V,,0,,6,-0.00504727458372807,-0.03028364750236842,0,true,true,backward_euler_step_doubling,0.00002,,0.6
0.129225545068718,R2,resistor,A,B,1000,Ω,,0,,2.8581762488159863,0.0028581762488159865,0.008169171469295824,0,true,true,backward_euler_step_doubling,0.00002,,0.6
0.129225545068718,R3,resistor,B,0,1000,Ω,,0,,3.1418237511840137,0.0031418237511840136,0.009871056483503986,0,true,true,backward_euler_step_doubling,0.00002,,0.6
0.129225545068718,R4,resistor,A,C,1000,Ω,,0,,2.1890983349120847,0.0021890983349120846,0.004792151519914862,0,true,true,backward_euler_step_doubling,0.00002,,0.6
0.129225545068718,R5,resistor,C,0,2000,Ω,,0,,3.8109016650879153,0.0019054508325439575,0.007261485750484922,0,true,true,backward_euler_step_doubling,0.00002,,0.6
0.129225545068718,C6,capacitor,B,C,100,µF,,0,V,-0.6690779139039016,-0.00028364750236802743,0.00018978227916845178,0.000022383262743699836,true,true,backward_euler_step_doubling,0.00002,1e-7,0.6
0.1298619155617019,V1,voltage,A,0,6,V,,0,,6,-0.005047018118500189,-0.030282108711001135,0,true,true,backward_euler_step_doubling,0.00002,,0.6
0.1298619155617019,R2,resistor,A,B,1000,Ω,,0,,2.8589456444995185,0.0028589456444995183,0.008173570198202766,0,true,true,backward_euler_step_doubling,0.00002,,0.6
0.1298619155617019,R3,resistor,B,0,1000,Ω,,0,,3.1410543555004815,0.0031410543555004814,0.009866222464208544,0,true,true,backward_euler_step_doubling,0.00002,,0.6
0.1298619155617019,R4,resistor,A,C,1000,Ω,,0,,2.1880724740006694,0.0021880724740006696,0.00478766115147941,0,true,true,backward_euler_step_doubling,0.00002,,0.6
0.1298619155617019,R5,resistor,C,0,2000,Ω,,0,,3.8119275259993306,0.0019059637629996653,0.0072653957317356885,0,true,true,backward_euler_step_doubling,0.00002,,0.6
0.1298619155617019,C6,capacitor,B,C,100,µF,,0,V,-0.6708731704988491,-0.00028210871100099163,0.0001892591653745788,0.000022503540544758888,true,true,backward_euler_step_doubling,0.00002,1e-7,0.6
0.13049828605468577,V1,voltage,A,0,6,V,,0,,6,-0.0050467630445995195,-0.030280578267597117,0,true,true,backward_euler_step_doubling,0.00002,,0.6
0.13049828605468577,R2,resistor,A,B,1000,Ω,,0,,2.85971086620154,0.00285971086620154,0.008177946238271162,0,true,true,backward_euler_step_doubling,0.00002,,0.6
0.13049828605468577,R3,resistor,B,0,1000,Ω,,0,,3.14028913379846,0.00314028913379846,0.009861415843852682,0,true,true,backward_euler_step_doubling,0.00002,,0.6
0.13049828605468577,R4,resistor,A,C,1000,Ω,,0,,2.1870521783979786,0.0021870521783979788,0.004783197231035344,0,true,true,backward_euler_step_doubling,0.00002,,0.6
0.13049828605468577,R5,resistor,C,0,2000,Ω,,0,,3.8129478216020214,0.0019064739108010107,0.0072692855451298,0,true,true,backward_euler_step_doubling,0.00002,,0.6
0.13049828605468577,C6,capacitor,B,C,100,µF,,0,V,-0.6726586878035614,-0.0002805782675969439,0.00018873340930795681,0.000022623485513880456,true,true,backward_euler_step_doubling,0.00002,1e-7,0.6
0.13113985285963584,V1,voltage,A,0,6,V,,0,,6,-0.005046507294289141,-0.03027904376573485,0,true,true,backward_euler_step_doubling,0.00002,,0.6
0.13113985285963584,R2,resistor,A,B,1000,Ω,,0,,2.8604781171324696,0.0028604781171324696,0.008182335058593719,0,true,true,backward_euler_step_doubling,0.00002,,0.6
0.13113985285963584,R3,resistor,B,0,1000,Ω,,0,,3.1395218828675304,0.0031395218828675305,0.009856597653004083,0,true,true,backward_euler_step_doubling,0.00002,,0.6
0.13113985285963584,R4,resistor,A,C,1000,Ω,,0,,2.18602917715667,0.00218602917715667,0.004778723563380267,0,true,true,backward_euler_step_doubling,0.00002,,0.6
0.13113985285963584,R5,resistor,C,0,2000,Ω,,0,,3.81397082284333,0.0019069854114216651,0.007273186718750115,0,true,true,backward_euler_step_doubling,0.00002,,0.6
0.13113985285963584,C6,capacitor,B,C,100,µF,,0,V,-0.6744489399757998,-0.0002790437657350045,0.0001882007720068292,0.000022744068631723996,true,true,backward_euler_step_doubling,0.00002,1e-7,0.6
0.13178141966458587,V1,voltage,A,0,6,V,,0,,6,-0.005046252942694869,-0.030277517656169217,0,true,true,backward_euler_step_doubling,0.00002,,0.6
0.13178141966458587,R2,resistor,A,B,1000,Ω,,0,,2.8612411719152635,0.0028612411719152633,0.00818670104386303,0,true,true,backward_euler_step_doubling,0.00002,,0.6
0.13178141966458587,R3,resistor,B,0,1000,Ω,,0,,3.1387588280847365,0.0031387588280847364,0.009851806980879868,0,true,true,backward_euler_step_doubling,0.00002,,0.6
0.13178141966458587,R4,resistor,A,C,1000,Ω,,0,,2.1850117707796053,0.0021850117707796052,0.004774276438445426,0,true,true,backward_euler_step_doubling,0.00002,,0.6
0.13178141966458587,R5,resistor,C,0,2000,Ω,,0,,3.8149882292203947,0.0019074941146101974,0.0072770675945450815,0,true,true,backward_euler_step_doubling,0.00002,,0.6
0.13178141966458587,C6,capacitor,B,C,100,µF,,0,V,-0.6762294011356582,-0.0002775176561694185,0.00018766559843601737,0.000022864310148014543,true,true,backward_euler_step_doubling,0.00002,1e-7,0.6
0.1324282403655561,V1,voltage,A,0,6,V,,0,,6,-0.005045997922053314,-0.030275987532319883,0,true,true,backward_euler_step_doubling,0.00002,,0.6
0.1324282403655561,R2,resistor,A,B,1000,Ω,,0,,2.8620062338400563,0.002862006233840056,0.008191079682539343,0,true,true,backward_euler_step_doubling,0.00002,,0.6
0.1324282403655561,R3,resistor,B,0,1000,Ω,,0,,3.1379937661599437,0.0031379937661599436,0.009847004876458667,0,true,true,backward_euler_step_doubling,0.00002,,0.6
0.1324282403655561,R4,resistor,A,C,1000,Ω,,0,,2.1839916882132564,0.0021839916882132565,0.00476981969418459,0,true,true,backward_euler_step_doubling,0.00002,,0.6
0.1324282403655561,R5,resistor,C,0,2000,Ω,,0,,3.8160083117867436,0.0019080041558933718,0.007280959717812756,0,true,true,backward_euler_step_doubling,0.00002,,0.6
0.1324282403655561,C6,capacitor,B,C,100,µF,,0,V,-0.6780145456267999,-0.00027598753231984906,0.0001871235613245042,0.00002298518620407579,true,true,backward_euler_step_doubling,0.00002,1e-7,0.6
0.1330750610665263,V1,voltage,A,0,6,V,,0,,6,-0.005045744307495834,-0.030274465844975004,0,true,true,backward_euler_step_doubling,0.00002,,0.6
0.1330750610665263,R2,resistor,A,B,1000,Ω,,0,,2.8627670775125122,0.002862767077512512,0.00819543534008953,0,true,true,backward_euler_step_doubling,0.00002,,0.6
0.1330750610665263,R3,resistor,B,0,1000,Ω,,0,,3.1372329224874878,0.0031372329224874877,0.009842230409939383,0,true,true,backward_euler_step_doubling,0.00002,,0.6
0.1330750610665263,R4,resistor,A,C,1000,Ω,,0,,2.1829772299833214,0.0021829772299833215,0.004765389586625655,0,true,true,backward_euler_step_doubling,0.00002,,0.6
0.1330750610665263,R5,resistor,C,0,2000,Ω,,0,,3.8170227700166786,0.0019085113850083393,0.007284831413412899,0,true,true,backward_euler_step_doubling,0.00002,,0.6
0.1330750610665263,C6,capacitor,B,C,100,µF,,0,V,-0.6797898475291908,-0.00027446584497497383,0.000186579094907508,0.000023105711840188025,true,true,backward_euler_step_doubling,0.00002,1e-7,0.6
0.133727194363508,V1,voltage,A,0,6,V,,0,,6,-0.005045490031232562,-0.030272940187395375,0,true,true,backward_euler_step_doubling,0.00002,,0.6
0.133727194363508,R2,resistor,A,B,1000,Ω,,0,,2.8635299063023014,0.0028635299063023015,0.008199803524287667,0,true,true,backward_euler_step_doubling,0.00002,,0.6
0.133727194363508,R3,resistor,B,0,1000,Ω,,0,,3.1364700936976986,0.0031364700936976986,0.00983744464866005,0,true,true,backward_euler_step_doubling,0.00002,,0.6
0.133727194363508,R4,resistor,A,C,1000,Ω,,0,,2.1819601249302614,0.002181960124930261,0.004760949986785681,0,true,true,backward_euler_step_doubling,0.00002,,0.6
0.133727194363508,R5,resistor,C,0,2000,Ω,,0,,3.8180398750697386,0.0019090199375348693,0.007288714243811272,0,true,true,backward_euler_step_doubling,0.00002,,0.6
0.133727194363508,C6,capacitor,B,C,100,µF,,0,V,-0.68156978137204,-0.0002729401873953442,0.0001860277838506884,0.00002322686834397652,true,true,backward_euler_step_doubling,0.00002,1e-7,0.6
0.13437932766048968,V1,voltage,A,0,6,V,,0,,6,-0.005045237168400207,-0.03027142301040124,0,true,true,backward_euler_step_doubling,0.00002,,0.6
0.13437932766048968,R2,resistor,A,B,1000,Ω,,0,,2.8642884947993723,0.0028642884947993725,0.008204148581440054,0,true,true,backward_euler_step_doubling,0.00002,,0.6
0.13437932766048968,R3,resistor,B,0,1000,Ω,,0,,3.1357115052006277,0.0031357115052006277,0.009832686643847587,0,true,true,backward_euler_step_doubling,0.00002,,0.6
0.13437932766048968,R4,resistor,A,C,1000,Ω,,0,,2.180948673600836,0.002180948673600836,0.004756537116881246,0,true,true,backward_euler_step_doubling,0.00002,,0.6
0.13437932766048968,R5,resistor,C,0,2000,Ω,,0,,3.819051326399164,0.001909525663199582,0.0072925765168356076,0,true,true,backward_euler_step_doubling,0.00002,,0.6
0.13437932766048968,C6,capacitor,B,C,100,µF,,0,V,-0.6833398211985364,-0.0002714230104012133,0.00018547415139673356,0.000023347665561782382,true,true,backward_euler_step_doubling,0.00002,1e-7,0.6
0.13503683339805134,V1,voltage,A,0,6,V,,0,,6,-0.00504498365118237,-0.030269901907094218,0,true,true,backward_euler_step_doubling,0.00002,,0.6
0.13503683339805134,R2,resistor,A,B,1000,Ω,,0,,2.8650490464529197,0.00286504904645292,0.008208506038580785,0,true,true,backward_euler_step_doubling,0.00002,,0.6
0.13503683339805134,R3,resistor,B,0,1000,Ω,,0,,3.1349509535470803,0.0031349509535470803,0.009827917481145748,0,true,true,backward_euler_step_doubling,0.00002,,0.6
0.13503683339805134,R4,resistor,A,C,1000,Ω,,0,,2.1799346047294508,0.0021799346047294507,0.0047521148808969465,0,true,true,backward_euler_step_doubling,0.00002,,0.6
0.13503683339805134,R5,resistor,C,0,2000,Ω,,0,,3.8200653952705492,0.0019100326976352745,0.007296449812071768,0,true,true,backward_euler_step_doubling,0.00002,,0.6
0.13503683339805134,C6,capacitor,B,C,100,µF,,0,V,-0.6851144417234689,-0.0002699019070941701,0.00018491369439892192,0.000023469089912903022,true,true,backward_euler_step_doubling,0.00002,1e-7,0.6
0.135694339135613,V1,voltage,A,0,6,V,,0,,6,-0.005044731554720564,-0.030268389328323382,0,true,true,backward_euler_step_doubling,0.00002,,0.6
0.135694339135613,R2,resistor,A,B,1000,Ω,,0,,2.8658053358383806,0.0028658053358383805,0.008212840222919734,0,true,true,backward_euler_step_doubling,0.00002,,0.6
0.135694339135613,R3,resistor,B,0,1000,Ω,,0,,3.1341946641616194,0.0031341946641616192,0.009823176192859166,0,true,true,backward_euler_step_doubling,0.00002,,0.6
0.135694339135613,R4,resistor,A,C,1000,Ω,,0,,2.178926218882183,0.002178926218882183,0.004747719467332208,0,true,true,backward_euler_step_doubling,0.00002,,0.6
0.135694339135613,R5,resistor,C,0,2000,Ω,,0,,3.821073781117817,0.0019105368905589083,0.0073003024203730045,0,true,true,backward_euler_step_doubling,0.00002,,0.6
0.135694339135613,C6,capacitor,B,C,100,µF,,0,V,-0.6868791169561974,-0.0002683893283232416,0.00018435102483913514,0.00002359014606552627,true,true,backward_euler_step_doubling,0.00002,1e-7,0.6
0.13635727833220523,V1,voltage,A,0,6,V,,0,,6,-0.005044478811171883,-0.030266872867031298,0,true,true,backward_euler_step_doubling,0.00002,,0.6
0.13635727833220523,R2,resistor,A,B,1000,Ω,,0,,2.8665635664843494,0.0028665635664843494,0.008217186680695474,0,true,true,backward_euler_step_doubling,0.00002,,0.6
0.13635727833220523,R3,resistor,B,0,1000,Ω,,0,,3.1334364335156506,0.0031334364335156508,0.00981842388288328,0,true,true,backward_euler_step_doubling,0.00002,,0.6
0.13635727833220523,R4,resistor,A,C,1000,Ω,,0,,2.177915244687532,0.0021779152446875323,0.004743314813042353,0,true,true,backward_euler_step_doubling,0.00002,,0.6
0.13635727833220523,R5,resistor,C,0,2000,Ω,,0,,3.822084755312468,0.001911042377656234,0.007304165938395984,0,true,true,backward_euler_step_doubling,0.00002,,0.6
0.13635727833220523,C6,capacitor,B,C,100,µF,,0,V,-0.6886483217968173,-0.0002668728670312892,0.0001837815520142025,0.000023711825555678642,true,true,backward_euler_step_doubling,0.00002,1e-7,0.6
0.13702021752879748,V1,voltage,A,0,6,V,,0,,6,-0.0050442274956822635,-0.03026536497409358,0,true,true,backward_euler_step_doubling,0.00002,,0.6
0.13702021752879748,R2,resistor,A,B,1000,Ω,,0,,2.8673175129531865,0.0028673175129531863,0.008221509720088047,0,true,true,backward_euler_step_doubling,0.00002,,0.6
0.13702021752879748,R3,resistor,B,0,1000,Ω,,0,,3.1326824870468135,0.0031326824870468134,0.009813699564649808,0,true,true,backward_euler_step_doubling,0.00002,,0.6
0.13702021752879748,R4,resistor,A,C,1000,Ω,,0,,2.1769099827290757,0.0021769099827290755,0.004738937072905504,0,true,true,backward_euler_step_doubling,0.00002,,0.6
0.13702021752879748,R5,resistor,C,0,2000,Ω,,0,,3.8230900172709243,0.001911545008635462,0.007308008640078298,0,true,true,backward_euler_step_doubling,0.00002,,0.6
0.13702021752879748,C6,capacitor,B,C,100,µF,,0,V,-0.6904075302241108,-0.0002653649740936222,0.00018320997637196287,0.000023833127889507822,true,true,backward_euler_step_doubling,0.00002,1e-7,0.6
0.13768865240718622,V1,voltage,A,0,6,V,,0,,6,-0.0050439755403823595,-0.030263853242294157,0,true,true,backward_euler_step_doubling,0.00002,,0.6
0.13768865240718622,R2,resistor,A,B,1000,Ω,,0,,2.868073378852863,0.002868073378852863,0.008225844906484479,0,true,true,backward_euler_step_doubling,0.00002,,0.6
0.13768865240718622,R3,resistor,B,0,1000,Ω,,0,,3.131926621147137,0.003131926621147137,0.009808964360250121,0,true,true,backward_euler_step_doubling,0.00002,,0.6
0.13768865240718622,R4,resistor,A,C,1000,Ω,,0,,2.1759021615294976,0.0021759021615294976,0.00473455021654874,0,true,true,backward_euler_step_doubling,0.00002,,0.6
0.13768865240718622,R5,resistor,C,0,2000,Ω,,0,,3.8240978384705024,0.0019120489192352512,0.007311862139097384,0,true,true,backward_euler_step_doubling,0.00002,,0.6
0.13768865240718622,C6,capacitor,B,C,100,µF,,0,V,-0.6921712173233656,-0.000263853242294321,0.0001826316199135771,0.00002395504970454549,true,true,backward_euler_step_doubling,0.00002,1e-7,0.6
0.13835708728557494,V1,voltage,A,0,6,V,,0,,6,-0.005043725020422,-0.030262350122532,0,true,true,backward_euler_step_doubling,0.00002,,0.6
0.13835708728557494,R2,resistor,A,B,1000,Ω,,0,,2.8688249387339333,0.0028688249387339333,0.008230156529101756,0,true,true,backward_euler_step_doubling,0.00002,,0.6
0.13835708728557494,R3,resistor,B,0,1000,Ω,,0,,3.1311750612660667,0.003131175061266067,0.009804257264294557,0,true,true,backward_euler_step_doubling,0.00002,,0.6
0.13835708728557494,R4,resistor,A,C,1000,Ω,,0,,2.174900081688067,0.002174900081688067,0.004730190365326761,0,true,true,backward_euler_step_doubling,0.00002,,0.6
0.13835708728557494,R5,resistor,C,0,2000,Ω,,0,,3.825099918311933,0.0019125499591559664,0.0073156946925349775,0,true,true,backward_euler_step_doubling,0.00002,,0.6
0.13835708728557494,C6,capacitor,B,C,100,µF,,0,V,-0.6939248570458663,-0.0002623501225321745,0.0001820512712741047,0.000024076585361306293,true,true,backward_euler_step_doubling,0.00002,1e-7,0.6
0.13903108130417124,V1,voltage,A,0,6,V,,0,,6,-0.005043473867905481,-0.030260843207432886,0,true,true,backward_euler_step_doubling,0.00002,,0.6
0.13903108130417124,R2,resistor,A,B,1000,Ω,,0,,2.8695783962836785,0.0028695783962836784,0.008234480172418008,0,true,true,backward_euler_step_doubling,0.00002,,0.6
0.13903108130417124,R3,resistor,B,0,1000,Ω,,0,,3.1304216037163215,0.0031304216037163217,0.009799539417013867,0,true,true,backward_euler_step_doubling,0.00002,,0.6
0.13903108130417124,R4,resistor,A,C,1000,Ω,,0,,2.1738954716218015,0.0021738954716218014,0.004725821521537775,0,true,true,backward_euler_step_doubling,0.00002,,0.6
0.13903108130417124,R5,resistor,C,0,2000,Ω,,0,,3.8261045283781985,0.0019130522641890991,0.007319537931038078,0,true,true,backward_euler_step_doubling,0.00002,,0.6
0.13903108130417124,C6,capacitor,B,C,100,µF,,0,V,-0.695682924661877,-0.0002608432074326385,0.00018146416542492262,0.00002419873658330514,true,true,backward_euler_step_doubling,0.00002,1e-7,0.6
0.13970507532276755,V1,voltage,A,0,6,V,,0,,6,-0.005043224157985985,-0.030259344947915913,0,true,true,backward_euler_step_doubling,0.00002,,0.6
0.13970507532276755,R2,resistor,A,B,1000,Ω,,0,,2.870327526042173,0.002870327526042173,0.008238780106755382,0,true,true,backward_euler_step_doubling,0.00002,,0.6
0.13970507532276755,R3,resistor,B,0,1000,Ω,,0,,3.129672473957827,0.003129672473957827,0.009794849794249305,0,true,true,backward_euler_step_doubling,0.00002,,0.6
0.13970507532276755,R4,resistor,A,C,1000,Ω,,0,,2.1728966319438126,0.0021728966319438125,0.0047214797731127646,0,true,true,backward_euler_step_doubling,0.00002,,0.6
0.13970507532276755,R5,resistor,C,0,2000,Ω,,0,,3.8271033680561874,0.0019135516840280938,0.007323360094893507,0,true,true,backward_euler_step_doubling,0.00002,,0.6
0.13970507532276755,C6,capacitor,B,C,100,µF,,0,V,-0.6974308940983605,-0.0002593449479156963,0.0001808751789047368,0.00002432049260214192,true,true,backward_euler_step_doubling,0.00002,1e-7,0.6
0.14038469320814564,V1,voltage,A,0,6,V,,0,,6,-0.0050429738227413395,-0.030257842936448037,0,true,true,backward_euler_step_doubling,0.00002,,0.6
0.14038469320814564,R2,resistor,A,B,1000,Ω,,0,,2.8710785317759924,0.002871078531775992,0.008243091935624988,0,true,true,backward_euler_step_doubling,0.00002,,0.6
0.14038469320814564,R3,resistor,B,0,1000,Ω,,0,,3.1289214682240076,0.0031289214682240075,0.00979014955431308,0,true,true,backward_euler_step_doubling,0.00002,,0.6
0.14038469320814564,R4,resistor,A,C,1000,Ω,,0,,2.171895290965347,0.002171895290965347,0.004717129154917449,0,true,true,backward_euler_step_doubling,0.00002,,0.6
0.14038469320814564,R5,resistor,C,0,2000,Ω,,0,,3.828104709034653,0.0019140523545173264,0.007327192831666642,0,true,true,backward_euler_step_doubling,0.00002,,0.6
0.14038469320814564,C6,capacitor,B,C,100,µF,,0,V,-0.6991832408106453,-0.00025784293644802236,0.00018027945992586154,0.00002444286021152384,true,true,backward_euler_step_doubling,0.00002,1e-7,0.6
0.14106431109352374,V1,voltage,A,0,6,V,,0,,6,-0.00504272493732798,-0.03025634962396788,0,true,true,backward_euler_step_doubling,0.00002,,0.6
0.14106431109352374,R2,resistor,A,B,1000,Ω,,0,,2.871825188016105,0.002871825188016105,0.008247379910523737,0,true,true,backward_euler_step_doubling,0.00002,,0.6
0.14106431109352374,R3,resistor,B,0,1000,Ω,,0,,3.128174811983895,0.0031281748119838947,0.009785477654330476,0,true,true,backward_euler_step_doubling,0.00002,,0.6
0.14106431109352374,R4,resistor,A,C,1000,Ω,,0,,2.1708997493118756,0.0021708997493118756,0.004712805721562364,0,true,true,backward_euler_step_doubling,0.00002,,0.6
0.14106431109352374,R5,resistor,C,0,2000,Ω,,0,,3.8291002506881244,0.0019145501253440623,0.007331004364909929,0,true,true,backward_euler_step_doubling,0.00002,,0.6
0.14106431109352374,C6,capacitor,B,C,100,µF,,0,V,-0.7009254387042296,-0.0002563496239677463,0.00017968197264125687,0.000024564823531135837,true,true,backward_euler_step_doubling,0.00002,1e-7,0.6
0.14174961887365392,V1,voltage,A,0,6,V,,0,,6,-0.005042475433797324,-0.030254852602783943,0,true,true,backward_euler_step_doubling,0.00002,,0.6
0.14174961887365392,R2,resistor,A,B,1000,Ω,,0,,2.8725736986081474,0.0028725736986081473,0.008251679653935291,0,true,true,backward_euler_step_doubling,0.00002,,0.6
0.14174961887365392,R3,resistor,B,0,1000,Ω,,0,,3.1274263013918526,0.0031274263013918524,0.009780795270637523,0,true,true,backward_euler_step_doubling,0.00002,,0.6
0.14174961887365392,R4,resistor,A,C,1000,Ω,,0,,2.1699017351891765,0.0021699017351891766,0.004708473540377,0,true,true,backward_euler_step_doubling,0.00002,,0.6
0.14174961887365392,R5,resistor,C,0,2000,Ω,,0,,3.8300982648108235,0.0019150491324054118,0.007334826359053441,0,true,true,backward_euler_step_doubling,0.00002,,0.6
0.14174961887365392,C6,capacitor,B,C,100,µF,,0,V,-0.7026719634189709,-0.00025485260278373695,0.00017907777878048352,0.000024687394408753574,true,true,backward_euler_step_doubling,0.00002,1e-7,0.6
0.14243492665378413,V1,voltage,A,0,6,V,,0,,6,-0.0050422273873082565,-0.03025336432384954,0,true,true,backward_euler_step_doubling,0.00002,,0.6
0.14243492665378413,R2,resistor,A,B,1000,Ω,,0,,2.8733178380753213,0.002873317838075321,0.008255955398601838,0,true,true,backward_euler_step_doubling,0.00002,,0.6
0.14243492665378413,R3,resistor,B,0,1000,Ω,,0,,3.1266821619246787,0.003126682161924679,0.009776141341697983,0,true,true,backward_euler_step_doubling,0.00002,,0.6
0.14243492665378413,R4,resistor,A,C,1000,Ω,,0,,2.168909549232936,0.002168909549232936,0.004704168632753819,0,true,true,backward_euler_step_doubling,0.00002,,0.6
0.14243492665378413,R5,resistor,C,0,2000,Ω,,0,,3.831090450767064,0.001915545225383532,0.007338627020979292,0,true,true,backward_euler_step_doubling,0.00002,,0.6
0.14243492665378413,C6,capacitor,B,C,100,µF,,0,V,-0.704408288842385,-0.0002533643238493982,0.00017847192981646246,0.000024809551869492842,true,true,backward_euler_step_doubling,0.00002,1e-7,0.6
0.14312599169275628,V1,voltage,A,0,6,V,,0,,6,-0.005041978729885894,-0.030251872379315363,0,true,true,backward_euler_step_doubling,0.00002,,0.6
0.14312599169275628,R2,resistor,A,B,1000,Ω,,0,,2.8740638103422778,0.0028740638103422777,0.008260242785919173,0,true,true,backward_euler_step_doubling,0.00002,,0.6
0.14312599169275628,R3,resistor,B,0,1000,Ω,,0,,3.1259361896577222,0.0031259361896577224,0.00977147706181184,0,true,true,backward_euler_step_doubling,0.00002,,0.6
0.14312599169275628,R4,resistor,A,C,1000,Ω,,0,,2.167914919543616,0.002167914919543616,0.004699855098379804,0,true,true,backward_euler_step_doubling,0.00002,,0.6
0.14312599169275628,R5,resistor,C,0,2000,Ω,,0,,3.832085080456384,0.001916042540228192,0.0073424380319282055,0,true,true,backward_euler_step_doubling,0.00002,,0.6
0.14312599169275628,C6,capacitor,B,C,100,µF,,0,V,-0.7061488907986617,-0.0002518723793154919,0.00017785940127645439,0.00002493231279880901,true,true,backward_euler_step_doubling,0.00002,1e-7,0.6
0.14381705673172843,V1,voltage,A,0,6,V,,0,,6,-0.005041731536691355,-0.03025038922014813,0,true,true,backward_euler_step_doubling,0.00002,,0.6
0.14381705673172843,R2,resistor,A,B,1000,Ω,,0,,2.874805389925908,0.0028748053899259078,0.008264506029947051,0,true,true,backward_euler_step_doubling,0.00002,,0.6
0.14381705673172843,R3,resistor,B,0,1000,Ω,,0,,3.125194610074092,0.0031251946100740923,0.009766841350836157,0,true,true,backward_euler_step_doubling,0.00002,,0.6
0.14381705673172843,R4,resistor,A,C,1000,Ω,,0,,2.166926146765447,0.002166926146765447,0.004695568925535748,0,true,true,backward_euler_step_doubling,0.00002,,0.6
0.14381705673172843,R5,resistor,C,0,2000,Ω,,0,,3.833073853234553,0.0019165369266172765,0.007346227582175192,0,true,true,backward_euler_step_doubling,0.00002,,0.6
0.14381705673172843,C6,capacitor,B,C,100,µF,,0,V,-0.7078792431604608,-0.000250389220148181,0.00017724533165403236,0.00002505465114487134,true,true,backward_euler_step_doubling,0.00002,1e-7,0.6
0.1445139477655442,V1,voltage,A,0,6,V,,0,,6,-0.005041483739723397,-0.030248902438340386,0,true,true,backward_euler_step_doubling,0.00002,,0.6
0.1445139477655442,R2,resistor,A,B,1000,Ω,,0,,2.8755487808298015,0.0028755487808298013,0.008268780790931757,0,true,true,backward_euler_step_doubling,0.00002,,0.6
0.1445139477655442,R3,resistor,B,0,1000,Ω,,0,,3.1244512191701985,0.0031244512191701984,0.009762195420974139,0,true,true,backward_euler_step_doubling,0.00002,,0.6
0.1445139477655442,R4,resistor,A,C,1000,Ω,,0,,2.1659349588935974,0.0021659349588935973,0.004691274246157409,0,true,true,backward_euler_step_doubling,0.00002,,0.6
0.1445139477655442,R5,resistor,C,0,2000,Ω,,0,,3.8340650411064026,0.0019170325205532012,0.00735002736971712,0,true,true,backward_euler_step_doubling,0.00002,,0.6
0.1445139477655442,C6,capacitor,B,C,100,µF,,0,V,-0.709613821936204,-0.00024890243834042473,0.00017662461055998916,0.00002517758881414533,true,true,backward_euler_step_doubling,0.00002,1e-7,0.6
0.14521083879935995,V1,voltage,A,0,6,V,,0,,6,-0.005041237414144747,-0.03024742448486848,0,true,true,backward_euler_step_doubling,0.00002,,0.6
0.14521083879935995,R2,resistor,A,B,1000,Ω,,0,,2.876287757565733,0.0028762877575657327,0.008273031264322512,0,true,true,backward_euler_step_doubling,0.00002,,0.6
0.14521083879935995,R3,resistor,B,0,1000,Ω,,0,,3.123712242434267,0.003123712242434267,0.009757578173533716,0,true,true,backward_euler_step_doubling,0.00002,,0.6
0.14521083879935995,R4,resistor,A,C,1000,Ω,,0,,2.164949656579015,0.0021649496565790153,0.004687007015521596,0,true,true,backward_euler_step_doubling,0.00002,,0.6
0.14521083879935995,R5,resistor,C,0,2000,Ω,,0,,3.835050343420985,0.0019175251717104924,0.0073538055682867065,0,true,true,backward_euler_step_doubling,0.00002,,0.6
0.14521083879935995,C6,capacitor,B,C,100,µF,,0,V,-0.7113381009867177,-0.0002474244848685319,0.00017600246320399832,0.000025300094695769487,true,true,backward_euler_step_doubling,0.00002,1e-7,0.6
0.14591362597281915,V1,voltage,A,0,6,V,,0,,6,-0.005040990491927942,-0.030245942951567656,0,true,true,backward_euler_step_doubling,0.00002,,0.6
0.14591362597281915,R2,resistor,A,B,1000,Ω,,0,,2.8770285242161524,0.0028770285242161525,0.008277293129153372,0,true,true,backward_euler_step_doubling,0.00002,,0.6
0.14591362597281915,R3,resistor,B,0,1000,Ω,,0,,3.1229714757838476,0.0031229714757838476,0.009752950838559543,0,true,true,backward_euler_step_doubling,0.00002,,0.6
0.14591362597281915,R4,resistor,A,C,1000,Ω,,0,,2.1639619677117903,0.0021639619677117903,0.004682731397703083,0,true,true,backward_euler_step_doubling,0.00002,,0.6
0.14591362597281915,R5,resistor,C,0,2000,Ω,,0,,3.8360380322882097,0.001918019016144105,0.0073575938925808,0,true,true,backward_euler_step_doubling,0.00002,,0.6
0.14591362597281915,C6,capacitor,B,C,100,µF,,0,V,-0.7130665565043621,-0.0002459429515676555,0.0001753736935708672,0.00002542319570024943,true,true,backward_euler_step_doubling,0.00002,1e-7,0.6
0.14661641314627835,V1,voltage,A,0,6,V,,0,,6,-0.005040745048236954,-0.03024447028942172,0,true,true,backward_euler_step_doubling,0.00002,,0.6
0.14661641314627835,R2,resistor,A,B,1000,Ω,,0,,2.8777648552891457,0.0028777648552891456,0.008281530562337358,0,true,true,backward_euler_step_doubling,0.00002,,0.6
0.14661641314627835,R3,resistor,B,0,1000,Ω,,0,,3.1222351447108543,0.003122235144710854,0.009748352298867608,0,true,true,backward_euler_step_doubling,0.00002,,0.6
0.14661641314627835,R4,resistor,A,C,1000,Ω,,0,,2.1629801929478094,0.0021629801929478093,0.004678483315084542,0,true,true,backward_euler_step_doubling,0.00002,,0.6
0.14661641314627835,R5,resistor,C,0,2000,Ω,,0,,3.8370198070521906,0.0019185099035260952,0.007361360499855415,0,true,true,backward_euler_step_doubling,0.00002,,0.6
0.14661641314627835,C6,capacitor,B,C,100,µF,,0,V,-0.7147846623413363,-0.00024447028942168594,0.00017474361327676855,0.000025545855675920907,true,true,backward_euler_step_doubling,0.00002,1e-7,0.6
0.14732516805118584,V1,voltage,A,0,6,V,,0,,6,-0.0050404990150180635,-0.03024299409010838,0,true,true,backward_euler_step_doubling,0.00002,,0.6
0.14732516805118584,R2,resistor,A,B,1000,Ω,,0,,2.878502954945839,0.0028785029549458388,0.008285779261631926,0,true,true,backward_euler_step_doubling,0.00002,,0.6
0.14732516805118584,R3,resistor,B,0,1000,Ω,,0,,3.121497045054161,0.003121497045054161,0.009743743802281858,0,true,true,backward_euler_step_doubling,0.00002,,0.6
0.14732516805118584,R4,resistor,A,C,1000,Ω,,0,,2.161996060072225,0.0021619960600722248,0.004674226963767823,0,true,true,backward_euler_step_doubling,0.00002,,0.6
0.14732516805118584,R5,resistor,C,0,2000,Ω,,0,,3.838003939927775,0.0019190019699638877,0.007365137121450563,0,true,true,backward_euler_step_doubling,0.00002,,0.6
0.14732516805118584,C6,capacitor,B,C,100,µF,,0,V,-0.7165068948736142,-0.0002429940901082954,0.00017410694097613394,0.00002566910652007142,true,true,backward_euler_step_doubling,0.00002,1e-7,0.6
0.14803392295609333,V1,voltage,A,0,6,V,,0,,6,-0.00504025446743601,-0.03024152680461606,0,true,true,backward_euler_step_doubling,0.00002,,0.6
0.14803392295609333,R2,resistor,A,B,1000,Ω,,0,,2.879236597692003,0.002879236597692003,0.008290003385489022,0,true,true,backward_euler_step_doubling,0.00002,,0.6
0.14803392295609333,R3,resistor,B,0,1000,Ω,,0,,3.120763402307997,0.0031207634023079967,0.009739164213184983,0,true,true,backward_euler_step_doubling,0.00002,,0.6
0.14803392295609333,R4,resistor,A,C,1000,Ω,,0,,2.161017869744007,0.0021610178697440067,0.004669998233352925,0,true,true,backward_euler_step_doubling,0.00002,,0.6
0.14803392295609333,R5,resistor,C,0,2000,Ω,,0,,3.838982130255993,0.0019194910651279967,0.007368891898212422,0,true,true,backward_euler_step_doubling,0.00002,,0.6
0.14803392295609333,C6,capacitor,B,C,100,µF,,0,V,-0.7182187279479963,-0.0002415268046159893,0.0001734690743766401,0.000025791907058761896,true,true,backward_euler_step_doubling,0.00002,1e-7,0.6
0.14874871867077324,V1,voltage,A,0,6,V,,0,,6,-0.0050400093374109445,-0.030240056024465667,0,true,true,backward_euler_step_doubling,0.00002,,0.6
0.14874871867077324,R2,resistor,A,B,1000,Ω,,0,,2.879971987767325,0.0028799719877673252,0.008294238650324479,0,true,true,backward_euler_step_doubling,0.00002,,0.6
0.14874871867077324,R3,resistor,B,0,1000,Ω,,0,,3.120028012232675,0.003120028012232675,0.009734574797116577,0,true,true,backward_euler_step_doubling,0.00002,,0.6
0.14874871867077324,R4,resistor,A,C,1000,Ω,,0,,2.160037349643619,0.002160037349643619,0.004665761351855429,0,true,true,backward_euler_step_doubling,0.00002,,0.6
0.14874871867077324,R5,resistor,C,0,2000,Ω,,0,,3.839962650356381,0.0019199813251781904,0.0073726565780660005,0,true,true,backward_euler_step_doubling,0.00002,,0.6
0.14874871867077324,C6,capacitor,B,C,100,µF,,0,V,-0.7199346381237062,-0.00024005602446542382,0.00017282464710293046,0.000025915294158515588,true,true,backward_euler_step_doubling,0.00002,1e-7,0.6
0.14946351438545316,V1,voltage,A,0,6,V,,0,,6,-0.005039765700107835,-0.030238594200647013,0,true,true,backward_euler_step_doubling,0.00002,,0.6
0.14946351438545316,R2,resistor,A,B,1000,Ω,,0,,2.880702899676619,0.002880702899676619,0.00829844919620528,0,true,true,backward_euler_step_doubling,0.00002,,0.6
0.14946351438545316,R3,resistor,B,0,1000,Ω,,0,,3.119297100323381,0.003119297100323381,0.009730014400085854,0,true,true,backward_euler_step_doubling,0.00002,,0.6
0.14946351438545316,R4,resistor,A,C,1000,Ω,,0,,2.159062800431215,0.002159062800431215,0.004661552176205881,0,true,true,backward_euler_step_doubling,0.00002,,0.6
0.14946351438545316,R5,resistor,C,0,2000,Ω,,0,,3.840937199568785,0.0019204685997843923,0.00737639928551565,0,true,true,backward_euler_step_doubling,0.00002,,0.6
0.14946351438545316,C6,capacitor,B,C,100,µF,,0,V,-0.7216400992454037,-0.0002385942006467204,0.00017217914263407708,0.000026038221641945805,true,true,backward_euler_step_doubling,0.00002,1e-7,0.6
0.15018442551566571,V1,voltage,A,0,6,V,,0,,6,-0.005039521487420693,-0.03023712892452416,0,true,true,backward_euler_step_doubling,0.00002,,0.6
0.15018442551566571,R2,resistor,A,B,1000,Ω,,0,,2.881435537737972,0.002881435537737972,0.008302670758139317,0,true,true,backward_euler_step_doubling,0.00002,,0.6
0.15018442551566571,R3,resistor,B,0,1000,Ω,,0,,3.118564462262028,0.003118564462262028,0.009725444305283652,0,true,true,backward_euler_step_doubling,0.00002,,0.6
0.15018442551566571,R4,resistor,A,C,1000,Ω,,0,,2.1580859496827207,0.0021580859496827206,0.00465733496621797,0,true,true,backward_euler_step_doubling,0.00002,,0.6
0.15018442551566571,R5,resistor,C,0,2000,Ω,,0,,3.8419140503172793,0.0019209570251586395,0.0073801517850126605,0,true,true,backward_euler_step_doubling,0.00002,,0.6
0.15018442551566571,C6,capacitor,B,C,100,µF,,0,V,-0.7233495880552514,-0.00023712892452411503,0.00017152710987050341,0.00002616173132698509,true,true,backward_euler_step_doubling,0.00002,1e-7,0.6
0.15090533664587827,V1,voltage,A,0,6,V,,0,,6,-0.0050392787745144494,-0.030235672647086695,0,true,true,backward_euler_step_doubling,0.00002,,0.6
0.15090533664587827,R2,resistor,A,B,1000,Ω,,0,,2.882163676456707,0.0028821636764567067,0.008306867457886441,0,true,true,backward_euler_step_doubling,0.00002,,0.6
0.15090533664587827,R3,resistor,B,0,1000,Ω,,0,,3.117836323543293,0.003117836323543293,0.009720903340405958,0,true,true,backward_euler_step_doubling,0.00002,,0.6
0.15090533664587827,R4,resistor,A,C,1000,Ω,,0,,2.1571150980577416,0.0021571150980577414,0.00465314554626866,0,true,true,backward_euler_step_doubling,0.00002,,0.6
0.15090533664587827,R5,resistor,C,0,2000,Ω,,0,,3.8428849019422584,0.0019214424509711291,0.00738388218478788,0,true,true,backward_euler_step_doubling,0.00002,,0.6
0.15090533664587827,C6,capacitor,B,C,100,µF,,0,V,-0.7250485783989653,-0.0002356726470866072,0.0001708741177376656,0.000026284772051918023,true,true,backward_euler_step_doubling,0.00002,1e-7,0.6
0.15163243936711357,V1,voltage,A,0,6,V,,0,,6,-0.00503903549325697,-0.030234212959541817,0,true,true,backward_euler_step_doubling,0.00002,,0.6
0.15163243936711357,R2,resistor,A,B,1000,Ω,,0,,2.8828935202291244,0.002882893520229124,0.008311075048979072,0,true,true,backward_euler_step_doubling,0.00002,,0.6
0.15163243936711357,R3,resistor,B,0,1000,Ω,,0,,3.1171064797708756,0.0031171064797708755,0.00971635280622958,0,true,true,backward_euler_step_doubling,0.00002,,0.6
0.15163243936711357,R4,resistor,A,C,1000,Ω,,0,,2.1561419730278453,0.0021561419730278452,0.00464894820785241,0,true,true,backward_euler_step_doubling,0.00002,,0.6
0.15163243936711357,R5,resistor,C,0,2000,Ω,,0,,3.8438580269721547,0.0019219290134860774,0.007387622265759133,0,true,true,backward_euler_step_doubling,0.00002,,0.6
0.15163243936711357,C6,capacitor,B,C,100,µF,,0,V,-0.7267515472012791,-0.00023421295954175123,0.00017021463072155828,0.00002640839056797265,true,true,backward_euler_step_doubling,0.00002,1e-7,0.6
0.15235954208834887,V1,voltage,A,0,6,V,,0,,6,-0.005038793718812561,-0.030232762312875368,0,true,true,backward_euler_step_doubling,0.00002,,0.6
0.15235954208834887,R2,resistor,A,B,1000,Ω,,0,,2.883618843562383,0.002883618843562383,0.008315257634948054,0,true,true,backward_euler_step_doubling,0.00002,,0.6
0.15235954208834887,R3,resistor,B,0,1000,Ω,,0,,3.116381156437617,0.0031163811564376173,0.00971183151219946,0,true,true,backward_euler_step_doubling,0.00002,,0.6
0.15235954208834887,R4,resistor,A,C,1000,Ω,,0,,2.155174875250178,0.0021551748752501776,0.004644778742909619,0,true,true,backward_euler_step_doubling,0.00002,,0.6
0.15235954208834887,R5,resistor,C,0,2000,Ω,,0,,3.844825124749822,0.001922412562374911,0.007391340119953743,0,true,true,backward_euler_step_doubling,0.00002,,0.6
0.15235954208834887,C6,capacitor,B,C,100,µF,,0,V,-0.728443968312205,-0.00023276231287521924,0.00016955430286435177,0.000026531530748521637,true,true,backward_euler_step_doubling,0.00002,1e-7,0.6
0.15309291418965912,V1,voltage,A,0,6,V,,0,,6,-0.005038551383023059,-0.030231308298138353,0,true,true,backward_euler_step_doubling,0.00002,,0.6
0.15309291418965912,R2,resistor,A,B,1000,Ω,,0,,2.884345850930912,0.002884345850930912,0.008319450987782367,0,true,true,backward_euler_step_doubling,0.00002,,0.6
0.15309291418965912,R3,resistor,B,0,1000,Ω,,0,,3.115654149069088,0.003115654149069088,0.009707300776611423,0,true,true,backward_euler_step_doubling,0.00002,,0.6
0.15309291418965912,R4,resistor,A,C,1000,Ω,,0,,2.154205532092146,0.002154205532092146,0.004640601474496406,0,true,true,backward_euler_step_doubling,0.00002,,0.6
0.15309291418965912,R5,resistor,C,0,2000,Ω,,0,,3.845794467907854,0.001922897233953927,0.007395067544695327,0,true,true,backward_euler_step_doubling,0.00002,,0.6
0.15309291418965912,C6,capacitor,B,C,100,µF,,0,V,-0.7301403188387661,-0.00023130829813819003,0.00016888751455267043,0.00002665524425969875,true,true,backward_euler_step_doubling,0.00002,1e-7,0.6
0.15382628629096937,V1,voltage,A,0,6,V,,0,,6,-0.005038310561051676,-0.030229863366310058,0,true,true,backward_euler_step_doubling,0.00002,,0.6
0.15382628629096937,R2,resistor,A,B,1000,Ω,,0,,2.8850683168450457,0.0028850683168450456,0.008323619192863105,0,true,true,backward_euler_step_doubling,0.00002,,0.6
0.15382628629096937,R3,resistor,B,0,1000,Ω,,0,,3.1149316831549543,0.003114931683154954,0.009702799390722557,0,true,true,backward_euler_step_doubling,0.00002,,0.6
0.15382628629096937,R4,resistor,A,C,1000,Ω,,0,,2.15324224420663,0.0021532422442066303,0.004636452162236005,0,true,true,backward_euler_step_doubling,0.00002,,0.6
0.15382628629096937,R5,resistor,C,0,2000,Ω,,0,,3.84675775579337,0.001923378877896685,0.007398772615878221,0,true,true,backward_euler_step_doubling,0.00002,,0.6
0.15382628629096937,C6,capacitor,B,C,100,µF,,0,V,-0.7318260726384156,-0.00022986336630991726,0.00016822000461003223,0.000026778470029668375,true,true,backward_euler_step_doubling,0.00002,1e-7,0.6
0.15456600722017724,V1,voltage,A,0,6,V,,0,,6,-0.005038069184714337,-0.03022841510828602,0,true,true,backward_euler_step_doubling,0.00002,,0.6
0.15456600722017724,R2,resistor,A,B,1000,Ω,,0,,2.8857924458571076,0.0028857924458571076,0.008327798040565947,0,true,true,backward_euler_step_doubling,0.00002,,0.6
0.15456600722017724,R3,resistor,B,0,1000,Ω,,0,,3.1142075541428924,0.0031142075541428925,0.009698288690280657,0,true,true,backward_euler_step_doubling,0.00002,,0.6
0.15456600722017724,R4,resistor,A,C,1000,Ω,,0,,2.152276738857229,0.0021522767388572287,0.004632295160625907,0,true,true,backward_euler_step_doubling,0.00002,,0.6
0.15456600722017724,R5,resistor,C,0,2000,Ω,,0,,3.847723261142771,0.0019238616305713855,0.0074024871471695805,0,true,true,backward_euler_step_doubling,0.00002,,0.6
0.15456600722017724,C6,capacitor,B,C,100,µF,,0,V,-0.7335157069998788,-0.00022841510828584255,0.00016754606964374368,0.0000269022646207766,true,true,backward_euler_step_doubling,0.00002,1e-7,0.6
0.1553057281493851,V1,voltage,A,0,6,V,,0,,6,-0.005037829329172684,-0.030226975975036104,0,true,true,backward_euler_step_doubling,0.00002,,0.6
0.1553057281493851,R2,resistor,A,B,1000,Ω,,0,,2.886512012482088,0.002886512012482088,0.008331951598203394,0,true,true,backward_euler_step_doubling,0.00002,,0.6
0.1553057281493851,R3,resistor,B,0,1000,Ω,,0,,3.113487987517912,0.003113487987517912,0.009693807448418338,0,true,true,backward_euler_step_doubling,0.00002,,0.6
0.1553057281493851,R4,resistor,A,C,1000,Ω,,0,,2.1513173166905952,0.0021513173166905954,0.004628166197092823,0,true,true,backward_euler_step_doubling,0.00002,,0.6
0.1553057281493851,R5,resistor,C,0,2000,Ω,,0,,3.8486826833094048,0.0019243413416547023,0.00740617919840284,0,true,true,backward_euler_step_doubling,0.00002,,0.6
0.1553057281493851,C6,capacitor,B,C,100,µF,,0,V,-0.7351946957914928,-0.000226975975035875,0.0001668715329184776,0.000027025562035997278,true,true,backward_euler_step_doubling,0.00002,1e-7,0.6
0.15605187906009937,V1,voltage,A,0,6,V,,0,,6,-0.005037588926216692,-0.03022553355730015,0,true,true,backward_euler_step_doubling,0.00002,,0.6
0.15605187906009937,R2,resistor,A,B,1000,Ω,,0,,2.887233221349973,0.002887233221349973,0.008336115674466942,0,true,true,backward_euler_step_doubling,0.00002,,0.6
0.15605187906009937,R3,resistor,B,0,1000,Ω,,0,,3.112766778650027,0.0031127667786500267,0.009689317018267266,0,true,true,backward_euler_step_doubling,0.00002,,0.6
0.15605187906009937,R4,resistor,A,C,1000,Ω,,0,,2.1503557048667195,0.0021503557048667193,0.004624029657452846,0,true,true,backward_euler_step_doubling,0.00002,,0.6
0.15605187906009937,R5,resistor,C,0,2000,Ω,,0,,3.8496442951332805,0.0019248221475666402,0.007409880599526106,0,true,true,backward_euler_step_doubling,0.00002,,0.6
0.15605187906009937,C6,capacitor,B,C,100,µF,,0,V,-0.7368775164832537,-0.0002255335573000914,0.00016619060758692495,0.000027149423714926393,true,true,backward_euler_step_doubling,0.00002,1e-7,0.6
0.15679802997081366,V1,voltage,A,0,6,V,,0,,6,-0.005037350051006054,-0.030224100306036325,0,true,true,backward_euler_step_doubling,0.00002,,0.6
0.15679802997081366,R2,resistor,A,B,1000,Ω,,0,,2.887949846981855,0.002887949846981855,0.008340254318682521,0,true,true,backward_euler_step_doubling,0.00002,,0.6
0.15679802997081366,R3,resistor,B,0,1000,Ω,,0,,3.112050153018145,0.003112050153018145,0.00968485615490026,0,true,true,backward_euler_step_doubling,0.00002,,0.6
0.15679802997081366,R4,resistor,A,C,1000,Ω,,0,,2.149400204024198,0.002149400204024198,0.004619921237059264,0,true,true,backward_euler_step_doubling,0.00002,,0.6
0.15679802997081366,R5,resistor,C,0,2000,Ω,,0,,3.850599795975802,0.001925299897987901,0.007413559394384444,0,true,true,backward_euler_step_doubling,0.00002,,0.6
0.15679802997081366,C6,capacitor,B,C,100,µF,,0,V,-0.7385496429576572,-0.0002241003060363215,0.00016550920100982696,0.000027272778755644148,true,true,backward_euler_step_doubling,0.00002,1e-7,0.6
0.15755069377108188,V1,voltage,A,0,6,V,,0,,6,-0.005037110635304938,-0.030222663811829628,0,true,true,backward_euler_step_doubling,0.00002,,0.6
0.15755069377108188,R2,resistor,A,B,1000,Ω,,0,,2.8886680940852663,0.002888668094085266,0.008344403357786204,0,true,true,backward_euler_step_doubling,0.00002,,0.6
0.15755069377108188,R3,resistor,B,0,1000,Ω,,0,,3.1113319059147337,0.0031113319059147336,0.00968038622876301,0,true,true,backward_euler_step_doubling,0.00002,,0.6
0.15755069377108188,R4,resistor,A,C,1000,Ω,,0,,2.148442541219671,0.002148442541219671,0.0046158053529224375,0,true,true,backward_euler_step_doubling,0.00002,,0.6
0.15755069377108188,R5,resistor,C,0,2000,Ω,,0,,3.851557458780329,0.0019257787293901645,0.007417247429143193,0,true,true,backward_euler_step_doubling,0.00002,,0.6
0.15755069377108188,C6,capacitor,B,C,100,µF,,0,V,-0.7402255528655952,-0.00022266381182949253,0.00016482144321464698,0.0000273966934557588,true,true,backward_euler_step_doubling,0.00002,1e-7,0.6
0.15830335757135014,V1,voltage,A,0,6,V,,0,,6,-0.005036872754270465,-0.03022123652562279,0,true,true,backward_euler_step_doubling,0.00002,,0.6
0.15830335757135014,R2,resistor,A,B,1000,Ω,,0,,2.889381737188696,0.0028893817371886963,0.008348526823199568,0,true,true,backward_euler_step_doubling,0.00002,,0.6
0.15830335757135014,R3,resistor,B,0,1000,Ω,,0,,3.110618262811304,0.003110618262811304,0.009675945976935213,0,true,true,backward_euler_step_doubling,0.00002,,0.6
0.15830335757135014,R4,resistor,A,C,1000,Ω,,0,,2.147491017081768,0.002147491017081768,0.004611717668446886,0,true,true,backward_euler_step_doubling,0.00002,,0.6
0.15830335757135014,R5,resistor,C,0,2000,Ω,,0,,3.852508982918232,0.0019262544914591159,0.007420912731732835,0,true,true,backward_euler_step_doubling,0.00002,,0.6
0.15830335757135014,C6,capacitor,B,C,100,µF,,0,V,-0.741890720106928,-0.00022123652562264432,0.00016413332530813843,0.00002752009202903881,true,true,backward_euler_step_doubling,0.00002,1e-7,0.6
0.15906261897394702,V1,voltage,A,0,6,V,,0,,6,-0.005036634339641033,-0.0302198060378462,0,true,true,backward_euler_step_doubling,0.00002,,0.6
0.15906261897394702,R2,resistor,A,B,1000,Ω,,0,,2.890096981076953,0.0028900969810769527,0.008352660560030116,0,true,true,backward_euler_step_doubling,0.00002,,0.6
0.15906261897394702,R3,resistor,B,0,1000,Ω,,0,,3.109903018923047,0.0031099030189230474,0.009671496787106684,0,true,true,backward_euler_step_doubling,0.00002,,0.6
0.15906261897394702,R4,resistor,A,C,1000,Ω,,0,,2.146537358564082,0.002146537358564082,0.004607622631711266,0,true,true,backward_euler_step_doubling,0.00002,,0.6
0.15906261897394702,R5,resistor,C,0,2000,Ω,,0,,3.853462641435918,0.001926731320717959,0.007424587164471141,0,true,true,backward_euler_step_doubling,0.00002,,0.6
0.15906261897394702,C6,capacitor,B,C,100,µF,,0,V,-0.7435596225128709,-0.00021980603784609333,0.00016343889452689097,0.000027644045611574147,true,true,backward_euler_step_doubling,0.00002,1e-7,0.6
0.15982188037654388,V1,voltage,A,0,6,V,,0,,6,-0.005036397466570864,-0.030218384799425187,0,true,true,backward_euler_step_doubling,0.00002,,0.6
0.15982188037654388,R2,resistor,A,B,1000,Ω,,0,,2.890807600287455,0.002890807600287455,0.008356768581879715,0,true,true,backward_euler_step_doubling,0.00002,,0.6
0.15982188037654388,R3,resistor,B,0,1000,Ω,,0,,3.109192399712545,0.003109192399712545,0.009667077378430254,0,true,true,backward_euler_step_doubling,0.00002,,0.6
0.15982188037654388,R4,resistor,A,C,1000,Ω,,0,,2.1455898662834105,0.0021455898662834107,0.004603555874298064,0,true,true,backward_euler_step_doubling,0.00002,,0.6
0.15982188037654388,R5,resistor,C,0,2000,Ω,,0,,3.8544101337165895,0.0019272050668582947,0.0074282387394485686,0,true,true,backward_euler_step_doubling,0.00002,,0.6
0.15982188037654388,C6,capacitor,B,C,100,µF,,0,V,-0.7452177340040445,-0.00021838479942512385,0.00016274422536851854,0.000027767473553706136,true,true,backward_euler_step_doubling,0.00002,1e-7,0.6
0.1605878259512139,V1,voltage,A,0,6,V,,0,,6,-0.0050361600667726625,-0.030216960400635977,0,true,true,backward_euler_step_doubling,0.00002,,0.6
0.1605878259512139,R2,resistor,A,B,1000,Ω,,0,,2.8915197996820816,0.002891519799682082,0.008360886751953506,0,true,true,backward_euler_step_doubling,0.00002,,0.6
0.1605878259512139,R3,resistor,B,0,1000,Ω,,0,,3.1084802003179184,0.0031084802003179183,0.009662649155768525,0,true,true,backward_euler_step_doubling,0.00002,,0.6
0.1605878259512139,R4,resistor,A,C,1000,Ω,,0,,2.14464026709058,0.0021446402670905803,0.004599481875226356,0,true,true,backward_euler_step_doubling,0.00002,,0.6
0.1605878259512139,R5,resistor,C,0,2000,Ω,,0,,3.85535973290942,0.00192767986645471,0.0074318993350696964,0,true,true,backward_euler_step_doubling,0.00002,,0.6
0.1605878259512139,C6,capacitor,B,C,100,µF,,0,V,-0.7468795325915014,-0.0002169604006358936,0.0001620432826178011,0.00002789145181020498,true,true,backward_euler_step_doubling,0.00002,1e-7,0.6
0.1613537715258839,V1,voltage,A,0,6,V,,0,,6,-0.005035924215397163,-0.030215545292382982,0,true,true,backward_euler_step_doubling,0.00002,,0.6
0.1613537715258839,R2,resistor,A,B,1000,Ω,,0,,2.892227353808541,0.002892227353808541,0.008364979066118354,0,true,true,backward_euler_step_doubling,0.00002,,0.6
0.1613537715258839,R3,resistor,B,0,1000,Ω,,0,,3.107772646191459,0.0031077726461914592,0.009658250820415866,0,true,true,backward_euler_step_doubling,0.00002,,0.6
0.1613537715258839,R4,resistor,A,C,1000,Ω,,0,,2.1436968615886225,0.0021436968615886226,0.0045954362343849095,0,true,true,backward_euler_step_doubling,0.00002,,0.6
0.1613537715258839,R5,resistor,C,0,2000,Ω,,0,,3.8563031384113775,0.0019281515692056888,0.00743553694766072,0,true,true,backward_euler_step_doubling,0.00002,,0.6
0.1613537715258839,C6,capacitor,B,C,100,µF,,0,V,-0.7485304922199183,-0.00021554529238296686,0.0001613422238031084,0.000028014894889149657,true,true,backward_euler_step_doubling,0.00002,1e-7,0.6
0.16212648975333957,V1,voltage,A,0,6,V,,0,,6,-0.0050356878441315134,-0.03021412706478908,0,true,true,backward_euler_step_doubling,0.00002,,0.6
0.16212648975333957,R2,resistor,A,B,1000,Ω,,0,,2.8929364676054865,0.0028929364676054865,0.00836908140560171,0,true,true,backward_euler_step_doubling,0.00002,,0.6
0.16212648975333957,R3,resistor,B,0,1000,Ω,,0,,3.1070635323945135,0.0031070635323945136,0.009653843794335872,0,true,true,backward_euler_step_doubling,0.00002,,0.6
0.16212648975333957,R4,resistor,A,C,1000,Ω,,0,,2.1427513765260273,0.0021427513765260274,0.004591383461604185,0,true,true,backward_euler_step_doubling,0.00002,,0.6
0.16212648975333957,R5,resistor,C,0,2000,Ω,,0,,3.8572486234739727,0.0019286243117369864,0.007439183471645928,0,true,true,backward_euler_step_doubling,0.00002,,0.6
0.16212648975333957,C6,capacitor,B,C,100,µF,,0,V,-0.7501850910794592,-0.00021412706478906047,0.00016063493160135858,0.00002813888354389482,true,true,backward_euler_step_doubling,0.00002,1e-7,0.6
0.16289920798079524,V1,voltage,A,0,6,V,,0,,6,-0.005035453028122524,-0.030212718168735143,0,true,true,backward_euler_step_doubling,0.00002,,0.6
0.16289920798079524,R2,resistor,A,B,1000,Ω,,0,,2.8936409156324547,0.0028936409156324547,0.008373157748622231,0,true,true,backward_euler_step_doubling,0.00002,,0.6
0.16289920798079524,R3,resistor,B,0,1000,Ω,,0,,3.1063590843675453,0.0031063590843675454,0.009649466761032774,0,true,true,backward_euler_step_doubling,0.00002,,0.6
0.16289920798079524,R4,resistor,A,C,1000,Ω,,0,,2.1418121124900695,0.0021418121124900697,0.004587359125209175,0,true,true,backward_euler_step_doubling,0.00002,,0.6
0.16289920798079524,R5,resistor,C,0,2000,Ω,,0,,3.8581878875099305,0.0019290939437549652,0.00744280688766417,0,true,true,backward_euler_step_doubling,0.00002,,0.6
0.16289920798079524,C6,capacitor,B,C,100,µF,,0,V,-0.7518288031423852,-0.00021271816873509784,0.00015992764620674854,0.000028262327461725567,true,true,backward_euler_step_doubling,0.00002,1e-7,0.6
0.16367878930894172,V1,voltage,A,0,6,V,,0,,6,-0.005035217699031774,-0.030211306194190643,0,true,true,backward_euler_step_doubling,0.00002,,0.6
0.16367878930894172,R2,resistor,A,B,1000,Ω,,0,,2.894346902904643,0.0028943469029046433,0.0083772439943537,0,true,true,backward_euler_step_doubling,0.00002,,0.6
0.16367878930894172,R3,resistor,B,0,1000,Ω,,0,,3.105653097095357,0.003105653097095357,0.009645081159497982,0,true,true,backward_euler_step_doubling,0.00002,,0.6
0.16367878930894172,R4,resistor,A,C,1000,Ω,,0,,2.1408707961271305,0.0021408707961271304,0.0045833277657100135,0,true,true,backward_euler_step_doubling,0.00002,,0.6
0.16367878930894172,R5,resistor,C,0,2000,Ω,,0,,3.8591292038728695,0.0019295646019364347,0.0074464391060922236,0,true,true,backward_euler_step_doubling,0.00002,,0.6
0.16367878930894172,C6,capacitor,B,C,100,µF,,0,V,-0.7534761067775126,-0.00021130619419067274,0.00015921416853676115,0.00002838631217422988,true,true,backward_euler_step_doubling,0.00002,1e-7,0.6
0.1644583706370882,V1,voltage,A,0,6,V,,0,,6,-0.0050349839320017135,-0.03020990359201028,0,true,true,backward_euler_step_doubling,0.00002,,0.6
0.1644583706370882,R2,resistor,A,B,1000,Ω,,0,,2.8950482039948238,0.002895048203994824,0.008381304103453655,0,true,true,backward_euler_step_doubling,0.00002,,0.6
0.1644583706370882,R3,resistor,B,0,1000,Ω,,0,,3.1049517960051762,0.003104951796005176,0.00964072565551577,0,true,true,backward_euler_step_doubling,0.00002,,0.6
0.1644583706370882,R4,resistor,A,C,1000,Ω,,0,,2.1399357280068894,0.0021399357280068895,0.004579324920000376,0,true,true,backward_euler_step_doubling,0.00002,,0.6
0.1644583706370882,R5,resistor,C,0,2000,Ω,,0,,3.8600642719931106,0.0019300321359965553,0.007450048091958852,0,true,true,backward_euler_step_doubling,0.00002,,0.6
0.1644583706370882,C6,capacitor,B,C,100,µF,,0,V,-0.7551124759879344,-0.0002099035920103877,0.00015850082108172508,0.00002850974256963144,true,true,backward_euler_step_doubling,0.00002,1e-7,0.6
0.16524490753905716,V1,voltage,A,0,6,V,,0,,6,-0.005034749658668523,-0.030208497952011137,0,true,true,backward_euler_step_doubling,0.00002,,0.6
0.16524490753905716,R2,resistor,A,B,1000,Ω,,0,,2.895751023994437,0.002895751023994437,0.00838537399296483,0,true,true,backward_euler_step_doubling,0.00002,,0.6
0.16524490753905716,R3,resistor,B,0,1000,Ω,,0,,3.104248976005563,0.0031042489760055633,0.009636361705031588,0,true,true,backward_euler_step_doubling,0.00002,,0.6
0.16524490753905716,R4,resistor,A,C,1000,Ω,,0,,2.1389986346740857,0.002138998634674086,0.004575315159137603,0,true,true,backward_euler_step_doubling,0.00002,,0.6
0.16524490753905716,R5,resistor,C,0,2000,Ω,,0,,3.8610013653259143,0.0019305006826629571,0.007453665771524287,0,true,true,backward_euler_step_doubling,0.00002,,0.6
0.16524490753905716,C6,capacitor,B,C,100,µF,,0,V,-0.7567523893203512,-0.0002084979520110911,0.0001577813233527931,0.000028633708937103014,true,true,backward_euler_step_doubling,0.00002,1e-7,0.6
0.1660314444410261,V1,voltage,A,0,6,V,,0,,6,-0.005034516954169681,-0.030207101725018087,0,true,true,backward_euler_step_doubling,0.00002,,0.6
0.1660314444410261,R2,resistor,A,B,1000,Ω,,0,,2.896449137490957,0.0028964491374909567,0.008389417606072107,0,true,true,backward_euler_step_doubling,0.00002,,0.6
0.1660314444410261,R3,resistor,B,0,1000,Ω,,0,,3.103550862509043,0.003103550862509043,0.009632027956180626,0,true,true,backward_euler_step_doubling,0.00002,,0.6
0.1660314444410261,R4,resistor,A,C,1000,Ω,,0,,2.138067816678724,0.0021380678166787242,0.004571333988717326,0,true,true,backward_euler_step_doubling,0.00002,,0.6
0.1660314444410261,R5,resistor,C,0,2000,Ω,,0,,3.861932183321276,0.001930966091660638,0.007457260094286319,0,true,true,backward_euler_step_doubling,0.00002,,0.6
0.1660314444410261,C6,capacitor,B,C,100,µF,,0,V,-0.7583813208122328,-0.00020710172501809543,0.00015706207976171505,0.00002875711138784533,true,true,backward_euler_step_doubling,0.00002,1e-7,0.6
0.1668250314755781,V1,voltage,A,0,6,V,,0,,6,-0.00503428375011607,-0.030205702500696416,0,true,true,backward_euler_step_doubling,0.00002,,0.6
0.1668250314755781,R2,resistor,A,B,1000,Ω,,0,,2.897148749651789,0.002897148749651789,0.008393470877608925,0,true,true,backward_euler_step_doubling,0.00002,,0.6
0.1668250314755781,R3,resistor,B,0,1000,Ω,,0,,3.102851250348211,0.0031028512503482107,0.009627685881787454,0,true,true,backward_euler_step_doubling,0.00002,,0.6
0.1668250314755781,R4,resistor,A,C,1000,Ω,,0,,2.1371350004642804,0.0021371350004642806,0.00456734601020946,0,true,true,backward_euler_step_doubling,0.00002,,0.6
0.1668250314755781,R5,resistor,C,0,2000,Ω,,0,,3.8628649995357196,0.0019314324997678598,0.007460863002319048,0,true,true,backward_euler_step_doubling,0.00002,,0.6
0.1668250314755781,C6,capacitor,B,C,100,µF,,0,V,-0.7600137491875087,-0.0002057025006964189,0.00015633672877153146,0.000028881044947702668,true,true,backward_euler_step_doubling,0.00002,1e-7,0.6
0.16761861851013007,V1,voltage,A,0,6,V,,0,,6,-0.005034052121639796,-0.030204312729838777,0,true,true,backward_euler_step_doubling,0.00002,,0.6
0.16761861851013007,R2,resistor,A,B,1000,Ω,,0,,2.8978436350806227,0.002897843635080623,0.008397497733377278,0,true,true,backward_euler_step_doubling,0.00002,,0.6
0.16761861851013007,R3,resistor,B,0,1000,Ω,,0,,3.1021563649193773,0.0031021563649193773,0.009623374112409804,0,true,true,backward_euler_step_doubling,0.00002,,0.6
0.16761861851013007,R4,resistor,A,C,1000,Ω,,0,,2.136208486559174,0.002136208486559174,0.0045633866980474376,0,true,true,backward_euler_step_doubling,0.00002,,0.6
0.16761861851013007,R5,resistor,C,0,2000,Ω,,0,,3.863791513440826,0.001931895756720413,0.007464442429668674,0,true,true,backward_euler_step_doubling,0.00002,,0.6
0.16761861851013007,C6,capacitor,B,C,100,µF,,0,V,-0.7616351485214485,-0.00020431272983877956,0.00015561175633558146,0.000029004404973164444,true,true,backward_euler_step_doubling,0.00002,1e-7,0.6
0.16841935238420608,V1,voltage,A,0,6,V,,0,,6,-0.005033820000326461,-0.030202920001958764,0,true,true,backward_euler_step_doubling,0.00002,,0.6
0.16841935238420608,R2,resistor,A,B,1000,Ω,,0,,2.8985399990204357,0.0028985399990204357,0.008401534125921387,0,true,true,backward_euler_step_doubling,0.00002,,0.6
0.16841935238420608,R3,resistor,B,0,1000,Ω,,0,,3.1014600009795643,0.0031014600009795644,0.009619054137676159,0,true,true,backward_euler_step_doubling,0.00002,,0.6
0.16841935238420608,R4,resistor,A,C,1000,Ω,,0,,2.1352800013060254,0.0021352800013060254,0.0045594206839774595,0,true,true,backward_euler_step_doubling,0.00002,,0.6
0.16841935238420608,R5,resistor,C,0,2000,Ω,,0,,3.8647199986939746,0.0019323599993469874,0.007468030334152578,0,true,true,backward_euler_step_doubling,0.00002,,0.6
0.16841935238420608,C6,capacitor,B,C,100,µF,,0,V,-0.7632599977144103,-0.0002029200019590517,0.00015488072023147394,0.000029128291205550077,true,true,backward_euler_step_doubling,0.00002,1e-7,0.6
0.16922008625828205,V1,voltage,A,0,6,V,,0,,6,-0.005033589461302379,-0.03020153676781427,0,true,true,backward_euler_step_doubling,0.00002,,0.6
0.16922008625828205,R2,resistor,A,B,1000,Ω,,0,,2.899231616092699,0.002899231616092699,0.008405543963751483,0,true,true,backward_euler_step_doubling,0.00002,,0.6
0.16922008625828205,R3,resistor,B,0,1000,Ω,,0,,3.100768383907301,0.003100768383907301,0.009614764570639096,0,true,true,backward_euler_step_doubling,0.00002,,0.6
0.16922008625828205,R4,resistor,A,C,1000,Ω,,0,,2.1343578452096796,0.0021343578452096795,0.004555483411408106,0,true,true,backward_euler_step_doubling,0.00002,,0.6
0.16922008625828205,R5,resistor,C,0,2000,Ω,,0,,3.8656421547903204,0.00193282107739516,0.007471594634445976,0,true,true,backward_euler_step_doubling,0.00002,,0.6
0.16922008625828205,C6,capacitor,B,C,100,µF,,0,V,-0.7648737708830193,-0.00020153676781455176,0.00015415018756989173,0.000029251594269240474,true,true,backward_euler_step_doubling,0.00002,1e-7,0.6
0.17002806589206768,V1,voltage,A,0,6,V,,0,,6,-0.005033358436128073,-0.030200150616768437,0,true,true,backward_euler_step_doubling,0.00002,,0.6
0.17002806589206768,R2,resistor,A,B,1000,Ω,,0,,2.8999246916157393,0.0028999246916157394,0.008409563217042641,0,true,true,backward_euler_step_doubling,0.00002,,0.6
0.17002806589206768,R3,resistor,B,0,1000,Ω,,0,,3.1000753083842607,0.0031000753083842607,0.009610466917653769,0,true,true,backward_euler_step_doubling,0.00002,,0.6
0.17002806589206768,R4,resistor,A,C,1000,Ω,,0,,2.133433744512334,0.0021334337445123343,0.00455153954222392,0,true,true,backward_euler_step_doubling,0.00002,,0.6
0.17002806589206768,R5,resistor,C,0,2000,Ω,,0,,3.866566255487666,0.001933283127743833,0.007475167304037955,0,true,true,backward_euler_step_doubling,0.00002,,0.6
0.17002806589206768,C6,capacitor,B,C,100,µF,,0,V,-0.7664909471034052,-0.00020015061676850109,0.0001534136358102191,0.00002937541859957375,true,true,backward_euler_step_doubling,0.00002,1e-7,0.6
0.17083604552585333,V1,voltage,A,0,6,V,,0,,6,-0.00503312899992329,-0.03019877399953974,0,true,true,backward_euler_step_doubling,0.00002,,0.6
0.17083604552585333,R2,resistor,A,B,1000,Ω,,0,,2.90061300023012,0.00290061300023012,0.008413555777103978,0,true,true,backward_euler_step_doubling,0.00002,,0.6
0.17083604552585333,R3,resistor,B,0,1000,Ω,,0,,3.09938699976988,0.00309938699976988,0.009606199774342539,0,true,true,backward_euler_step_doubling,0.00002,,0.6
0.17083604552585333,R4,resistor,A,C,1000,Ω,,0,,2.132515999693172,0.0021325159996931718,0.004547624488947368,0,true,true,backward_euler_step_doubling,0.00002,,0.6
0.17083604552585333,R5,resistor,C,0,2000,Ω,,0,,3.867484000306828,0.001933742000153414,0.0074787162463146525,0,true,true,backward_euler_step_doubling,0.00002,,0.6
0.17083604552585333,C6,capacitor,B,C,100,µF,,0,V,-0.7680970005369478,-0.00019877399953979608,0.00015267771283125002,0.000029498650111692803,true,true,backward_euler_step_doubling,0.00002,1e-7,0.6
0.17165137212007442,V1,voltage,A,0,6,V,,0,,6,-0.005032899084223652,-0.03019739450534191,0,true,true,backward_euler_step_doubling,0.00002,,0.6
0.17165137212007442,R2,resistor,A,B,1000,Ω,,0,,2.9013027473290918,0.002901302747329092,0.008417557631659337,0,true,true,backward_euler_step_doubling,0.00002,,0.6
0.17165137212007442,R3,resistor,B,0,1000,Ω,,0,,3.0986972526709082,0.003098697252670908,0.009601924663710234,0,true,true,backward_euler_step_doubling,0.00002,,0.6
0.17165137212007442,R4,resistor,A,C,1000,Ω,,0,,2.1315963368945607,0.002131596336894561,0.00454370294346231,0,true,true,backward_euler_step_doubling,0.00002,,0.6
0.17165137212007442,R5,resistor,C,0,2000,Ω,,0,,3.8684036631054393,0.0019342018315527197,0.007482273450363791,0,true,true,backward_euler_step_doubling,0.00002,,0.6
0.17165137212007442,C6,capacitor,B,C,100,µF,,0,V,-0.769706410434531,-0.00019739450534183545,0.000151935816146164,0.000029622397913200533,true,true,backward_euler_step_doubling,0.00002,1e-7,0.6
0.17246669871429554,V1,voltage,A,0,6,V,,0,,6,-0.005032670764142017,-0.030196024584852106,0,true,true,backward_euler_step_doubling,0.00002,,0.6
0.17246669871429554,R2,resistor,A,B,1000,Ω,,0,,2.901987707574029,0.002901987707574029,0.008421532654910767,0,true,true,backward_euler_step_doubling,0.00002,,0.6
0.17246669871429554,R3,resistor,B,0,1000,Ω,,0,,3.098012292425971,0.0030980122924259713,0.009597680164022421,0,true,true,backward_euler_step_doubling,0.00002,,0.6
0.17246669871429554,R4,resistor,A,C,1000,Ω,,0,,2.1306830565679884,0.0021306830565679885,0.004539810287545906,0,true,true,backward_euler_step_doubling,0.00002,,0.6
0.17246669871429554,R5,resistor,C,0,2000,Ω,,0,,3.8693169434320116,0.0019346584717160058,0.007485806804365023,0,true,true,backward_euler_step_doubling,0.00002,,0.6
0.17246669871429554,C6,capacitor,B,C,100,µF,,0,V,-0.7713046510060404,-0.0001960245848519387,0.00015119467400782853,0.000029745543233177484,true,true,backward_euler_step_doubling,0.00002,1e-7,0.6
0.17328947582044762,V1,voltage,A,0,6,V,,0,,6,-0.005032441971189071,-0.030194651827134426,0,true,true,backward_euler_step_doubling,0.00002,,0.6
0.17328947582044762,R2,resistor,A,B,1000,Ω,,0,,2.9026740864327407,0.002902674086432741,0.008425516852048147,0,true,true,backward_euler_step_doubling,0.00002,,0.6
0.17328947582044762,R3,resistor,B,0,1000,Ω,,0,,3.0973259135672593,0.0030973259135672593,0.009593427814855258,0,true,true,backward_euler_step_doubling,0.00002,,0.6
0.17328947582044762,R4,resistor,A,C,1000,Ω,,0,,2.1297678847563306,0.0021297678847563306,0.004535911242939454,0,true,true,backward_euler_step_doubling,0.00002,,0.6
0.17328947582044762,R5,resistor,C,0,2000,Ω,,0,,3.8702321152436694,0.0019351160576218348,0.007489348312931744,0,true,true,backward_euler_step_doubling,0.00002,,0.6
0.17328947582044762,C6,capacitor,B,C,100,µF,,0,V,-0.7729062016764101,-0.00019465182713454134,0.00015044760435993152,0.000029869199829492778,true,true,backward_euler_step_doubling,0.00002,1e-7,0.6
0.17411225292659968,V1,voltage,A,0,6,V,,0,,6,-0.005032214780470357,-0.03019328868282214,0,true,true,backward_euler_step_doubling,0.00002,,0.6
0.17411225292659968,R2,resistor,A,B,1000,Ω,,0,,2.903355658588905,0.002903355658588905,0.008429474080260214,0,true,true,backward_euler_step_doubling,0.00002,,0.6
0.17411225292659968,R3,resistor,B,0,1000,Ω,,0,,3.096644341411095,0.003096644341411095,0.009589206177193355,0,true,true,backward_euler_step_doubling,0.00002,,0.6
0.17411225292659968,R4,resistor,A,C,1000,Ω,,0,,2.128859121881451,0.002128859121881451,0.004532041160817862,0,true,true,backward_euler_step_doubling,0.00002,,0.6
0.17411225292659968,R5,resistor,C,0,2000,Ω,,0,,3.871140878118549,0.0019355704390592746,0.007492865849120226,0,true,true,backward_euler_step_doubling,0.00002,,0.6
0.17411225292659968,C6,capacitor,B,C,100,µF,,0,V,-0.7744965367074541,-0.00019328868282220563,0.00014970141543054383,0.000029992244268592038,true,true,backward_euler_step_doubling,0.00002,1e-7,0.6
0.1749425865195595,V1,voltage,A,0,6,V,,0,,6,-0.005031987123471864,-0.030191922740831184,0,true,true,backward_euler_step_doubling,0.00002,,0.6
0.1749425865195595,R2,resistor,A,B,1000,Ω,,0,,2.904038629584483,0.002904038629584483,0.008433440362118922,0,true,true,backward_euler_step_doubling,0.00002,,0.6
0.1749425865195595,R3,resistor,B,0,1000,Ω,,0,,3.095961370415517,0.0030959613704155168,0.009584976807105124,0,true,true,backward_euler_step_doubling,0.00002,,0.6
0.1749425865195595,R4,resistor,A,C,1000,Ω,,0,,2.12794849388738,0.00212794849388738,0.004528164792637569,0,true,true,backward_euler_step_doubling,0.00002,,0.6
0.1749425865195595,R5,resistor,C,0,2000,Ω,,0,,3.87205150611262,0.00193602575305631,0.0074963914329945055,0,true,true,backward_euler_step_doubling,0.00002,,0.6
0.1749425865195595,C6,capacitor,B,C,100,µF,,0,V,-0.7760901356971033,-0.00019192274083102193,0.0001489493459749078,0.000030115794936317407,true,true,backward_euler_step_doubling,0.00002,1e-7,0.6
0.1757729201125193,V1,voltage,A,0,6,V,,0,,6,-0.005031761075291044,-0.030190566451746267,0,true,true,backward_euler_step_doubling,0.00002,,0.6
0.1757729201125193,R2,resistor,A,B,1000,Ω,,0,,2.904716774126954,0.0029047167741269543,0.0084373795378945,0,true,true,backward_euler_step_doubling,0.00002,,0.6
0.1757729201125193,R3,resistor,B,0,1000,Ω,,0,,3.095283225873046,0.003095283225873046,0.00958077824837105,0,true,true,backward_euler_step_doubling,0.00002,,0.6
0.1757729201125193,R4,resistor,A,C,1000,Ω,,0,,2.127044301164091,0.0021270443011640913,0.004524317459114637,0,true,true,backward_euler_step_doubling,0.00002,,0.6
0.1757729201125193,R5,resistor,C,0,2000,Ω,,0,,3.872955698835909,0.0019364778494179544,0.007499892922572772,0,true,true,backward_euler_step_doubling,0.00002,,0.6
0.1757729201125193,C6,capacitor,B,C,100,µF,,0,V,-0.777672472962863,-0.00019056645174613866,0.00014819828379317775,0.00003023872376020874,true,true,backward_euler_step_doubling,0.00002,1e-7,0.6
0.17661091866627174,V1,voltage,A,0,6,V,,0,,6,-0.005031534567389297,-0.030189207404335783,0,true,true,backward_euler_step_doubling,0.00002,,0.6
0.17661091866627174,R2,resistor,A,B,1000,Ω,,0,,2.905396297832043,0.002905396297832043,0.008441327647456143,0,true,true,backward_euler_step_doubling,0.00002,,0.6
0.17661091866627174,R3,resistor,B,0,1000,Ω,,0,,3.094603702167957,0.003094603702167957,0.009576572073471625,0,true,true,backward_euler_step_doubling,0.00002,,0.6
0.17661091866627174,R4,resistor,A,C,1000,Ω,,0,,2.126138269557253,0.002126138269557253,0.00452046394127591,0,true,true,backward_euler_step_doubling,0.00002,,0.6
0.17661091866627174,R5,resistor,C,0,2000,Ω,,0,,3.873861730442747,0.0019369308652213734,0.007503402353294436,0,true,true,backward_euler_step_doubling,0.00002,,0.6
0.17661091866627174,C6,capacitor,B,C,100,µF,,0,V,-0.7792580282747901,-0.0001892074043358636,0.00014744138883775605,0.00003036215373153567,true,true,backward_euler_step_doubling,0.00002,1e-7,0.6
0.17744891722002418,V1,voltage,A,0,6,V,,0,,6,-0.005031309674855747,-0.030187858049134483,0,true,true,backward_euler_step_doubling,0.00002,,0.6
0.17744891722002418,R2,resistor,A,B,1000,Ω,,0,,2.9060709754326965,0.0029060709754326966,0.008445248514252345,0,true,true,backward_euler_step_doubling,0.00002,,0.6
0.17744891722002418,R3,resistor,B,0,1000,Ω,,0,,3.0939290245673035,0.0030939290245673035,0.009572396809059986,0,true,true,backward_euler_step_doubling,0.00002,,0.6
0.17744891722002418,R4,resistor,A,C,1000,Ω,,0,,2.125238699423051,0.002125238699423051,0.004516639529525381,0,true,true,backward_euler_step_doubling,0.00002,,0.6
0.17744891722002418,R5,resistor,C,0,2000,Ω,,0,,3.874761300576949,0.0019373806502884746,0.007506887568224385,0,true,true,backward_euler_step_doubling,0.00002,,0.6
0.17744891722002418,C6,capacitor,B,C,100,µF,,0,V,-0.7808322760096456,-0.0001878580491345999,0.00014668562807250147,0.000030484952162920166,true,true,backward_euler_step_doubling,0.00002,1e-7,0.6
0.17829469178615653,V1,voltage,A,0,6,V,,0,,6,-0.005031084329127346,-0.030186505974764077,0,true,true,backward_euler_step_doubling,0.00002,,0.6
0.17829469178615653,R2,resistor,A,B,1000,Ω,,0,,2.906747012617932,0.0029067470126179318,0.00844917819536327,0,true,true,backward_euler_step_doubling,0.00002,,0.6
0.17829469178615653,R3,resistor,B,0,1000,Ω,,0,,3.093252987382068,0.0030932529873820684,0.00956821404394809,0,true,true,backward_euler_step_doubling,0.00002,,0.6
0.17829469178615653,R4,resistor,A,C,1000,Ω,,0,,2.1243373165094144,0.002124337316509414,0.00451280903431442,0,true,true,backward_euler_step_doubling,0.00002,,0.6
0.17829469178615653,R5,resistor,C,0,2000,Ω,,0,,3.8756626834905856,0.0019378313417452928,0.007510380618100723,0,true,true,backward_euler_step_doubling,0.00002,,0.6
0.17829469178615653,C6,capacitor,B,C,100,µF,,0,V,-0.7824096961085174,-0.0001865059747640856,0.000145924083037591,0.000030608246628231125,true,true,backward_euler_step_doubling,0.00002,1e-7,0.6
0.17914046635228886,V1,voltage,A,0,6,V,,0,,6,-0.005030860605284105,-0.030185163631704627,0,true,true,backward_euler_step_doubling,0.00002,,0.6
0.17914046635228886,R2,resistor,A,B,1000,Ω,,0,,2.9074181841476543,0.0029074181841476543,0.008453080497512443,0,true,true,backward_euler_step_doubling,0.00002,,0.6
0.17914046635228886,R3,resistor,B,0,1000,Ω,,0,,3.0925818158523457,0.003092581815852346,0.009564062287740592,0,true,true,backward_euler_step_doubling,0.00002,,0.6
0.17914046635228886,R4,resistor,A,C,1000,Ω,,0,,2.1234424211364518,0.002123442421136452,0.004509007715881836,0,true,true,backward_euler_step_doubling,0.00002,,0.6
0.17914046635228886,R5,resistor,C,0,2000,Ω,,0,,3.8765575788635482,0.0019382787894317742,0.007513849331122207,0,true,true,backward_euler_step_doubling,0.00002,,0.6
0.17914046635228886,C6,capacitor,B,C,100,µF,,0,V,-0.7839757630112025,-0.00018516363170467646,0.00014516379944759901,0.000030730899849449856,true,true,backward_euler_step_doubling,0.00002,1e-7,0.6
0.1799941306417037,V1,voltage,A,0,6,V,,0,,6,-0.005030636434738758,-0.03018381860843255,0,true,true,backward_euler_step_doubling,0.00002,,0.6
0.1799941306417037,R2,resistor,A,B,1000,Ω,,0,,2.9080906957837245,0.0029080906957837244,0.008456991494903867,0,true,true,backward_euler_step_doubling,0.00002,,0.6
0.1799941306417037,R3,resistor,B,0,1000,Ω,,0,,3.0919093042162755,0.0030919093042162753,0.009559903145499172,0,true,true,backward_euler_step_doubling,0.00002,,0.6
0.1799941306417037,R4,resistor,A,C,1000,Ω,,0,,2.122545738955034,0.0021225457389550343,0.004505200413956172,0,true,true,backward_euler_step_doubling,0.00002,,0.6
0.1799941306417037,R5,resistor,C,0,2000,Ω,,0,,3.877454261044966,0.001938727130522483,0.007517325773247881,0,true,true,backward_euler_step_doubling,0.00002,,0.6
0.1799941306417037,C6,capacitor,B,C,100,µF,,0,V,-0.7855449568286903,-0.00018381860843252727,0.00014439778082543956,0.00003085404395994944,true,true,backward_euler_step_doubling,0.00002,1e-7,0.6
0.18084779493111852,V1,voltage,A,0,6,V,,0,,6,-0.005030413892561767,-0.0301824833553706,0,true,true,backward_euler_step_doubling,0.00002,,0.6
0.18084779493111852,R2,resistor,A,B,1000,Ω,,0,,2.9087583223146907,0.0029087583223146906,0.008460874977634973,0,true,true,backward_euler_step_doubling,0.00002,,0.6
0.18084779493111852,R3,resistor,B,0,1000,Ω,,0,,3.0912416776853093,0.003091241677685309,0.009555775109858685,0,true,true,backward_euler_step_doubling,0.00002,,0.6
0.18084779493111852,R4,resistor,A,C,1000,Ω,,0,,2.121655570247076,0.0021216555702470758,0.004501422358760445,0,true,true,backward_euler_step_doubling,0.00002,,0.6
0.18084779493111852,R5,resistor,C,0,2000,Ω,,0,,3.878344429752924,0.001939172214876462,0.0075207777578977664,0,true,true,backward_euler_step_doubling,0.00002,,0.6
0.18084779493111852,C6,capacitor,B,C,100,µF,,0,V,-0.7871027520676148,-0.00018248335537056983,0.00014363315121870807,0.00003097653711562065,true,true,backward_euler_step_doubling,0.00002,1e-7,0.6
0.18170946539907834,V1,voltage,A,0,6,V,,0,,6,-0.005030190910141762,-0.030181145460850572,0,true,true,backward_euler_step_doubling,0.00002,,0.6
0.18170946539907834,R2,resistor,A,B,1000,Ω,,0,,2.909427269574787,0.002909427269574787,0.0084647670369454,0,true,true,backward_euler_step_doubling,0.00002,,0.6
0.18170946539907834,R3,resistor,B,0,1000,Ω,,0,,3.090572730425213,0.003090572730425213,0.009551639802047956,0,true,true,backward_euler_step_doubling,0.00002,,0.6
0.18170946539907834,R4,resistor,A,C,1000,Ω,,0,,2.1207636405669743,0.0021207636405669744,0.004497638419150887,0,true,true,backward_euler_step_doubling,0.00002,,0.6
0.18170946539907834,R5,resistor,C,0,2000,Ω,,0,,3.8792363594330257,0.0019396181797165129,0.007524237366173598,0,true,true,backward_euler_step_doubling,0.00002,,0.6
0.18170946539907834,C6,capacitor,B,C,100,µF,,0,V,-0.7886636290078126,-0.00018114546085042446,0.0001428628365325884,0.00003109951598598863,true,true,backward_euler_step_doubling,0.00002,1e-7,0.6
0.18257113586703813,V1,voltage,A,0,6,V,,0,,6,-0.0050299695625390965,-0.030179817375234577,0,true,true,backward_euler_step_doubling,0.00002,,0.6
0.18257113586703813,R2,resistor,A,B,1000,Ω,,0,,2.9100913123827823,0.0029100913123827825,0.008468631446405745,0,true,true,backward_euler_step_doubling,0.00002,,0.6
0.18257113586703813,R3,resistor,B,0,1000,Ω,,0,,3.0899086876172177,0.0030899086876172177,0.009547535697812356,0,true,true,backward_euler_step_doubling,0.00002,,0.6
0.18257113586703813,R4,resistor,A,C,1000,Ω,,0,,2.1198782501563143,0.0021198782501563145,0.004493883795485798,0,true,true,backward_euler_step_doubling,0.00002,,0.6
0.18257113586703813,R5,resistor,C,0,2000,Ω,,0,,3.8801217498436857,0.0019400608749218428,0.0075276723968050125,0,true,true,backward_euler_step_doubling,0.00002,,0.6
0.18257113586703813,C6,capacitor,B,C,100,µF,,0,V,-0.790213062226468,-0.00017981737523441434,0.0001420940387255124,0.000031221834185666586,true,true,backward_euler_step_doubling,0.00002,1e-7,0.6
0.18344093180145504,V1,voltage,A,0,6,V,,0,,6,-0.005029747781118451,-0.030178486686710707,0,true,true,backward_euler_step_doubling,0.00002,,0.6
0.18344093180145504,R2,resistor,A,B,1000,Ω,,0,,2.9107566566447023,0.002910756656644702,0.008472504314201445,0,true,true,backward_euler_step_doubling,0.00002,,0.6
0.18344093180145504,R3,resistor,B,0,1000,Ω,,0,,3.0892433433552977,0.0030892433433552975,0.009543424434465018,0,true,true,backward_euler_step_doubling,0.00002,,0.6
0.18344093180145504,R4,resistor,A,C,1000,Ω,,0,,2.11899112447375,0.0021189911244737496,0.004490123385598527,0,true,true,backward_euler_step_doubling,0.00002,,0.6
0.18344093180145504,R5,resistor,C,0,2000,Ω,,0,,3.88100887552625,0.001940504437763125,0.0075311149459567645,0,true,true,backward_euler_step_doubling,0.00002,,0.6
0.18344093180145504,C6,capacitor,B,C,100,µF,,0,V,-0.7917655321709525,-0.0001784866867106194,0.00014131960648886365,0.00003134463289669758,true,true,backward_euler_step_doubling,0.00002,1e-7,0.6
0.18431072773587198,V1,voltage,A,0,6,V,,0,,6,-0.0050295276409295896,-0.030177165845577537,0,true,true,backward_euler_step_doubling,0.00002,,0.6
0.18431072773587198,R2,resistor,A,B,1000,Ω,,0,,2.9114170772112757,0.002911417077211276,0.008476349397477448,0,true,true,backward_euler_step_doubling,0.00002,,0.6
0.18431072773587198,R3,resistor,B,0,1000,Ω,,0,,3.0885829227887243,0.003088582922788724,0.009539344470942138,0,true,true,backward_euler_step_doubling,0.00002,,0.6
0.18431072773587198,R4,resistor,A,C,1000,Ω,,0,,2.1181105637183153,0.0021181105637183154,0.004486392360135119,0,true,true,backward_euler_step_doubling,0.00002,,0.6
0.18431072773587198,R5,resistor,C,0,2000,Ω,,0,,3.8818894362816847,0.0019409447181408424,0.007534532797757668,0,true,true,backward_euler_step_doubling,0.00002,,0.6
0.18431072773587198,C6,capacitor,B,C,100,µF,,0,V,-0.7933065134929604,-0.00017716584557744432,0.00014054681926507458,0.000031466761217517825,true,true,backward_euler_step_doubling,0.00002,1e-7,0.6
0.18518877134935535,V1,voltage,A,0,6,V,,0,,6,-0.00502930707331341,-0.03017584243988046,0,true,true,backward_euler_step_doubling,0.00002,,0.6
0.18518877134935535,R2,resistor,A,B,1000,Ω,,0,,2.9120787800597667,0.0029120787800597666,0.00848020282127438,0,true,true,backward_euler_step_doubling,0.00002,,0.6
0.18518877134935535,R3,resistor,B,0,1000,Ω,,0,,3.0879212199402333,0.003087921219940233,0.009535257460557178,0,true,true,backward_euler_step_doubling,0.00002,,0.6
0.18518877134935535,R4,resistor,A,C,1000,Ω,,0,,2.1172282932536426,0.002117228293253643,0.004482655645753733,0,true,true,backward_euler_step_doubling,0.00002,,0.6
0.18518877134935535,R5,resistor,C,0,2000,Ω,,0,,3.8827717067463574,0.0019413858533731787,0.0075379580633550105,0,true,true,backward_euler_step_doubling,0.00002,,0.6
0.18518877134935535,C6,capacitor,B,C,100,µF,,0,V,-0.7948504868061241,-0.00017584243988045582,0.00013976844894015693,0.00003158936481879662,true,true,backward_euler_step_doubling,0.00002,1e-7,0.6
0.18606681496283875,V1,voltage,A,0,6,V,,0,,6,-0.005029088153308492,-0.03017452891985095,0,true,true,backward_euler_step_doubling,0.00002,,0.6
0.18606681496283875,R2,resistor,A,B,1000,Ω,,0,,2.9127355400745243,0.0029127355400745242,0.008484028326413231,0,true,true,backward_euler_step_doubling,0.00002,,0.6
0.18606681496283875,R3,resistor,B,0,1000,Ω,,0,,3.0872644599254757,0.003087264459925476,0.00953120184551894,0,true,true,backward_euler_step_doubling,0.00002,,0.6
0.18606681496283875,R4,resistor,A,C,1000,Ω,,0,,2.1163526132339676,0.0021163526132339677,0.004478948383542244,0,true,true,backward_euler_step_doubling,0.00002,,0.6
0.18606681496283875,R5,resistor,C,0,2000,Ω,,0,,3.8836473867660324,0.0019418236933830162,0.007541358512367317,0,true,true,backward_euler_step_doubling,0.00002,,0.6
0.18606681496283875,C6,capacitor,B,C,100,µF,,0,V,-0.7963829268405567,-0.0001745289198509208,0.00013899185200919723,0.00003171128830815657,true,true,backward_euler_step_doubling,0.00002,1e-7,0.6
0.18695323148851686,V1,voltage,A,0,6,V,,0,,6,-0.005028868812232161,-0.030173212873392963,0,true,true,backward_euler_step_doubling,0.00002,,0.6
0.18695323148851686,R2,resistor,A,B,1000,Ω,,0,,2.9133935633035373,0.0029133935633035373,0.008487862054698482,0,true,true,backward_euler_step_doubling,0.00002,,0.6
0.18695323148851686,R3,resistor,B,0,1000,Ω,,0,,3.0866064366964627,0.003086606436696463,0.009527139295056036,0,true,true,backward_euler_step_doubling,0.00002,,0.6
0.18695323148851686,R4,resistor,A,C,1000,Ω,,0,,2.115475248928624,0.0021154752489286237,0.004475235528829623,0,true,true,backward_euler_step_doubling,0.00002,,0.6
0.18695323148851686,R5,resistor,C,0,2000,Ω,,0,,3.884524751071376,0.001942262375535688,0.007544766270843068,0,true,true,backward_euler_step_doubling,0.00002,,0.6
0.18695323148851686,C6,capacitor,B,C,100,µF,,0,V,-0.7979183143749133,-0.0001732128733929115,0.0001382097239657072,0.00003183368182074515,true,true,backward_euler_step_doubling,0.00002,1e-7,0.6
0.18783964801419498,V1,voltage,A,0,6,V,,0,,6,-0.005028651125111206,-0.03017190675066724,0,true,true,backward_euler_step_doubling,0.00002,,0.6
0.18783964801419498,R2,resistor,A,B,1000,Ω,,0,,2.914046624666396,0.002914046624666396,0.008491667730729615,0,true,true,backward_euler_step_doubling,0.00002,,0.6
0.18783964801419498,R3,resistor,B,0,1000,Ω,,0,,3.085953375333604,0.0030859533753336043,0.009523108234732864,0,true,true,backward_euler_step_doubling,0.00002,,0.6
0.18783964801419498,R4,resistor,A,C,1000,Ω,,0,,2.1146045004448117,0.002114604500444812,0.004471552193301452,0,true,true,backward_euler_step_doubling,0.00002,,0.6
0.18783964801419498,R5,resistor,C,0,2000,Ω,,0,,3.8853954995551883,0.0019426977497775941,0.007548149093981856,0,true,true,backward_euler_step_doubling,0.00002,,0.6
0.18783964801419498,C6,capacitor,B,C,100,µF,,0,V,-0.7994421242215841,-0.00017190675066725087,0.00013742949792145727,0.00003195538549899593,true,true,backward_euler_step_doubling,0.00002,1e-7,0.6
0.18873456580531145,V1,voltage,A,0,6,V,,0,,6,-0.005028433023239612,-0.030170598139437673,0,true,true,backward_euler_step_doubling,0.00002,,0.6
0.18873456580531145,R2,resistor,A,B,1000,Ω,,0,,2.914700930281169,0.002914700930281169,0.008495481512981911,0,true,true,backward_euler_step_doubling,0.00002,,0.6
0.18873456580531145,R3,resistor,B,0,1000,Ω,,0,,3.085299069718831,0.003085299069718831,0.009519070349607885,0,true,true,backward_euler_step_doubling,0.00002,,0.6
0.18873456580531145,R4,resistor,A,C,1000,Ω,,0,,2.1137320929584438,0.0021137320929584436,0.004467863360802482,0,true,true,backward_euler_step_doubling,0.00002,,0.6
0.18873456580531145,R5,resistor,C,0,2000,Ω,,0,,3.8862679070415562,0.001943133953520778,0.007551539122650578,0,true,true,backward_euler_step_doubling,0.00002,,0.6
0.18873456580531145,C6,capacitor,B,C,100,µF,,0,V,-0.8009688373227251,-0.00017059813943762109,0.0001366437933947715,0.0000320775539181059,true,true,backward_euler_step_doubling,0.00002,1e-7,0.6
0.1896294835964279,V1,voltage,A,0,6,V,,0,,6,-0.005028216581631833,-0.030169299489791,0,true,true,backward_euler_step_doubling,0.00002,,0.6
0.1896294835964279,R2,resistor,A,B,1000,Ω,,0,,2.915350255104484,0.0029153502551044837,0.008499267109937779,0,true,true,backward_euler_step_doubling,0.00002,,0.6
0.1896294835964279,R3,resistor,B,0,1000,Ω,,0,,3.084649744895516,0.003084649744895516,0.009515064048683972,0,true,true,backward_euler_step_doubling,0.00002,,0.6
0.1896294835964279,R4,resistor,A,C,1000,Ω,,0,,2.1128663265273495,0.0021128663265273496,0.004464204113773176,0,true,true,backward_euler_step_doubling,0.00002,,0.6
0.1896294835964279,R5,resistor,C,0,2000,Ω,,0,,3.8871336734726505,0.0019435668367363253,0.007554904097722491,0,true,true,backward_euler_step_doubling,0.00002,,0.6
0.1896294835964279,C6,capacitor,B,C,100,µF,,0,V,-0.8024839285771344,-0.00016929948979102646,0.00013586011967360736,0.00003219902278122956,true,true,backward_euler_step_doubling,0.00002,1e-7,0.6
0.190533034230327,V1,voltage,A,0,6,V,,0,,6,-0.0050279997315587225,-0.030167998389352337,0,true,true,backward_euler_step_doubling,0.00002,,0.6
0.190533034230327,R2,resistor,A,B,1000,Ω,,0,,2.916000805323894,0.002916000805323894,0.008503060696649599,0,true,true,backward_euler_step_doubling,0.00002,,0.6
0.190533034230327,R3,resistor,B,0,1000,Ω,,0,,3.083999194676106,0.003083999194676106,0.00951105103276287,0,true,true,backward_euler_step_doubling,0.00002,,0.6
0.190533034230327,R4,resistor,A,C,1000,Ω,,0,,2.1119989262348273,0.0021119989262348275,0.004460539464417064,0,true,true,backward_euler_step_doubling,0.00002,,0.6
0.190533034230327,R5,resistor,C,0,2000,Ω,,0,,3.8880010737651727,0.0019440005368825863,0.007558276174799568,0,true,true,backward_euler_step_doubling,0.00002,,0.6
0.190533034230327,C6,capacitor,B,C,100,µF,,0,V,-0.8040018790890668,-0.00016799838935224246,0.00013507102072313963,0.00003232095107893752,true,true,backward_euler_step_doubling,0.00002,1e-7,0.6
0.19143658486422613,V1,voltage,A,0,6,V,,0,,6,-0.005027784548021773,-0.03016670728813064,0,true,true,backward_euler_step_doubling,0.00002,,0.6
0.19143658486422613,R2,resistor,A,B,1000,Ω,,0,,2.916646355934749,0.002916646355934749,0.00850682596558745,0,true,true,backward_euler_step_doubling,0.00002,,0.6
0.19143658486422613,R3,resistor,B,0,1000,Ω,,0,,3.083353644065251,0.0030833536440652513,0.009507069694370464,0,true,true,backward_euler_step_doubling,0.00002,,0.6
0.19143658486422613,R4,resistor,A,C,1000,Ω,,0,,2.111138192087023,0.002111138192087023,0.004456904466088465,0,true,true,backward_euler_step_doubling,0.00002,,0.6
0.19143658486422613,R5,resistor,C,0,2000,Ω,,0,,3.888861807912977,0.0019444309039564885,0.007561623080522093,0,true,true,backward_euler_step_doubling,0.00002,,0.6
0.19143658486422613,C6,capacitor,B,C,100,µF,,0,V,-0.8055081638477257,-0.00016670728813047002,0.00013428408156200867,0.00003244217010126672,true,true,backward_euler_step_doubling,0.00002,1e-7,0.6
0.1923489032505417,V1,voltage,A,0,6,V,,0,,6,-0.005027568962268893,-0.030165413773613356,0,true,true,backward_euler_step_doubling,0.00002,,0.6
0.1923489032505417,R2,resistor,A,B,1000,Ω,,0,,2.917293113193395,0.002917293113193395,0.00851059910828561,0,true,true,backward_euler_step_doubling,0.00002,,0.6
0.1923489032505417,R3,resistor,B,0,1000,Ω,,0,,3.082706886806605,0.003082706886806605,0.00950308174996487,0,true,true,backward_euler_step_doubling,0.00002,,0.6
0.1923489032505417,R4,resistor,A,C,1000,Ω,,0,,2.110275849075497,0.002110275849075497,0.00445326415919131,0,true,true,backward_euler_step_doubling,0.00002,,0.6
0.1923489032505417,R5,resistor,C,0,2000,Ω,,0,,3.889724150924503,0.0019448620754622514,0.0075649769851426725,0,true,true,backward_euler_step_doubling,0.00002,,0.6
0.1923489032505417,C6,capacitor,B,C,100,µF,,0,V,-0.8070172641178979,-0.00016541377361325638,0.0001334917710287875,0.000032563843229216845,true,true,backward_euler_step_doubling,0.00002,1e-7,0.6
0.19326122163685727,V1,voltage,A,0,6,V,,0,,6,-0.005027355049288113,-0.030164130295728682,0,true,true,backward_euler_step_doubling,0.00002,,0.6
0.19326122163685727,R2,resistor,A,B,1000,Ω,,0,,2.9179348521357285,0.0029179348521357284,0.008514343801308355,0,true,true,backward_euler_step_doubling,0.00002,,0.6
0.19326122163685727,R3,resistor,B,0,1000,Ω,,0,,3.0820651478642715,0.0030820651478642718,0.009499125575679614,0,true,true,backward_euler_step_doubling,0.00002,,0.6
0.19326122163685727,R4,resistor,A,C,1000,Ω,,0,,2.1094201971523847,0.0021094201971523846,0.004449653568154405,0,true,true,backward_euler_step_doubling,0.00002,,0.6
0.19326122163685727,R5,resistor,C,0,2000,Ω,,0,,3.8905798028476153,0.0019452899014238076,0.007568305601162894,0,true,true,backward_euler_step_doubling,0.00002,,0.6
0.19326122163685727,C6,capacitor,B,C,100,µF,,0,V,-0.8085146549833437,-0.000164130295728571,0.00013270174942329975,0.00003268479736614176,true,true,backward_euler_step_doubling,0.00002,1e-7,0.6
0.19418244613027916,V1,voltage,A,0,6,V,,0,,6,-0.005027140740304635,-0.030162844441827808,0,true,true,backward_euler_step_doubling,0.00002,,0.6
0.19418244613027916,R2,resistor,A,B,1000,Ω,,0,,2.918577779086136,0.002918577779086136,0.008518096252575363,0,true,true,backward_euler_step_doubling,0.00002,,0.6
0.19418244613027916,R3,resistor,B,0,1000,Ω,,0,,3.081422220913864,0.003081422220913864,0.009495162903541729,0,true,true,backward_euler_step_doubling,0.00002,,0.6
0.19418244613027916,R4,resistor,A,C,1000,Ω,,0,,2.108562961218499,0.002108562961218499,0.004446037761422526,0,true,true,backward_euler_step_doubling,0.00002,,0.6
0.19418244613027916,R5,resistor,C,0,2000,Ω,,0,,3.891437038781501,0.0019457185193907504,0.007571641113400268,0,true,true,backward_euler_step_doubling,0.00002,,0.6
0.19418244613027916,C6,capacitor,B,C,100,µF,,0,V,-0.810014817867637,-0.00016284444182773395,0.0001319064108878489,0.00003280620025825705,true,true,backward_euler_step_doubling,0.00002,1e-7,0.6
0.19510367062370101,V1,voltage,A,0,6,V,,0,,6,-0.005026928110292384,-0.030161568661754304,0,true,true,backward_euler_step_doubling,0.00002,,0.6
0.19510367062370101,R2,resistor,A,B,1000,Ω,,0,,2.9192156691228965,0.0029192156691228966,0.00852182012285264,0,true,true,backward_euler_step_doubling,0.00002,,0.6
0.19510367062370101,R3,resistor,B,0,1000,Ω,,0,,3.0807843308771035,0.0030807843308771035,0.009491232093377882,0,true,true,backward_euler_step_doubling,0.00002,,0.6
0.19510367062370101,R4,resistor,A,C,1000,Ω,,0,,2.1077124411694856,0.002107712441169486,0.004442451734660633,0,true,true,backward_euler_step_doubling,0.00002,,0.6
0.19510367062370101,R5,resistor,C,0,2000,Ω,,0,,3.8922875588305144,0.0019461437794152572,0.007574951220313402,0,true,true,backward_euler_step_doubling,0.00002,,0.6
0.19510367062370101,C6,capacitor,B,C,100,µF,,0,V,-0.8115032279534109,-0.00016156866175423342,0.00013111349054967323,0.000032926874448940276,true,true,backward_euler_step_doubling,0.00002,1e-7,0.6
0.19603394314176523,V1,voltage,A,0,6,V,,0,,6,-0.005026715090454097,-0.03016029054272458,0,true,true,backward_euler_step_doubling,0.00002,,0.6
0.19603394314176523,R2,resistor,A,B,1000,Ω,,0,,2.9198547286377643,0.002919854728637764,0.008525551636348312,0,true,true,backward_euler_step_doubling,0.00002,,0.6
0.19603394314176523,R3,resistor,B,0,1000,Ω,,0,,3.0801452713622357,0.003080145271362236,0.009487294892695142,0,true,true,backward_euler_step_doubling,0.00002,,0.6
0.19603394314176523,R4,resistor,A,C,1000,Ω,,0,,2.1068603618163317,0.0021068603618163316,0.004438860584192844,0,true,true,backward_euler_step_doubling,0.00002,,0.6
0.19603394314176523,R5,resistor,C,0,2000,Ω,,0,,3.8931396381836683,0.001946569819091834,0.0075782681211984315,0,true,true,backward_euler_step_doubling,0.00002,,0.6
0.19603394314176523,C6,capacitor,B,C,100,µF,,0,V,-0.8129943668214326,-0.00016029054272446235,0.00013031530828973805,0.0000330479920241691,true,true,backward_euler_step_doubling,0.00002,1e-7,0.6
0.19696421565982944,V1,voltage,A,0,6,V,,0,,6,-0.005026503755748966,-0.030159022534493797,0,true,true,backward_euler_step_doubling,0.00002,,0.6
0.19696421565982944,R2,resistor,A,B,1000,Ω,,0,,2.9204887327531615,0.0029204887327531613,0.008529254438138166,0,true,true,backward_euler_step_doubling,0.00002,,0.6
0.19696421565982944,R3,resistor,B,0,1000,Ω,,0,,3.0795112672468385,0.0030795112672468384,0.009483389645100228,0,true,true,backward_euler_step_doubling,0.00002,,0.6
0.19696421565982944,R4,resistor,A,C,1000,Ω,,0,,2.1060150229958046,0.0021060150229958046,0.004435299277084019,0,true,true,backward_euler_step_doubling,0.00002,,0.6
0.19696421565982944,R5,resistor,C,0,2000,Ω,,0,,3.8939849770041954,0.0019469924885020978,0.007581559500567182,0,true,true,backward_euler_step_doubling,0.00002,,0.6
0.19696421565982944,C6,capacitor,B,C,100,µF,,0,V,-0.8144737097573569,-0.00015902253449372682,0.00012951967360412292,0.00003316837119429556,true,true,backward_euler_step_doubling,0.00002,1e-7,0.6
0.19790368180553544,V1,voltage,A,0,6,V,,0,,6,-0.0050262920373575545,-0.030157752224145327,0,true,true,backward_euler_step_doubling,0.00002,,0.6
0.19790368180553544,R2,resistor,A,B,1000,Ω,,0,,2.9211238879274264,0.0029211238879274263,0.008532964768620243,0,true,true,backward_euler_step_doubling,0.00002,,0.6
0.19790368180553544,R3,resistor,B,0,1000,Ω,,0,,3.0788761120725736,0.003078876112072574,0.009479478113491127,0,true,true,backward_euler_step_doubling,0.00002,,0.6
0.19790368180553544,R4,resistor,A,C,1000,Ω,,0,,2.1051681494301273,0.0021051681494301273,0.004431732937375066,0,true,true,backward_euler_step_doubling,0.00002,,0.6
0.19790368180553544,R5,resistor,C,0,2000,Ω,,0,,3.8948318505698727,0.0019474159252849364,0.0075848575721067695,0,true,true,backward_euler_step_doubling,0.00002,,0.6
0.19790368180553544,C6,capacitor,B,C,100,µF,,0,V,-0.8159557384972991,-0.0001577522241451755,0.00012871883255196812,0.00003328918835933363,true,true,backward_euler_step_doubling,0.00002,1e-7,0.6
0.19884314795124147,V1,voltage,A,0,6,V,,0,,6,-0.0050260820102236954,-0.030156492061342174,0,true,true,backward_euler_step_doubling,0.00002,,0.6
0.19884314795124147,R2,resistor,A,B,1000,Ω,,0,,2.9217539693290098,0.00292175396932901,0.008536646257289825,0,true,true,backward_euler_step_doubling,0.00002,,0.6
0.19884314795124147,R3,resistor,B,0,1000,Ω,,0,,3.0782460306709902,0.0030782460306709902,0.009475598625341707,0,true,true,backward_euler_step_doubling,0.00002,,0.6
0.19884314795124147,R4,resistor,A,C,1000,Ω,,0,,2.104328040894685,0.002104328040894685,0.004428196503695664,0,true,true,backward_euler_step_doubling,0.00002,,0.6
0.19884314795124147,R5,resistor,C,0,2000,Ω,,0,,3.895671959105315,0.0019478359795526575,0.0075881300064797215,0,true,true,backward_euler_step_doubling,0.00002,,0.6
0.19884314795124147,C6,capacitor,B,C,100,µF,,0,V,-0.8174259284343246,-0.00015649206134199465,0.00012792066853508125,0.000033409257423835874,true,true,backward_euler_step_doubling,0.00002,1e-7,0.6
0.19979195714110437,V1,voltage,A,0,6,V,,0,,6,-0.005025871605506007,-0.03015522963303604,0,true,true,backward_euler_step_doubling,0.00002,,0.6
0.19979195714110437,R2,resistor,A,B,1000,Ω,,0,,2.9223851834819827,0.0029223851834819826,0.008540335160635022,0,true,true,backward_euler_step_doubling,0.00002,,0.6
0.19979195714110437,R3,resistor,B,0,1000,Ω,,0,,3.0776148165180173,0.0030776148165180175,0.00947171295885123,0,true,true,backward_euler_step_doubling,0.00002,,0.6
0.19979195714110437,R4,resistor,A,C,1000,Ω,,0,,2.103486422024022,0.002103486422024022,0.004424655127639422,0,true,true,backward_euler_step_doubling,0.00002,,0.6
0.19979195714110437,R5,resistor,C,0,2000,Ω,,0,,3.896513577975978,0.0019482567889879889,0.007591409031675578,0,true,true,backward_euler_step_doubling,0.00002,,0.6
0.19979195714110437,C6,capacitor,B,C,100,µF,,0,V,-0.8188987614579606,-0.00015522963303599854,0.00012711735423475294,0.000033529759075869087,true,true,backward_euler_step_doubling,0.00002,1e-7,0.6
0.20074076633096724,V1,voltage,A,0,6,V,,0,,6,-0.005025662898132401,-0.030153977388794405,0,true,true,backward_euler_step_doubling,0.00002,,0.6
0.20074076633096724,R2,resistor,A,B,1000,Ω,,0,,2.9230113056027767,0.0029230113056027767,0.00854399509268165,0,true,true,backward_euler_step_doubling,0.00002,,0.6
0.20074076633096724,R3,resistor,B,0,1000,Ω,,0,,3.0769886943972233,0.0030769886943972234,0.00946785942544833,0,true,true,backward_euler_step_doubling,0.00002,,0.6
0.20074076633096724,R4,resistor,A,C,1000,Ω,,0,,2.1026515925296234,0.0021026515925296235,0.004421143719567362,0,true,true,backward_euler_step_doubling,0.00002,,0.6
0.20074076633096724,R5,resistor,C,0,2000,Ω,,0,,3.8973484074703766,0.0019486742037351883,0.007594662304605941,0,true,true,backward_euler_step_doubling,0.00002,,0.6
0.20074076633096724,C6,capacitor,B,C,100,µF,,0,V,-0.8203597130731533,-0.00015397738879445162,0.0001263168464911697,0.000033649502941673316,true,true,backward_euler_step_doubling,0.00002,1e-7,0.6
0.20169907192876113,V1,voltage,A,0,6,V,,0,,6,-0.005025453819239877,-0.030152722915439266,0,true,true,backward_euler_step_doubling,0.00002,,0.6
0.20169907192876113,R2,resistor,A,B,1000,Ω,,0,,2.9236385422803997,0.0029236385422803995,0.00854766232590746,0,true,true,backward_euler_step_doubling,0.00002,,0.6
0.20169907192876113,R3,resistor,B,0,1000,Ω,,0,,3.0763614577196003,0.0030763614577196,0.009463999818542663,0,true,true,backward_euler_step_doubling,0.00002,,0.6
0.20169907192876113,R4,resistor,A,C,1000,Ω,,0,,2.1018152769594782,0.0021018152769594783,0.004417627458460248,0,true,true,backward_euler_step_doubling,0.00002,,0.6
0.20169907192876113,R5,resistor,C,0,2000,Ω,,0,,3.8981847230405218,0.001949092361520261,0.007597922067473254,0,true,true,backward_euler_step_doubling,0.00002,,0.6
0.20169907192876113,C6,capacitor,B,C,100,µF,,0,V,-0.8218232653209214,-0.00015272291543922905,0.00012551124505559818,0.00003376967397113707,true,true,backward_euler_step_doubling,0.00002,1e-7,0.6
0.20265737752655505,V1,voltage,A,0,6,V,,0,,6,-0.005025246443739654,-0.030151478662437926,0,true,true,backward_euler_step_doubling,0.00002,,0.6
0.20265737752655505,R2,resistor,A,B,1000,Ω,,0,,2.9242606687810904,0.0029242606687810905,0.00855130045898003,0,true,true,backward_euler_step_doubling,0.00002,,0.6
0.20265737752655505,R3,resistor,B,0,1000,Ω,,0,,3.0757393312189096,0.0030757393312189096,0.009460172433606945,0,true,true,backward_euler_step_doubling,0.00002,,0.6
0.20265737752655505,R4,resistor,A,C,1000,Ω,,0,,2.1009857749585636,0.0021009857749585636,0.004414141226578236,0,true,true,backward_euler_step_doubling,0.00002,,0.6
0.20265737752655505,R5,resistor,C,0,2000,Ω,,0,,3.8990142250414364,0.0019495071125207183,0.007601155963537737,0,true,true,backward_euler_step_doubling,0.00002,,0.6
0.20265737752655505,C6,capacitor,B,C,100,µF,,0,V,-0.8232748938225267,-0.00015147866243785582,0.0001247085797349041,0.00003388907753992463,true,true,backward_euler_step_doubling,0.00002,1e-7,0.6
0.20362533698277935,V1,voltage,A,0,6,V,,0,,6,-0.005025038702747415,-0.03015023221648449,0,true,true,backward_euler_step_doubling,0.00002,,0.6
0.20362533698277935,R2,resistor,A,B,1000,Ω,,0,,2.924883891757848,0.0029248838917578478,0.008554945780264533,0,true,true,backward_euler_step_doubling,0.00002,,0.6
0.20362533698277935,R3,resistor,B,0,1000,Ω,,0,,3.075116108242152,0.003075116108242152,0.009456339079170359,0,true,true,backward_euler_step_doubling,0.00002,,0.6
0.20362533698277935,R4,resistor,A,C,1000,Ω,,0,,2.100154810989566,0.002100154810989566,0.00441065023012262,0,true,true,backward_euler_step_doubling,0.00002,,0.6
0.20362533698277935,R5,resistor,C,0,2000,Ω,,0,,3.899845189010434,0.001949922594505217,0.007604396249123914,0,true,true,backward_euler_step_doubling,0.00002,,0.6
0.20362533698277935,C6,capacitor,B,C,100,µF,,0,V,-0.8247290807682819,-0.00015023221648430263,0.00012390087780288044,0.00003400890283324475,true,true,backward_euler_step_doubling,0.00002,1e-7,0.6
0.20459329643900365,V1,voltage,A,0,6,V,,0,,6,-0.005024832671157104,-0.030148996026942623,0,true,true,backward_euler_step_doubling,0.00002,,0.6
0.20459329643900365,R2,resistor,A,B,1000,Ω,,0,,2.925501986528787,0.0029255019865287867,0.008558561873183877,0,true,true,backward_euler_step_doubling,0.00002,,0.6
0.20459329643900365,R3,resistor,B,0,1000,Ω,,0,,3.074498013471213,0.003074498013471213,0.009452538034838436,0,true,true,backward_euler_step_doubling,0.00002,,0.6
0.20459329643900365,R4,resistor,A,C,1000,Ω,,0,,2.099330684628317,0.0020993306846283167,0.004407189323421997,0,true,true,backward_euler_step_doubling,0.00002,,0.6
0.20459329643900365,R5,resistor,C,0,2000,Ω,,0,,3.900669315371683,0.0019503346576858415,0.007607610553941098,0,true,true,backward_euler_step_doubling,0.00002,,0.6
0.20459329643900365,C6,capacitor,B,C,100,µF,,0,V,-0.82617130190047,-0.0001489960269424617,0.00012309624155705108,0.00003412795100419587,true,true,backward_euler_step_doubling,0.00002,1e-7,0.6
0.20557107143684317,V1,voltage,A,0,6,V,,0,,6,-0.005024626280063347,-0.030147757680380083,0,true,true,backward_euler_step_doubling,0.00002,,0.6
0.20557107143684317,R2,resistor,A,B,1000,Ω,,0,,2.9261211598099806,0.0029261211598099806,0.008562185041887707,0,true,true,backward_euler_step_doubling,0.00002,,0.6
0.20557107143684317,R3,resistor,B,0,1000,Ω,,0,,3.0738788401900194,0.0030738788401900195,0.00944873112416794,0,true,true,backward_euler_step_doubling,0.00002,,0.6
0.20557107143684317,R4,resistor,A,C,1000,Ω,,0,,2.098505120253367,0.0020985051202533672,0.004403723739729599,0,true,true,backward_euler_step_doubling,0.00002,,0.6
0.20557107143684317,R5,resistor,C,0,2000,Ω,,0,,3.901494879746633,0.0019507474398733164,0.007610831148344596,0,true,true,backward_euler_step_doubling,0.00002,,0.6
0.20557107143684317,C6,capacitor,B,C,100,µF,,0,V,-0.8276160395566134,-0.0001477576803800234,0.0001222866262501869,0.00003424741544656869,true,true,backward_euler_step_doubling,0.00002,1e-7,0.6
0.2065488464346827,V1,voltage,A,0,6,V,,0,,6,-0.005024421604342209,-0.030146529626053256,0,true,true,backward_euler_step_doubling,0.00002,,0.6
0.2065488464346827,R2,resistor,A,B,1000,Ω,,0,,2.9267351869734,0.0029267351869734,0.008565778854668223,0,true,true,backward_euler_step_doubling,0.00002,,0.6
0.2065488464346827,R3,resistor,B,0,1000,Ω,,0,,3.0732648130266,0.0030732648130265996,0.009444956610987421,0,true,true,backward_euler_step_doubling,0.00002,,0.6
0.2065488464346827,R4,resistor,A,C,1000,Ω,,0,,2.0976864173688106,0.0020976864173688106,0.004400288305613596,0,true,true,backward_euler_step_doubling,0.00002,,0.6
0.2065488464346827,R5,resistor,C,0,2000,Ω,,0,,3.9023135826311894,0.0019511567913155948,0.007614025648593935,0,true,true,backward_euler_step_doubling,0.00002,,0.6
0.2065488464346827,C6,capacitor,B,C,100,µF,,0,V,-0.8290487696045896,-0.00014652962605322405,0.00012148020619004602,0.000034366093119144193,true,true,backward_euler_step_doubling,0.00002,1e-7,0.6
0.20753660304227062,V1,voltage,A,0,6,V,,0,,6,-0.005024216575067609,-0.03014529945040565,0,true,true,backward_euler_step_doubling,0.00002,,0.6
0.20753660304227062,R2,resistor,A,B,1000,Ω,,0,,2.927350274797185,0.002927350274797185,0.008569379631355154,0,true,true,backward_euler_step_doubling,0.00002,,0.6
0.20753660304227062,R3,resistor,B,0,1000,Ω,,0,,3.072649725202815,0.0030726497252028147,0.009441176333788933,0,true,true,backward_euler_step_doubling,0.00002,,0.6
0.20753660304227062,R4,resistor,A,C,1000,Ω,,0,,2.0968663002704244,0.0020968663002704246,0.004396848281209778,0,true,true,backward_euler_step_doubling,0.00002,,0.6
0.20753660304227062,R5,resistor,C,0,2000,Ω,,0,,3.9031336997295756,0.0019515668498647878,0.007617226338982343,0,true,true,backward_euler_step_doubling,0.00002,,0.6
0.20753660304227062,C6,capacitor,B,C,100,µF,,0,V,-0.8304839745267607,-0.00014529945040568198,0.00012066886506946473,0.00003448518159728826,true,true,backward_euler_step_doubling,0.00002,1e-7,0.6
0.20852435964985858,V1,voltage,A,0,6,V,,0,,6,-0.00502401326709694,-0.03014407960258164,0,true,true,backward_euler_step_doubling,0.00002,,0.6
0.20852435964985858,R2,resistor,A,B,1000,Ω,,0,,2.9279601987091946,0.0029279601987091943,0.008572950925225186,0,true,true,backward_euler_step_doubling,0.00002,,0.6
0.20852435964985858,R3,resistor,B,0,1000,Ω,,0,,3.0720398012908054,0.0030720398012908053,0.00943742854071485,0,true,true,backward_euler_step_doubling,0.00002,,0.6
0.20852435964985858,R4,resistor,A,C,1000,Ω,,0,,2.096053068387747,0.002096053068387747,0.004393438465497689,0,true,true,backward_euler_step_doubling,0.00002,,0.6
0.20852435964985858,R5,resistor,C,0,2000,Ω,,0,,3.903946931612253,0.0019519734658061266,0.007620400822422363,0,true,true,backward_euler_step_doubling,0.00002,,0.6
0.20852435964985858,C6,capacitor,B,C,100,µF,,0,V,-0.8319071303214476,-0.00014407960258166921,0.00011986084872157107,0.0000346034736739833,true,true,backward_euler_step_doubling,0.00002,1e-7,0.6
0.2095222684796323,V1,voltage,A,0,6,V,,0,,6,-0.005023809611483813,-0.03014285766890288,0,true,true,backward_euler_step_doubling,0.00002,,0.6
0.2095222684796323,R2,resistor,A,B,1000,Ω,,0,,2.9285711655486244,0.0029285711655486243,0.008576529071682827,0,true,true,backward_euler_step_doubling,0.00002,,0.6
0.2095222684796323,R3,resistor,B,0,1000,Ω,,0,,3.0714288344513756,0.003071428834451376,0.009433675085099336,0,true,true,backward_euler_step_doubling,0.00002,,0.6
0.2095222684796323,R4,resistor,A,C,1000,Ω,,0,,2.095238445935187,0.0020952384459351873,0.004390024145324899,0,true,true,backward_euler_step_doubling,0.00002,,0.6
0.2095222684796323,R5,resistor,C,0,2000,Ω,,0,,3.904761554064813,0.0019523807770324064,0.007623581397051326,0,true,true,backward_euler_step_doubling,0.00002,,0.6
0.2095222684796323,C6,capacitor,B,C,100,µF,,0,V,-0.8333327196134372,-0.00014285766890277294,0.00011904796974438374,0.00003472217107891638,true,true,backward_euler_step_doubling,0.00002,1e-7,0.6
0.210520177309406,V1,voltage,A,0,6,V,,0,,6,-0.005023607683066247,-0.030141646098397482,0,true,true,backward_euler_step_doubling,0.00002,,0.6
0.210520177309406,R2,resistor,A,B,1000,Ω,,0,,2.92917695080131,0.00292917695080131,0.00858007760910566,0,true,true,backward_euler_step_doubling,0.00002,,0.6
0.210520177309406,R3,resistor,B,0,1000,Ω,,0,,3.07082304919869,0.0030708230491986897,0.00942995419948994,0,true,true,backward_euler_step_doubling,0.00002,,0.6
0.210520177309406,R4,resistor,A,C,1000,Ω,,0,,2.0944307322649354,0.0020944307322649353,0.004386640092255833,0,true,true,backward_euler_step_doubling,0.00002,,0.6
0.210520177309406,R5,resistor,C,0,2000,Ω,,0,,3.9055692677350646,0.0019527846338675324,0.007626735652538305,0,true,true,backward_euler_step_doubling,0.00002,,0.6
0.210520177309406,C6,capacitor,B,C,100,µF,,0,V,-0.8347462185363748,-0.0001416460983973908,0.00011823854500765324,0.00003484006246803885,true,true,backward_euler_step_doubling,0.00002,1e-7,0.6
0.21152841368482297,V1,voltage,A,0,6,V,,0,,6,-0.005023405412877847,-0.030140432477267082,0,true,true,backward_euler_step_doubling,0.00002,,0.6
0.21152841368482297,R2,resistor,A,B,1000,Ω,,0,,2.9297837613664637,0.002929783761366464,0.008583632888366624,0,true,true,backward_euler_step_doubling,0.00002,,0.6
0.21152841368482297,R3,resistor,B,0,1000,Ω,,0,,3.0702162386335363,0.0030702162386335363,0.009426227751969059,0,true,true,backward_euler_step_doubling,0.00002,,0.6
0.21152841368482297,R4,resistor,A,C,1000,Ω,,0,,2.0936216515113832,0.0020936216515113834,0.0043832516196772526,0,true,true,backward_euler_step_doubling,0.00002,,0.6
0.21152841368482297,R5,resistor,C,0,2000,Ω,,0,,3.9063783484886168,0.0019531891742443084,0.007629895900770327,0,true,true,backward_euler_step_doubling,0.00002,,0.6
0.21152841368482297,C6,capacitor,B,C,100,µF,,0,V,-0.8361621098550804,-0.00014043247726706142,0.0001174243164838017,0.00003495835369786498,true,true,backward_euler_step_doubling,0.00002,1e-7,0.6
0.21253665006023995,V1,voltage,A,0,6,V,,0,,6,-0.0050232048757366705,-0.030139229254420023,0,true,true,backward_euler_step_doubling,0.00002,,0.6
0.21253665006023995,R2,resistor,A,B,1000,Ω,,0,,2.9303853727900173,0.0029303853727900174,0.008587158433061688,0,true,true,backward_euler_step_doubling,0.00002,,0.6
0.21253665006023995,R3,resistor,B,0,1000,Ω,,0,,3.0696146272099827,0.0030696146272099828,0.00942253395958148,0,true,true,backward_euler_step_doubling,0.00002,,0.6
0.21253665006023995,R4,resistor,A,C,1000,Ω,,0,,2.0928195029466528,0.0020928195029466527,0.0043798934719138745,0,true,true,backward_euler_step_doubling,0.00002,,0.6
0.21253665006023995,R5,resistor,C,0,2000,Ω,,0,,3.9071804970533472,0.0019535902485266735,0.00763302971827702,0,true,true,backward_euler_step_doubling,0.00002,,0.6
0.21253665006023995,C6,capacitor,B,C,100,µF,,0,V,-0.8375658698433646,-0.00013922925441998523,0.00011661367158591804,0.000035075829316323593,true,true,backward_euler_step_doubling,0.00002,1e-7,0.6
0.21355539418988956,V1,voltage,A,0,6,V,,0,,6,-0.005023004002656679,-0.030138024015940075,0,true,true,backward_euler_step_doubling,0.00002,,0.6
0.21355539418988956,R2,resistor,A,B,1000,Ω,,0,,2.9309879920299697,0.00293098799202997,0.008590690609423874,0,true,true,backward_euler_step_doubling,0.00002,,0.6
0.21355539418988956,R3,resistor,B,0,1000,Ω,,0,,3.0690120079700303,0.0030690120079700303,0.009418834705064237,0,true,true,backward_euler_step_doubling,0.00002,,0.6
0.21355539418988956,R4,resistor,A,C,1000,Ω,,0,,2.0920160106267094,0.0020920160106267095,0.0043765309887184925,0,true,true,backward_euler_step_doubling,0.00002,,0.6
0.21355539418988956,R5,resistor,C,0,2000,Ω,,0,,3.9079839893732906,0.001953991994686645,0.007636169430598989,0,true,true,backward_euler_step_doubling,0.00002,,0.6
0.21355539418988956,C6,capacitor,B,C,100,µF,,0,V,-0.8389719814032603,-0.0001380240159400364,0.00011579828213444752,0.00003519369927898563,true,true,backward_euler_step_doubling,0.00002,1e-7,0.6
0.2145741383195392,V1,voltage,A,0,6,V,,0,,6,-0.005022804868435151,-0.030136829210610904,0,true,true,backward_euler_step_doubling,0.00002,,0.6
0.2145741383195392,R2,resistor,A,B,1000,Ω,,0,,2.9315853946945776,0.0029315853946945774,0.008594192926386562,0,true,true,backward_euler_step_doubling,0.00002,,0.6
0.2145741383195392,R3,resistor,B,0,1000,Ω,,0,,3.0684146053054224,0.0030684146053054223,0.00941516819005163,0,true,true,backward_euler_step_doubling,0.00002,,0.6
0.2145741383195392,R4,resistor,A,C,1000,Ω,,0,,2.091219473740573,0.0020912194737405733,0.0043731988873518,0,true,true,backward_euler_step_doubling,0.00002,,0.6
0.2145741383195392,R5,resistor,C,0,2000,Ω,,0,,3.908780526259427,0.0019543902631297136,0.007639282601232462,0,true,true,backward_euler_step_doubling,0.00002,,0.6
0.2145741383195392,C6,capacitor,B,C,100,µF,,0,V,-0.8403659209540044,-0.00013682921061086134,0.00011498660558840592,0.0000353107440550436,true,true,backward_euler_step_doubling,0.00002,1e-7,0.6
0.215603575479815,V1,voltage,A,0,6,V,,0,,6,-0.005022605404066849,-0.030135632424401093,0,true,true,backward_euler_step_doubling,0.00002,,0.6
0.215603575479815,R2,resistor,A,B,1000,Ω,,0,,2.9321837877995103,0.00293218378779951,0.008597701765434283,0,true,true,backward_euler_step_doubling,0.00002,,0.6
0.215603575479815,R3,resistor,B,0,1000,Ω,,0,,3.0678162122004897,0.00306781621220049,0.009411496311840161,0,true,true,backward_euler_step_doubling,0.00002,,0.6
0.215603575479815,R4,resistor,A,C,1000,Ω,,0,,2.090421616267339,0.002090421616267339,0.0043698625337577545,0,true,true,backward_euler_step_doubling,0.00002,,0.6
0.215603575479815,R5,resistor,C,0,2000,Ω,,0,,3.909578383732661,0.0019547891918663303,0.007642401569274842,0,true,true,backward_euler_step_doubling,0.00002,,0.6
0.215603575479815,C6,capacitor,B,C,100,µF,,0,V,-0.8417621715321713,-0.00013563242440099601,0.00011417024409395546,0.000035428177671127824,true,true,backward_euler_step_doubling,0.00002,1e-7,0.6
0.2166330126400908,V1,voltage,A,0,6,V,,0,,6,-0.005022407684327513,-0.030134446105965076,0,true,true,backward_euler_step_doubling,0.00002,,0.6
0.2166330126400908,R2,resistor,A,B,1000,Ω,,0,,2.932776947017515,0.002932776947017515,0.008601180620957376,0,true,true,backward_euler_step_doubling,0.00002,,0.6
0.2166330126400908,R3,resistor,B,0,1000,Ω,,0,,3.067223052982485,0.0030672230529824847,0.009407857256747195,0,true,true,backward_euler_step_doubling,0.00002,,0.6
0.2166330126400908,R4,resistor,A,C,1000,Ω,,0,,2.0896307373099963,0.0020896307373099964,0.004366556618310719,0,true,true,backward_euler_step_doubling,0.00002,,0.6
0.2166330126400908,R5,resistor,C,0,2000,Ω,,0,,3.9103692626900037,0.001955184631345002,0.007645493885295382,0,true,true,backward_euler_step_doubling,0.00002,,0.6
0.2166330126400908,C6,capacitor,B,C,100,µF,,0,V,-0.8431462097075189,-0.00013444610596501083,0.00011335772465433432,0.000035544776547207766,true,true,backward_euler_step_doubling,0.00002,1e-7,0.6
0.21767333336611255,V1,voltage,A,0,6,V,,0,,6,-0.005022209640193126,-0.030133257841158754,0,true,true,backward_euler_step_doubling,0.00002,,0.6
0.21767333336611255,R2,resistor,A,B,1000,Ω,,0,,2.933371079420634,0.002933371079420634,0.008604665889581375,0,true,true,backward_euler_step_doubling,0.00002,,0.6
0.21767333336611255,R3,resistor,B,0,1000,Ω,,0,,3.066628920579366,0.0030666289205793663,0.00940421293653377,0,true,true,backward_euler_step_doubling,0.00002,,0.6
0.21767333336611255,R4,resistor,A,C,1000,Ω,,0,,2.0888385607724915,0.0020888385607724914,0.004363246532970094,0,true,true,backward_euler_step_doubling,0.00002,,0.6
0.21767333336611255,R5,resistor,C,0,2000,Ω,,0,,3.9111614392275085,0.001955580719613754,0.007648591901850098,0,true,true,backward_euler_step_doubling,0.00002,,0.6
0.21767333336611255,C6,capacitor,B,C,100,µF,,0,V,-0.8445325186481423,-0.0001332578411587312,0.00011254058022339734,0.00003566175875270873,true,true,backward_euler_step_doubling,0.00002,1e-7,0.6
0.21871365409213428,V1,voltage,A,0,6,V,,0,,6,-0.00502201334641718,-0.03013208007850308,0,true,true,backward_euler_step_doubling,0.00002,,0.6
0.21871365409213428,R2,resistor,A,B,1000,Ω,,0,,2.9339599607484677,0.0029339599607484676,0.00860812105127515,0,true,true,backward_euler_step_doubling,0.00002,,0.6
0.21871365409213428,R3,resistor,B,0,1000,Ω,,0,,3.0660400392515323,0.0030660400392515325,0.009400601522293538,0,true,true,backward_euler_step_doubling,0.00002,,0.6
0.21871365409213428,R4,resistor,A,C,1000,Ω,,0,,2.088053385668712,0.002088053385668712,0.004359966941402571,0,true,true,backward_euler_step_doubling,0.00002,,0.6
0.21871365409213428,R5,resistor,C,0,2000,Ω,,0,,3.911946614331288,0.001955973307165644,0.007651663156689013,0,true,true,backward_euler_step_doubling,0.00002,,0.6
0.21871365409213428,C6,capacitor,B,C,100,µF,,0,V,-0.8459065750797556,-0.00013208007850308353,0.00011172740684280865,0.00003577789668815811,true,true,backward_euler_step_doubling,0.00002,1e-7,0.6
0.21976505437812419,V1,voltage,A,0,6,V,,0,,6,-0.0050218167339572736,-0.03013090040374364,0,true,true,backward_euler_step_doubling,0.00002,,0.6
0.21976505437812419,R2,resistor,A,B,1000,Ω,,0,,2.934549798128176,0.0029345497981281762,0.00861158251769412,0,true,true,backward_euler_step_doubling,0.00002,,0.6
0.21976505437812419,R3,resistor,B,0,1000,Ω,,0,,3.065450201871824,0.003065450201871824,0.009396984940156006,0,true,true,backward_euler_step_doubling,0.00002,,0.6
0.21976505437812419,R4,resistor,A,C,1000,Ω,,0,,2.0872669358290974,0.0020872669358290973,0.00435668326140539,0,true,true,backward_euler_step_doubling,0.00002,,0.6
0.21976505437812419,R5,resistor,C,0,2000,Ω,,0,,3.9127330641709026,0.0019563665320854514,0.007654740015728111,0,true,true,backward_euler_step_doubling,0.00002,,0.6
0.21976505437812419,C6,capacitor,B,C,100,µF,,0,V,-0.8472828622990787,-0.0001309004037436834,0.00011090966876005312,0.000035894412437285976,true,true,backward_euler_step_doubling,0.00002,1e-7,0.6
0.2208164546641141,V1,voltage,A,0,6,V,,0,,6,-0.005021621877543848,-0.03012973126526309,0,true,true,backward_euler_step_doubling,0.00002,,0.6
0.2208164546641141,R2,resistor,A,B,1000,Ω,,0,,2.93513436736846,0.0029351343673684597,0.008615013754507449,0,true,true,backward_euler_step_doubling,0.00002,,0.6
0.2208164546641141,R3,resistor,B,0,1000,Ω,,0,,3.06486563263154,0.0030648656326315404,0.009393401346085932,0,true,true,backward_euler_step_doubling,0.00002,,0.6
0.2208164546641141,R4,resistor,A,C,1000,Ω,,0,,2.086487510175387,0.002086487510175387,0.004353430130117885,0,true,true,backward_euler_step_doubling,0.00002,,0.6
0.2208164546641141,R5,resistor,C,0,2000,Ω,,0,,3.913512489824613,0.0019567562449123066,0.007657790004006622,0,true,true,backward_euler_step_doubling,0.00002,,0.6
0.2208164546641141,C6,capacitor,B,C,100,µF,,0,V,-0.848646857193073,-0.00012973126526307516,0.00011009603054518961,0.000036010074411184,true,true,backward_euler_step_doubling,0.00002,1e-7,0.6
0.22187913617299498,V1,voltage,A,0,6,V,,0,,6,-0.00502142670811662,-0.03012856024869972,0,true,true,backward_euler_step_doubling,0.00002,,0.6
0.22187913617299498,R2,resistor,A,B,1000,Ω,,0,,2.9357198756501974,0.0029357198756501976,0.00861845118828761,0,true,true,backward_euler_step_doubling,0.00002,,0.6
0.22187913617299498,R3,resistor,B,0,1000,Ω,,0,,3.0642801243498026,0.0030642801243498025,0.009389812680485242,0,true,true,backward_euler_step_doubling,0.00002,,0.6
0.22187913617299498,R4,resistor,A,C,1000,Ω,,0,,2.085706832466422,0.0020857068324664223,0.004350172990997116,0,true,true,backward_euler_step_doubling,0.00002,,0.6
0.22187913617299498,R5,resistor,C,0,2000,Ω,,0,,3.914293167533578,0.001957146583766789,0.007660845500700026,0,true,true,backward_euler_step_doubling,0.00002,,0.6
0.22187913617299498,C6,capacitor,B,C,100,µF,,0,V,-0.8500130431837754,-0.0001285602486996402,0.00010927788822964416,0.00003612610867912713,true,true,backward_euler_step_doubling,0.00002,1e-7,0.6
0.2229418176818759,V1,voltage,A,0,6,V,,0,,6,-0.005021233300382139,-0.030127399802292835,0,true,true,backward_euler_step_doubling,0.00002,,0.6
0.2229418176818759,R2,resistor,A,B,1000,Ω,,0,,2.9363000988536148,0.0029363000988536147,0.008621858270527747,0,true,true,backward_euler_step_doubling,0.00002,,0.6
0.2229418176818759,R3,resistor,B,0,1000,Ω,,0,,3.0636999011463852,0.0030636999011463854,0.009386257084284371,0,true,true,backward_euler_step_doubling,0.00002,,0.6
0.2229418176818759,R4,resistor,A,C,1000,Ω,,0,,2.084933201528523,0.0020849332015285232,0.004346946454835977,0,true,true,backward_euler_step_doubling,0.00002,,0.6
0.2229418176818759,R5,resistor,C,0,2000,Ω,,0,,3.915066798471477,0.0019575333992357382,0.007663874018246849,0,true,true,backward_euler_step_doubling,0.00002,,0.6
0.2229418176818759,C6,capacitor,B,C,100,µF,,0,V,-0.8513668973250916,-0.00012739980229278778,0.00010846397439784082,0.00003624127969304765,true,true,backward_euler_step_doubling,0.00002,1e-7,0.6
0.22401598796532243,V1,voltage,A,0,6,V,,0,,6,-0.0050210395852627356,-0.030126237511576413,0,true,true,backward_euler_step_doubling,0.00002,,0.6
0.22401598796532243,R2,resistor,A,B,1000,Ω,,0,,2.936881244211871,0.002936881244211871,0.008625271442603466,0,true,true,backward_euler_step_doubling,0.00002,,0.6
0.22401598796532243,R3,resistor,B,0,1000,Ω,,0,,3.063118755788129,0.0030631187557881292,0.009382696512061016,0,true,true,backward_euler_step_doubling,0.00002,,0.6
0.22401598796532243,R4,resistor,A,C,1000,Ω,,0,,2.0841583410508644,0.002084158341050864,0.004343715990571891,0,true,true,backward_euler_step_doubling,0.00002,,0.6
0.22401598796532243,R5,resistor,C,0,2000,Ω,,0,,3.9158416589491356,0.0019579208294745677,0.007666907948980759,0,true,true,backward_euler_step_doubling,0.00002,,0.6
0.22401598796532243,C6,capacitor,B,C,100,µF,,0,V,-0.8527229031610064,-0.00012623751157628163,0.00010764561735914802,0.00003635681747876675,true,true,backward_euler_step_doubling,0.00002,1e-7,0.6
0.22509015824876893,V1,voltage,A,0,6,V,,0,,6,-0.005020847637440291,-0.030125085824641747,0,true,true,backward_euler_step_doubling,0.00002,,0.6
0.22509015824876893,R2,resistor,A,B,1000,Ω,,0,,2.9374570876792006,0.0029374570876792004,0.00862865414195677,0,true,true,backward_euler_step_doubling,0.00002,,0.6
0.22509015824876893,R3,resistor,B,0,1000,Ω,,0,,3.0625429123207994,0.0030625429123207993,0.009379169089806363,0,true,true,backward_euler_step_doubling,0.00002,,0.6
0.22509015824876893,R4,resistor,A,C,1000,Ω,,0,,2.08339054976109,0.00208339054976109,0.004340516182833817,0,true,true,backward_euler_step_doubling,0.00002,,0.6
0.22509015824876893,R5,resistor,C,0,2000,Ω,,0,,3.91660945023891,0.001958304725119455,0.007669914792850369,0,true,true,backward_euler_step_doubling,0.00002,,0.6
0.22509015824876893,C6,capacitor,B,C,100,µF,,0,V,-0.8540665379181105,-0.0001250858246415995,0.00010683161719428276,0.00003647148255957136,true,true,backward_euler_step_doubling,0.00002,1e-7,0.6
0.22617603097808156,V1,voltage,A,0,6,V,,0,,6,-0.005020655387820177,-0.03012393232692106,0,true,true,backward_euler_step_doubling,0.00002,,0.6
0.22617603097808156,R2,resistor,A,B,1000,Ω,,0,,2.9380338365395615,0.0029380338365395616,0.008632042824651374,0,true,true,backward_euler_step_doubling,0.00002,,0.6
0.22617603097808156,R3,resistor,B,0,1000,Ω,,0,,3.0619661634604385,0.0030619661634604385,0.009375636786176637,0,true,true,backward_euler_step_doubling,0.00002,,0.6
0.22617603097808156,R4,resistor,A,C,1000,Ω,,0,,2.0826215512806145,0.0020826215512806147,0.004337312525858473,0,true,true,backward_euler_step_doubling,0.00002,,0.6
0.22617603097808156,R5,resistor,C,0,2000,Ω,,0,,3.9173784487193855,0.0019586892243596927,0.007672926955245549,0,true,true,backward_euler_step_doubling,0.00002,,0.6
0.22617603097808156,C6,capacitor,B,C,100,µF,,0,V,-0.855412285258947,-0.00012393232692088627,0.00010601323498885424,0.0000365865088885967,true,true,backward_euler_step_doubling,0.00002,1e-7,0.6
0.22726190370739419,V1,voltage,A,0,6,V,,0,,6,-0.005020464911058806,-0.030122789466352835,0,true,true,backward_euler_step_doubling,0.00002,,0.6
0.22726190370739419,R2,resistor,A,B,1000,Ω,,0,,2.938605266823673,0.002938605266823673,0.00863540091420383,0,true,true,backward_euler_step_doubling,0.00002,,0.6
0.22726190370739419,R3,resistor,B,0,1000,Ω,,0,,3.061394733176327,0.003061394733176327,0.009372137712319756,0,true,true,backward_euler_step_doubling,0.00002,,0.6
0.22726190370739419,R4,resistor,A,C,1000,Ω,,0,,2.0818596442351334,0.0020818596442351333,0.0043341395782948355,0,true,true,backward_euler_step_doubling,0.00002,,0.6
0.22726190370739419,R5,resistor,C,0,2000,Ω,,0,,3.9181403557648666,0.0019590701778824334,0.007675911923736618,0,true,true,backward_euler_step_doubling,0.00002,,0.6
0.22726190370739419,C6,capacitor,B,C,100,µF,,0,V,-0.8567456225885395,-0.00012278946635270308,0.00010519933779766112,0.000036700653091231205,true,true,backward_euler_step_doubling,0.00002,1e-7,0.6
0.22835969891546765,V1,voltage,A,0,6,V,,0,,6,-0.005020274138045122,-0.030121644828270733,0,true,true,backward_euler_step_doubling,0.00002,,0.6
0.22835969891546765,R2,resistor,A,B,1000,Ω,,0,,2.939177585864643,0.002939177585864643,0.00863876488124911,0,true,true,backward_euler_step_doubling,0.00002,,0.6
0.22835969891546765,R3,resistor,B,0,1000,Ω,,0,,3.060822414135357,0.003060822414135357,0.009368633850873396,0,true,true,backward_euler_step_doubling,0.00002,,0.6
0.22835969891546765,R4,resistor,A,C,1000,Ω,,0,,2.0810965521804783,0.002081096552180478,0.004330962859497474,0,true,true,backward_euler_step_doubling,0.00002,,0.6
0.22835969891546765,R5,resistor,C,0,2000,Ω,,0,,3.9189034478195217,0.0019594517239097608,0.007678902116665867,0,true,true,backward_euler_step_doubling,0.00002,,0.6
0.22835969891546765,C6,capacitor,B,C,100,µF,,0,V,-0.8580810336841647,-0.00012164482827072162,0.0001043811199848735,0.000036815153018424225,true,true,backward_euler_step_doubling,0.00002,1e-7,0.6
0.22945749412354113,V1,voltage,A,0,6,V,,0,,6,-0.005020085143409221,-0.030120510860455325,0,true,true,backward_euler_step_doubling,0.00002,,0.6
0.22945749412354113,R2,resistor,A,B,1000,Ω,,0,,2.939744569772336,0.0029397445697723363,0.008642098135505939,0,true,true,backward_euler_step_doubling,0.00002,,0.6
0.22945749412354113,R3,resistor,B,0,1000,Ω,,0,,3.060255430227664,0.003060255430227664,0.009365163298237904,0,true,true,backward_euler_step_doubling,0.00002,,0.6
0.22945749412354113,R4,resistor,A,C,1000,Ω,,0,,2.0803405736368843,0.0020803405736368845,0.004327816902319841,0,true,true,backward_euler_step_doubling,0.00002,,0.6
0.22945749412354113,R5,resistor,C,0,2000,Ω,,0,,3.9196594263631157,0.001959829713181558,0.0076818650093386145,0,true,true,backward_euler_step_doubling,0.00002,,0.6
0.22945749412354113,C6,capacitor,B,C,100,µF,,0,V,-0.8594039961354518,-0.00012051086045537,0.00010356751505306677,0.00003692876142867918,true,true,backward_euler_step_doubling,0.00002,1e-7,0.6
0.23056743845930303,V1,voltage,A,0,6,V,,0,,6,-0.0050198958580242115,-0.03011937514814527,0,true,true,backward_euler_step_doubling,0.00002,,0.6
0.23056743845930303,R2,resistor,A,B,1000,Ω,,0,,2.940312425927404,0.002940312425927404,0.008645437162063096,0,true,true,backward_euler_step_doubling,0.00002,,0.6
0.23056743845930303,R3,resistor,B,0,1000,Ω,,0,,3.059687574072596,0.003059687574072596,0.009361688050934248,0,true,true,backward_euler_step_doubling,0.00002,,0.6
0.23056743845930303,R4,resistor,A,C,1000,Ω,,0,,2.079583432096807,0.002079583432096807,0.004324667251051535,0,true,true,backward_euler_step_doubling,0.00002,,0.6
0.23056743845930303,R5,resistor,C,0,2000,Ω,,0,,3.920416567903193,0.0019602082839515964,0.007684833032944925,0,true,true,backward_euler_step_doubling,0.00002,,0.6
0.23056743845930303,C6,capacitor,B,C,100,µF,,0,V,-0.8607289938305969,-0.00011937514814520341,0.00010274965115139938,0.00003704272004103158,true,true,backward_euler_step_doubling,0.00002,1e-7,0.6
0.23167738279506492,V1,voltage,A,0,6,V,,0,,6,-0.005019708356492867,-0.0301182501389572,0,true,true,backward_euler_step_doubling,0.00002,,0.6
0.23167738279506492,R2,resistor,A,B,1000,Ω,,0,,2.940874930521425,0.0029408749305214247,0.008648745356969394,0,true,true,backward_euler_step_doubling,0.00002,,0.6
0.23167738279506492,R3,resistor,B,0,1000,Ω,,0,,3.059125069478575,0.003059125069478575,0.009358246190712297,0,true,true,backward_euler_step_doubling,0.00002,,0.6
0.23167738279506492,R4,resistor,A,C,1000,Ω,,0,,2.078833425971442,0.002078833425971442,0.004321548412936163,0,true,true,backward_euler_step_doubling,0.00002,,0.6
0.23167738279506492,R5,resistor,C,0,2000,Ω,,0,,3.921166574028558,0.0019605832870142788,0.007687773650639429,0,true,true,backward_euler_step_doubling,0.00002,,0.6
0.23167738279506492,C6,capacitor,B,C,100,µF,,0,V,-0.8620415045499827,-0.00011825013895718835,0.00010193652769989918,0.00003715577777833989,true,true,backward_euler_step_doubling,0.00002,1e-7,0.6
0.23279970979064366,V1,voltage,A,0,6,V,,0,,6,-0.005019520569673038,-0.03011712341803823,0,true,true,backward_euler_step_doubling,0.00002,,0.6
0.23279970979064366,R2,resistor,A,B,1000,Ω,,0,,2.941438290980904,0.002941438290980904,0.008652059219648662,0,true,true,backward_euler_step_doubling,0.00002,,0.6
0.23279970979064366,R3,resistor,B,0,1000,Ω,,0,,3.058561709019096,0.003058561709019096,0.009354799727877814,0,true,true,backward_euler_step_doubling,0.00002,,0.6
0.23279970979064366,R4,resistor,A,C,1000,Ω,,0,,2.078082278692134,0.0020780822786921342,0.004318425957014292,0,true,true,backward_euler_step_doubling,0.00002,,0.6
0.23279970979064366,R5,resistor,C,0,2000,Ω,,0,,3.921917721307866,0.001960958860653933,0.0076907193063543424,0,true,true,backward_euler_step_doubling,0.00002,,0.6
0.23279970979064366,C6,capacitor,B,C,100,µF,,0,V,-0.86335601228877,-0.00011712341803820285,0.0001011192071430934,0.00003726918019775834,true,true,backward_euler_step_doubling,0.00002,1e-7,0.6
0.23392203678622236,V1,voltage,A,0,6,V,,0,,6,-0.005019334572139389,-0.030116007432836336,0,true,true,backward_euler_step_doubling,0.00002,,0.6
0.23392203678622236,R2,resistor,A,B,1000,Ω,,0,,2.9419962835818794,0.0029419962835818794,0.00865534213260959,0,true,true,backward_euler_step_doubling,0.00002,,0.6
0.23392203678622236,R3,resistor,B,0,1000,Ω,,0,,3.0580037164181206,0.0030580037164181207,0.009351386729627037,0,true,true,backward_euler_step_doubling,0.00002,,0.6
0.23392203678622236,R4,resistor,A,C,1000,Ω,,0,,2.07733828855751,0.00207733828855751,0.004315334365107045,0,true,true,backward_euler_step_doubling,0.00002,,0.6
0.23392203678622236,R5,resistor,C,0,2000,Ω,,0,,3.92266171144249,0.001961330855721245,0.007693637451208463,0,true,true,backward_euler_step_doubling,0.00002,,0.6
0.23392203678622236,C6,capacitor,B,C,100,µF,,0,V,-0.8646579950243694,-0.00011600743283627185,0.000100306754284135,0.000037381672417978116,true,true,backward_euler_step_doubling,0.00002,1e-7,0.6
0.23505698713754952,V1,voltage,A,0,6,V,,0,,6,-0.005019148294735078,-0.030114889768410466,0,true,true,backward_euler_step_doubling,0.00002,,0.6
0.23505698713754952,R2,resistor,A,B,1000,Ω,,0,,2.9425551157948293,0.0029425551157948294,0.008658630609490322,0,true,true,backward_euler_step_doubling,0.00002,,0.6
0.23505698713754952,R3,resistor,B,0,1000,Ω,,0,,3.0574448842051707,0.0030574448842051708,0.00934796921995237,0,true,true,backward_euler_step_doubling,0.00002,,0.6
0.23505698713754952,R4,resistor,A,C,1000,Ω,,0,,2.076593178940248,0.002076593178940248,0.004312239230821164,0,true,true,backward_euler_step_doubling,0.00002,,0.6
0.23505698713754952,R5,resistor,C,0,2000,Ω,,0,,3.923406821059752,0.001961703410529876,0.007696560541769096,0,true,true,backward_euler_step_doubling,0.00002,,0.6
0.23505698713754952,C6,capacitor,B,C,100,µF,,0,V,-0.8659619368545814,-0.00011488976841033999,0.00009949016637739232,0.000037494503804046906,true,true,backward_euler_step_doubling,0.00002,1e-7,0.6
0.23619193748887665,V1,voltage,A,0,6,V,,0,,6,-0.005018963812005663,-0.03011378287203398,0,true,true,backward_euler_step_doubling,0.00002,,0.6
0.23619193748887665,R2,resistor,A,B,1000,Ω,,0,,2.9431085639830714,0.0029431085639830715,0.008661888019390497,0,true,true,backward_euler_step_doubling,0.00002,,0.6
0.23619193748887665,R3,resistor,B,0,1000,Ω,,0,,3.0568914360169286,0.0030568914360169287,0.00934458525159364,0,true,true,backward_euler_step_doubling,0.00002,,0.6
0.23619193748887665,R4,resistor,A,C,1000,Ω,,0,,2.075855248022591,0.0020758552480225913,0.004309175010742934,0,true,true,backward_euler_step_doubling,0.00002,,0.6
0.23619193748887665,R5,resistor,C,0,2000,Ω,,0,,3.924144751977409,0.0019620723759887046,0.0076994560172359205,0,true,true,backward_euler_step_doubling,0.00002,,0.6
0.23619193748887665,C6,capacitor,B,C,100,µF,,0,V,-0.8672533159604803,-0.00011378287203389677,0.00009867857307090397,0.00003760641570222243,true,true,backward_euler_step_doubling,0.00002,1e-7,0.6
0.23733975935096735,V1,voltage,A,0,6,V,,0,,6,-0.005018779054780275,-0.03011267432868165,0,true,true,backward_euler_step_doubling,0.00002,,0.6
0.23733975935096735,R2,resistor,A,B,1000,Ω,,0,,2.9436628356591643,0.0029436628356591644,0.008665150890040952,0,true,true,backward_euler_step_doubling,0.00002,,0.6
0.23733975935096735,R3,resistor,B,0,1000,Ω,,0,,3.0563371643408357,0.0030563371643408358,0.00934119686213098,0,true,true,backward_euler_step_doubling,0.00002,,0.6
0.23733975935096735,R4,resistor,A,C,1000,Ω,,0,,2.0751162191211114,0.0020751162191211116,0.004306107322859497,0,true,true,backward_euler_step_doubling,0.00002,,0.6
0.23733975935096735,R5,resistor,C,0,2000,Ω,,0,,3.9248837808788886,0.001962441890439444,0.007702356346703079,0,true,true,backward_euler_step_doubling,0.00002,,0.6
0.23733975935096735,C6,capacitor,B,C,100,µF,,0,V,-0.8685466165380529,-0.00011267432868170967,0.00009786290694719542,0.000037718661254984966,true,true,backward_euler_step_doubling,0.00002,1e-7,0.6
0.23848758121305805,V1,voltage,A,0,6,V,,0,,6,-0.005018596097574451,-0.030111576585446706,0,true,true,backward_euler_step_doubling,0.00002,,0.6
0.23848758121305805,R2,resistor,A,B,1000,Ω,,0,,2.944211707276619,0.002944211707276619,0.008668382577264705,0,true,true,backward_euler_step_doubling,0.00002,,0.6
0.23848758121305805,R3,resistor,B,0,1000,Ω,,0,,3.055788292723381,0.003055788292723381,0.009337842089945274,0,true,true,backward_euler_step_doubling,0.00002,,0.6
0.23848758121305805,R4,resistor,A,C,1000,Ω,,0,,2.074384390297834,0.002074384390297834,0.004303070598711316,0,true,true,backward_euler_step_doubling,0.00002,,0.6
0.23848758121305805,R5,resistor,C,0,2000,Ω,,0,,3.925615609702166,0.001962807804851083,0.007705228957568654,0,true,true,backward_euler_step_doubling,0.00002,,0.6
0.23848758121305805,C6,capacitor,B,C,100,µF,,0,V,-0.8698273169787853,-0.00011157658544678177,0.00009705236195682838,0.000037829978068125615,true,true,backward_euler_step_doubling,0.00002,1e-7,0.6
0.2396485305106023,V1,voltage,A,0,6,V,,0,,6,-0.0050184128712039925,-0.030110477227223955,0,true,true,backward_euler_step_doubling,0.00002,,0.6
0.2396485305106023,R2,resistor,A,B,1000,Ω,,0,,2.9447613863880893,0.0029447613863880892,0.008671619622762302,0,true,true,backward_euler_step_doubling,0.00002,,0.6
0.2396485305106023,R3,resistor,B,0,1000,Ω,,0,,3.0552386136119107,0.003055238613611911,0.00933448298610523,0,true,true,backward_euler_step_doubling,0.00002,,0.6
0.2396485305106023,R4,resistor,A,C,1000,Ω,,0,,2.0736514848159024,0.0020736514848159024,0.004300030480479197,0,true,true,backward_euler_step_doubling,0.00002,,0.6
0.2396485305106023,R5,resistor,C,0,2000,Ω,,0,,3.9263485151840976,0.0019631742575920486,0.007708106331344183,0,true,true,backward_euler_step_doubling,0.00002,,0.6
0.2396485305106023,C6,capacitor,B,C,100,µF,,0,V,-0.8711099015721868,-0.0001104772272238323,0.00009623780653292067,0.00003794162303085525,true,true,backward_euler_step_doubling,0.00002,1e-7,0.6
0.2408094798081466,V1,voltage,A,0,6,V,,0,,6,-0.005018231450153286,-0.030109388700919715,0,true,true,backward_euler_step_doubling,0.00002,,0.6
0.2408094798081466,R2,resistor,A,B,1000,Ω,,0,,2.945305649540196,0.002945305649540196,0.008674825369213397,0,true,true,backward_euler_step_doubling,0.00002,,0.6
0.2408094798081466,R3,resistor,B,0,1000,Ω,,0,,3.054694350459804,0.0030546943504598037,0.009331157574731042,0,true,true,backward_euler_step_doubling,0.00002,,0.6
0.2408094798081466,R4,resistor,A,C,1000,Ω,,0,,2.07292580061309,0.0020729258006130903,0.004297021374847421,0,true,true,backward_euler_step_doubling,0.00002,,0.6
0.2408094798081466,R5,resistor,C,0,2000,Ω,,0,,3.92707419938691,0.001963537099693455,0.007710955883745169,0,true,true,backward_euler_step_doubling,0.00002,,0.6
0.2408094798081466,C6,capacitor,B,C,100,µF,,0,V,-0.872379848927106,-0.00010938870091962089,0.00009542849838259125,0.00003805233004070401,true,true,backward_euler_step_doubling,0.00002,1e-7,0.6
0.24198382056256734,V1,voltage,A,0,6,V,,0,,6,-0.005018049765225464,-0.030108298591352785,0,true,true,backward_euler_step_doubling,0.00002,,0.6
0.24198382056256734,R2,resistor,A,B,1000,Ω,,0,,2.9458507043236435,0.0029458507043236435,0.008678036372164107,0,true,true,backward_euler_step_doubling,0.00002,,0.6
0.24198382056256734,R3,resistor,B,0,1000,Ω,,0,,3.0541492956763565,0.0030541492956763566,0.009327827920280385,0,true,true,backward_euler_step_doubling,0.00002,,0.6
0.24198382056256734,R4,resistor,A,C,1000,Ω,,0,,2.072199060901819,0.002072199060901819,0.004294008948002381,0,true,true,backward_euler_step_doubling,0.00002,,0.6
0.24198382056256734,R5,resistor,C,0,2000,Ω,,0,,3.927800939098181,0.0019639004695490903,0.007713810108590275,0,true,true,backward_euler_step_doubling,0.00002,,0.6
0.24198382056256734,C6,capacitor,B,C,100,µF,,0,V,-0.8736516434218244,-0.00010829859135271132,0.00009461524231556483,0.00003816335970268273,true,true,backward_euler_step_doubling,0.00002,1e-7,0.6
0.24315816131698811,V1,voltage,A,0,6,V,,0,,6,-0.0050178698908729365,-0.03010721934523762,0,true,true,backward_euler_step_doubling,0.00002,,0.6
0.24315816131698811,R2,resistor,A,B,1000,Ω,,0,,2.9463903273812533,0.0029463903273812533,0.008681215961285809,0,true,true,backward_euler_step_doubling,0.00002,,0.6
0.24315816131698811,R3,resistor,B,0,1000,Ω,,0,,3.0536096726187467,0.003053609672618747,0.00932453203271077,0,true,true,backward_euler_step_doubling,0.00002,,0.6
0.24315816131698811,R4,resistor,A,C,1000,Ω,,0,,2.071479563491682,0.002071479563491682,0.004291027581963689,0,true,true,backward_euler_step_doubling,0.00002,,0.6
0.24315816131698811,R5,resistor,C,0,2000,Ω,,0,,3.928520436508318,0.001964260218254159,0.007716636410031752,0,true,true,backward_euler_step_doubling,0.00002,,0.6
0.24315816131698811,C6,capacitor,B,C,100,µF,,0,V,-0.8749107638895715,-0.00010721934523749646,0.00009380735924547772,0.00003827344223849167,true,true,backward_euler_step_doubling,0.00002,1e-7,0.6
0.2443461659904519,V1,voltage,A,0,6,V,,0,,6,-0.005017689757886836,-0.03010613854732102,0,true,true,backward_euler_step_doubling,0.00002,,0.6
0.2443461659904519,R2,resistor,A,B,1000,Ω,,0,,2.946930726339464,0.0029469307263394642,0.008684400705843642,0,true,true,backward_euler_step_doubling,0.00002,,0.6
0.2443461659904519,R3,resistor,B,0,1000,Ω,,0,,3.053069273660536,0.003053069273660536,0.009321231989770072,0,true,true,backward_euler_step_doubling,0.00002,,0.6
0.2443461659904519,R4,resistor,A,C,1000,Ω,,0,,2.070759031547372,0.002070759031547372,0.00428804296673501,0,true,true,backward_euler_step_doubling,0.00002,,0.6
0.2443461659904519,R5,resistor,C,0,2000,Ω,,0,,3.929240968452628,0.001964620484226314,0.007719467294083272,0,true,true,backward_euler_step_doubling,0.00002,,0.6
0.2443461659904519,C6,capacitor,B,C,100,µF,,0,V,-0.8761716947920921,-0.00010613854732105139,0.00009299559088905626,0.000038383841937742345,true,true,backward_euler_step_doubling,0.00002,1e-7,0.6
0.2455341706639157,V1,voltage,A,0,6,V,,0,,6,-0.005017511440686478,-0.030105068644118868,0,true,true,backward_euler_step_doubling,0.00002,,0.6
0.2455341706639157,R2,resistor,A,B,1000,Ω,,0,,2.9474656779405244,0.0029474656779405243,0.008687553922637394,0,true,true,backward_euler_step_doubling,0.00002,,0.6
0.2455341706639157,R3,resistor,B,0,1000,Ω,,0,,3.0525343220594756,0.0030525343220594754,0.009317965787351102,0,true,true,backward_euler_step_doubling,0.00002,,0.6
0.2455341706639157,R4,resistor,A,C,1000,Ω,,0,,2.070045762745954,0.002070045762745954,0.0042850894598624786,0,true,true,backward_euler_step_doubling,0.00002,,0.6
0.2455341706639157,R5,resistor,C,0,2000,Ω,,0,,3.929954237254046,0.0019649771186270233,0.007722270153455516,0,true,true,backward_euler_step_doubling,0.00002,,0.6
0.2455341706639157,C6,capacitor,B,C,100,µF,,0,V,-0.8774199151945705,-0.00010506864411897074,0.00009218932081247582,0.00003849328537900236,true,true,backward_euler_step_doubling,0.00002,1e-7,0.6
0.24673612052237517,V1,voltage,A,0,6,V,,0,,6,-0.005017332870051891,-0.030103997220311346,0,true,true,backward_euler_step_doubling,0.00002,,0.6
0.24673612052237517,R2,resistor,A,B,1000,Ω,,0,,2.948001389844397,0.002948001389844397,0.008690712194524495,0,true,true,backward_euler_step_doubling,0.00002,,0.6
0.24673612052237517,R3,resistor,B,0,1000,Ω,,0,,3.051998610155603,0.0030519986101556033,0.009314695516391735,0,true,true,backward_euler_step_doubling,0.00002,,0.6
0.24673612052237517,R4,resistor,A,C,1000,Ω,,0,,2.069331480207494,0.0020693314802074938,0.0042821327749777375,0,true,true,backward_euler_step_doubling,0.00002,,0.6
0.24673612052237517,R5,resistor,C,0,2000,Ω,,0,,3.930668519792506,0.001965334259896253,0.007725077506243906,0,true,true,backward_euler_step_doubling,0.00002,,0.6
0.24673612052237517,C6,capacitor,B,C,100,µF,,0,V,-0.8786699096369031,-0.00010399722031122346,0.00009137922817335182,0.00003860304050506617,true,true,backward_euler_step_doubling,0.00002,1e-7,0.6
0.24793807038083465,V1,voltage,A,0,6,V,,0,,6,-0.005017156120368049,-0.030102936722208293,0,true,true,backward_euler_step_doubling,0.00002,,0.6
0.24793807038083465,R2,resistor,A,B,1000,Ω,,0,,2.948531638895918,0.002948531638895918,0.008693838825570248,0,true,true,backward_euler_step_doubling,0.00002,,0.6
0.24793807038083465,R3,resistor,B,0,1000,Ω,,0,,3.051468361104082,0.003051468361104082,0.009311459158819231,0,true,true,backward_euler_step_doubling,0.00002,,0.6
0.24793807038083465,R4,resistor,A,C,1000,Ω,,0,,2.068624481472131,0.0020686244814721306,0.004279207245345842,0,true,true,backward_euler_step_doubling,0.00002,,0.6
0.24793807038083465,R5,resistor,C,0,2000,Ω,,0,,3.931375518527869,0.0019656877592639345,0.007727856733840136,0,true,true,backward_euler_step_doubling,0.00002,,0.6
0.24793807038083465,C6,capacitor,B,C,100,µF,,0,V,-0.8799071574237871,-0.00010293672220818126,0.0000905747586327228,0.00003871183028428046,true,true,backward_euler_step_doubling,0.00002,1e-7,0.6
0.2491542558765457,V1,voltage,A,0,6,V,,0,,6,-0.00501697912240461,-0.03010187473442766,0,true,true,backward_euler_step_doubling,0.00002,,0.6
0.2491542558765457,R2,resistor,A,B,1000,Ω,,0,,2.949062632786151,0.0029490626327861513,0.008696970412095585,0,true,true,backward_euler_step_doubling,0.00002,,0.6
0.2491542558765457,R3,resistor,B,0,1000,Ω,,0,,3.050937367213849,0.003050937367213849,0.009308218818661772,0,true,true,backward_euler_step_doubling,0.00002,,0.6
0.2491542558765457,R4,resistor,A,C,1000,Ω,,0,,2.06791648961846,0.00206791648961846,0.004276278608035934,0,true,true,backward_euler_step_doubling,0.00002,,0.6
0.2491542558765457,R5,resistor,C,0,2000,Ω,,0,,3.93208351038154,0.00196604175519077,0.007730640366307208,0,true,true,backward_euler_step_doubling,0.00002,,0.6
0.2491542558765457,C6,capacitor,B,C,100,µF,,0,V,-0.8811461431676912,-0.00010187473442772551,0.00008976652932722315,0.000038820926280964865,true,true,backward_euler_step_doubling,0.00002,1e-7,0.6
0.2503704413722567,V1,voltage,A,0,6,V,,0,,6,-0.005016803950511334,-0.030100823703068005,0,true,true,backward_euler_step_doubling,0.00002,,0.6
0.2503704413722567,R2,resistor,A,B,1000,Ω,,0,,2.949588148465989,0.002949588148465989,0.00870007024557102,0,true,true,backward_euler_step_doubling,0.00002,,0.6
0.2503704413722567,R3,resistor,B,0,1000,Ω,,0,,3.050411851534011,0.0030504118515340107,0.009305012463979152,0,true,true,backward_euler_step_doubling,0.00002,,0.6
0.2503704413722567,R4,resistor,A,C,1000,Ω,,0,,2.0672158020453457,0.002067215802045346,0.004273381172225982,0,true,true,backward_euler_step_doubling,0.00002,,0.6
0.2503704413722567,R5,resistor,C,0,2000,Ω,,0,,3.9327841979546543,0.001966392098977327,0.007733395773840916,0,true,true,backward_euler_step_doubling,0.00002,,0.6
0.2503704413722567,C6,capacitor,B,C,100,µF,,0,V,-0.8823723464206434,-0.00010082370306803465,0.00008896404745095996,0.0000389290478863936,true,true,backward_euler_step_doubling,0.00002,1e-7,0.6
0.25160116254715637,V1,voltage,A,0,6,V,,0,,6,-0.005016628535448354,-0.03009977121269012,0,true,true,backward_euler_step_doubling,0.00002,,0.6
0.25160116254715637,R2,resistor,A,B,1000,Ω,,0,,2.950114393655013,0.0029501143936550133,0.008703174935650487,0,true,true,backward_euler_step_doubling,0.00002,,0.6
0.25160116254715637,R3,resistor,B,0,1000,Ω,,0,,3.049885606344987,0.003049885606344987,0.009301802211790328,0,true,true,backward_euler_step_doubling,0.00002,,0.6
0.25160116254715637,R4,resistor,A,C,1000,Ω,,0,,2.06651414179334,0.00206651414179334,0.004270480698231864,0,true,true,backward_euler_step_doubling,0.00002,,0.6
0.25160116254715637,R5,resistor,C,0,2000,Ω,,0,,3.93348585820666,0.00196674292910333,0.007736155498355892,0,true,true,backward_euler_step_doubling,0.00002,,0.6
0.25160116254715637,C6,capacitor,B,C,100,µF,,0,V,-0.8836002518616732,-0.00009977121268998596,0.00008815786866141617,0.000039037470254500615,true,true,backward_euler_step_doubling,0.00002,1e-7,0.6
0.25283188372205595,V1,voltage,A,0,6,V,,0,,6,-0.005016454951528821,-0.030098729709172926,0,true,true,backward_euler_step_doubling,0.00002,,0.6
0.25283188372205595,R2,resistor,A,B,1000,Ω,,0,,2.9506351454136004,0.0029506351454136005,0.008706247761349938,0,true,true,backward_euler_step_doubling,0.00002,,0.6
0.25283188372205595,R3,resistor,B,0,1000,Ω,,0,,3.0493648545863996,0.0030493648545863996,0.009298626016386735,0,true,true,backward_euler_step_doubling,0.00002,,0.6
0.25283188372205595,R4,resistor,A,C,1000,Ω,,0,,2.06581980611522,0.00206581980611522,0.0042676114713379254,0,true,true,backward_euler_step_doubling,0.00002,,0.6
0.25283188372205595,R5,resistor,C,0,2000,Ω,,0,,3.93418019388478,0.0019670900969423898,0.007738886898977641,0,true,true,backward_euler_step_doubling,0.00002,,0.6
0.25283188372205595,C6,capacitor,B,C,100,µF,,0,V,-0.8848153392983802,-0.00009872970917283954,0.00008735756112059641,0.00003914490923288538,true,true,backward_euler_step_doubling,0.00002,1e-7,0.6
0.2540774506338971,V1,voltage,A,0,6,V,,0,,6,-0.005016281129504273,-0.030097686777025637,0,true,true,backward_euler_step_doubling,0.00002,,0.6
0.2540774506338971,R2,resistor,A,B,1000,Ω,,0,,2.951156611487263,0.002951156611487263,0.008709325345524986,0,true,true,backward_euler_step_doubling,0.00002,,0.6
0.2540774506338971,R3,resistor,B,0,1000,Ω,,0,,3.048843388512737,0.003048843388512737,0.009295446007677828,0,true,true,backward_euler_step_doubling,0.00002,,0.6
0.2540774506338971,R4,resistor,A,C,1000,Ω,,0,,2.0651245180170092,0.0020651245180170093,0.004264739274914985,0,true,true,backward_euler_step_doubling,0.00002,,0.6
0.2540774506338971,R5,resistor,C,0,2000,Ω,,0,,3.9348754819829908,0.0019674377409914954,0.007741622529355437,0,true,true,backward_euler_step_doubling,0.00002,,0.6
0.2540774506338971,C6,capacitor,B,C,100,µF,,0,V,-0.8860320934702539,-0.00009768677702550415,0.00008655361955226935,0.000039252643532964035,true,true,backward_euler_step_doubling,0.00002,1e-7,0.6
0.2553230175457383,V1,voltage,A,0,6,V,,0,,6,-0.0050161091436501945,-0.03009665486190117,0,true,true,backward_euler_step_doubling,0.00002,,0.6
0.2553230175457383,R2,resistor,A,B,1000,Ω,,0,,2.9516725690494865,0.0029516725690494866,0.008712370954879195,0,true,true,backward_euler_step_doubling,0.00002,,0.6
0.2553230175457383,R3,resistor,B,0,1000,Ω,,0,,3.0483274309505135,0.0030483274309505135,0.009292300126285357,0,true,true,backward_euler_step_doubling,0.00002,,0.6
0.2553230175457383,R4,resistor,A,C,1000,Ω,,0,,2.0644365746007076,0.0020644365746007075,0.004261898370549103,0,true,true,backward_euler_step_doubling,0.00002,,0.6
0.2553230175457383,R5,resistor,C,0,2000,Ω,,0,,3.9355634253992924,0.0019677817126996463,0.007744329737670306,0,true,true,backward_euler_step_doubling,0.00002,,0.6
0.2553230175457383,C6,capacitor,B,C,100,µF,,0,V,-0.8872359944487789,-0.00009665486190102788,0.00008575567251706787,0.000039359385492275674,true,true,backward_euler_step_doubling,0.00002,1e-7,0.6
0.2565837507177601,V1,voltage,A,0,6,V,,0,,6,-0.005015936924710384,-0.030095621548262307,0,true,true,backward_euler_step_doubling,0.00002,,0.6
0.2565837507177601,R2,resistor,A,B,1000,Ω,,0,,2.952189225868853,0.002952189225868853,0.008715421225336138,0,true,true,backward_euler_step_doubling,0.00002,,0.6
0.2565837507177601,R3,resistor,B,0,1000,Ω,,0,,3.047810774131147,0.003047810774131147,0.0092891505149099,0,true,true,backward_euler_step_doubling,0.00002,,0.6
0.2565837507177601,R4,resistor,A,C,1000,Ω,,0,,2.063747698841531,0.002063747698841531,0.004259054564473714,0,true,true,backward_euler_step_doubling,0.00002,,0.6
0.2565837507177601,R5,resistor,C,0,2000,Ω,,0,,3.936252301158469,0.0019681261505792346,0.007747041089187672,0,true,true,backward_euler_step_doubling,0.00002,,0.6
0.2565837507177601,C6,capacitor,B,C,100,µF,,0,V,-0.888441527027322,-0.00009562154826226368,0.00008495415435484232,0.000039466417347331984,true,true,backward_euler_step_doubling,0.00002,1e-7,0.6
0.2578444838897818,V1,voltage,A,0,6,V,,0,,6,-0.005015766546921426,-0.030094599281528557,0,true,true,backward_euler_step_doubling,0.00002,,0.6
0.2578444838897818,R2,resistor,A,B,1000,Ω,,0,,2.9527003592357364,0.0029527003592357366,0.008718439411430847,0,true,true,backward_euler_step_doubling,0.00002,,0.6
0.2578444838897818,R3,resistor,B,0,1000,Ω,,0,,3.0472996407642636,0.0030472996407642635,0.00928603510060201,0,true,true,backward_euler_step_doubling,0.00002,,0.6
0.2578444838897818,R4,resistor,A,C,1000,Ω,,0,,2.0630661876856897,0.0020630661876856896,0.004256242094771965,0,true,true,backward_euler_step_doubling,0.00002,,0.6
0.2578444838897818,R5,resistor,C,0,2000,Ω,,0,,3.9369338123143103,0.0019684669061571553,0.007749723921271845,0,true,true,backward_euler_step_doubling,0.00002,,0.6
0.2578444838897818,C6,capacitor,B,C,100,µF,,0,V,-0.8896341715500466,-0.00009459928152854296,0.00008415875345187495,0.000039572447959476885,true,true,backward_euler_step_doubling,0.00002,1e-7,0.6
0.2591207147861586,V1,voltage,A,0,6,V,,0,,6,-0.005015595941020378,-0.03009357564612227,0,true,true,backward_euler_step_doubling,0.00002,,0.6
0.2591207147861586,R2,resistor,A,B,1000,Ω,,0,,2.953212176938861,0.002953212176938861,0.008721462162019966,0,true,true,backward_euler_step_doubling,0.00002,,0.6
0.2591207147861586,R3,resistor,B,0,1000,Ω,,0,,3.046787823061139,0.003046787823061139,0.009282916038753634,0,true,true,backward_euler_step_doubling,0.00002,,0.6
0.2591207147861586,R4,resistor,A,C,1000,Ω,,0,,2.062383764081518,0.002062383764081518,0.004253426790347051,0,true,true,backward_euler_step_doubling,0.00002,,0.6
0.2591207147861586,R5,resistor,C,0,2000,Ω,,0,,3.937616235918482,0.0019688081179592407,0.007752410810684416,0,true,true,backward_euler_step_doubling,0.00002,,0.6
0.2591207147861586,C6,capacitor,B,C,100,µF,,0,V,-0.8908284128573429,-0.00009357564612224426,0.00008335984431717923,0.00003967876305769663,true,true,backward_euler_step_doubling,0.00002,1e-7,0.6
0.2603969456825354,V1,voltage,A,0,6,V,,0,,6,-0.005015427181203557,-0.03009256308722134,0,true,true,backward_euler_step_doubling,0.00002,,0.6
0.2603969456825354,R2,resistor,A,B,1000,Ω,,0,,2.9537184563893297,0.0029537184563893297,0.008724452719614965,0,true,true,backward_euler_step_doubling,0.00002,,0.6
0.2603969456825354,R3,resistor,B,0,1000,Ω,,0,,3.0462815436106703,0.0030462815436106704,0.009279831242943008,0,true,true,backward_euler_step_doubling,0.00002,,0.6
0.2603969456825354,R4,resistor,A,C,1000,Ω,,0,,2.061708724814228,0.002061708724814228,0.00425064286597511,0,true,true,backward_euler_step_doubling,0.00002,,0.6
0.2603969456825354,R5,resistor,C,0,2000,Ω,,0,,3.938291275185772,0.001969145637592886,0.007755069084102187,0,true,true,backward_euler_step_doubling,0.00002,,0.6
0.2603969456825354,C6,capacitor,B,C,100,µF,,0,V,-0.8920097315751017,-0.0000925630872213241,0.00008256717458605603,0.000039784068061234244,true,true,backward_euler_step_doubling,0.00002,1e-7,0.6
0.26168901721111903,V1,voltage,A,0,6,V,,0,,6,-0.00501525819820233,-0.03009154918921398,0,true,true,backward_euler_step_doubling,0.00002,,0.6
0.26168901721111903,R2,resistor,A,B,1000,Ω,,0,,2.954225405392959,0.0029542254053929588,0.008727447745869192,0,true,true,backward_euler_step_doubling,0.00002,,0.6
0.26168901721111903,R3,resistor,B,0,1000,Ω,,0,,3.045774594607041,0.0030457745946070413,0.009276742881153686,0,true,true,backward_euler_step_doubling,0.00002,,0.6
0.26168901721111903,R4,resistor,A,C,1000,Ω,,0,,2.061032792809373,0.002061032792809373,0.004247856173035603,0,true,true,backward_euler_step_doubling,0.00002,,0.6
0.26168901721111903,R5,resistor,C,0,2000,Ω,,0,,3.938967207190627,0.0019694836035953137,0.007757731329661565,0,true,true,backward_euler_step_doubling,0.00002,,0.6
0.26168901721111903,C6,capacitor,B,C,100,µF,,0,V,-0.8931926125835861,-0.00009154918921409124,0.00008177105949404321,0.000039889652158694605,true,true,backward_euler_step_doubling,0.00002,1e-7,0.6
0.2629810887397026,V1,voltage,A,0,6,V,,0,,6,-0.005015091066171448,-0.030090546397028687,0,true,true,backward_euler_step_doubling,0.00002,,0.6
0.2629810887397026,R2,resistor,A,B,1000,Ω,,0,,2.9547268014856014,0.0029547268014856014,0.008730410471417333,0,true,true,backward_euler_step_doubling,0.00002,,0.6
0.2629810887397026,R3,resistor,B,0,1000,Ω,,0,,3.0452731985143986,0.0030452731985143987,0.009273688853590116,0,true,true,backward_euler_step_doubling,0.00002,,0.6
0.2629810887397026,R4,resistor,A,C,1000,Ω,,0,,2.0603642646858478,0.0020603642646858478,0.004245100903194454,0,true,true,backward_euler_step_doubling,0.00002,,0.6
0.2629810887397026,R5,resistor,C,0,2000,Ω,,0,,3.9396357353141522,0.001969817867657076,0.00776036486348214,0,true,true,backward_euler_step_doubling,0.00002,,0.6
0.2629810887397026,C6,capacitor,B,C,100,µF,,0,V,-0.8943625367997536,-0.00009054639702881377,0.00008098130534476755,0.00003999421736154453,true,true,backward_euler_step_doubling,0.00002,1e-7,0.6
0.2642893557837668,V1,voltage,A,0,6,V,,0,,6,-0.005014923715837716,-0.030089542295026292,0,true,true,backward_euler_step_doubling,0.00002,,0.6
0.2642893557837668,R2,resistor,A,B,1000,Ω,,0,,2.955228852486898,0.0029552288524868978,0.008733377570571027,0,true,true,backward_euler_step_doubling,0.00002,,0.6
0.2642893557837668,R3,resistor,B,0,1000,Ω,,0,,3.044771147513102,0.003044771147513102,0.009270631340728253,0,true,true,backward_euler_step_doubling,0.00002,,0.6
0.2642893557837668,R4,resistor,A,C,1000,Ω,,0,,2.0596948633508174,0.0020596948633508174,0.004242342930113743,0,true,true,backward_euler_step_doubling,0.00002,,0.6
0.2642893557837668,R5,resistor,C,0,2000,Ω,,0,,3.9403051366491826,0.001970152568324591,0.007763002284951966,0,true,true,backward_euler_step_doubling,0.00002,,0.6
0.2642893557837668,C6,capacitor,B,C,100,µF,,0,V,-0.8955339891360805,-0.00008954229502623061,0.00008018816866124012,0.000040099056284899074,true,true,backward_euler_step_doubling,0.00002,1e-7,0.6
0.2655976228278309,V1,voltage,A,0,6,V,,0,,6,-0.005014758221312811,-0.030088549327876867,0,true,true,backward_euler_step_doubling,0.00002,,0.6
0.2655976228278309,R2,resistor,A,B,1000,Ω,,0,,2.9557253360616214,0.0029557253360616214,0.008736312262236584,0,true,true,backward_euler_step_doubling,0.00002,,0.6
0.2655976228278309,R3,resistor,B,0,1000,Ω,,0,,3.0442746639383786,0.0030442746639383787,0.009267608229497128,0,true,true,backward_euler_step_doubling,0.00002,,0.6
0.2655976228278309,R4,resistor,A,C,1000,Ω,,0,,2.059032885251189,0.002059032885251189,0.004239616422545836,0,true,true,backward_euler_step_doubling,0.00002,,0.6
0.2655976228278309,R5,resistor,C,0,2000,Ω,,0,,3.940967114748811,0.0019704835573744056,0.0077656108997657845,0,true,true,backward_euler_step_doubling,0.00002,,0.6
0.2655976228278309,C6,capacitor,B,C,100,µF,,0,V,-0.8966924508104324,-0.00008854932787675133,0.00007940151383142068,0.000040202867567020976,true,true,backward_euler_step_doubling,0.00002,1e-7,0.6
0.26692245280959503,V1,voltage,A,0,6,V,,0,,6,-0.005014592513320034,-0.030087555079920204,0,true,true,backward_euler_step_doubling,0.00002,,0.6
0.26692245280959503,R2,resistor,A,B,1000,Ω,,0,,2.9562224600399034,0.0029562224600399034,0.008739251233244379,0,true,true,backward_euler_step_doubling,0.00002,,0.6
0.26692245280959503,R3,resistor,B,0,1000,Ω,,0,,3.0437775399600966,0.0030437775399600967,0.009264581712765538,0,true,true,backward_euler_step_doubling,0.00002,,0.6
0.26692245280959503,R4,resistor,A,C,1000,Ω,,0,,2.0583700532801306,0.0020583700532801306,0.004236887276240448,0,true,true,backward_euler_step_doubling,0.00002,,0.6
0.26692245280959503,R5,resistor,C,0,2000,Ω,,0,,3.9416299467198694,0.0019708149733599347,0.00776822331843944,0,true,true,backward_euler_step_doubling,0.00002,,0.6
0.26692245280959503,C6,capacitor,B,C,100,µF,,0,V,-0.8978524067597728,-0.00008755507992020804,0.00007861153923040304,0.000040306947216215826,true,true,backward_euler_step_doubling,0.00002,1e-7,0.6
0.26824728279135923,V1,voltage,A,0,6,V,,0,,6,-0.0050144286659267534,-0.030086571995560522,0,true,true,backward_euler_step_doubling,0.00002,,0.6
0.26824728279135923,R2,resistor,A,B,1000,Ω,,0,,2.956714002219761,0.0029567140022197613,0.008742157690922398,0,true,true,backward_euler_step_doubling,0.00002,,0.6
0.26824728279135923,R3,resistor,B,0,1000,Ω,,0,,3.043285997780239,0.003043285997780239,0.009261589664285265,0,true,true,backward_euler_step_doubling,0.00002,,0.6
0.26824728279135923,R4,resistor,A,C,1000,Ω,,0,,2.057714663706992,0.0020577146637069917,0.004234189637234778,0,true,true,backward_euler_step_doubling,0.00002,,0.6
0.26824728279135923,R5,resistor,C,0,2000,Ω,,0,,3.942285336293008,0.001971142668146504,0.007770806836375438,0,true,true,backward_euler_step_doubling,0.00002,,0.6
0.26824728279135923,C6,capacitor,B,C,100,µF,,0,V,-0.8989993385127693,-0.00008657199556045215,0.00007782816674257687,0.000040409990532319835,true,true,backward_euler_step_doubling,0.00002,1e-7,0.6
0.26958905626821017,V1,voltage,A,0,6,V,,0,,6,-0.005014264609853953,-0.030085587659123718,0,true,true,backward_euler_step_doubling,0.00002,,0.6
0.26958905626821017,R2,resistor,A,B,1000,Ω,,0,,2.9572061704381514,0.0029572061704381514,0.008745068334477477,0,true,true,backward_euler_step_doubling,0.00002,,0.6
0.26958905626821017,R3,resistor,B,0,1000,Ω,,0,,3.0427938295618486,0.0030427938295618487,0.00925859428921966,0,true,true,backward_euler_step_doubling,0.00002,,0.6
0.26958905626821017,R4,resistor,A,C,1000,Ω,,0,,2.0570584394158025,0.0020570584394158024,0.004231489423171777,0,true,true,backward_euler_step_doubling,0.00002,,0.6
0.26958905626821017,R5,resistor,C,0,2000,Ω,,0,,3.9429415605841975,0.0019714707802920986,0.007773394075091073,0,true,true,backward_euler_step_doubling,0.00002,,0.6
0.26958905626821017,C6,capacitor,B,C,100,µF,,0,V,-0.9001477310223489,-0.00008558765912371849,0.00007704153716372944,0.000040513296883234146,true,true,backward_euler_step_doubling,0.00002,1e-7,0.6
0.2709308297450611,V1,voltage,A,0,6,V,,0,,6,-0.005014102419123054,-0.030084614514738324,0,true,true,backward_euler_step_doubling,0.00002,,0.6
0.2709308297450611,R2,resistor,A,B,1000,Ω,,0,,2.9576927426308637,0.0029576927426308635,0.00874794635981128,0,true,true,backward_euler_step_doubling,0.00002,,0.6
0.2709308297450611,R3,resistor,B,0,1000,Ω,,0,,3.0423072573691363,0.003042307257369136,0.009255633448240916,0,true,true,backward_euler_step_doubling,0.00002,,0.6
0.2709308297450611,R4,resistor,A,C,1000,Ω,,0,,2.0564096764921906,0.0020564096764921908,0.0042288207575707166,0,true,true,backward_euler_step_doubling,0.00002,,0.6
0.2709308297450611,R5,resistor,C,0,2000,Ω,,0,,3.9435903235078094,0.0019717951617539047,0.007775952319832215,0,true,true,backward_euler_step_doubling,0.00002,,0.6
0.2709308297450611,C6,capacitor,B,C,100,µF,,0,V,-0.901283066138673,-0.00008461451473826178,0.00007626162928313651,0.00004061555826541638,true,true,backward_euler_step_doubling,0.00002,1e-7,0.6
0.27228994104240484,V1,voltage,A,0,6,V,,0,,6,-0.00501394002445403,-0.030083640146724176,0,true,true,backward_euler_step_doubling,0.00002,,0.6
0.27228994104240484,R2,resistor,A,B,1000,Ω,,0,,2.958179926637972,0.002958179926637972,0.008750828478363839,0,true,true,backward_euler_step_doubling,0.00002,,0.6
0.27228994104240484,R3,resistor,B,0,1000,Ω,,0,,3.041820073362028,0.003041820073362028,0.009252669358708174,0,true,true,backward_euler_step_doubling,0.00002,,0.6
0.27228994104240484,R4,resistor,A,C,1000,Ω,,0,,2.0557600978160573,0.002055760097816057,0.004226149579772685,0,true,true,backward_euler_step_doubling,0.00002,,0.6
0.27228994104240484,R5,resistor,C,0,2000,Ω,,0,,3.9442399021839427,0.0019721199510919713,0.007778514202989998,0,true,true,backward_euler_step_doubling,0.00002,,0.6
0.27228994104240484,C6,capacitor,B,C,100,µF,,0,V,-0.9024198288219147,-0.00008364014672407045,0.0000754785268893755,0.000040718077372548695,true,true,backward_euler_step_doubling,0.00002,1e-7,0.6
0.2736490523397485,V1,voltage,A,0,6,V,,0,,6,-0.0050137794998207875,-0.030082676998924723,0,true,true,backward_euler_step_doubling,0.00002,,0.6
0.2736490523397485,R2,resistor,A,B,1000,Ω,,0,,2.9586615005376955,0.0029586615005376955,0.008753677874763967,0,true,true,backward_euler_step_doubling,0.00002,,0.6
0.2736490523397485,R3,resistor,B,0,1000,Ω,,0,,3.0413384994623045,0.0030413384994623046,0.009249739868311622,0,true,true,backward_euler_step_doubling,0.00002,,0.6
0.2736490523397485,R4,resistor,A,C,1000,Ω,,0,,2.0551179992830915,0.0020551179992830916,0.004223509990977337,0,true,true,backward_euler_step_doubling,0.00002,,0.6
0.2736490523397485,R5,resistor,C,0,2000,Ω,,0,,3.9448820007169085,0.0019724410003584543,0.007781046999790119,0,true,true,backward_euler_step_doubling,0.00002,,0.6
0.2736490523397485,C6,capacitor,B,C,100,µF,,0,V,-0.903543501254604,-0.00008267699892462316,0.00007470226508157715,0.00004081954293297143,true,true,backward_euler_step_doubling,0.00002,1e-7,0.6
0.2750259102220893,V1,voltage,A,0,6,V,,0,,6,-0.005013618775943595,-0.03008171265566157,0,true,true,backward_euler_step_doubling,0.00002,,0.6
0.2750259102220893,R2,resistor,A,B,1000,Ω,,0,,2.9591436721692723,0.0029591436721692725,0.008756531272539446,0,true,true,backward_euler_step_doubling,0.00002,,0.6
0.2750259102220893,R3,resistor,B,0,1000,Ω,,0,,3.0408563278307277,0.0030408563278307276,0.009246807206508178,0,true,true,backward_euler_step_doubling,0.00002,,0.6
0.2750259102220893,R4,resistor,A,C,1000,Ω,,0,,2.054475103774323,0.002054475103774323,0.004220867952028515,0,true,true,backward_euler_step_doubling,0.00002,,0.6
0.2750259102220893,R5,resistor,C,0,2000,Ω,,0,,3.945524896225677,0.0019727624481128384,0.007783583353368319,0,true,true,backward_euler_step_doubling,0.00002,,0.6
0.2750259102220893,C6,capacitor,B,C,100,µF,,0,V,-0.9046685683949494,-0.0000817126556615012,0.00007392287121703974,0.00004092126093208836,true,true,backward_euler_step_doubling,0.00002,1e-7,0.6
0.27640276810443,V1,voltage,A,0,6,V,,0,,6,-0.0050134599267472706,-0.030080759560483623,0,true,true,backward_euler_step_doubling,0.00002,,0.6
0.27640276810443,R2,resistor,A,B,1000,Ω,,0,,2.959620219758241,0.002959620219758241,0.00875935184520182,0,true,true,backward_euler_step_doubling,0.00002,,0.6
0.27640276810443,R3,resistor,B,0,1000,Ω,,0,,3.040379780241759,0.003040379780241759,0.009243909208102927,0,true,true,backward_euler_step_doubling,0.00002,,0.6
0.27640276810443,R4,resistor,A,C,1000,Ω,,0,,2.0538397069890304,0.0020538397069890303,0.004218257542004786,0,true,true,backward_euler_step_doubling,0.00002,,0.6
0.27640276810443,R5,resistor,C,0,2000,Ω,,0,,3.9461602930109696,0.0019730801465054847,0.00778609052906821,0,true,true,backward_euler_step_doubling,0.00002,,0.6
0.27640276810443,C6,capacitor,B,C,100,µF,,0,V,-0.9057805127692107,-0.00008075956048353724,0.00007315043610579445,0.00004102191686562271,true,true,backward_euler_step_doubling,0.00002,1e-7,0.6
0.2777977964877625,V1,voltage,A,0,6,V,,0,,6,-0.005013300882953742,-0.030079805297722452,0,true,true,backward_euler_step_doubling,0.00002,,0.6
0.2777977964877625,R2,resistor,A,B,1000,Ω,,0,,2.960097351138792,0.002960097351138792,0.008762176328218893,0,true,true,backward_euler_step_doubling,0.00002,,0.6
0.2777977964877625,R3,resistor,B,0,1000,Ω,,0,,3.039902648861208,0.003039902648861208,0.009241008114553388,0,true,true,backward_euler_step_doubling,0.00002,,0.6
0.2777977964877625,R4,resistor,A,C,1000,Ω,,0,,2.0532035318149506,0.0020532035318149506,0.004215644743057387,0,true,true,backward_euler_step_doubling,0.00002,,0.6
0.2777977964877625,R5,resistor,C,0,2000,Ω,,0,,3.9467964681850494,0.001973398234092525,0.00778860118063899,0,true,true,backward_euler_step_doubling,0.00002,,0.6
0.2777977964877625,C6,capacitor,B,C,100,µF,,0,V,-0.9068938193238414,-0.00007980529772241715,0.00007237493125375915,0.00004112281997638921,true,true,backward_euler_step_doubling,0.00002,1e-7,0.6
0.2791928248710949,V1,voltage,A,0,6,V,,0,,6,-0.005013143718437034,-0.030078862310622206,0,true,true,backward_euler_step_doubling,0.00002,,0.6
0.2791928248710949,R2,resistor,A,B,1000,Ω,,0,,2.960568844688904,0.002960568844688904,0.008764967884142593,0,true,true,backward_euler_step_doubling,0.00002,,0.6
0.2791928248710949,R3,resistor,B,0,1000,Ω,,0,,3.039431155311096,0.003039431155311096,0.009238141747875744,0,true,true,backward_euler_step_doubling,0.00002,,0.6
0.2791928248710949,R4,resistor,A,C,1000,Ω,,0,,2.052574873748131,0.0020525748737481313,0.0042130636123421565,0,true,true,backward_euler_step_doubling,0.00002,,0.6
0.2791928248710949,R5,resistor,C,0,2000,Ω,,0,,3.947425126251869,0.0019737125631259346,0.007791082563682292,0,true,true,backward_euler_step_doubling,0.00002,,0.6
0.2791928248710949,C6,capacitor,B,C,100,µF,,0,V,-0.9079939709407729,-0.00007886231062220269,0.00007160650257941852,0.00004122265256323966,true,true,backward_euler_step_doubling,0.00002,1e-7,0.6
0.2806064635802435,V1,voltage,A,0,6,V,,0,,6,-0.005012986363922188,-0.03007791818353313,0,true,true,backward_euler_step_doubling,0.00002,,0.6
0.2806064635802435,R2,resistor,A,B,1000,Ω,,0,,2.961040908233425,0.002961040908233425,0.008767763260231827,0,true,true,backward_euler_step_doubling,0.00002,,0.6
0.2806064635802435,R3,resistor,B,0,1000,Ω,,0,,3.038959091766575,0.003038959091766575,0.009235272361430727,0,true,true,backward_euler_step_doubling,0.00002,,0.6
0.2806064635802435,R4,resistor,A,C,1000,Ω,,0,,2.0519454556887617,0.002051945455688762,0.00421048015312176,0,true,true,backward_euler_step_doubling,0.00002,,0.6
0.2806064635802435,R5,resistor,C,0,2000,Ω,,0,,3.9480545443112383,0.001974027272155619,0.007793567342428309,0,true,true,backward_euler_step_doubling,0.00002,,0.6
0.2806064635802435,C6,capacitor,B,C,100,µF,,0,V,-0.9090954525446633,-0.00007791818353317255,0.00007083506632054764,0.000041322727091869306,true,true,backward_euler_step_doubling,0.00002,1e-7,0.6
0.282020102289392,V1,voltage,A,0,6,V,,0,,6,-0.005012830893230669,-0.030076985359384016,0,true,true,backward_euler_step_doubling,0.00002,,0.6
0.282020102289392,R2,resistor,A,B,1000,Ω,,0,,2.9615073203079807,0.0029615073203079806,0.008770525608237757,0,true,true,backward_euler_step_doubling,0.00002,,0.6
0.282020102289392,R3,resistor,B,0,1000,Ω,,0,,3.0384926796920193,0.003038492679692019,0.009232437764541988,0,true,true,backward_euler_step_doubling,0.00002,,0.6
0.282020102289392,R4,resistor,A,C,1000,Ω,,0,,2.0513235729226875,0.0020513235729226875,0.004207928400828301,0,true,true,backward_euler_step_doubling,0.00002,,0.6
0.282020102289392,R5,resistor,C,0,2000,Ω,,0,,3.9486764270773125,0.0019743382135386563,0.007796022762878025,0,true,true,backward_euler_step_doubling,0.00002,,0.6
0.282020102289392,C6,capacitor,B,C,100,µF,,0,V,-0.9101837473852932,-0.00007698535938403789,0.00007007082289796716,0.00004142172270021676,true,true,backward_euler_step_doubling,0.00002,1e-7,0.6
0.28345280786237975,V1,voltage,A,0,6,V,,0,,6,-0.0050126752370922,-0.0300760514225532,0,true,true,backward_euler_step_doubling,0.00002,,0.6
0.28345280786237975,R2,resistor,A,B,1000,Ω,,0,,2.9619742887233755,0.0029619742887233755,0.008773291687058347,0,true,true,backward_euler_step_doubling,0.00002,,0.6
0.28345280786237975,R3,resistor,B,0,1000,Ω,,0,,3.0380257112766245,0.0030380257112766246,0.009229600222377841,0,true,true,backward_euler_step_doubling,0.00002,,0.6
0.28345280786237975,R4,resistor,A,C,1000,Ω,,0,,2.0507009483688257,0.0020507009483688257,0.004205374379640801,0,true,true,backward_euler_step_doubling,0.00002,,0.6
0.28345280786237975,R5,resistor,C,0,2000,Ω,,0,,3.9492990516311743,0.001974649525815587,0.007798481499607446,0,true,true,backward_euler_step_doubling,0.00002,,0.6
0.28345280786237975,C6,capacitor,B,C,100,µF,,0,V,-0.9112733403545499,-0.00007605142255323933,0.00006930363386880575,0.00004152095504204696,true,true,backward_euler_step_doubling,0.00002,1e-7,0.6
0.28488551343536744,V1,voltage,A,0,6,V,,0,,6,-0.005012521469273826,-0.030075128815642956,0,true,true,backward_euler_step_doubling,0.00002,,0.6
0.28488551343536744,R2,resistor,A,B,1000,Ω,,0,,2.962435592178507,0.002962435592178507,0.00877602463780602,0,true,true,backward_euler_step_doubling,0.00002,,0.6
0.28488551343536744,R3,resistor,B,0,1000,Ω,,0,,3.037564407821493,0.003037564407821493,0.009226797531663939,0,true,true,backward_euler_step_doubling,0.00002,,0.6
0.28488551343536744,R4,resistor,A,C,1000,Ω,,0,,2.0500858770953205,0.0020500858770953205,0.00420285210346569,0,true,true,backward_euler_step_doubling,0.00002,,0.6
0.28488551343536744,R5,resistor,C,0,2000,Ω,,0,,3.9499141229046795,0.0019749570614523396,0.007800910789160921,0,true,true,backward_euler_step_doubling,0.00002,,0.6
0.28488551343536744,C6,capacitor,B,C,100,µF,,0,V,-0.9123497150831863,-0.0000751288156429641,0.00006854375354639553,0.000041619100130618555,true,true,backward_euler_step_doubling,0.00002,1e-7,0.6
0.2863377599803474,V1,voltage,A,0,6,V,,0,,6,-0.005012367520511559,-0.030074205123069356,0,true,true,backward_euler_step_doubling,0.00002,,0.6
0.2863377599803474,R2,resistor,A,B,1000,Ω,,0,,2.962897438465359,0.002962897438465359,0.008778761230864586,0,true,true,backward_euler_step_doubling,0.00002,,0.6
0.2863377599803474,R3,resistor,B,0,1000,Ω,,0,,3.037102561534641,0.003037102561534641,0.009223991969280278,0,true,true,backward_euler_step_doubling,0.00002,,0.6
0.2863377599803474,R4,resistor,A,C,1000,Ω,,0,,2.049470082046201,0.002049470082046201,0.004200327617202461,0,true,true,backward_euler_step_doubling,0.00002,,0.6
0.2863377599803474,R5,resistor,C,0,2000,Ω,,0,,3.950529917953799,0.0019752649589768996,0.007803343316324026,0,true,true,backward_euler_step_doubling,0.00002,,0.6
0.2863377599803474,C6,capacitor,B,C,100,µF,,0,V,-0.9134273564191582,-0.00007420512306928924,0.00006778098939793917,0.00004171747677274459,true,true,backward_euler_step_doubling,0.00002,1e-7,0.6
0.2877900065253274,V1,voltage,A,0,6,V,,0,,6,-0.0050122154645160875,-0.030073292787096525,0,true,true,backward_euler_step_doubling,0.00002,,0.6
0.2877900065253274,R2,resistor,A,B,1000,Ω,,0,,2.963353606451787,0.002963353606451787,0.008781464596870812,0,true,true,backward_euler_step_doubling,0.00002,,0.6
0.2877900065253274,R3,resistor,B,0,1000,Ω,,0,,3.036646393548213,0.0030366463935482127,0.009221221319449368,0,true,true,backward_euler_step_doubling,0.00002,,0.6
0.2877900065253274,R4,resistor,A,C,1000,Ω,,0,,2.048861858064301,0.002048861858064301,0.0041978349134307,0,true,true,backward_euler_step_doubling,0.00002,,0.6
0.2877900065253274,R5,resistor,C,0,2000,Ω,,0,,3.951138141935699,0.0019755690709678496,0.007805746308329545,0,true,true,backward_euler_step_doubling,0.00002,,0.6
0.2877900065253274,C6,capacitor,B,C,100,µF,,0,V,-0.9144917483874861,-0.00007329278709646783,0.00006702564901604065,0.00004181475789344006,true,true,backward_euler_step_doubling,0.00002,1e-7,0.6
0.2892622866320788,V1,voltage,A,0,6,V,,0,,6,-0.005012063232031437,-0.030072379392188625,0,true,true,backward_euler_step_doubling,0.00002,,0.6
0.2892622866320788,R2,resistor,A,B,1000,Ω,,0,,2.9638103039057513,0.002963810303905751,0.008784171517537902,0,true,true,backward_euler_step_doubling,0.00002,,0.6
0.2892622866320788,R3,resistor,B,0,1000,Ω,,0,,3.0361896960942487,0.0030361896960942486,0.009218447870668885,0,true,true,backward_euler_step_doubling,0.00002,,0.6
0.2892622866320788,R4,resistor,A,C,1000,Ω,,0,,2.0482529281256863,0.002048252928125686,0.0041953400575754475,0,true,true,backward_euler_step_doubling,0.00002,,0.6
0.2892622866320788,R5,resistor,C,0,2000,Ω,,0,,3.9517470718743137,0.001975873535937157,0.007808152460033607,0,true,true,backward_euler_step_doubling,0.00002,,0.6
0.2892622866320788,C6,capacitor,B,C,100,µF,,0,V,-0.915557375780065,-0.00007237939218849898,0.00006626748637265826,0.00004191226541726396,true,true,backward_euler_step_doubling,0.00002,1e-7,0.6
0.29073456673883025,V1,voltage,A,0,6,V,,0,,6,-0.005011912896709954,-0.030071477380259726,0,true,true,backward_euler_step_doubling,0.00002,,0.6
0.29073456673883025,R2,resistor,A,B,1000,Ω,,0,,2.9642613098702046,0.0029642613098702047,0.008786845113193421,0,true,true,backward_euler_step_doubling,0.00002,,0.6
0.29073456673883025,R3,resistor,B,0,1000,Ω,,0,,3.0357386901297954,0.0030357386901297954,0.009215709394750965,0,true,true,backward_euler_step_doubling,0.00002,,0.6
0.29073456673883025,R4,resistor,A,C,1000,Ω,,0,,2.0476515868397502,0.00204765158683975,0.004192877021087347,0,true,true,backward_euler_step_doubling,0.00002,,0.6
0.29073456673883025,R5,resistor,C,0,2000,Ω,,0,,3.9523484131602498,0.0019761742065801248,0.007810528989505172,0,true,true,backward_euler_step_doubling,0.00002,,0.6
0.29073456673883025,C6,capacitor,B,C,100,µF,,0,V,-0.9166097230304544,-0.00007147738025961479,0.00006551686172270799,0.000042008669217698315,true,true,backward_euler_step_doubling,0.00002,1e-7,0.6
0.292227392451136,V1,voltage,A,0,6,V,,0,,6,-0.005011762389305441,-0.030070574335832642,0,true,true,backward_euler_step_doubling,0.00002,,0.6
0.292227392451136,R2,resistor,A,B,1000,Ω,,0,,2.9647128320837464,0.0029647128320837465,0.008789522176722029,0,true,true,backward_euler_step_doubling,0.00002,,0.6
0.292227392451136,R3,resistor,B,0,1000,Ω,,0,,3.0352871679162536,0.0030352871679162536,0.009212968191717071,0,true,true,backward_euler_step_doubling,0.00002,,0.6
0.292227392451136,R4,resistor,A,C,1000,Ω,,0,,2.047049557221695,0.002047049557221695,0.0041904118897215376,0,true,true,backward_euler_step_doubling,0.00002,,0.6
0.292227392451136,R5,resistor,C,0,2000,Ω,,0,,3.952950442778305,0.0019764752213891523,0.007812908601530598,0,true,true,backward_euler_step_doubling,0.00002,,0.6
0.292227392451136,C6,capacitor,B,C,100,µF,,0,V,-0.9176632748620515,-0.00007057433583253163,0.0000647634761412952,0.000042105294301527244,true,true,backward_euler_step_doubling,0.00002,1e-7,0.6
0.2937202181634418,V1,voltage,A,0,6,V,,0,,6,-0.005011613783409802,-0.030069682700458813,0,true,true,backward_euler_step_doubling,0.00002,,0.6
0.2937202181634418,R2,resistor,A,B,1000,Ω,,0,,2.9651586497706646,0.0029651586497706646,0.00879216581830979,0,true,true,backward_euler_step_doubling,0.00002,,0.6
0.2937202181634418,R3,resistor,B,0,1000,Ω,,0,,3.0348413502293354,0.0030348413502293355,0.009210262021061816,0,true,true,backward_euler_step_doubling,0.00002,,0.6
0.2937202181634418,R4,resistor,A,C,1000,Ω,,0,,2.0464551336391366,0.0020464551336391366,0.004187978613997977,0,true,true,backward_euler_step_doubling,0.00002,,0.6
0.2937202181634418,R5,resistor,C,0,2000,Ω,,0,,3.9535448663608634,0.0019767724331804315,0.007815258505164168,0,true,true,backward_euler_step_doubling,0.00002,,0.6
0.2937202181634418,C6,capacitor,B,C,100,µF,,0,V,-0.918703516131528,-0.00006968270045870447,0.00006401774192495183,0.00004220080752762163,true,true,backward_euler_step_doubling,0.00002,1e-7,0.6
0.2952341220152948,V1,voltage,A,0,6,V,,0,,6,-0.005011465009788524,-0.030068790058731143,0,true,true,backward_euler_step_doubling,0.00002,,0.6
0.2952341220152948,R2,resistor,A,B,1000,Ω,,0,,2.965604970634437,0.002965604970634437,0.008794812841851681,0,true,true,backward_euler_step_doubling,0.00002,,0.6
0.2952341220152948,R3,resistor,B,0,1000,Ω,,0,,3.034395029365563,0.003034395029365563,0.009207553194238435,0,true,true,backward_euler_step_doubling,0.00002,,0.6
0.2952341220152948,R4,resistor,A,C,1000,Ω,,0,,2.045860039154087,0.0020458600391540867,0.0041855432998075615,0,true,true,backward_euler_step_doubling,0.00002,,0.6
0.2952341220152948,R5,resistor,C,0,2000,Ω,,0,,3.954139960845913,0.0019770699804229565,0.00781761141497926,0,true,true,backward_euler_step_doubling,0.00002,,0.6
0.2952341220152948,C6,capacitor,B,C,100,µF,,0,V,-0.9197449314803503,-0.00006879005873111449,0.00006326930785417816,0.00004229653694918971,true,true,backward_euler_step_doubling,0.00002,1e-7,0.6
0.2967480258671478,V1,voltage,A,0,6,V,,0,,6,-0.005011318141970872,-0.030067908851825233,0,true,true,backward_euler_step_doubling,0.00002,,0.6
0.2967480258671478,R2,resistor,A,B,1000,Ω,,0,,2.966045574087377,0.002966045574087377,0.008797426347563317,0,true,true,backward_euler_step_doubling,0.00002,,0.6
0.2967480258671478,R3,resistor,B,0,1000,Ω,,0,,3.033954425912623,0.003033954425912623,0.009204879458514795,0,true,true,backward_euler_step_doubling,0.00002,,0.6
0.2967480258671478,R4,resistor,A,C,1000,Ω,,0,,2.045272567883495,0.002045272567883495,0.004183139876936745,0,true,true,backward_euler_step_doubling,0.00002,,0.6
0.2967480258671478,R5,resistor,C,0,2000,Ω,,0,,3.954727432116505,0.0019773637160582524,0.007819934531167402,0,true,true,backward_euler_step_doubling,0.00002,,0.6
0.2967480258671478,C6,capacitor,B,C,100,µF,,0,V,-0.9207730062038819,-0.00006790885182524977,0.0000625286376429892,0.000042391146447686695,true,true,backward_euler_step_doubling,0.00002,1e-7,0.6
0.29828356198960154,V1,voltage,A,0,6,V,,0,,6,-0.005011171110736042,-0.03006702666441625,0,true,true,backward_euler_step_doubling,0.00002,,0.6
0.29828356198960154,R2,resistor,A,B,1000,Ω,,0,,2.9664866677918553,0.002966486667791855,0.008800043150186825,0,true,true,backward_euler_step_doubling,0.00002,,0.6
0.29828356198960154,R3,resistor,B,0,1000,Ω,,0,,3.0335133322081447,0.0030335133322081445,0.00920220313668456,0,true,true,backward_euler_step_doubling,0.00002,,0.6
0.29828356198960154,R4,resistor,A,C,1000,Ω,,0,,2.0446844429441855,0.0020446844429441854,0.004180734471217974,0,true,true,backward_euler_step_doubling,0.00002,,0.6
0.29828356198960154,R5,resistor,C,0,2000,Ω,,0,,3.9553155570558145,0.0019776577785279074,0.007822260577943874,0,true,true,backward_euler_step_doubling,0.00002,,0.6
0.29828356198960154,C6,capacitor,B,C,100,µF,,0,V,-0.9218022248476698,-0.00006702666441628624,0.00006178532838305079,0.000042485967086705704,true,true,backward_euler_step_doubling,0.00002,1e-7,0.6
0.29981909811205526,V1,voltage,A,0,6,V,,0,,6,-0.005011025989548297,-0.030066155937289785,0,true,true,backward_euler_step_doubling,0.00002,,0.6
0.29981909811205526,R2,resistor,A,B,1000,Ω,,0,,2.9669220313550992,0.0029669220313550994,0.00880262634014027,0,true,true,backward_euler_step_doubling,0.00002,,0.6
0.29981909811205526,R3,resistor,B,0,1000,Ω,,0,,3.0330779686449008,0.0030330779686449007,0.009199561963879077,0,true,true,backward_euler_step_doubling,0.00002,,0.6
0.29981909811205526,R4,resistor,A,C,1000,Ω,,0,,2.044103958193197,0.002044103958193197,0.004178360991901095,0,true,true,backward_euler_step_doubling,0.00002,,0.6
0.29981909811205526,R5,resistor,C,0,2000,Ω,,0,,3.955896041806803,0.0019779480209034016,0.007824556746791366,0,true,true,backward_euler_step_doubling,0.00002,,0.6
0.29981909811205526,C6,capacitor,B,C,100,µF,,0,V,-0.9228180731619022,-0.00006615593728978,0.00006104989457797442,0.00004257965980771229,true,true,backward_euler_step_doubling,0.00002,1e-7,0.6
0.3013768434154212,V1,voltage,A,0,6,V,,0,,6,-0.0050108807092026685,-0.030065284255216013,0,true,true,backward_euler_step_doubling,0.00002,,0.6
0.3013768434154212,R2,resistor,A,B,1000,Ω,,0,,2.967357872392018,0.002967357872392018,0.008805212742846883,0,true,true,backward_euler_step_doubling,0.00002,,0.6
0.3013768434154212,R3,resistor,B,0,1000,Ω,,0,,3.032642127607982,0.0030326421276079822,0.009196918274142669,0,true,true,backward_euler_step_doubling,0.00002,,0.6
0.3013768434154212,R4,resistor,A,C,1000,Ω,,0,,2.0435228368106513,0.0020435228368106515,0.004175985584566652,0,true,true,backward_euler_step_doubling,0.00002,,0.6
0.3013768434154212,R5,resistor,C,0,2000,Ω,,0,,3.9564771631893487,0.0019782385815946745,0.007826855771419419,0,true,true,backward_euler_step_doubling,0.00002,,0.6
0.3013768434154212,C6,capacitor,B,C,100,µF,,0,V,-0.9238350355813667,-0.00006528425521598759,0.00006031188224036492,0.000042673558648381254,true,true,backward_euler_step_doubling,0.00002,1e-7,0.6
0.30293458871878715,V1,voltage,A,0,6,V,,0,,6,-0.005010737343096002,-0.03006442405857601,0,true,true,backward_euler_step_doubling,0.00002,,0.6
0.30293458871878715,R2,resistor,A,B,1000,Ω,,0,,2.9677879707120356,0.0029677879707120354,0.008807765439103062,0,true,true,backward_euler_step_doubling,0.00002,,0.6
0.30293458871878715,R3,resistor,B,0,1000,Ω,,0,,3.0322120292879644,0.0030322120292879643,0.009194309790558635,0,true,true,backward_euler_step_doubling,0.00002,,0.6
0.30293458871878715,R4,resistor,A,C,1000,Ω,,0,,2.0429493723839647,0.002042949372383965,0.004173642138124036,0,true,true,backward_euler_step_doubling,0.00002,,0.6
0.30293458871878715,R5,resistor,C,0,2000,Ω,,0,,3.9570506276160353,0.001978525313808018,0.007829124834758231,0,true,true,backward_euler_step_doubling,0.00002,,0.6
0.30293458871878715,C6,capacitor,B,C,100,µF,,0,V,-0.9248385983280709,-0.00006442405857592661,0.000059581856031965505,0.00004276632164787154,true,true,backward_euler_step_doubling,0.00002,1e-7,0.6
0.30451514415690334,V1,voltage,A,0,6,V,,0,,6,-0.005010593822041382,-0.03006356293224829,0,true,true,backward_euler_step_doubling,0.00002,,0.6
0.30451514415690334,R2,resistor,A,B,1000,Ω,,0,,2.9682185338758647,0.002968218533875865,0.008810321264844188,0,true,true,backward_euler_step_doubling,0.00002,,0.6
0.30451514415690334,R3,resistor,B,0,1000,Ω,,0,,3.0317814661241353,0.0030317814661241353,0.009191698858333812,0,true,true,backward_euler_step_doubling,0.00002,,0.6
0.30451514415690334,R4,resistor,A,C,1000,Ω,,0,,2.042375288165517,0.002042375288165517,0.004171296817709179,0,true,true,backward_euler_step_doubling,0.00002,,0.6
0.30451514415690334,R5,resistor,C,0,2000,Ω,,0,,3.957624711834483,0.0019788123559172414,0.007831396679861487,0,true,true,backward_euler_step_doubling,0.00002,,0.6
0.30451514415690334,C6,capacitor,B,C,100,µF,,0,V,-0.9258432457103476,-0.00006356293224830436,0.00005884931149963703,0.00004285928578137355,true,true,backward_euler_step_doubling,0.00002,1e-7,0.6
0.30609569959501953,V1,voltage,A,0,6,V,,0,,6,-0.005010452219365736,-0.030062713316194416,0,true,true,backward_euler_step_doubling,0.00002,,0.6
0.30609569959501953,R2,resistor,A,B,1000,Ω,,0,,2.968643341902808,0.002968643341902808,0.008812843291423872,0,true,true,backward_euler_step_doubling,0.00002,,0.6
0.30609569959501953,R3,resistor,B,0,1000,Ω,,0,,3.031356658097192,0.003031356658097192,0.009189123188590177,0,true,true,backward_euler_step_doubling,0.00002,,0.6
0.30609569959501953,R4,resistor,A,C,1000,Ω,,0,,2.041808877462927,0.002041808877462927,0.004168983492086418,0,true,true,backward_euler_step_doubling,0.00002,,0.6
0.30609569959501953,R5,resistor,C,0,2000,Ω,,0,,3.958191122537073,0.0019790955612685366,0.007833638481265648,0,true,true,backward_euler_step_doubling,0.00002,,0.6
0.30609569959501953,C6,capacitor,B,C,100,µF,,0,V,-0.9268344644398812,-0.00006271331619439836,0.00005812486282828413,0.00004295110622367806,true,true,backward_euler_step_doubling,0.00002,1e-7,0.6
0.3076996915184739,V1,voltage,A,0,6,V,,0,,6,-0.005010310465902586,-0.030061862795415516,0,true,true,backward_euler_step_doubling,0.00002,,0.6
0.3076996915184739,R2,resistor,A,B,1000,Ω,,0,,2.9690686022922765,0.0029690686022922764,0.008815368365117811,0,true,true,backward_euler_step_doubling,0.00002,,0.6
0.3076996915184739,R3,resistor,B,0,1000,Ω,,0,,3.0309313977077235,0.0030309313977077233,0.009186545137610493,0,true,true,backward_euler_step_doubling,0.00002,,0.6
0.3076996915184739,R4,resistor,A,C,1000,Ω,,0,,2.0412418636103085,0.0020412418636103083,0.004166668345755285,0,true,true,backward_euler_step_doubling,0.00002,,0.6
0.3076996915184739,R5,resistor,C,0,2000,Ω,,0,,3.9587581363896915,0.001979379068194846,0.007835882991215792,0,true,true,backward_euler_step_doubling,0.00002,,0.6
0.3076996915184739,C6,capacitor,B,C,100,µF,,0,V,-0.9278267386819681,-0.00006186279541545183,0.00005739795571606848,0.00004304312285066085,true,true,backward_euler_step_doubling,0.00002,1e-7,0.6
0.3093036834419282,V1,voltage,A,0,6,V,,0,,6,-0.005010170634906187,-0.03006102380943712,0,true,true,backward_euler_step_doubling,0.00002,,0.6
0.3093036834419282,R2,resistor,A,B,1000,Ω,,0,,2.9694880952814553,0.002969488095281455,0.008817859548018284,0,true,true,backward_euler_step_doubling,0.00002,,0.6
0.3093036834419282,R3,resistor,B,0,1000,Ω,,0,,3.0305119047185447,0.0030305119047185445,0.009184002404640821,0,true,true,backward_euler_step_doubling,0.00002,,0.6
0.3093036834419282,R4,resistor,A,C,1000,Ω,,0,,2.040682539624732,0.002040682539624732,0.004164385227529245,0,true,true,backward_euler_step_doubling,0.00002,,0.6
0.3093036834419282,R5,resistor,C,0,2000,Ω,,0,,3.959317460375268,0.001979658730187634,0.00783809737601623,0,true,true,backward_euler_step_doubling,0.00002,,0.6
0.3093036834419282,C6,capacitor,B,C,100,µF,,0,V,-0.9288055556567234,-0.000061023809437105106,0.000056679253232520406,0.00004313398801093973,true,true,backward_euler_step_doubling,0.00002,1e-7,0.6
0.3109317650479276,V1,voltage,A,0,6,V,,0,,6,-0.005010030657232976,-0.030060183943397857,0,true,true,backward_euler_step_doubling,0.00002,,0.6
0.3109317650479276,R2,resistor,A,B,1000,Ω,,0,,2.9699080283009636,0.0029699080283009634,0.008820353696566516,0,true,true,backward_euler_step_doubling,0.00002,,0.6
0.3109317650479276,R3,resistor,B,0,1000,Ω,,0,,3.0300919716990364,0.0030300919716990363,0.009181457356954954,0,true,true,backward_euler_step_doubling,0.00002,,0.6
0.3109317650479276,R4,resistor,A,C,1000,Ω,,0,,2.0401226289320116,0.0020401226289320116,0.004162100341080463,0,true,true,backward_euler_step_doubling,0.00002,,0.6
0.3109317650479276,R5,resistor,C,0,2000,Ω,,0,,3.9598773710679884,0.0019799386855339943,0.007840314396948161,0,true,true,backward_euler_step_doubling,0.00002,,0.6
0.3109317650479276,C6,capacitor,B,C,100,µF,,0,V,-0.929785399368952,-0.00006018394339804194,0.00005595815184794683,0.00004322504444398408,true,true,backward_euler_step_doubling,0.00002,1e-7,0.6
0.31255984665392694,V1,voltage,A,0,6,V,,0,,6,-0.005009892606061846,-0.030059355636371077,0,true,true,backward_euler_step_doubling,0.00002,,0.6
0.31255984665392694,R2,resistor,A,B,1000,Ω,,0,,2.970322181814341,0.002970322181814341,0.008822813863778306,0,true,true,backward_euler_step_doubling,0.00002,,0.6
0.31255984665392694,R3,resistor,B,0,1000,Ω,,0,,3.029677818185659,0.003029677818185659,0.009178947682006215,0,true,true,backward_euler_step_doubling,0.00002,,0.6
0.31255984665392694,R4,resistor,A,C,1000,Ω,,0,,2.0395704242475037,0.0020395704242475035,0.004159847515465142,0,true,true,backward_euler_step_doubling,0.00002,,0.6
0.31255984665392694,R5,resistor,C,0,2000,Ω,,0,,3.9604295757524963,0.0019802147878762483,0.00784250121224755,0,true,true,backward_euler_step_doubling,0.00002,,0.6
0.31255984665392694,C6,capacitor,B,C,100,µF,,0,V,-0.9307517575668371,-0.00005935563637130917,0.00005524536287409409,0.000043314941710687815,true,true,backward_euler_step_doubling,0.00002,1e-7,0.6
0.3142126995406659,V1,voltage,A,0,6,V,,0,,6,-0.005009754412274852,-0.030058526473649115,0,true,true,backward_euler_step_doubling,0.00002,,0.6
0.3142126995406659,R2,resistor,A,B,1000,Ω,,0,,2.970736763175452,0.0029707367631754524,0.008825276916082163,0,true,true,backward_euler_step_doubling,0.00002,,0.6
0.3142126995406659,R3,resistor,B,0,1000,Ω,,0,,3.029263236824548,0.0030292632368245477,0.009176435757976735,0,true,true,backward_euler_step_doubling,0.00002,,0.6
0.3142126995406659,R4,resistor,A,C,1000,Ω,,0,,2.0390176490993994,0.0020390176490993994,0.004157592973338842,0,true,true,backward_euler_step_doubling,0.00002,,0.6
0.3142126995406659,R5,resistor,C,0,2000,Ω,,0,,3.9609823509006006,0.0019804911754503,0.007844690592073024,0,true,true,backward_euler_step_doubling,0.00002,,0.6
0.3142126995406659,C6,capacitor,B,C,100,µF,,0,V,-0.9317191140760528,-0.000058526473649099016,0.000054530234178333986,0.000043405025376733235,true,true,backward_euler_step_doubling,0.00002,1e-7,0.6
0.3158655524274048,V1,voltage,A,0,6,V,,0,,6,-0.0050096181489723375,-0.030057708893834023,0,true,true,backward_euler_step_doubling,0.00002,,0.6
0.3158655524274048,R2,resistor,A,B,1000,Ω,,0,,2.971145553083015,0.002971145553083015,0.008827705897604975,0,true,true,backward_euler_step_doubling,0.00002,,0.6
0.3158655524274048,R3,resistor,B,0,1000,Ω,,0,,3.028854446916985,0.0030288544469169853,0.009173959260608796,0,true,true,backward_euler_step_doubling,0.00002,,0.6
0.3158655524274048,R4,resistor,A,C,1000,Ω,,0,,2.038472595889322,0.0020384725958893218,0.00415537052419175,0,true,true,backward_euler_step_doubling,0.00002,,0.6
0.3158655524274048,R5,resistor,C,0,2000,Ω,,0,,3.961527404110678,0.001980763702055339,0.007846849686759944,0,true,true,backward_euler_step_doubling,0.00002,,0.6
0.3158655524274048,C6,capacitor,B,C,100,µF,,0,V,-0.9326729571936929,-0.000057708893833984527,0.00005382352466851922,0.0000434939422540214,true,true,backward_euler_step_doubling,0.00002,1e-7,0.6
0.3175438882629741,V1,voltage,A,0,6,V,,0,,6,-0.005009481747064767,-0.030056890482388604,0,true,true,backward_euler_step_doubling,0.00002,,0.6
0.3175438882629741,R2,resistor,A,B,1000,Ω,,0,,2.9715547588057074,0.0029715547588057075,0.008830137684580847,0,true,true,backward_euler_step_doubling,0.00002,,0.6
0.3175438882629741,R3,resistor,B,0,1000,Ω,,0,,3.0284452411942926,0.0030284452411942927,0.009171480578912357,0,true,true,backward_euler_step_doubling,0.00002,,0.6
0.3175438882629741,R4,resistor,A,C,1000,Ω,,0,,2.0379269882590587,0.0020379269882590586,0.004153146409474637,0,true,true,backward_euler_step_doubling,0.00002,,0.6
0.3175438882629741,R5,resistor,C,0,2000,Ω,,0,,3.9620730117409413,0.0019810365058704708,0.007849011275182966,0,true,true,backward_euler_step_doubling,0.00002,,0.6
0.3175438882629741,C6,capacitor,B,C,100,µF,,0,V,-0.9336277705466487,-0.000056890482388580855,0.00005311453423777412,0.000043583040696795285,true,true,backward_euler_step_doubling,0.00002,1e-7,0.6
0.31922222409854334,V1,voltage,A,0,6,V,,0,,6,-0.00500934727957102,-0.03005608367742612,0,true,true,backward_euler_step_doubling,0.00002,,0.6
0.31922222409854334,R2,resistor,A,B,1000,Ω,,0,,2.971958161286908,0.002971958161286908,0.00883253531243986,0,true,true,backward_euler_step_doubling,0.00002,,0.6
0.31922222409854334,R3,resistor,B,0,1000,Ω,,0,,3.028041838713092,0.003028041838713092,0.009169037376996963,0,true,true,backward_euler_step_doubling,0.00002,,0.6
0.31922222409854334,R4,resistor,A,C,1000,Ω,,0,,2.037389118284111,0.002037389118284111,0.004150954419302507,0,true,true,backward_euler_step_doubling,0.00002,,0.6
0.31922222409854334,R5,resistor,C,0,2000,Ω,,0,,3.962610881715889,0.0019813054408579444,0.007851142499946588,0,true,true,backward_euler_step_doubling,0.00002,,0.6
0.31922222409854334,C6,capacitor,B,C,100,µF,,0,V,-0.9345690430027971,-0.000056083677426164505,0.000052414068740248136,0.000043670964806958196,true,true,backward_euler_step_doubling,0.00002,1e-7,0.6
0.3209267864140278,V1,voltage,A,0,6,V,,0,,6,-0.005009212677432944,-0.030055276064597663,0,true,true,backward_euler_step_doubling,0.00002,,0.6
0.3209267864140278,R2,resistor,A,B,1000,Ω,,0,,2.9723619677011777,0.0029723619677011776,0.008834935667036416,0,true,true,backward_euler_step_doubling,0.00002,,0.6
0.3209267864140278,R3,resistor,B,0,1000,Ω,,0,,3.0276380322988223,0.0030276380322988225,0.009166592054622285,0,true,true,backward_euler_step_doubling,0.00002,,0.6
0.3209267864140278,R4,resistor,A,C,1000,Ω,,0,,2.0368507097317665,0.0020368507097317666,0.004148760813734801,0,true,true,backward_euler_step_doubling,0.00002,,0.6
0.3209267864140278,R5,resistor,C,0,2000,Ω,,0,,3.9631492902682335,0.0019815746451341165,0.007853276148476801,0,true,true,backward_euler_step_doubling,0.00002,,0.6
0.3209267864140278,C6,capacitor,B,C,100,µF,,0,V,-0.9355112579694111,-0.000055276064597631454,0.00005171138072732863,0.0000437590656893755,true,true,backward_euler_step_doubling,0.00002,1e-7,0.6
0.3226313487295122,V1,voltage,A,0,6,V,,0,,6,-0.0050090800135845414,-0.030054480081507247,0,true,true,backward_euler_step_doubling,0.00002,,0.6
0.3226313487295122,R2,resistor,A,B,1000,Ω,,0,,2.972759959246385,0.0029727599592463847,0.008837301775298567,0,true,true,backward_euler_step_doubling,0.00002,,0.6
0.3226313487295122,R3,resistor,B,0,1000,Ω,,0,,3.027240040753615,0.003027240040753615,0.00916418226434195,0,true,true,backward_euler_step_doubling,0.00002,,0.6
0.3226313487295122,R4,resistor,A,C,1000,Ω,,0,,2.0363200543381565,0.0020363200543381567,0.004146599363699753,0,true,true,backward_euler_step_doubling,0.00002,,0.6
0.3226313487295122,R5,resistor,C,0,2000,Ω,,0,,3.9636799456618435,0.0019818399728309217,0.007855379355820938,0,true,true,backward_euler_step_doubling,0.00002,,0.6
0.3226313487295122,C6,capacitor,B,C,100,µF,,0,V,-0.9364399049082284,-0.00005448008150721662,0.00005101732234601046,0.000043845984775226586,true,true,backward_euler_step_doubling,0.00002,1e-7,0.6
0.32436291484764085,V1,voltage,A,0,6,V,,0,,6,-0.00500894721900219,-0.03005368331401314,0,true,true,backward_euler_step_doubling,0.00002,,0.6
0.32436291484764085,R2,resistor,A,B,1000,Ω,,0,,2.9731583429934787,0.0029731583429934787,0.008839670532511728,0,true,true,backward_euler_step_doubling,0.00002,,0.6
0.32436291484764085,R3,resistor,B,0,1000,Ω,,0,,3.0268416570065213,0.0030268416570065214,0.009161770416589984,0,true,true,backward_euler_step_doubling,0.00002,,0.6
0.32436291484764085,R4,resistor,A,C,1000,Ω,,0,,2.035788876008712,0.002035788876008712,0.004144436347680814,0,true,true,backward_euler_step_doubling,0.00002,,0.6
0.32436291484764085,R5,resistor,C,0,2000,Ω,,0,,3.964211123991288,0.001982105561995644,0.007857484917788137,0,true,true,backward_euler_step_doubling,0.00002,,0.6
0.32436291484764085,C6,capacitor,B,C,100,µF,,0,V,-0.9373694669847668,-0.000053683314013039144,0.000050321099442378365,0.00004393307588176528,true,true,backward_euler_step_doubling,0.00002,1e-7,0.6
0.3260944809657695,V1,voltage,A,0,6,V,,0,,6,-0.0050088163665315735,-0.03005289819918944,0,true,true,backward_euler_step_doubling,0.00002,,0.6
0.3260944809657695,R2,resistor,A,B,1000,Ω,,0,,2.9735509004053022,0.002973550900405302,0.008842004957301183,0,true,true,backward_euler_step_doubling,0.00002,,0.6
0.3260944809657695,R3,resistor,B,0,1000,Ω,,0,,3.0264490995946978,0.0030264490995946976,0.009159394152437557,0,true,true,backward_euler_step_doubling,0.00002,,0.6
0.3260944809657695,R4,resistor,A,C,1000,Ω,,0,,2.0352654661262717,0.0020352654661262718,0.00414230551760619,0,true,true,backward_euler_step_doubling,0.00002,,0.6
0.3260944809657695,R5,resistor,C,0,2000,Ω,,0,,3.9647345338737283,0.001982367266936864,0.007859559962045464,0,true,true,backward_euler_step_doubling,0.00002,,0.6
0.3260944809657695,C6,capacitor,B,C,100,µF,,0,V,-0.9382854342790306,-0.000052898199189397494,0.00004963360979900249,0.000044018977809009445,true,true,backward_euler_step_doubling,0.00002,1e-7,0.6
0.3278538640778209,V1,voltage,A,0,6,V,,0,,6,-0.0050086853871869645,-0.030052112323121785,0,true,true,backward_euler_step_doubling,0.00002,,0.6
0.3278538640778209,R2,resistor,A,B,1000,Ω,,0,,2.9739438384391477,0.0029739438384391477,0.008844341954190172,0,true,true,backward_euler_step_doubling,0.00002,,0.6
0.3278538640778209,R3,resistor,B,0,1000,Ω,,0,,3.0260561615608523,0.0030260561615608524,0.0091570158929204,0,true,true,backward_euler_step_doubling,0.00002,,0.6
0.3278538640778209,R4,resistor,A,C,1000,Ω,,0,,2.034741548747816,0.002034741548747816,0.0041401731702006605,0,true,true,backward_euler_step_doubling,0.00002,,0.6
0.3278538640778209,R5,resistor,C,0,2000,Ω,,0,,3.965258451252184,0.001982629225626092,0.007861637292613435,0,true,true,backward_euler_step_doubling,0.00002,,0.6
0.3278538640778209,C6,capacitor,B,C,100,µF,,0,V,-0.9392022896913317,-0.000052112323121715906,0.000048944013197050106,0.000044105047048072,true,true,backward_euler_step_doubling,0.00002,1e-7,0.6
0.3296132471898723,V1,voltage,A,0,6,V,,0,,6,-0.00500855635372205,-0.0300513381223323,0,true,true,backward_euler_step_doubling,0.00002,,0.6
0.3296132471898723,R2,resistor,A,B,1000,Ω,,0,,2.9743309388338703,0.0029743309388338703,0.008846644533704373,0,true,true,backward_euler_step_doubling,0.00002,,0.6
0.3296132471898723,R3,resistor,B,0,1000,Ω,,0,,3.0256690611661297,0.00302566906116613,0.009154673267697928,0,true,true,backward_euler_step_doubling,0.00002,,0.6
0.3296132471898723,R4,resistor,A,C,1000,Ω,,0,,2.0342254148881804,0.0020342254148881804,0.00413807303857699,0,true,true,backward_euler_step_doubling,0.00002,,0.6
0.3296132471898723,R5,resistor,C,0,2000,Ω,,0,,3.9657745851118196,0.0019828872925559096,0.007863684029959411,0,true,true,backward_euler_step_doubling,0.00002,,0.6
0.3296132471898723,C6,capacitor,B,C,100,µF,,0,V,-0.9401055239456899,-0.00005133812233226885,0.00004826325239356553,0.000044189919807660004,true,true,backward_euler_step_doubling,0.00002,1e-7,0.6
0.331401298594247,V1,voltage,A,0,6,V,,0,,6,-0.005008427197192549,-0.030050563183155292,0,true,true,backward_euler_step_doubling,0.00002,,0.6
0.331401298594247,R2,resistor,A,B,1000,Ω,,0,,2.974718408422371,0.002974718408422371,0.008848949609406923,0,true,true,backward_euler_step_doubling,0.00002,,0.6
0.331401298594247,R3,resistor,B,0,1000,Ω,,0,,3.025281591577629,0.0030252815915776292,0.009152328708338474,0,true,true,backward_euler_step_doubling,0.00002,,0.6
0.331401298594247,R4,resistor,A,C,1000,Ω,,0,,2.033708788770177,0.002033708788770177,0.004135971437521061,0,true,true,backward_euler_step_doubling,0.00002,,0.6
0.331401298594247,R5,resistor,C,0,2000,Ω,,0,,3.966291211229823,0.0019831456056149115,0.007865732986139467,0,true,true,backward_euler_step_doubling,0.00002,,0.6
0.331401298594247,C6,capacitor,B,C,100,µF,,0,V,-0.9410096196521938,-0.00005056318315524061,0.00004758044174931718,0.00004427495521389831,true,true,backward_euler_step_doubling,0.00002,1e-7,0.6
0.33318934999862176,V1,voltage,A,0,6,V,,0,,6,-0.00500829999025626,-0.03004979994153756,0,true,true,backward_euler_step_doubling,0.00002,,0.6
0.33318934999862176,R2,resistor,A,B,1000,Ω,,0,,2.975100029231246,0.0029751000292312464,0.008851220183931762,0,true,true,backward_euler_step_doubling,0.00002,,0.6
0.33318934999862176,R3,resistor,B,0,1000,Ω,,0,,3.024899970768754,0.0030248999707687537,0.009150019833156808,0,true,true,backward_euler_step_doubling,0.00002,,0.6
0.33318934999862176,R4,resistor,A,C,1000,Ω,,0,,2.033199961025013,0.002033199961025013,0.004133902081512114,0,true,true,backward_euler_step_doubling,0.00002,,0.6
0.33318934999862176,R5,resistor,C,0,2000,Ω,,0,,3.966800038974987,0.0019834000194874934,0.007867751274605978,0,true,true,backward_euler_step_doubling,0.00002,,0.6
0.33318934999862176,C6,capacitor,B,C,100,µF,,0,V,-0.9419000682062331,-0.000049799941537513254,0.000046906568330850156,0.00004435878692434532,true,true,backward_euler_step_doubling,0.00002,1e-7,0.6
0.3350069615172835,V1,voltage,A,0,6,V,,0,,6,-0.0050081726640141076,-0.030049035984084645,0,true,true,backward_euler_step_doubling,0.00002,,0.6
0.3350069615172835,R2,resistor,A,B,1000,Ω,,0,,2.9754820079576767,0.002975482007957677,0.008853493179679848,0,true,true,backward_euler_step_doubling,0.00002,,0.6
0.3350069615172835,R3,resistor,B,0,1000,Ω,,0,,3.0245179920423233,0.0030245179920423233,0.009147709084187727,0,true,true,backward_euler_step_doubling,0.00002,,0.6
0.3350069615172835,R4,resistor,A,C,1000,Ω,,0,,2.0326906560564315,0.0020326906560564316,0.004131831303219126,0,true,true,backward_euler_step_doubling,0.00002,,0.6
0.3350069615172835,R5,resistor,C,0,2000,Ω,,0,,3.9673093439435685,0.0019836546719717843,0.007869771715270974,0,true,true,backward_euler_step_doubling,0.00002,,0.6
0.3350069615172835,C6,capacitor,B,C,100,µF,,0,V,-0.9427913519012452,-0.00004903598408467201,0.00004623070172699586,0.00004444277666098888,true,true,backward_euler_step_doubling,0.00002,1e-7,0.6
0.3368245730359452,V1,voltage,A,0,6,V,,0,,6,-0.005008047291023892,-0.030048283746143354,0,true,true,backward_euler_step_doubling,0.00002,,0.6
0.3368245730359452,R2,resistor,A,B,1000,Ω,,0,,2.9758581269283404,0.0029758581269283403,0.00885573159160545,0,true,true,backward_euler_step_doubling,0.00002,,0.6
0.3368245730359452,R3,resistor,B,0,1000,Ω,,0,,3.0241418730716596,0.0030241418730716594,0.009145434068465364,0,true,true,backward_euler_step_doubling,0.00002,,0.6
0.3368245730359452,R4,resistor,A,C,1000,Ω,,0,,2.0321891640955525,0.0020321891640955525,0.004129792798667381,0,true,true,backward_euler_step_doubling,0.00002,,0.6
0.3368245730359452,R5,resistor,C,0,2000,Ω,,0,,3.9678108359044475,0.001983905417952224,0.007871761414760375,0,true,true,backward_euler_step_doubling,0.00002,,0.6
0.3368245730359452,C6,capacitor,B,C,100,µF,,0,V,-0.9436689628327879,-0.00004828374614333865,0.000045563872644766,0.00004452555557069548,true,true,backward_euler_step_doubling,0.00002,1e-7,0.6
0.33867267962461733,V1,voltage,A,0,6,V,,0,,6,-0.005007921802435812,-0.03004753081461487,0,true,true,backward_euler_step_doubling,0.00002,,0.6
0.33867267962461733,R2,resistor,A,B,1000,Ω,,0,,2.976234592692573,0.002976234592692573,0.008857972350739925,0,true,true,backward_euler_step_doubling,0.00002,,0.6
0.33867267962461733,R3,resistor,B,0,1000,Ω,,0,,3.023765407307427,0.003023765407307427,0.00914315723842905,0,true,true,backward_euler_step_doubling,0.00002,,0.6
0.33867267962461733,R4,resistor,A,C,1000,Ω,,0,,2.0316872097432386,0.0020316872097432387,0.0041277529182342666,0,true,true,backward_euler_step_doubling,0.00002,,0.6
0.33867267962461733,R5,resistor,C,0,2000,Ω,,0,,3.9683127902567614,0.001984156395128381,0.007873753200657703,0,true,true,backward_euler_step_doubling,0.00002,,0.6
0.33867267962461733,C6,capacitor,B,C,100,µF,,0,V,-0.9445473829493345,-0.00004753081461485144,0.000044895106553907905,0.00004460848793182183,true,true,backward_euler_step_doubling,0.00002,1e-7,0.6
0.3405207862132894,V1,voltage,A,0,6,V,,0,,6,-0.005007798270703233,-0.0300467896242194,0,true,true,backward_euler_step_doubling,0.00002,,0.6
0.3405207862132894,R2,resistor,A,B,1000,Ω,,0,,2.976605187890291,0.0029766051878902912,0.008860178444575395,0,true,true,backward_euler_step_doubling,0.00002,,0.6
0.3405207862132894,R3,resistor,B,0,1000,Ω,,0,,3.023394812109709,0.003023394812109709,0.009140916189891901,0,true,true,backward_euler_step_doubling,0.00002,,0.6
0.3405207862132894,R4,resistor,A,C,1000,Ω,,0,,2.0311930828129428,0.002031193082812943,0.004125745339667146,0,true,true,backward_euler_step_doubling,0.00002,,0.6
0.3405207862132894,R5,resistor,C,0,2000,Ω,,0,,3.9688069171870572,0.0019844034585935286,0.007875714172955916,0,true,true,backward_euler_step_doubling,0.00002,,0.6
0.3405207862132894,C6,capacitor,B,C,100,µF,,0,V,-0.9454121050773483,-0.00004678962421940826,0.00004423547712904884,0.00004469020242133915,true,true,backward_euler_step_doubling,0.00002,1e-7,0.6
0.34240036878591484,V1,voltage,A,0,6,V,,0,,6,-0.005007674627029951,-0.030046047762179704,0,true,true,backward_euler_step_doubling,0.00002,,0.6
0.34240036878591484,R2,resistor,A,B,1000,Ω,,0,,2.976976118910156,0.002976976118910156,0.008862386812561376,0,true,true,backward_euler_step_doubling,0.00002,,0.6
0.34240036878591484,R3,resistor,B,0,1000,Ω,,0,,3.023023881089844,0.003023023881089844,0.009138673385639503,0,true,true,backward_euler_step_doubling,0.00002,,0.6
0.34240036878591484,R4,resistor,A,C,1000,Ω,,0,,2.0306985081197944,0.0020306985081197946,0.004123736430879959,0,true,true,backward_euler_step_doubling,0.00002,,0.6
0.34240036878591484,R5,resistor,C,0,2000,Ω,,0,,3.9693014918802056,0.001984650745940103,0.007877677166721213,0,true,true,backward_euler_step_doubling,0.00002,,0.6
0.34240036878591484,C6,capacitor,B,C,100,µF,,0,V,-0.9462776107903617,-0.000046047762179684534,0.00004357396637763466,0.00004477206583415575,true,true,backward_euler_step_doubling,0.00002,1e-7,0.6
0.3442799513585403,V1,voltage,A,0,6,V,,0,,6,-0.005007552943760259,-0.030045317662561556,0,true,true,backward_euler_step_doubling,0.00002,,0.6
0.3442799513585403,R2,resistor,A,B,1000,Ω,,0,,2.9773411687192244,0.0029773411687192245,0.008864560434950357,0,true,true,backward_euler_step_doubling,0.00002,,0.6
0.3442799513585403,R3,resistor,B,0,1000,Ω,,0,,3.0226588312807756,0.0030226588312807757,0.009136466410319665,0,true,true,backward_euler_step_doubling,0.00002,,0.6
0.3442799513585403,R4,resistor,A,C,1000,Ω,,0,,2.0302117750410344,0.0020302117750410345,0.004121759851515268,0,true,true,backward_euler_step_doubling,0.00002,,0.6
0.3442799513585403,R5,resistor,C,0,2000,Ω,,0,,3.9697882249589656,0.001984894112479483,0.007879609275511427,0,true,true,backward_euler_step_doubling,0.00002,,0.6
0.3442799513585403,C6,capacitor,B,C,100,µF,,0,V,-0.9471293936781899,-0.000045317662561559626,0.00004292169026484278,0.00004485270441846078,true,true,backward_euler_step_doubling,0.00002,1e-7,0.6
0.3461920398459246,V1,voltage,A,0,6,V,,0,,6,-0.005007431152156113,-0.030044586912936676,0,true,true,backward_euler_step_doubling,0.00002,,0.6
0.3461920398459246,R2,resistor,A,B,1000,Ω,,0,,2.977706543531722,0.002977706543531722,0.008866736259391635,0,true,true,backward_euler_step_doubling,0.00002,,0.6
0.3461920398459246,R3,resistor,B,0,1000,Ω,,0,,3.022293456468278,0.0030222934564682782,0.009134257737010973,0,true,true,backward_euler_step_doubling,0.00002,,0.6
0.3461920398459246,R4,resistor,A,C,1000,Ω,,0,,2.0297246086243916,0.0020297246086243914,0.00411978198685544,0,true,true,backward_euler_step_doubling,0.00002,,0.6
0.3461920398459246,R5,resistor,C,0,2000,Ω,,0,,3.9702753913756084,0.0019851376956878043,0.00788154334168137,0,true,true,backward_euler_step_doubling,0.00002,,0.6
0.3461920398459246,C6,capacitor,B,C,100,µF,,0,V,-0.9479819349073302,-0.00004458691293657114,0.00004226758799715538,0.00004493348744553227,true,true,backward_euler_step_doubling,0.00002,1e-7,0.6
0.34810412833330895,V1,voltage,A,0,6,V,,0,,6,-0.0050073113244477885,-0.03004386794668673,0,true,true,backward_euler_step_doubling,0.00002,,0.6
0.34810412833330895,R2,resistor,A,B,1000,Ω,,0,,2.978066026656683,0.002978066026656683,0.008868877259126724,0,true,true,backward_euler_step_doubling,0.00002,,0.6
0.34810412833330895,R3,resistor,B,0,1000,Ω,,0,,3.021933973343317,0.0030219339733433166,0.009132084939246526,0,true,true,backward_euler_step_doubling,0.00002,,0.6
0.34810412833330895,R4,resistor,A,C,1000,Ω,,0,,2.0292452977911055,0.0020292452977911054,0.004117836478607312,0,true,true,backward_euler_step_doubling,0.00002,,0.6
0.34810412833330895,R5,resistor,C,0,2000,Ω,,0,,3.9707547022088945,0.001985377351104447,0.007883446452557022,0,true,true,backward_euler_step_doubling,0.00002,,0.6
0.34810412833330895,C6,capacitor,B,C,100,µF,,0,V,-0.9488207288655777,-0.00004386794668665836,0.00004162281714907149,0.000045013038776250295,true,true,backward_euler_step_doubling,0.00002,1e-7,0.6
0.3500498050008205,V1,voltage,A,0,6,V,,0,,6,-0.005007191391960259,-0.030043148351761553,0,true,true,backward_euler_step_doubling,0.00002,,0.6
0.3500498050008205,R2,resistor,A,B,1000,Ω,,0,,2.9784258241192383,0.0029784258241192384,0.008871020389780365,0,true,true,backward_euler_step_doubling,0.00002,,0.6
0.3500498050008205,R3,resistor,B,0,1000,Ω,,0,,3.0215741758807617,0.0030215741758807617,0.009129910500349505,0,true,true,backward_euler_step_doubling,0.00002,,0.6
0.3500498050008205,R4,resistor,A,C,1000,Ω,,0,,2.028765567841021,0.002028765567841021,0.0041158897292573,0,true,true,backward_euler_step_doubling,0.00002,,0.6
0.3500498050008205,R5,resistor,C,0,2000,Ω,,0,,3.971234432158979,0.0019856172160794897,0.007885351457582524,0,true,true,backward_euler_step_doubling,0.00002,,0.6
0.3500498050008205,C6,capacitor,B,C,100,µF,,0,V,-0.9496602562782175,-0.00004314835176152626,0.000040976274791833706,0.00004509273011772048,true,true,backward_euler_step_doubling,0.00002,1e-7,0.6
0.351995481668332,V1,voltage,A,0,6,V,,0,,6,-0.0050070734268046,-0.030042440560827603,0,true,true,backward_euler_step_doubling,0.00002,,0.6
0.351995481668332,R2,resistor,A,B,1000,Ω,,0,,2.9787797195862007,0.0029787797195862005,0.008873128617818044,0,true,true,backward_euler_step_doubling,0.00002,,0.6
0.351995481668332,R3,resistor,B,0,1000,Ω,,0,,3.0212202804137993,0.003021220280413799,0.009127771982783636,0,true,true,backward_euler_step_doubling,0.00002,,0.6
0.351995481668332,R4,resistor,A,C,1000,Ω,,0,,2.0282937072183995,0.0020282937072183993,0.004113975362741758,0,true,true,backward_euler_step_doubling,0.00002,,0.6
0.351995481668332,R5,resistor,C,0,2000,Ω,,0,,3.9717062927816005,0.0019858531463908,0.007887225438060481,0,true,true,backward_euler_step_doubling,0.00002,,0.6
0.351995481668332,C6,capacitor,B,C,100,µF,,0,V,-0.9504860123678012,-0.000042440560827601644,0.00004033915942368019,0.00004517118298534219,true,true,backward_euler_step_doubling,0.00002,1e-7,0.6
0.35397588471879354,V1,voltage,A,0,6,V,,0,,6,-0.0050069553603740045,-0.030041732162244025,0,true,true,backward_euler_step_doubling,0.00002,,0.6
0.35397588471879354,R2,resistor,A,B,1000,Ω,,0,,2.979133918877955,0.002979133918877955,0.008875238906609123,0,true,true,backward_euler_step_doubling,0.00002,,0.6
0.35397588471879354,R3,resistor,B,0,1000,Ω,,0,,3.020866081122045,0.003020866081122045,0.009125631880073662,0,true,true,backward_euler_step_doubling,0.00002,,0.6
0.35397588471879354,R4,resistor,A,C,1000,Ω,,0,,2.027821441496049,0.002027821441496049,0.004112059798591114,0,true,true,backward_euler_step_doubling,0.00002,,0.6
0.35397588471879354,R5,resistor,C,0,2000,Ω,,0,,3.972178558503951,0.0019860892792519756,0.007889101250319264,0,true,true,backward_euler_step_doubling,0.00002,,0.6
0.35397588471879354,C6,capacitor,B,C,100,µF,,0,V,-0.9513124773819062,-0.00004173216224406312,0.00003970032665090334,0.00004524977148112498,true,true,backward_euler_step_doubling,0.00002,1e-7,0.6
0.35595628776925514,V1,voltage,A,0,6,V,,0,,6,-0.005006839264654711,-0.03004103558792827,0,true,true,backward_euler_step_doubling,0.00002,,0.6
0.35595628776925514,R2,resistor,A,B,1000,Ω,,0,,2.9794822060358617,0.002979482206035862,0.008877314216084325,0,true,true,backward_euler_step_doubling,0.00002,,0.6
0.35595628776925514,R3,resistor,B,0,1000,Ω,,0,,3.0205177939641383,0.0030205177939641383,0.009123527743653985,0,true,true,backward_euler_step_doubling,0.00002,,0.6
0.35595628776925514,R4,resistor,A,C,1000,Ω,,0,,2.027357058618849,0.0020273570586188494,0.004110176643131672,0,true,true,backward_euler_step_doubling,0.00002,,0.6
0.35595628776925514,R5,resistor,C,0,2000,Ω,,0,,3.972642941381151,0.0019863214706905756,0.007890945969852741,0,true,true,backward_euler_step_doubling,0.00002,,0.6
0.35595628776925514,C6,capacitor,B,C,100,µF,,0,V,-0.9521251474170125,-0.00004103558792827138,0.00003907101520554916,0.000045327114817193386,true,true,backward_euler_step_doubling,0.00002,1e-7,0.6
0.3579726152610043,V1,voltage,A,0,6,V,,0,,6,-0.005006723071113741,-0.030040338426682446,0,true,true,backward_euler_step_doubling,0.00002,,0.6
0.3579726152610043,R2,resistor,A,B,1000,Ω,,0,,2.979830786658844,0.002979830786658844,0.008879391517119866,0,true,true,backward_euler_step_doubling,0.00002,,0.6
0.3579726152610043,R3,resistor,B,0,1000,Ω,,0,,3.020169213341156,0.003020169213341156,0.009121422077213738,0,true,true,backward_euler_step_doubling,0.00002,,0.6
0.3579726152610043,R4,resistor,A,C,1000,Ω,,0,,2.0268922844548967,0.0020268922844548965,0.0041082923327827895,0,true,true,backward_euler_step_doubling,0.00002,,0.6
0.3579726152610043,R5,resistor,C,0,2000,Ω,,0,,3.9731077155451033,0.0019865538577725516,0.007892792459662014,0,true,true,backward_euler_step_doubling,0.00002,,0.6
0.3579726152610043,C6,capacitor,B,C,100,µF,,0,V,-0.9529385022039474,-0.000040338426682328886,0.00003844003990392223,0.00004540458944913513,true,true,backward_euler_step_doubling,0.00002,1e-7,0.6
0.35998894275275356,V1,voltage,A,0,6,V,,0,,6,-0.0050066088516064556,-0.030039653109638735,0,true,true,backward_euler_step_doubling,0.00002,,0.6
0.35998894275275356,R2,resistor,A,B,1000,Ω,,0,,2.9801734451806903,0.00298017344518069,0.008881433763360144,0,true,true,backward_euler_step_doubling,0.00002,,0.6
0.35998894275275356,R3,resistor,B,0,1000,Ω,,0,,3.0198265548193097,0.0030198265548193096,0.009119352421191862,0,true,true,backward_euler_step_doubling,0.00002,,0.6
0.35998894275275356,R4,resistor,A,C,1000,Ω,,0,,2.0264354064257657,0.0020264354064257655,0.004106440456415957,0,true,true,backward_euler_step_doubling,0.00002,,0.6
0.35998894275275356,R5,resistor,C,0,2000,Ω,,0,,3.9735645935742343,0.0019867822967871173,0.007894607789653386,0,true,true,backward_euler_step_doubling,0.00002,,0.6
0.35998894275275356,C6,capacitor,B,C,100,µF,,0,V,-0.9537380387549246,-0.00003965310963863233,0.00003781867901728319,0.0000454808123284045,true,true,backward_euler_step_doubling,0.00002,1e-7,0.6
0.36204245686676945,V1,voltage,A,0,6,V,,0,,6,-0.005006494537679683,-0.0300389672260781,0,true,true,backward_euler_step_doubling,0.00002,,0.6
0.36204245686676945,R2,resistor,A,B,1000,Ω,,0,,2.9805163869609803,0.0029805163869609805,0.008883477932942937,0,true,true,backward_euler_step_doubling,0.00002,,0.6
0.36204245686676945,R3,resistor,B,0,1000,Ω,,0,,3.0194836130390197,0.0030194836130390196,0.009117281289411172,0,true,true,backward_euler_step_doubling,0.00002,,0.6
0.36204245686676945,R4,resistor,A,C,1000,Ω,,0,,2.0259781507187022,0.002025978150718702,0.0041045874671895724,0,true,true,backward_euler_step_doubling,0.00002,,0.6
0.36204245686676945,R5,resistor,C,0,2000,Ω,,0,,3.9740218492812978,0.0019870109246406488,0.007896424829282572,0,true,true,backward_euler_step_doubling,0.00002,,0.6
0.36204245686676945,C6,capacitor,B,C,100,µF,,0,V,-0.9545382362422781,-0.000038967226078062915,0.00003719570725180828,0.000045557162222425954,true,true,backward_euler_step_doubling,0.00002,1e-7,0.6
0.3640959709807853,V1,voltage,A,0,6,V,,0,,6,-0.005006382201051643,-0.03003829320630986,0,true,true,backward_euler_step_doubling,0.00002,,0.6
0.3640959709807853,R2,resistor,A,B,1000,Ω,,0,,2.9808533968451014,0.0029808533968451014,0.00888548697348298,0,true,true,backward_euler_step_doubling,0.00002,,0.6
0.3640959709807853,R3,resistor,B,0,1000,Ω,,0,,3.0191466031548986,0.0030191466031548988,0.009115246211341764,0,true,true,backward_euler_step_doubling,0.00002,,0.6
0.3640959709807853,R4,resistor,A,C,1000,Ω,,0,,2.0255288042065422,0.002025528804206542,0.004102766936670384,0,true,true,backward_euler_step_doubling,0.00002,,0.6
0.3640959709807853,R5,resistor,C,0,2000,Ω,,0,,3.9744711957934578,0.001987235597896729,0.00789821064309594,0,true,true,backward_euler_step_doubling,0.00002,,0.6
0.3640959709807853,C6,capacitor,B,C,100,µF,,0,V,-0.9553245926385592,-0.00003829320630980729,0.000036582441718740954,0.00004563225386500145,true,true,backward_euler_step_doubling,0.00002,1e-7,0.6
0.36618800267436696,V1,voltage,A,0,6,V,,0,,6,-0.005006269773355319,-0.030037618640131915,0,true,true,backward_euler_step_doubling,0.00002,,0.6
0.36618800267436696,R2,resistor,A,B,1000,Ω,,0,,2.9811906799340653,0.002981190679934065,0.008887497870125735,0,true,true,backward_euler_step_doubling,0.00002,,0.6
0.36618800267436696,R3,resistor,B,0,1000,Ω,,0,,3.0188093200659347,0.0030188093200659346,0.009113209710916951,0,true,true,backward_euler_step_doubling,0.00002,,0.6
0.36618800267436696,R4,resistor,A,C,1000,Ω,,0,,2.0250790934212533,0.0020250790934212533,0.004100945334611845,0,true,true,backward_euler_step_doubling,0.00002,,0.6
0.36618800267436696,R5,resistor,C,0,2000,Ω,,0,,3.9749209065787467,0.0019874604532893734,0.007899998106778404,0,true,true,backward_euler_step_doubling,0.00002,,0.6
0.36618800267436696,C6,capacitor,B,C,100,µF,,0,V,-0.956111586512812,-0.00003761864013185501,0.00003596761769892244,0.00004570746829320231,true,true,backward_euler_step_doubling,0.00002,1e-7,0.6
0.36828003436794865,V1,voltage,A,0,6,V,,0,,6,-0.005006159326164909,-0.030036955956989454,0,true,true,backward_euler_step_doubling,0.00002,,0.6
0.36828003436794865,R2,resistor,A,B,1000,Ω,,0,,2.981522021505303,0.002981522021505303,0.008889473564721069,0,true,true,backward_euler_step_doubling,0.00002,,0.6
0.36828003436794865,R3,resistor,B,0,1000,Ω,,0,,3.018477978494697,0.003018477978494697,0.009111209306657432,0,true,true,backward_euler_step_doubling,0.00002,,0.6
0.36828003436794865,R4,resistor,A,C,1000,Ω,,0,,2.0246373046596062,0.0020246373046596063,0.004099156215419315,0,true,true,backward_euler_step_doubling,0.00002,,0.6
0.36828003436794865,R5,resistor,C,0,2000,Ω,,0,,3.9753626953403938,0.0019876813476701967,0.007901754279752019,0,true,true,backward_euler_step_doubling,0.00002,,0.6
0.36828003436794865,C6,capacitor,B,C,100,µF,,0,V,-0.9568847168456966,-0.00003695595698939766,0.000035362590439561526,0.000045781418066643445,true,true,backward_euler_step_doubling,0.00002,1e-7,0.6
0.3704119884587023,V1,voltage,A,0,6,V,,0,,6,-0.005006048791206417,-0.030036292747238503,0,true,true,backward_euler_step_doubling,0.00002,,0.6
0.3704119884587023,R2,resistor,A,B,1000,Ω,,0,,2.981853626380757,0.002981853626380757,0.008891451049160072,0,true,true,backward_euler_step_doubling,0.00002,,0.6
0.3704119884587023,R3,resistor,B,0,1000,Ω,,0,,3.018146373619243,0.003018146373619243,0.009109207532590986,0,true,true,backward_euler_step_doubling,0.00002,,0.6
0.3704119884587023,R4,resistor,A,C,1000,Ω,,0,,2.024195164825662,0.002024195164825662,0.00409736606530359,0,true,true,backward_euler_step_doubling,0.00002,,0.6
0.3704119884587023,R5,resistor,C,0,2000,Ω,,0,,3.975804835174338,0.001987902417587169,0.007903512043697823,0,true,true,backward_euler_step_doubling,0.00002,,0.6
0.3704119884587023,C6,capacitor,B,C,100,µF,,0,V,-0.9576584615550949,-0.0000362927472385087,0.00003475605648603816,0.00004585548644940356,true,true,backward_euler_step_doubling,0.00002,1e-7,0.6
0.37254394254945605,V1,voltage,A,0,6,V,,0,,6,-0.005005940239902758,-0.030035641439416547,0,true,true,backward_euler_step_doubling,0.00002,,0.6
0.37254394254945605,R2,resistor,A,B,1000,Ω,,0,,2.9821792802917484,0.0029821792802917483,0.00889339325980141,0,true,true,backward_euler_step_doubling,0.00002,,0.6
0.37254394254945605,R3,resistor,B,0,1000,Ω,,0,,3.0178207197082516,0.003017820719708252,0.00910724189630043,0,true,true,backward_euler_step_doubling,0.00002,,0.6
0.37254394254945605,R4,resistor,A,C,1000,Ω,,0,,2.02376095961101,0.00202376095961101,0.0040956084216456756,0,true,true,backward_euler_step_doubling,0.00002,,0.6
0.37254394254945605,R5,resistor,C,0,2000,Ω,,0,,3.97623904038899,0.001988119520194495,0.007905238453156778,0,true,true,backward_euler_step_doubling,0.00002,,0.6
0.37254394254945605,C6,capacitor,B,C,100,µF,,0,V,-0.9584183206807384,-0.00003564143941649529,0.00003415940851220169,0.00004592828387082433,true,true,backward_euler_step_doubling,0.00002,1e-7,0.6
0.3747173032763234,V1,voltage,A,0,6,V,,0,,6,-0.005005831604080325,-0.03003498962448195,0,true,true,backward_euler_step_doubling,0.00002,,0.6
0.3747173032763234,R2,resistor,A,B,1000,Ω,,0,,2.9825051877590165,0.0029825051877590165,0.008895337195009446,0,true,true,backward_euler_step_doubling,0.00002,,0.6
0.3747173032763234,R3,resistor,B,0,1000,Ω,,0,,3.0174948122409835,0.0030174948122409836,0.009105274941901248,0,true,true,backward_euler_step_doubling,0.00002,,0.6
0.3747173032763234,R4,resistor,A,C,1000,Ω,,0,,2.0233264163213085,0.0020233264163213084,0.0040938497869836285,0,true,true,backward_euler_step_doubling,0.00002,,0.6
0.3747173032763234,R5,resistor,C,0,2000,Ω,,0,,3.9766735836786915,0.0019883367918393457,0.007906966395563963,0,true,true,backward_euler_step_doubling,0.00002,,0.6
0.3747173032763234,C6,capacitor,B,C,100,µF,,0,V,-0.959178771437708,-0.00003498962448197548,0.000033561305023687995,0.00004600119577883754,true,true,backward_euler_step_doubling,0.00002,1e-7,0.6
0.37689066400319077,V1,voltage,A,0,6,V,,0,,6,-0.005005724955002903,-0.030034349730017416,0,true,true,backward_euler_step_doubling,0.00002,,0.6
0.37689066400319077,R2,resistor,A,B,1000,Ω,,0,,2.9828251349912973,0.0029828251349912974,0.008897245785935851,0,true,true,backward_euler_step_doubling,0.00002,,0.6
0.37689066400319077,R3,resistor,B,0,1000,Ω,,0,,3.0171748650087027,0.0030171748650087028,0.009103344166040283,0,true,true,backward_euler_step_doubling,0.00002,,0.6
0.37689066400319077,R4,resistor,A,C,1000,Ω,,0,,2.0228998200116055,0.0020228998200116054,0.004092123681802986,0,true,true,backward_euler_step_doubling,0.00002,,0.6
0.37689066400319077,R5,resistor,C,0,2000,Ω,,0,,3.9771001799883945,0.0019885500899941974,0.00790866292083186,0,true,true,backward_euler_step_doubling,0.00002,,0.6
0.37689066400319077,C6,capacitor,B,C,100,µF,,0,V,-0.9599253149796918,-0.00003434973001742943,0.000032973175406448316,0.00004607283051694302,true,true,backward_euler_step_doubling,0.00002,1e-7,0.6
0.3791070011217782,V1,voltage,A,0,6,V,,0,,6,-0.005005618224605189,-0.030033709347631138,0,true,true,backward_euler_step_doubling,0.00002,,0.6
0.3791070011217782,R2,resistor,A,B,1000,Ω,,0,,2.9831453261844314,0.0029831453261844314,0.008899156037136018,0,true,true,backward_euler_step_doubling,0.00002,,0.6
0.3791070011217782,R3,resistor,B,0,1000,Ω,,0,,3.0168546738155686,0.0030168546738155687,0.009101412122922842,0,true,true,backward_euler_step_doubling,0.00002,,0.6
0.3791070011217782,R4,resistor,A,C,1000,Ω,,0,,2.022472898420757,0.002022472898420757,0.004090396624846458,0,true,true,backward_euler_step_doubling,0.00002,,0.6
0.3791070011217782,R5,resistor,C,0,2000,Ω,,0,,3.977527101579243,0.0019887635507896215,0.007910360921898688,0,true,true,backward_euler_step_doubling,0.00002,,0.6
0.3791070011217782,C6,capacitor,B,C,100,µF,,0,V,-0.9606724277636745,-0.000033709347631141096,0.00003238364082713798,0.00004614457567326761,true,true,backward_euler_step_doubling,0.00002,1e-7,0.6
0.38132333824036563,V1,voltage,A,0,6,V,,0,,6,-0.005005513483983432,-0.03003308090390059,0,true,true,backward_euler_step_doubling,0.00002,,0.6
0.38132333824036563,R2,resistor,A,B,1000,Ω,,0,,2.98345954804971,0.0029834595480497097,0.008901030874848979,0,true,true,backward_euler_step_doubling,0.00002,,0.6
0.38132333824036563,R3,resistor,B,0,1000,Ω,,0,,3.01654045195029,0.00301654045195029,0.00909951629825246,0,true,true,backward_euler_step_doubling,0.00002,,0.6
0.38132333824036563,R4,resistor,A,C,1000,Ω,,0,,2.0220539359337226,0.0020220539359337227,0.004088702119825059,0,true,true,backward_euler_step_doubling,0.00002,,0.6
0.38132333824036563,R5,resistor,C,0,2000,Ω,,0,,3.9779460640662774,0.0019889730320331385,0.007912027444310193,0,true,true,backward_euler_step_doubling,0.00002,,0.6
0.38132333824036563,C6,capacitor,B,C,100,µF,,0,V,-0.9614056121159873,-0.00003308090390058242,0.000031804166663889594,0.0000462150375504058,true,true,backward_euler_step_doubling,0.00002,1e-7,0.6
0.38358431371304547,V1,voltage,A,0,6,V,,0,,6,-0.005005408665189159,-0.030032451991134954,0,true,true,backward_euler_step_doubling,0.00002,,0.6
0.38358431371304547,R2,resistor,A,B,1000,Ω,,0,,2.9837740044325516,0.0029837740044325518,0.008902907309527464,0,true,true,backward_euler_step_doubling,0.00002,,0.6
0.38358431371304547,R3,resistor,B,0,1000,Ω,,0,,3.0162259955674484,0.0030162259955674483,0.009097619256336845,0,true,true,backward_euler_step_doubling,0.00002,,0.6
0.38358431371304547,R4,resistor,A,C,1000,Ω,,0,,2.0216346607566082,0.0020216346607566083,0.0040870067015724865,0,true,true,backward_euler_step_doubling,0.00002,,0.6
0.38358431371304547,R5,resistor,C,0,2000,Ω,,0,,3.9783653392433918,0.0019891826696216957,0.007913695386246594,0,true,true,backward_euler_step_doubling,0.00002,,0.6
0.38358431371304547,C6,capacitor,B,C,100,µF,,0,V,-0.9621393436759433,-0.00003245199113488761,0.00003122333745149829,0.00004628560583245875,true,true,backward_euler_step_doubling,0.00002,1e-7,0.6
0.3858452891857253,V1,voltage,A,0,6,V,,0,,6,-0.005005305839142057,-0.030031835034852343,0,true,true,backward_euler_step_doubling,0.00002,,0.6
0.3858452891857253,R2,resistor,A,B,1000,Ω,,0,,2.984082482573865,0.0029840824825738653,0.008904748262804203,0,true,true,backward_euler_step_doubling,0.00002,,0.6
0.3858452891857253,R3,resistor,B,0,1000,Ω,,0,,3.015917517426135,0.003015917517426135,0.00909575847191782,0,true,true,backward_euler_step_doubling,0.00002,,0.6
0.3858452891857253,R4,resistor,A,C,1000,Ω,,0,,2.0212233565681927,0.002021223356568193,0.004085343857136792,0,true,true,backward_euler_step_doubling,0.00002,,0.6
0.3858452891857253,R5,resistor,C,0,2000,Ω,,0,,3.9787766434318073,0.001989388321715904,0.00791533178915924,0,true,true,backward_euler_step_doubling,0.00002,,0.6
0.3858452891857253,C6,capacitor,B,C,100,µF,,0,V,-0.9628591260056725,-0.0000318350348522804,0.00003065265383422683,0.00004635488482662037,true,true,backward_euler_step_doubling,0.00002,1e-7,0.6
0.3881526645383831,V1,voltage,A,0,6,V,,0,,6,-0.0050052029380196275,-0.030031217628117765,0,true,true,backward_euler_step_doubling,0.00002,,0.6
0.3881526645383831,R2,resistor,A,B,1000,Ω,,0,,2.9843911859410874,0.0029843911859410875,0.008906590750722851,0,true,true,backward_euler_step_doubling,0.00002,,0.6
0.3881526645383831,R3,resistor,B,0,1000,Ω,,0,,3.0156088140589126,0.0030156088140589126,0.009093896519429802,0,true,true,backward_euler_step_doubling,0.00002,,0.6
0.3881526645383831,R4,resistor,A,C,1000,Ω,,0,,2.02081175207854,0.00202081175207854,0.004083680137338739,0,true,true,backward_euler_step_doubling,0.00002,,0.6
0.3881526645383831,R5,resistor,C,0,2000,Ω,,0,,3.97918824792146,0.00198959412396073,0.007916969556198129,0,true,true,backward_euler_step_doubling,0.00002,,0.6
0.3881526645383831,C6,capacitor,B,C,100,µF,,0,V,-0.9635794338625474,-0.00003121762811781951,0.000030080664428300068,0.000046424266268143366,true,true,backward_euler_step_doubling,0.00002,1e-7,0.6
0.3904600398910409,V1,voltage,A,0,6,V,,0,,6,-0.0050051020325553456,-0.030030612195332075,0,true,true,backward_euler_step_doubling,0.00002,,0.6
0.3904600398910409,R2,resistor,A,B,1000,Ω,,0,,2.9846939023339463,0.0029846939023339463,0.008908397690629441,0,true,true,backward_euler_step_doubling,0.00002,,0.6
0.3904600398910409,R3,resistor,B,0,1000,Ω,,0,,3.0153060976660537,0.0030153060976660538,0.009092070862622086,0,true,true,backward_euler_step_doubling,0.00002,,0.6
0.3904600398910409,R4,resistor,A,C,1000,Ω,,0,,2.0204081302213983,0.0020204081302213983,0.004082049012664727,0,true,true,backward_euler_step_doubling,0.00002,,0.6
0.3904600398910409,R5,resistor,C,0,2000,Ω,,0,,3.9795918697786017,0.001989795934889301,0.007918575725003974,0,true,true,backward_euler_step_doubling,0.00002,,0.6
0.3904600398910409,C6,capacitor,B,C,100,µF,,0,V,-0.964285772112548,-0.00003061219533210931,0.000029518904411883164,0.000046492352514934637,true,true,backward_euler_step_doubling,0.00002,1e-7,0.6
0.3928156843181161,V1,voltage,A,0,6,V,,0,,6,-0.005005001055062603,-0.03003000633037562,0,true,true,backward_euler_step_doubling,0.00002,,0.6
0.3928156843181161,R2,resistor,A,B,1000,Ω,,0,,2.9849968348122062,0.002984996834812206,0.00891020610383889,0,true,true,backward_euler_step_doubling,0.00002,,0.6
0.3928156843181161,R3,resistor,B,0,1000,Ω,,0,,3.0150031651877938,0.0030150031651877936,0.009090244086092414,0,true,true,backward_euler_step_doubling,0.00002,,0.6
0.3928156843181161,R4,resistor,A,C,1000,Ω,,0,,2.020004220250396,0.0020200042202503958,0.00408041704982941,0,true,true,backward_euler_step_doubling,0.00002,,0.6
0.3928156843181161,R5,resistor,C,0,2000,Ω,,0,,3.979995779749604,0.001989997889874802,0.00792018320341233,0,true,true,backward_euler_step_doubling,0.00002,,0.6
0.3928156843181161,C6,capacitor,B,C,100,µF,,0,V,-0.9649926145618104,-0.000030006330375593765,0.000028955887202549697,0.000046560537307941935,true,true,backward_euler_step_doubling,0.00002,1e-7,0.6
0.3951713287451913,V1,voltage,A,0,6,V,,0,,6,-0.005004902076078086,-0.030029412456468514,0,true,true,backward_euler_step_doubling,0.00002,,0.6
0.3951713287451913,R2,resistor,A,B,1000,Ω,,0,,2.98529377176578,0.00298529377176578,0.008911978903743558,0,true,true,backward_euler_step_doubling,0.00002,,0.6
0.3951713287451913,R3,resistor,B,0,1000,Ω,,0,,3.01470622823422,0.00301470622823422,0.009088453642554197,0,true,true,backward_euler_step_doubling,0.00002,,0.6
0.3951713287451913,R4,resistor,A,C,1000,Ω,,0,,2.0196083043123045,0.0020196083043123045,0.0040788177028472225,0,true,true,backward_euler_step_doubling,0.00002,,0.6
0.3951713287451913,R5,resistor,C,0,2000,Ω,,0,,3.9803916956876955,0.001990195847843848,0.007921759025549785,0,true,true,backward_euler_step_doubling,0.00002,,0.6
0.3951713287451913,C6,capacitor,B,C,100,µF,,0,V,-0.9656854674534756,-0.000029412456468460512,0.00002840318177370029,0.00004662742110254188,true,true,backward_euler_step_doubling,0.00002,1e-7,0.6
0.3975772280555723,V1,voltage,A,0,6,V,,0,,6,-0.005004803028061777,-0.030028818168370663,0,true,true,backward_euler_step_doubling,0.00002,,0.6
0.3975772280555723,R2,resistor,A,B,1000,Ω,,0,,2.985590915814673,0.002985590915814673,0.008913753116595098,0,true,true,backward_euler_step_doubling,0.00002,,0.6
0.3975772280555723,R3,resistor,B,0,1000,Ω,,0,,3.014409084185327,0.0030144090841853267,0.009086662126819021,0,true,true,backward_euler_step_doubling,0.00002,,0.6
0.3975772280555723,R4,resistor,A,C,1000,Ω,,0,,2.0192121122471036,0.002019212112247104,0.00407721755424541,0,true,true,backward_euler_step_doubling,0.00002,,0.6
0.3975772280555723,R5,resistor,C,0,2000,Ω,,0,,3.9807878877528964,0.0019903939438764484,0.007923336103640084,0,true,true,backward_euler_step_doubling,0.00002,,0.6
0.3975772280555723,C6,capacitor,B,C,100,µF,,0,V,-0.9663788035675696,-0.000028818168370651644,0.00002784926707103911,0.000046694399599234355,true,true,backward_euler_step_doubling,0.00002,1e-7,0.6
0.3999831273659533,V1,voltage,A,0,6,V,,0,,6,-0.005004705981342358,-0.030028235888054148,0,true,true,backward_euler_step_doubling,0.00002,,0.6
0.3999831273659533,R2,resistor,A,B,1000,Ω,,0,,2.9858820559729495,0.0029858820559729494,0.008915491652181248,0,true,true,backward_euler_step_doubling,0.00002,,0.6
0.3999831273659533,R3,resistor,B,0,1000,Ω,,0,,3.0141179440270505,0.0030141179440270503,0.009084906980505854,0,true,true,backward_euler_step_doubling,0.00002,,0.6
0.3999831273659533,R4,resistor,A,C,1000,Ω,,0,,2.0188239253694067,0.002018823925369407,0.00407565004164394,0,true,true,backward_euler_step_doubling,0.00002,,0.6
0.3999831273659533,R5,resistor,C,0,2000,Ω,,0,,3.9811760746305933,0.001990588037315297,0.007924881468605531,0,true,true,backward_euler_step_doubling,0.00002,,0.6
0.3999831273659533,C6,capacitor,B,C,100,µF,,0,V,-0.9670581306035428,-0.000028235888054089283,0.00002730574511751849,0.000046760071398320944,true,true,backward_euler_step_doubling,0.00002,1e-7,0.6
0.4024413938766333,V1,voltage,A,0,6,V,,0,,6,-0.005004608868537976,-0.030027653211227856,0,true,true,backward_euler_step_doubling,0.00002,,0.6
0.4024413938766333,R2,resistor,A,B,1000,Ω,,0,,2.98617339438613,0.00298617339438613,0.008917231541339582,0,true,true,backward_euler_step_doubling,0.00002,,0.6
0.4024413938766333,R3,resistor,B,0,1000,Ω,,0,,3.01382660561387,0.00301382660561387,0.009083150808706022,0,true,true,backward_euler_step_doubling,0.00002,,0.6
0.4024413938766333,R4,resistor,A,C,1000,Ω,,0,,2.0184354741518473,0.0020184354741518474,0.004074081763314593,0,true,true,backward_euler_step_doubling,0.00002,,0.6
0.4024413938766333,R5,resistor,C,0,2000,Ω,,0,,3.9815645258481527,0.001990782262924076,0.007926428036746211,0,true,true,backward_euler_step_doubling,0.00002,,0.6
0.4024413938766333,C6,capacitor,B,C,100,µF,,0,V,-0.9677379202342826,-0.00002765321122776671,0.00002676106112135827,0.00004682583411296873,true,true,backward_euler_step_doubling,0.00002,1e-7,0.6
0.40489966038731323,V1,voltage,A,0,6,V,,0,,6,-0.00500451375975699,-0.030027082558541942,0,true,true,backward_euler_step_doubling,0.00002,,0.6
0.40489966038731323,R2,resistor,A,B,1000,Ω,,0,,2.986458720729072,0.002986458720729072,0.008918935690618725,0,true,true,backward_euler_step_doubling,0.00002,,0.6
0.40489966038731323,R3,resistor,B,0,1000,Ω,,0,,3.013541279270928,0.0030135412792709282,0.009081431041869863,0,true,true,backward_euler_step_doubling,0.00002,,0.6
0.40489966038731323,R4,resistor,A,C,1000,Ω,,0,,2.0180550390279195,0.0020180550390279193,0.0040725461405459774,0,true,true,backward_euler_step_doubling,0.00002,,0.6
0.40489966038731323,R5,resistor,C,0,2000,Ω,,0,,3.9819449609720805,0.0019909724804860404,0.007927942836105473,0,true,true,backward_euler_step_doubling,0.00002,,0.6
0.40489966038731323,C6,capacitor,B,C,100,µF,,0,V,-0.9684036817011523,-0.00002708255854185418,0.000026226849401818578,0.00004689028453661733,true,true,backward_euler_step_doubling,0.00002,1e-7,0.6
0.40741254388762993,V1,voltage,A,0,6,V,,0,,6,-0.005004418587788283,-0.0300265115267297,0,true,true,backward_euler_step_doubling,0.00002,,0.6
0.40741254388762993,R2,resistor,A,B,1000,Ω,,0,,2.9867442366351544,0.0029867442366351546,0.008920641135073312,0,true,true,backward_euler_step_doubling,0.00002,,0.6
0.40741254388762993,R3,resistor,B,0,1000,Ω,,0,,3.0132557633648456,0.0030132557633648456,0.009079710295451458,0,true,true,backward_euler_step_doubling,0.00002,,0.6
0.40741254388762993,R4,resistor,A,C,1000,Ω,,0,,2.0176743511531297,0.0020176743511531297,0.004071009787301203,0,true,true,backward_euler_step_doubling,0.00002,,0.6
0.40741254388762993,R5,resistor,C,0,2000,Ω,,0,,3.9823256488468703,0.001991162824423435,0.007929458786731824,0,true,true,backward_euler_step_doubling,0.00002,,0.6
0.40741254388762993,C6,capacitor,B,C,100,µF,,0,V,-0.9690698854820248,-0.000026511526729690657,0.000025691522171894965,0.000046954822147407226,true,true,backward_euler_step_doubling,0.00002,1e-7,0.6
0.4099254273879467,V1,voltage,A,0,6,V,,0,,6,-0.005004325422506722,-0.030025952535040333,0,true,true,backward_euler_step_doubling,0.00002,,0.6
0.4099254273879467,R2,resistor,A,B,1000,Ω,,0,,2.9870237324798445,0.0029870237324798447,0.008922310778397823,0,true,true,backward_euler_step_doubling,0.00002,,0.6
0.4099254273879467,R3,resistor,B,0,1000,Ω,,0,,3.0129762675201555,0.0030129762675201554,0.009078025988639687,0,true,true,backward_euler_step_doubling,0.00002,,0.6
0.4099254273879467,R4,resistor,A,C,1000,Ω,,0,,2.0173016900268776,0.0020173016900268776,0.004069506108585297,0,true,true,backward_euler_step_doubling,0.00002,,0.6
0.4099254273879467,R5,resistor,C,0,2000,Ω,,0,,3.9826983099731224,0.0019913491549865612,0.007930942914131383,0,true,true,backward_euler_step_doubling,0.00002,,0.6
0.4099254273879467,C6,capacitor,B,C,100,µF,,0,V,-0.9697220424529669,-0.000025952535040320085,0.000025166745286131383,0.00004701804198095768,true,true,backward_euler_step_doubling,0.00002,1e-7,0.6
0.4124953273169726,V1,voltage,A,0,6,V,,0,,6,-0.0050042321968855105,-0.030025393181313063,0,true,true,backward_euler_step_doubling,0.00002,,0.6
0.4124953273169726,R2,resistor,A,B,1000,Ω,,0,,2.9873034093435082,0.002987303409343508,0.008923981659475347,0,true,true,backward_euler_step_doubling,0.00002,,0.6
0.4124953273169726,R3,resistor,B,0,1000,Ω,,0,,3.0126965906564918,0.0030126965906564916,0.00907634074735325,0,true,true,backward_euler_step_doubling,0.00002,,0.6
0.4124953273169726,R4,resistor,A,C,1000,Ω,,0,,2.0169287875420014,0.0020169287875420015,0.0040680017340156485,0,true,true,backward_euler_step_doubling,0.00002,,0.6
0.4124953273169726,R5,resistor,C,0,2000,Ω,,0,,3.9830712124579986,0.0019915356062289993,0.007932428141755815,0,true,true,backward_euler_step_doubling,0.00002,,0.6
0.4124953273169726,C6,capacitor,B,C,100,µF,,0,V,-0.9703746218015068,-0.00002539318131298836,0.00002464089871292817,0.000047081345331820863,true,true,backward_euler_step_doubling,0.00002,1e-7,0.6
0.4150652272459985,V1,voltage,A,0,6,V,,0,,6,-0.005004140980551577,-0.03002484588330946,0,true,true,backward_euler_step_doubling,0.00002,,0.6
0.4150652272459985,R2,resistor,A,B,1000,Ω,,0,,2.9875770583453085,0.0029875770583453086,0.008925616679551208,0,true,true,backward_euler_step_doubling,0.00002,,0.6
0.4150652272459985,R3,resistor,B,0,1000,Ω,,0,,3.0124229416546915,0.0030124229416546916,0.009074691979407506,0,true,true,backward_euler_step_doubling,0.00002,,0.6
0.4150652272459985,R4,resistor,A,C,1000,Ω,,0,,2.016563922206268,0.002016563922206268,0.0040665300523439266,0,true,true,backward_euler_step_doubling,0.00002,,0.6
0.4150652272459985,R5,resistor,C,0,2000,Ω,,0,,3.983436077793732,0.001991718038896866,0.007933881492934357,0,true,true,backward_euler_step_doubling,0.00002,,0.6
0.4150652272459985,C6,capacitor,B,C,100,µF,,0,V,-0.9710131361390406,-0.00002484588330938774,0.000024125679072393237,0.00004714332552772875,true,true,backward_euler_step_doubling,0.00002,1e-7,0.6
0.4176947062468555,V1,voltage,A,0,6,V,,0,,6,-0.0050040497066772835,-0.030024298240063703,0,true,true,backward_euler_step_doubling,0.00002,,0.6
0.4176947062468555,R2,resistor,A,B,1000,Ω,,0,,2.987850879968188,0.002987850879968188,0.008927252880926675,0,true,true,backward_euler_step_doubling,0.00002,,0.6
0.4176947062468555,R3,resistor,B,0,1000,Ω,,0,,3.012149120031812,0.003012149120031812,0.00907304232130842,0,true,true,backward_euler_step_doubling,0.00002,,0.6
0.4176947062468555,R4,resistor,A,C,1000,Ω,,0,,2.016198826709096,0.002016198826709096,0.004065057708823135,0,true,true,backward_euler_step_doubling,0.00002,,0.6
0.4176947062468555,R5,resistor,C,0,2000,Ω,,0,,3.983801173290904,0.001991900586645452,0.007935335894156991,0,true,true,backward_euler_step_doubling,0.00002,,0.6
0.4176947062468555,C6,capacitor,B,C,100,µF,,0,V,-0.971652053259092,-0.000024298240063644934,0.00002360943484842293,0.00004720538563013046,true,true,backward_euler_step_doubling,0.00002,1e-7,0.6
0.42032418524771253,V1,voltage,A,0,6,V,,0,,6,-0.005003960444626048,-0.030023762667756287,0,true,true,backward_euler_step_doubling,0.00002,,0.6
0.42032418524771253,R2,resistor,A,B,1000,Ω,,0,,2.988118666121917,0.002988118666121917,0.008928853162826223,0,true,true,backward_euler_step_doubling,0.00002,,0.6
0.42032418524771253,R3,resistor,B,0,1000,Ω,,0,,3.011881333878083,0.0030118813338780833,0.009071429169363222,0,true,true,backward_euler_step_doubling,0.00002,,0.6
0.42032418524771253,R4,resistor,A,C,1000,Ω,,0,,2.0158417785041323,0.0020158417785041322,0.004063618075962703,0,true,true,backward_euler_step_doubling,0.00002,,0.6
0.42032418524771253,R5,resistor,C,0,2000,Ω,,0,,3.9841582214958677,0.0019920791107479337,0.007936758366956558,0,true,true,backward_euler_step_doubling,0.00002,,0.6
0.42032418524771253,C6,capacitor,B,C,100,µF,,0,V,-0.9722768876177845,-0.0000237626677561937,0.000023103892647487495,0.00004726611730978629,true,true,backward_euler_step_doubling,0.00002,1e-7,0.6
0.42301598428974524,V1,voltage,A,0,6,V,,0,,6,-0.005003871127785491,-0.03002322676671295,0,true,true,backward_euler_step_doubling,0.00002,,0.6
0.42301598428974524,R2,resistor,A,B,1000,Ω,,0,,2.9883866166435733,0.0029883866166435734,0.008930454570534424,0,true,true,backward_euler_step_doubling,0.00002,,0.6
0.42301598428974524,R3,resistor,B,0,1000,Ω,,0,,3.0116133833564267,0.0030116133833564267,0.009069815170811544,0,true,true,backward_euler_step_doubling,0.00002,,0.6
0.42301598428974524,R4,resistor,A,C,1000,Ω,,0,,2.015484511141917,0.002015484511141917,0.004062177814652973,0,true,true,backward_euler_step_doubling,0.00002,,0.6
0.42301598428974524,R5,resistor,C,0,2000,Ω,,0,,3.984515488858083,0.0019922577444290413,0.007938181840474984,0,true,true,backward_euler_step_doubling,0.00002,,0.6
0.42301598428974524,C6,capacitor,B,C,100,µF,,0,V,-0.9729021055016562,-0.000023226766712851778,0.000022597370238929278,0.00004732692534447779,true,true,backward_euler_step_doubling,0.00002,1e-7,0.6
0.4257077833317779,V1,voltage,A,0,6,V,,0,,6,-0.005003783825238471,-0.030022702951430825,0,true,true,backward_euler_step_doubling,0.00002,,0.6
0.4257077833317779,R2,resistor,A,B,1000,Ω,,0,,2.988648524284627,0.002988648524284627,0.008932020001708679,0,true,true,backward_euler_step_doubling,0.00002,,0.6
0.4257077833317779,R3,resistor,B,0,1000,Ω,,0,,3.011351475715373,0.003011351475715373,0.009068237710293156,0,true,true,backward_euler_step_doubling,0.00002,,0.6
0.4257077833317779,R4,resistor,A,C,1000,Ω,,0,,2.0151353009538444,0.0020151353009538442,0.004060770281150341,0,true,true,backward_euler_step_doubling,0.00002,,0.6
0.4257077833317779,R5,resistor,C,0,2000,Ω,,0,,3.9848646990461556,0.0019924323495230777,0.007939573334852104,0,true,true,backward_euler_step_doubling,0.00002,,0.6
0.4257077833317779,C6,capacitor,B,C,100,µF,,0,V,-0.9735132233307824,-0.0000227029514307529,0.000022101623426474457,0.000047386399799994485,true,true,backward_euler_step_doubling,0.00002,1e-7,0.6
0.42846483862421336,V1,voltage,A,0,6,V,,0,,6,-0.005003696470605498,-0.03002217882363299,0,true,true,backward_euler_step_doubling,0.00002,,0.6
0.42846483862421336,R2,resistor,A,B,1000,Ω,,0,,2.988910588183526,0.002988910588183526,0.008933586504155593,0,true,true,backward_euler_step_doubling,0.00002,,0.6
0.42846483862421336,R3,resistor,B,0,1000,Ω,,0,,3.011089411816474,0.003011089411816474,0.009066659445953279,0,true,true,backward_euler_step_doubling,0.00002,,0.6
0.42846483862421336,R4,resistor,A,C,1000,Ω,,0,,2.0147858824219713,0.0020147858824219713,0.004059362152006881,0,true,true,backward_euler_step_doubling,0.00002,,0.6
0.42846483862421336,R5,resistor,C,0,2000,Ω,,0,,3.9852141175780287,0.0019926070587890144,0.007940965781471613,0,true,true,backward_euler_step_doubling,0.00002,,0.6
0.42846483862421336,C6,capacitor,B,C,100,µF,,0,V,-0.9741247057615547,-0.000022178823632956552,0.00002160494004559122,0.00004744594711875178,true,true,backward_euler_step_doubling,0.00002,1e-7,0.6
0.43122189391664884,V1,voltage,A,0,6,V,,0,,6,-0.0050036111326702964,-0.03002166679602178,0,true,true,backward_euler_step_doubling,0.00002,,0.6
0.43122189391664884,R2,resistor,A,B,1000,Ω,,0,,2.989166601989135,0.002989166601989135,0.008935116974447271,0,true,true,backward_euler_step_doubling,0.00002,,0.6
0.43122189391664884,R3,resistor,B,0,1000,Ω,,0,,3.010833398010865,0.0030108333980108652,0.009065117750577653,0,true,true,backward_euler_step_doubling,0.00002,,0.6
0.43122189391664884,R4,resistor,A,C,1000,Ω,,0,,2.0144445306811614,0.0020144445306811616,0.004057986767191245,0,true,true,backward_euler_step_doubling,0.00002,,0.6
0.43122189391664884,R5,resistor,C,0,2000,Ω,,0,,3.9855554693188386,0.0019927777346594195,0.007942326199508654,0,true,true,backward_euler_step_doubling,0.00002,,0.6
0.43122189391664884,C6,capacitor,B,C,100,µF,,0,V,-0.9747220713079736,-0.000021666796021750488,0.000021119104296928,0.000047504155814745314,true,true,backward_euler_step_doubling,0.00002,1e-7,0.6
0.43404735587209536,V1,voltage,A,0,6,V,,0,,6,-0.005003525745305512,-0.03002115447183307,0,true,true,backward_euler_step_doubling,0.00002,,0.6
0.43404735587209536,R2,resistor,A,B,1000,Ω,,0,,2.9894227640835016,0.0029894227640835016,0.008936648462420644,0,true,true,backward_euler_step_doubling,0.00002,,0.6
0.43404735587209536,R3,resistor,B,0,1000,Ω,,0,,3.0105772359164984,0.0030105772359164985,0.009063575293418624,0,true,true,backward_euler_step_doubling,0.00002,,0.6
0.43404735587209536,R4,resistor,A,C,1000,Ω,,0,,2.0141029812220106,0.0020141029812220106,0.004056610818967391,0,true,true,backward_euler_step_doubling,0.00002,,0.6
0.43404735587209536,R5,resistor,C,0,2000,Ω,,0,,3.9858970187779894,0.0019929485093889946,0.00794368752215163,0,true,true,backward_euler_step_doubling,0.00002,,0.6
0.43404735587209536,C6,capacitor,B,C,100,µF,,0,V,-0.975319782861491,-0.000021154471833011685,0.000020632374874722483,0.000047562433942049296,true,true,backward_euler_step_doubling,0.00002,1e-7,0.6
0.4368728178275419,V1,voltage,A,0,6,V,,0,,6,-0.0050034423769753904,-0.030020654261852343,0,true,true,backward_euler_step_doubling,0.00002,,0.6
0.4368728178275419,R2,resistor,A,B,1000,Ω,,0,,2.989672869073849,0.002989672869073849,0.00893814386407626,0,true,true,backward_euler_step_doubling,0.00002,,0.6
0.4368728178275419,R3,resistor,B,0,1000,Ω,,0,,3.010327130926151,0.003010327130926151,0.009062069435190072,0,true,true,backward_euler_step_doubling,0.00002,,0.6
0.4368728178275419,R4,resistor,A,C,1000,Ω,,0,,2.0137695079015425,0.0020137695079015423,0.00405526763095402,0,true,true,backward_euler_step_doubling,0.00002,,0.6
0.4368728178275419,R5,resistor,C,0,2000,Ω,,0,,3.9862304920984575,0.001993115246049229,0.007945016768067756,0,true,true,backward_euler_step_doubling,0.00002,,0.6
0.4368728178275419,C6,capacitor,B,C,100,µF,,0,V,-0.9759033611723065,-0.000020654261852314645,0.00002015656356420681,0.00004761936851737026,true,true,backward_euler_step_doubling,0.00002,1e-7,0.6
0.43977007238316984,V1,voltage,A,0,6,V,,0,,6,-0.005003358961825796,-0.03002015377095478,0,true,true,backward_euler_step_doubling,0.00002,,0.6
0.43977007238316984,R2,resistor,A,B,1000,Ω,,0,,2.989923114522611,0.0029899231145226112,0.008939640230756591,0,true,true,backward_euler_step_doubling,0.00002,,0.6
0.43977007238316984,R3,resistor,B,0,1000,Ω,,0,,3.010076885477389,0.003010076885477389,0.009060562856485257,0,true,true,backward_euler_step_doubling,0.00002,,0.6
0.43977007238316984,R4,resistor,A,C,1000,Ω,,0,,2.013435847303186,0.002013435847303186,0.004053923911205499,0,true,true,backward_euler_step_doubling,0.00002,,0.6
0.43977007238316984,R5,resistor,C,0,2000,Ω,,0,,3.986564152696814,0.001993282076348407,0.007946346871783633,0,true,true,backward_euler_step_doubling,0.00002,,0.6
0.43977007238316984,C6,capacitor,B,C,100,µF,,0,V,-0.9764872672194249,-0.00002015377095478888,0.00001967990072380801,0.00004767636915208302,true,true,backward_euler_step_doubling,0.00002,1e-7,0.6
0.4426673269387978,V1,voltage,A,0,6,V,,0,,6,-0.005003277567979289,-0.030019665407875734,0,true,true,backward_euler_step_doubling,0.00002,,0.6
0.4426673269387978,R2,resistor,A,B,1000,Ω,,0,,2.990167296062138,0.002990167296062138,0.008941100458439558,0,true,true,backward_euler_step_doubling,0.00002,,0.6
0.4426673269387978,R3,resistor,B,0,1000,Ω,,0,,3.009832703937862,0.003009832703937862,0.009059092905693901,0,true,true,backward_euler_step_doubling,0.00002,,0.6
0.4426673269387978,R4,resistor,A,C,1000,Ω,,0,,2.0131102719171508,0.002013110271917151,0.004052612966898345,0,true,true,backward_euler_step_doubling,0.00002,,0.6
0.4426673269387978,R5,resistor,C,0,2000,Ω,,0,,3.9868897280828492,0.001993444864041425,0.007947644851946269,0,true,true,backward_euler_step_doubling,0.00002,,0.6
0.4426673269387978,C6,capacitor,B,C,100,µF,,0,V,-0.9770570241449872,-0.000019665407875725354,0.000019214224897653607,0.000047732021421552896,true,true,backward_euler_step_doubling,0.00002,1e-7,0.6
0.4456400195926328,V1,voltage,A,0,6,V,,0,,6,-0.005003196129878058,-0.030019176779268346,0,true,true,backward_euler_step_doubling,0.00002,,0.6
0.4456400195926328,R2,resistor,A,B,1000,Ω,,0,,2.990411610365799,0.0029904116103657992,0.008942561599410573,0,true,true,backward_euler_step_doubling,0.00002,,0.6
0.4456400195926328,R3,resistor,B,0,1000,Ω,,0,,3.009588389634201,0.003009588389634201,0.009057622275020983,0,true,true,backward_euler_step_doubling,0.00002,,0.6
0.4456400195926328,R4,resistor,A,C,1000,Ω,,0,,2.0127845195122585,0.0020127845195122584,0.004051301521988193,0,true,true,backward_euler_step_doubling,0.00002,,0.6
0.4456400195926328,R5,resistor,C,0,2000,Ω,,0,,3.9872154804877415,0.0019936077402438706,0.007948943643920545,0,true,true,backward_euler_step_doubling,0.00002,,0.6
0.4456400195926328,C6,capacitor,B,C,100,µF,,0,V,-0.9776270908535407,-0.00001917677926838847,0.00001874773892809511,0.00004778773643853785,true,true,backward_euler_step_doubling,0.00002,1e-7,0.6
0.4486127122464677,V1,voltage,A,0,6,V,,0,,6,-0.005003116715278524,-0.030018700291671144,0,true,true,backward_euler_step_doubling,0.00002,,0.6
0.4486127122464677,R2,resistor,A,B,1000,Ω,,0,,2.9906498541644098,0.00299064985416441,0.008943986550213607,0,true,true,backward_euler_step_doubling,0.00002,,0.6
0.4486127122464677,R3,resistor,B,0,1000,Ω,,0,,3.0093501458355902,0.00300935014583559,0.009056188300240688,0,true,true,backward_euler_step_doubling,0.00002,,0.6
0.4486127122464677,R4,resistor,A,C,1000,Ω,,0,,2.012466861114114,0.002012466861114114,0.004050022867082495,0,true,true,backward_euler_step_doubling,0.00002,,0.6
0.4486127122464677,R5,resistor,C,0,2000,Ω,,0,,3.987533138885886,0.001993766569442943,0.007950210266856564,0,true,true,backward_euler_step_doubling,0.00002,,0.6
0.4486127122464677,C6,capacitor,B,C,100,µF,,0,V,-0.9781829930502957,-0.000018700291671182158,0.00001829230727783048,0.00004784209839464174,true,true,backward_euler_step_doubling,0.00002,1e-7,0.6
0.4516127122464677,V1,voltage,A,0,6,V,,0,,6,-0.005003038580355116,-0.030018231482130696,0,true,true,backward_euler_step_doubling,0.00002,,0.6
0.4516127122464677,R2,resistor,A,B,1000,Ω,,0,,2.9908842589346656,0.0029908842589346655,0.008945388650343163,0,true,true,backward_euler_step_doubling,0.00002,,0.6
0.4516127122464677,R3,resistor,B,0,1000,Ω,,0,,3.0091157410653344,0.0030091157410653342,0.009054777543127177,0,true,true,backward_euler_step_doubling,0.00002,,0.6
0.4516127122464677,R4,resistor,A,C,1000,Ω,,0,,2.0121543214204496,0.0020121543214204497,0.00404876501321099,0,true,true,backward_euler_step_doubling,0.00002,,0.6
0.4516127122464677,R5,resistor,C,0,2000,Ω,,0,,3.9878456785795504,0.0019939228392897752,0.007951456578082798,0,true,true,backward_euler_step_doubling,0.00002,,0.6
0.4516127122464677,C6,capacitor,B,C,100,µF,,0,V,-0.978729937514216,-0.000018231482130678008,0.000017843697366550033,0.00004789561452932906,true,true,backward_euler_step_doubling,0.00002,1e-7,0.6
0.4546127122464677,V1,voltage,A,0,6,V,,0,,6,-0.005002962404245931,-0.030017774425475582,0,true,true,backward_euler_step_doubling,0.00002,,0.6
0.4546127122464677,R2,resistor,A,B,1000,Ω,,0,,2.9911127872622068,0.0029911127872622066,0.008946755706123487,0,true,true,backward_euler_step_doubling,0.00002,,0.6
0.4546127122464677,R3,resistor,B,0,1000,Ω,,0,,3.0088872127377932,0.003008887212737793,0.009053402258977005,0,true,true,backward_euler_step_doubling,0.00002,,0.6
0.4546127122464677,R4,resistor,A,C,1000,Ω,,0,,2.0118496169837234,0.0020118496169837232,0.0040475388813575545,0,true,true,backward_euler_step_doubling,0.00002,,0.6
0.4546127122464677,R5,resistor,C,0,2000,Ω,,0,,3.9881503830162766,0.0019940751915081384,0.007952671738776437,0,true,true,backward_euler_step_doubling,0.00002,,0.6
0.4546127122464677,C6,capacitor,B,C,100,µF,,0,V,-0.9792631702784833,-0.00001777442547557702,0.000017405840241092192,0.000047947817833193284,true,true,backward_euler_step_doubling,0.00002,1e-7,0.6
0.4576127122464677,V1,voltage,A,0,6,V,,0,,6,-0.005002888137844229,-0.03001732882706537,0,true,true,backward_euler_step_doubling,0.00002,,0.6
0.4576127122464677,R2,resistor,A,B,1000,Ω,,0,,2.991335586467336,0.002991335586467336,0.00894808859086588,0,true,true,backward_euler_step_doubling,0.00002,,0.6
0.4576127122464677,R3,resistor,B,0,1000,Ω,,0,,3.008664413532664,0.003008664413532664,0.00905206155325785,0,true,true,backward_euler_step_doubling,0.00002,,0.6
0.4576127122464677,R4,resistor,A,C,1000,Ω,,0,,2.011552551376892,0.0020115525513768923,0.004046343666950884,0,true,true,backward_euler_step_doubling,0.00002,,0.6
0.4576127122464677,R5,resistor,C,0,2000,Ω,,0,,3.988447448623108,0.001994223724311554,0.00795385652521409,0,true,true,backward_euler_step_doubling,0.00002,,0.6
0.4576127122464677,C6,capacitor,B,C,100,µF,,0,V,-0.9797830350904437,-0.000017328827065347477,0.000016978490776643577,0.000047998739792552085,true,true,backward_euler_step_doubling,0.00002,1e-7,0.6
0.4606127122464677,V1,voltage,A,0,6,V,,0,,6,-0.005002815733274313,-0.030016894399645874,0,true,true,backward_euler_step_doubling,0.00002,,0.6
0.4606127122464677,R2,resistor,A,B,1000,Ω,,0,,2.9915528001770655,0.0029915528001770654,0.008949388156247242,0,true,true,backward_euler_step_doubling,0.00002,,0.6
0.4606127122464677,R3,resistor,B,0,1000,Ω,,0,,3.0084471998229345,0.0030084471998229347,0.009050754554122456,0,true,true,backward_euler_step_doubling,0.00002,,0.6
0.4606127122464677,R4,resistor,A,C,1000,Ω,,0,,2.0112629330972456,0.0020112629330972455,0.004045178586050935,0,true,true,backward_euler_step_doubling,0.00002,,0.6
0.4606127122464677,R5,resistor,C,0,2000,Ω,,0,,3.9887370669027544,0.001994368533451377,0.007955011694441993,0,true,true,backward_euler_step_doubling,0.00002,,0.6
0.4606127122464677,C6,capacitor,B,C,100,µF,,0,V,-0.9802898670798199,-0.000016894399645872583,0.000016561408783245792,0.00004804841117496854,true,true,backward_euler_step_doubling,0.00002,1e-7,0.6
0.4636127122464677,V1,voltage,A,0,6,V,,0,,6,-0.005002745143860754,-0.030016470863164526,0,true,true,backward_euler_step_doubling,0.00002,,0.6
0.4636127122464677,R2,resistor,A,B,1000,Ω,,0,,2.9917645684177536,0.0029917645684177535,0.008950655232839867,0,true,true,backward_euler_step_doubling,0.00002,,0.6
0.4636127122464677,R3,resistor,B,0,1000,Ω,,0,,3.0082354315822464,0.0030082354315822462,0.009049480411826823,0,true,true,backward_euler_step_doubling,0.00002,,0.6
0.4636127122464677,R4,resistor,A,C,1000,Ω,,0,,2.010980575442999,0.002010980575442999,0.004044042874809055,0,true,true,backward_euler_step_doubling,0.00002,,0.6
0.4636127122464677,R5,resistor,C,0,2000,Ω,,0,,3.989019424557001,0.0019945097122785003,0.007956137984746533,0,true,true,backward_euler_step_doubling,0.00002,,0.6
0.4636127122464677,C6,capacitor,B,C,100,µF,,0,V,-0.9807839929747546,-0.000016470863164489794,0.000016154358942209104,0.00004809686204377517,true,true,backward_euler_step_doubling,0.00002,1e-7,0.6
0.4666127122464677,V1,voltage,A,0,6,V,,0,,6,-0.005002676324098234,-0.030016057944589402,0,true,true,backward_euler_step_doubling,0.00002,,0.6
0.4666127122464677,R2,resistor,A,B,1000,Ω,,0,,2.991971027705334,0.002991971027705334,0.008951890630628113,0,true,true,backward_euler_step_doubling,0.00002,,0.6
0.4666127122464677,R3,resistor,B,0,1000,Ω,,0,,3.008028972294666,0.003008028972294666,0.009048238298164105,0,true,true,backward_euler_step_doubling,0.00002,,0.6
0.4666127122464677,R4,resistor,A,C,1000,Ω,,0,,2.010705296392899,0.0020107052963928987,0.004042935788942455,0,true,true,backward_euler_step_doubling,0.00002,,0.6
0.4666127122464677,R5,resistor,C,0,2000,Ω,,0,,3.989294703607101,0.0019946473518035507,0.007957236116113835,0,true,true,backward_euler_step_doubling,0.00002,,0.6
0.4666127122464677,C6,capacitor,B,C,100,µF,,0,V,-0.9812657313124351,-0.000016057944589350134,0.000015757110740843218,0.0000481441217724064,true,true,backward_euler_step_doubling,0.00002,1e-7,0.6
0.4696127122464677,V1,voltage,A,0,6,V,,0,,6,-0.005002609229622228,-0.030015655377733368,0,true,true,backward_euler_step_doubling,0.00002,,0.6
0.4696127122464677,R2,resistor,A,B,1000,Ω,,0,,2.9921723111333316,0.0029921723111333317,0.008953095139512984,0,true,true,backward_euler_step_doubling,0.00002,,0.6
0.4696127122464677,R3,resistor,B,0,1000,Ω,,0,,3.0078276888666684,0.0030078276888666684,0.009047027405913004,0,true,true,backward_euler_step_doubling,0.00002,,0.6
0.4696127122464677,R4,resistor,A,C,1000,Ω,,0,,2.010436918488896,0.002010436918488896,0.004041856603223128,0,true,true,backward_euler_step_doubling,0.00002,,0.6
0.4696127122464677,R5,resistor,C,0,2000,Ω,,0,,3.989563081511104,0.001994781540755552,0.007958306790678188,0,true,true,backward_euler_step_doubling,0.00002,,0.6
0.4696127122464677,C6,capacitor,B,C,100,µF,,0,V,-0.9817353926444357,-0.000015655377733351608,0.000015369438406048895,0.00004819021905853621,true,true,backward_euler_step_doubling,0.00002,1e-7,0.6
0.4726127122464677,V1,voltage,A,0,6,V,,0,,6,-0.005002543817180447,-0.030015262903082686,0,true,true,backward_euler_step_doubling,0.00002,,0.6
0.4726127122464677,R2,resistor,A,B,1000,Ω,,0,,2.992368548458681,0.002992368548458681,0.008954269529804713,0,true,true,backward_euler_step_doubling,0.00002,,0.6
0.4726127122464677,R3,resistor,B,0,1000,Ω,,0,,3.007631451541319,0.003007631451541319,0.00904584694830054,0,true,true,backward_euler_step_doubling,0.00002,,0.6
0.4726127122464677,R4,resistor,A,C,1000,Ω,,0,,2.010175268721766,0.002010175268721766,0.004040804610980624,0,true,true,backward_euler_step_doubling,0.00002,,0.6
0.4726127122464677,R5,resistor,C,0,2000,Ω,,0,,3.989824731278234,0.001994912365639117,0.007959350693159716,0,true,true,backward_euler_step_doubling,0.00002,,0.6
0.4726127122464677,C6,capacitor,B,C,100,µF,,0,V,-0.9821932797369151,-0.000015262903082646774,0.000014991120837051507,0.00004823518193801789,true,true,backward_euler_step_doubling,0.00002,1e-7,0.6
0.47561271224646773,V1,voltage,A,0,6,V,,0,,6,-0.005002480044604889,-0.030014880267629336,0,true,true,backward_euler_step_doubling,0.00002,,0.6
0.47561271224646773,R2,resistor,A,B,1000,Ω,,0,,2.992559866185341,0.002992559866185341,0.008955414552703227,0,true,true,backward_euler_step_doubling,0.00002,,0.6
0.47561271224646773,R3,resistor,B,0,1000,Ω,,0,,3.007440133814659,0.0030074401338146587,0.009044696158479132,0,true,true,backward_euler_step_doubling,0.00002,,0.6
0.47561271224646773,R4,resistor,A,C,1000,Ω,,0,,2.009920178419547,0.002009920178419547,0.004039779123618063,0,true,true,backward_euler_step_doubling,0.00002,,0.6
0.47561271224646773,R5,resistor,C,0,2000,Ω,,0,,3.990079821580453,0.0019950399107902268,0.007960368491291751,0,true,true,backward_euler_step_doubling,0.00002,,0.6
0.47561271224646773,C6,capacitor,B,C,100,µF,,0,V,-0.9826396877657944,-0.000014880267629309903,0.00001462194153713654,0.00004827903779862289,true,true,backward_euler_step_doubling,0.00002,1e-7,0.6
0.47861271224646773,V1,voltage,A,0,6,V,,0,,6,-0.005002417870784712,-0.030014507224708272,0,true,true,backward_euler_step_doubling,0.00002,,0.6
0.47861271224646773,R2,resistor,A,B,1000,Ω,,0,,2.9927463876458766,0.0029927463876458765,0.008956530940767444,0,true,true,backward_euler_step_doubling,0.00002,,0.6
0.47861271224646773,R3,resistor,B,0,1000,Ω,,0,,3.0072536123541234,0.0030072536123541232,0.009043574289016924,0,true,true,backward_euler_step_doubling,0.00002,,0.6
0.47861271224646773,R4,resistor,A,C,1000,Ω,,0,,2.0096714831388347,0.0020096714831388347,0.004038779470141443,0,true,true,backward_euler_step_doubling,0.00002,,0.6
0.47861271224646773,R5,resistor,C,0,2000,Ω,,0,,3.9903285168611653,0.0019951642584305827,0.007961360836237713,0,true,true,backward_euler_step_doubling,0.00002,,0.6
0.47861271224646773,C6,capacitor,B,C,100,µF,,0,V,-0.9830749045070419,-0.000014507224708252645,0.000014261688544727667,0.00004832181339357648,true,true,backward_euler_step_doubling,0.00002,1e-7,0.6
0.48161271224646773,V1,voltage,A,0,6,V,,0,,6,-0.0050023572556396915,-0.030014143533838147,0,true,true,backward_euler_step_doubling,0.00002,,0.6
0.48161271224646773,R2,resistor,A,B,1000,Ω,,0,,2.9929282330809386,0.0029929282330809384,0.008957619408372988,0,true,true,backward_euler_step_doubling,0.00002,,0.6
0.48161271224646773,R3,resistor,B,0,1000,Ω,,0,,3.0070717669190614,0.0030070717669190613,0.009042480611401726,0,true,true,backward_euler_step_doubling,0.00002,,0.6
0.48161271224646773,R4,resistor,A,C,1000,Ω,,0,,2.0094290225587526,0.0020094290225587527,0.0040378049967014235,0,true,true,backward_euler_step_doubling,0.00002,,0.6
0.48161271224646773,R5,resistor,C,0,2000,Ω,,0,,3.9905709774412474,0.0019952854887206237,0.007962328362998197,0,true,true,backward_euler_step_doubling,0.00002,,0.6
0.48161271224646773,C6,capacitor,B,C,100,µF,,0,V,-0.983499210522186,-0.000014143533838136453,0.000013910154363801025,0.00004836353485488815,true,true,backward_euler_step_doubling,0.00002,1e-7,0.6
0.48461271224646774,V1,voltage,A,0,6,V,,0,,6,-0.005002298160094409,-0.030013788960566452,0,true,true,backward_euler_step_doubling,0.00002,,0.6
0.48461271224646774,R2,resistor,A,B,1000,Ω,,0,,2.993105519716793,0.002993105519716793,0.008958680652159134,0,true,true,backward_euler_step_doubling,0.00002,,0.6
0.48461271224646774,R3,resistor,B,0,1000,Ω,,0,,3.006894480283207,0.003006894480283207,0.009041414415557617,0,true,true,backward_euler_step_doubling,0.00002,,0.6
0.48461271224646774,R4,resistor,A,C,1000,Ω,,0,,2.0091926403776146,0.0020091926403776146,0.004036855066147571,0,true,true,backward_euler_step_doubling,0.00002,,0.6
0.48461271224646774,R5,resistor,C,0,2000,Ω,,0,,3.9908073596223854,0.0019954036798111928,0.007963271690808097,0,true,true,backward_euler_step_doubling,0.00002,,0.6
0.48461271224646774,C6,capacitor,B,C,100,µF,,0,V,-0.9839128793391785,-0.00001378896056641506,0.000013567135893995832,0.000048404227706475636,true,true,backward_euler_step_doubling,0.00002,1e-7,0.6
0.48761271224646774,V1,voltage,A,0,6,V,,0,,6,-0.005002240546053043,-0.030013443276318257,0,true,true,backward_euler_step_doubling,0.00002,,0.6
0.48761271224646774,R2,resistor,A,B,1000,Ω,,0,,2.993278361840884,0.002993278361840884,0.008959715351464845,0,true,true,backward_euler_step_doubling,0.00002,,0.6
0.48761271224646774,R3,resistor,B,0,1000,Ω,,0,,3.006721638159116,0.003006721638159116,0.009040375009374237,0,true,true,backward_euler_step_doubling,0.00002,,0.6
0.48761271224646774,R4,resistor,A,C,1000,Ω,,0,,2.0089621842121583,0.0020089621842121585,0.004035929057594486,0,true,true,backward_euler_step_doubling,0.00002,,0.6
0.48761271224646774,R5,resistor,C,0,2000,Ω,,0,,3.9910378157878417,0.001995518907893921,0.007964191423524294,0,true,true,backward_euler_step_doubling,0.00002,,0.6
0.48761271224646774,C6,capacitor,B,C,100,µF,,0,V,-0.9843161776287257,-0.00001344327631824053,0.000013232434360377288,0.00004844391687708125,true,true,backward_euler_step_doubling,0.00002,1e-7,0.6
0.49061271224646774,V1,voltage,A,0,6,V,,0,,6,-0.005002184376374831,-0.03001310625824899,0,true,true,backward_euler_step_doubling,0.00002,,0.6
0.49061271224646774,R2,resistor,A,B,1000,Ω,,0,,2.9934468708755135,0.0029934468708755135,0.008960724168754403,0,true,true,backward_euler_step_doubling,0.00002,,0.6
0.49061271224646774,R3,resistor,B,0,1000,Ω,,0,,3.0065531291244865,0.0030065531291244866,0.009039361718248241,0,true,true,backward_euler_step_doubling,0.00002,,0.6
0.49061271224646774,R4,resistor,A,C,1000,Ω,,0,,2.008737505499318,0.0020087375054993178,0.004035026365999622,0,true,true,backward_euler_step_doubling,0.00002,,0.6
0.49061271224646774,R5,resistor,C,0,2000,Ω,,0,,3.991262494500682,0.001995631247250341,0.007965088150003904,0,true,true,backward_euler_step_doubling,0.00002,,0.6
0.49061271224646774,C6,capacitor,B,C,100,µF,,0,V,-0.9847093653761956,-0.000013106258248996028,0.000012905855242825408,0.00004848262671297949,true,true,backward_euler_step_doubling,0.00002,1e-7,0.6
0.49361271224646774,V1,voltage,A,0,6,V,,0,,6,-0.005002129614850116,-0.030012777689100698,0,true,true,backward_euler_step_doubling,0.00002,,0.6
0.49361271224646774,R2,resistor,A,B,1000,Ω,,0,,2.993611155449666,0.002993611155449666,0.008961707750032685,0,true,true,backward_euler_step_doubling,0.00002,,0.6
0.49361271224646774,R3,resistor,B,0,1000,Ω,,0,,3.006388844550334,0.0030063888445503338,0.009038373884636691,0,true,true,backward_euler_step_doubling,0.00002,,0.6
0.49361271224646774,R4,resistor,A,C,1000,Ω,,0,,2.00851845940045,0.0020085184594004503,0.004034146401752358,0,true,true,backward_euler_step_doubling,0.00002,,0.6
0.49361271224646774,R5,resistor,C,0,2000,Ω,,0,,3.99148154059955,0.001995740770299775,0.007965962444473479,0,true,true,backward_euler_step_doubling,0.00002,,0.6
0.49361271224646774,C6,capacitor,B,C,100,µF,,0,V,-0.9850926960492159,-0.000012777689100677373,0.000012587208205464955,0.00004852038099047564,true,true,backward_euler_step_doubling,0.00002,1e-7,0.6
0.49661271224646775,V1,voltage,A,0,6,V,,0,,6,-0.005002076226176992,-0.030012457357061956,0,true,true,backward_euler_step_doubling,0.00002,,0.6
0.49661271224646775,R2,resistor,A,B,1000,Ω,,0,,2.9937713214690334,0.0029937713214690334,0.008962666725250442,0,true,true,backward_euler_step_doubling,0.00002,,0.6
0.49661271224646775,R3,resistor,B,0,1000,Ω,,0,,3.0062286785309666,0.0030062286785309668,0.009037410867622043,0,true,true,backward_euler_step_doubling,0.00002,,0.6
0.49661271224646775,R4,resistor,A,C,1000,Ω,,0,,2.008304904707959,0.002008304904707959,0.004033288590274044,0,true,true,backward_euler_step_doubling,0.00002,,0.6
0.49661271224646775,R5,resistor,C,0,2000,Ω,,0,,3.991695095292041,0.0019958475476460204,0.007966814866889268,0,true,true,backward_euler_step_doubling,0.00002,,0.6
0.49661271224646775,C6,capacitor,B,C,100,µF,,0,V,-0.9854664167610743,-0.000012457357061945728,0.00001227630702614892,0.000048557202928195565,true,true,backward_euler_step_doubling,0.00002,1e-7,0.6
0.49961271224646775,V1,voltage,A,0,6,V,,0,,6,-0.005002024175938574,-0.030012145055631448,0,true,true,backward_euler_step_doubling,0.00002,,0.6
0.49961271224646775,R2,resistor,A,B,1000,Ω,,0,,2.9939274721842954,0.0029939274721842955,0.008963601708699845,0,true,true,backward_euler_step_doubling,0.00002,,0.6
0.49961271224646775,R3,resistor,B,0,1000,Ω,,0,,3.0060725278157046,0.0030060725278157046,0.0090364720424883,0,true,true,backward_euler_step_doubling,0.00002,,0.6
0.49961271224646775,R4,resistor,A,C,1000,Ω,,0,,2.008096703754278,0.002008096703754278,0.004032452371628797,0,true,true,backward_euler_step_doubling,0.00002,,0.6
0.49961271224646775,R5,resistor,C,0,2000,Ω,,0,,3.991903296245722,0.001995951648122861,0.00796764596328873,0,true,true,backward_euler_step_doubling,0.00002,,0.6
0.49961271224646775,C6,capacitor,B,C,100,µF,,0,V,-0.9858307684300174,-0.000012145055631436937,0.000011972969525764786,0.00004859311519916592,true,true,backward_euler_step_doubling,0.00002,1e-7,0.6
0.5026127122464678,V1,voltage,A,0,6,V,,0,,6,-0.005001973430580782,-0.03001184058348469,0,true,true,backward_euler_step_doubling,0.00002,,0.6
0.5026127122464678,R2,resistor,A,B,1000,Ω,,0,,2.9940797082576696,0.0029940797082576697,0.008964513299400331,0,true,true,backward_euler_step_doubling,0.00002,,0.6
0.5026127122464678,R3,resistor,B,0,1000,Ω,,0,,3.0059202917423304,0.0030059202917423304,0.009035556800308297,0,true,true,backward_euler_step_doubling,0.00002,,0.6
0.5026127122464678,R4,resistor,A,C,1000,Ω,,0,,2.007893722323112,0.002007893722323112,0.004031637200144563,0,true,true,backward_euler_step_doubling,0.00002,,0.6
0.5026127122464678,R5,resistor,C,0,2000,Ω,,0,,3.992106277676888,0.001996053138838444,0.007968456266133609,0,true,true,backward_euler_step_doubling,0.00002,,0.6
0.5026127122464678,C6,capacitor,B,C,100,µF,,0,V,-0.9861859859345574,-0.000011840583484667988,0.000011677017497867738,0.00004862813994268575,true,true,backward_euler_step_doubling,0.00002,1e-7,0.6
0.5056127122464678,V1,voltage,A,0,6,V,,0,,6,-0.005001923957390735,-0.030011543744344414,0,true,true,backward_euler_step_doubling,0.00002,,0.6
0.5056127122464678,R2,resistor,A,B,1000,Ω,,0,,2.994228127827811,0.002994228127827811,0.008965402081475239,0,true,true,backward_euler_step_doubling,0.00002,,0.6
0.5056127122464678,R3,resistor,B,0,1000,Ω,,0,,3.005771872172189,0.003005771872172189,0.009034664547541506,0,true,true,backward_euler_step_doubling,0.00002,,0.6
0.5056127122464678,R4,resistor,A,C,1000,Ω,,0,,2.0076958295629224,0.0020076958295629226,0.004030842544044351,0,true,true,backward_euler_step_doubling,0.00002,,0.6
0.5056127122464678,R5,resistor,C,0,2000,Ω,,0,,3.9923041704370776,0.001996152085218539,0.007969246294644641,0,true,true,backward_euler_step_doubling,0.00002,,0.6
0.5056127122464678,C6,capacitor,B,C,100,µF,,0,V,-0.9865322982648888,-0.000011543744344377772,0.000011388276638641314,0.00004866229877599017,true,true,backward_euler_step_doubling,0.00002,1e-7,0.6
0.5086127122464678,V1,voltage,A,0,6,V,,0,,6,-0.005001875724475648,-0.030011254346853887,0,true,true,backward_euler_step_doubling,0.00002,,0.6
0.5086127122464678,R2,resistor,A,B,1000,Ω,,0,,2.994372826573076,0.002994372826573076,0.008966268624519233,0,true,true,backward_euler_step_doubling,0.00002,,0.6
0.5086127122464678,R3,resistor,B,0,1000,Ω,,0,,3.005627173426924,0.003005627173426924,0.009033794705642322,0,true,true,backward_euler_step_doubling,0.00002,,0.6
0.5086127122464678,R4,resistor,A,C,1000,Ω,,0,,2.007502897902572,0.002007502897902572,0.004030067885087225,0,true,true,backward_euler_step_doubling,0.00002,,0.6
0.5086127122464678,R5,resistor,C,0,2000,Ω,,0,,3.992497102097428,0.001996248551048714,0.00797001655512818,0,true,true,backward_euler_step_doubling,0.00002,,0.6
0.5086127122464678,C6,capacitor,B,C,100,µF,,0,V,-0.986869928670504,-0.000011254346853843225,0.000011106576476885376,0.000048695612805706286,true,true,backward_euler_step_doubling,0.00002,1e-7,0.6
0.5116127122464678,V1,voltage,A,0,6,V,,0,,6,-0.005001828700742274,-0.030010972204453645,0,true,true,backward_euler_step_doubling,0.00002,,0.6
0.5116127122464678,R2,resistor,A,B,1000,Ω,,0,,2.9945138977731935,0.0029945138977731938,0.008967113483956806,0,true,true,backward_euler_step_doubling,0.00002,,0.6
0.5116127122464678,R3,resistor,B,0,1000,Ω,,0,,3.0054861022268065,0.0030054861022268064,0.009032946710678481,0,true,true,backward_euler_step_doubling,0.00002,,0.6
0.5116127122464678,R4,resistor,A,C,1000,Ω,,0,,2.0073148029690806,0.0020073148029690806,0.004029312718218799,0,true,true,backward_euler_step_doubling,0.00002,,0.6
0.5116127122464678,R5,resistor,C,0,2000,Ω,,0,,3.9926851970309194,0.0019963425985154598,0.007970767541294915,0,true,true,backward_euler_step_doubling,0.00002,,0.6
0.5116127122464678,C6,capacitor,B,C,100,µF,,0,V,-0.9871990948041129,-0.000010972204453629786,0.000010831750304628982,0.00004872810263910299,true,true,backward_euler_step_doubling,0.00002,1e-7,0.6
0.5146127122464678,V1,voltage,A,0,6,V,,0,,6,-0.005001782855876869,-0.030010697135261215,0,true,true,backward_euler_step_doubling,0.00002,,0.6
0.5146127122464678,R2,resistor,A,B,1000,Ω,,0,,2.9946514323694093,0.0029946514323694095,0.008967937201392155,0,true,true,backward_euler_step_doubling,0.00002,,0.6
0.5146127122464678,R3,resistor,B,0,1000,Ω,,0,,3.0053485676305907,0.0030053485676305907,0.009032120012959242,0,true,true,backward_euler_step_doubling,0.00002,,0.6
0.5146127122464678,R4,resistor,A,C,1000,Ω,,0,,2.0071314235074604,0.0020071314235074605,0.004028576551231085,0,true,true,backward_euler_step_doubling,0.00002,,0.6
0.5146127122464678,R5,resistor,C,0,2000,Ω,,0,,3.9928685764925396,0.00199643428824627,0.00797149973457078,0,true,true,backward_euler_step_doubling,0.00002,,0.6
0.5146127122464678,C6,capacitor,B,C,100,µF,,0,V,-0.9875200088619489,-0.00001069713526119879,0.000010563635107936494,0.00004875978839513518,true,true,backward_euler_step_doubling,0.00002,1e-7,0.6
0.5176127122464678,V1,voltage,A,0,6,V,,0,,6,-0.005001738160325638,-0.030010428961953828,0,true,true,backward_euler_step_doubling,0.00002,,0.6
0.5176127122464678,R2,resistor,A,B,1000,Ω,,0,,2.9947855190231008,0.0029947855190231008,0.008968740304950464,0,true,true,backward_euler_step_doubling,0.00002,,0.6
0.5176127122464678,R3,resistor,B,0,1000,Ω,,0,,3.0052144809768992,0.0030052144809768993,0.009031314076673255,0,true,true,backward_euler_step_doubling,0.00002,,0.6
0.5176127122464678,R4,resistor,A,C,1000,Ω,,0,,2.0069526413025374,0.0020069526413025373,0.004027858904431231,0,true,true,backward_euler_step_doubling,0.00002,,0.6
0.5176127122464678,R5,resistor,C,0,2000,Ω,,0,,3.9930473586974626,0.0019965236793487314,0.007972213604400391,0,true,true,backward_euler_step_doubling,0.00002,,0.6
0.5176127122464678,C6,capacitor,B,C,100,µF,,0,V,-0.9878328777205634,-0.000010428961953815966,0.000010302071498476296,0.00004879068971528447,true,true,backward_euler_step_doubling,0.00002,1e-7,0.6
0.5206127122464678,V1,voltage,A,0,6,V,,0,,6,-0.005001694585275693,-0.030010167511654154,0,true,true,backward_euler_step_doubling,0.00002,,0.6
0.5206127122464678,R2,resistor,A,B,1000,Ω,,0,,2.9949162441729396,0.0029949162441729395,0.008969523309610946,0,true,true,backward_euler_step_doubling,0.00002,,0.6
0.5206127122464678,R3,resistor,B,0,1000,Ω,,0,,3.0050837558270604,0.0030050837558270606,0.009030528379535673,0,true,true,backward_euler_step_doubling,0.00002,,0.6
0.5206127122464678,R4,resistor,A,C,1000,Ω,,0,,2.0067783411027524,0.0020067783411027522,0.004027159310319115,0,true,true,backward_euler_step_doubling,0.00002,,0.6
0.5206127122464678,R5,resistor,C,0,2000,Ω,,0,,3.9932216588972476,0.0019966108294486237,0.007972909608543043,0,true,true,backward_euler_step_doubling,0.00002,,0.6
0.5206127122464678,C6,capacitor,B,C,100,µF,,0,V,-0.9881379030701871,-0.00001016751165412444,0.000010046903645348214,0.000048820825774197316,true,true,backward_euler_step_doubling,0.00002,1e-7,0.6
0.5236127122464678,V1,voltage,A,0,6,V,,0,,6,-0.005001652102636466,-0.030009912615818795,0,true,true,backward_euler_step_doubling,0.00002,,0.6
0.5236127122464678,R2,resistor,A,B,1000,Ω,,0,,2.9950436920906087,0.0029950436920906085,0.008970286717531745,0,true,true,backward_euler_step_doubling,0.00002,,0.6
0.5236127122464678,R3,resistor,B,0,1000,Ω,,0,,3.0049563079093913,0.003004956307909391,0.00902976241244444,0,true,true,backward_euler_step_doubling,0.00002,,0.6
0.5236127122464678,R4,resistor,A,C,1000,Ω,,0,,2.0066084105458577,0.0020066084105458577,0.004026477313273373,0,true,true,backward_euler_step_doubling,0.00002,,0.6
0.5236127122464678,R5,resistor,C,0,2000,Ω,,0,,3.9933915894541423,0.001996695794727071,0.00797358819336154,0,true,true,backward_euler_step_doubling,0.00002,,0.6
0.5236127122464678,C6,capacitor,B,C,100,µF,,0,V,-0.988435281544751,-0.000009912615818796767,0.000009797979207697335,0.00004885021529012256,true,true,backward_euler_step_doubling,0.00002,1e-7,0.6
0.5266127122464678,V1,voltage,A,0,6,V,,0,,6,-0.005001610685021625,-0.030009664110129747,0,true,true,backward_euler_step_doubling,0.00002,,0.6
0.5266127122464678,R2,resistor,A,B,1000,Ω,,0,,2.995167944935134,0.002995167944935134,0.008971031018366955,0,true,true,backward_euler_step_doubling,0.00002,,0.6
0.5266127122464678,R3,resistor,B,0,1000,Ω,,0,,3.004832055064866,0.003004832055064866,0.009029015679145345,0,true,true,backward_euler_step_doubling,0.00002,,0.6
0.5266127122464678,R4,resistor,A,C,1000,Ω,,0,,2.0064427400864906,0.0020064427400864906,0.004025812469245785,0,true,true,backward_euler_step_doubling,0.00002,,0.6
0.5266127122464678,R5,resistor,C,0,2000,Ω,,0,,3.9935572599135094,0.0019967786299567546,0.007974249794103948,0,true,true,backward_euler_step_doubling,0.00002,,0.6
0.5266127122464678,C6,capacitor,B,C,100,µF,,0,V,-0.9887252048486435,-0.000009664110129747882,0.000009555149267714824,0.000048878876535149593,true,true,backward_euler_step_doubling,0.00002,1e-7,0.6
0.5296127122464678,V1,voltage,A,0,6,V,,0,,6,-0.005001570305731389,-0.030009421834388338,0,true,true,backward_euler_step_doubling,0.00002,,0.6
0.5296127122464678,R2,resistor,A,B,1000,Ω,,0,,2.995289082805841,0.002995289082805841,0.008971756689575856,0,true,true,backward_euler_step_doubling,0.00002,,0.6
0.5296127122464678,R3,resistor,B,0,1000,Ω,,0,,3.004710917194159,0.003004710917194159,0.009028287695905765,0,true,true,backward_euler_step_doubling,0.00002,,0.6
0.5296127122464678,R4,resistor,A,C,1000,Ω,,0,,2.006281222925548,0.0020062812229255478,0.004025164345463631,0,true,true,backward_euler_step_doubling,0.00002,,0.6
0.5296127122464678,R5,resistor,C,0,2000,Ω,,0,,3.993718777074452,0.001996859388537226,0.007974894835178528,0,true,true,backward_euler_step_doubling,0.00002,,0.6
0.5296127122464678,C6,capacitor,B,C,100,µF,,0,V,-0.9890078598802932,-0.000009421834388323447,0.000009318268264542324,0.000048906827345249875,true,true,backward_euler_step_doubling,0.00002,1e-7,0.6
0.5326127122464678,V1,voltage,A,0,6,V,,0,,6,-0.0050015309387353366,-0.03000918563241202,0,true,true,backward_euler_step_doubling,0.00002,,0.6
0.5326127122464678,R2,resistor,A,B,1000,Ω,,0,,2.9954071837939953,0.0029954071837939955,0.008972464196724674,0,true,true,backward_euler_step_doubling,0.00002,,0.6
0.5326127122464678,R3,resistor,B,0,1000,Ω,,0,,3.0045928162060047,0.0030045928162060046,0.00902757799119673,0,true,true,backward_euler_step_doubling,0.00002,,0.6
0.5326127122464678,R4,resistor,A,C,1000,Ω,,0,,2.006123754941341,0.002006123754941341,0.004024532520139946,0,true,true,backward_euler_step_doubling,0.00002,,0.6
0.5326127122464678,R5,resistor,C,0,2000,Ω,,0,,3.993876245058659,0.0019969381225293293,0.007975523730421926,0,true,true,backward_euler_step_doubling,0.00002,,0.6
0.5326127122464678,C6,capacitor,B,C,100,µF,,0,V,-0.9892834288526542,-0.000009185632412034295,0.000009087193928757363,0.00004893408513012322,true,true,backward_euler_step_doubling,0.00002,1e-7,0.6
0.5356127122464678,V1,voltage,A,0,6,V,,0,,6,-0.0050014925586556215,-0.03000895535193373,0,true,true,backward_euler_step_doubling,0.00002,,0.6
0.5356127122464678,R2,resistor,A,B,1000,Ω,,0,,2.9955223240331437,0.0029955223240331437,0.008973153993780927,0,true,true,backward_euler_step_doubling,0.00002,,0.6
0.5356127122464678,R3,resistor,B,0,1000,Ω,,0,,3.0044776759668563,0.0030044776759668565,0.009026886105383202,0,true,true,backward_euler_step_doubling,0.00002,,0.6
0.5356127122464678,R4,resistor,A,C,1000,Ω,,0,,2.0059702346224775,0.0020059702346224774,0.004023916582191357,0,true,true,backward_euler_step_doubling,0.00002,,0.6
0.5356127122464678,R5,resistor,C,0,2000,Ω,,0,,3.9940297653775225,0.001997014882688761,0.007976136883360813,0,true,true,backward_euler_step_doubling,0.00002,,0.6
0.5356127122464678,C6,capacitor,B,C,100,µF,,0,V,-0.9895520894106662,-0.000008955351933733386,0.000008861787217433722,0.00004896066688285075,true,true,backward_euler_step_doubling,0.00002,1e-7,0.6
0.5386127122464678,V1,voltage,A,0,6,V,,0,,6,-0.0050014551407506075,-0.030008730844503645,0,true,true,backward_euler_step_doubling,0.00002,,0.6
0.5386127122464678,R2,resistor,A,B,1000,Ω,,0,,2.9956345777481914,0.0029956345777481914,0.008973826523400586,0,true,true,backward_euler_step_doubling,0.00002,,0.6
0.5386127122464678,R3,resistor,B,0,1000,Ω,,0,,3.0043654222518086,0.0030043654222518088,0.009026211590422288,0,true,true,backward_euler_step_doubling,0.00002,,0.6
0.5386127122464678,R4,resistor,A,C,1000,Ω,,0,,2.005820563002416,0.002005820563002416,0.0040233161309633295,0,true,true,backward_euler_step_doubling,0.00002,,0.6
0.5386127122464678,R5,resistor,C,0,2000,Ω,,0,,3.994179436997584,0.0019970897184987918,0.007976734687467167,0,true,true,backward_euler_step_doubling,0.00002,,0.6
0.5386127122464678,C6,capacitor,B,C,100,µF,,0,V,-0.9898140147457752,-0.000008730844503634926,0.000008641912250263972,0.00004898658918935749,true,true,backward_euler_step_doubling,0.00002,1e-7,0.6
0.5416127122464678,V1,voltage,A,0,6,V,,0,,6,-0.005001418660898924,-0.030008511965393544,0,true,true,backward_euler_step_doubling,0.00002,,0.6
0.5416127122464678,R2,resistor,A,B,1000,Ω,,0,,2.9957440173032523,0.0029957440173032524,0.00897448221720823,0,true,true,backward_euler_step_doubling,0.00002,,0.6
0.5416127122464678,R3,resistor,B,0,1000,Ω,,0,,3.0042559826967477,0.0030042559826967477,0.009025554009569201,0,true,true,backward_euler_step_doubling,0.00002,,0.6
0.5416127122464678,R4,resistor,A,C,1000,Ω,,0,,2.005674643595672,0.002005674643595672,0.004022730775962625,0,true,true,backward_euler_step_doubling,0.00002,,0.6
0.5416127122464678,R5,resistor,C,0,2000,Ω,,0,,3.994325356404328,0.001997162678202164,0.007977317526407282,0,true,true,backward_euler_step_doubling,0.00002,,0.6
0.5416127122464678,C6,capacitor,B,C,100,µF,,0,V,-0.9900693737075805,-0.000008511965393509513,0.000008427436246172564,0.000049011868237686034,true,true,backward_euler_step_doubling,0.00002,1e-7,0.6
0.5446127122464678,V1,voltage,A,0,6,V,,0,,6,-0.005001383095583907,-0.030008298573503442,0,true,true,backward_euler_step_doubling,0.00002,,0.6
0.5446127122464678,R2,resistor,A,B,1000,Ω,,0,,2.995850713248295,0.002995850713248295,0.008975121496070318,0,true,true,backward_euler_step_doubling,0.00002,,0.6
0.5446127122464678,R3,resistor,B,0,1000,Ω,,0,,3.004149286751705,0.003004149286751705,0.009024912937090778,0,true,true,backward_euler_step_doubling,0.00002,,0.6
0.5446127122464678,R4,resistor,A,C,1000,Ω,,0,,2.0055323823356117,0.0020055323823356115,0.004022160136596754,0,true,true,backward_euler_step_doubling,0.00002,,0.6
0.5446127122464678,R5,resistor,C,0,2000,Ω,,0,,3.9944676176643883,0.001997233808832194,0.007977885774284706,0,true,true,backward_euler_step_doubling,0.00002,,0.6
0.5446127122464678,C6,capacitor,B,C,100,µF,,0,V,-0.9903183309126833,-0.000008298573503425406,0.000008218229460868466,0.00004903651982708414,true,true,backward_euler_step_doubling,0.00002,1e-7,0.6
0.5476127122464678,V1,voltage,A,0,6,V,,0,,6,-0.005001348421878459,-0.030008090531270758,0,true,true,backward_euler_step_doubling,0.00002,,0.6
0.5476127122464678,R2,resistor,A,B,1000,Ω,,0,,2.9959547343646324,0.0029959547343646324,0.008975744770361855,0,true,true,backward_euler_step_doubling,0.00002,,0.6
0.5476127122464678,R3,resistor,B,0,1000,Ω,,0,,3.0040452656353676,0.0030040452656353678,0.009024287957986267,0,true,true,backward_euler_step_doubling,0.00002,,0.6
0.5476127122464678,R4,resistor,A,C,1000,Ω,,0,,2.005393687513827,0.002005393687513827,0.004021603841920305,0,true,true,backward_euler_step_doubling,0.00002,,0.6
0.5476127122464678,R5,resistor,C,0,2000,Ω,,0,,3.994606312486173,0.0019973031562430864,0.00797843979587719,0,true,true,backward_euler_step_doubling,0.00002,,0.6
0.5476127122464678,C6,capacitor,B,C,100,µF,,0,V,-0.9905610468508055,-0.00000809053127073985,0.000008014165125123242,0.000049060559376908185,true,true,backward_euler_step_doubling,0.00002,1e-7,0.6
0.5506127122464678,V1,voltage,A,0,6,V,,0,,6,-0.005001314617430253,-0.030007887704581522,0,true,true,backward_euler_step_doubling,0.00002,,0.6
0.5506127122464678,R2,resistor,A,B,1000,Ω,,0,,2.9960561477092518,0.002996056147709252,0.008976352440226402,0,true,true,backward_euler_step_doubling,0.00002,,0.6
0.5506127122464678,R3,resistor,B,0,1000,Ω,,0,,3.0039438522907482,0.003003943852290748,0.00902367866771538,0,true,true,backward_euler_step_doubling,0.00002,,0.6
0.5506127122464678,R4,resistor,A,C,1000,Ω,,0,,2.005258469721001,0.002005258469721001,0.004021061530387811,0,true,true,backward_euler_step_doubling,0.00002,,0.6
0.5506127122464678,R5,resistor,C,0,2000,Ω,,0,,3.994741530278999,0.0019973707651394996,0.007978979946867899,0,true,true,backward_euler_step_doubling,0.00002,,0.6
0.5506127122464678,C6,capacitor,B,C,100,µF,,0,V,-0.9907976779882506,-0.000007887704581503267,0.000007815119384010723,0.00004908400193534545,true,true,backward_euler_step_doubling,0.00002,1e-7,0.6
0.5536127122464678,V1,voltage,A,0,6,V,,0,,6,-0.005001281660447322,-0.03000768996268393,0,true,true,backward_euler_step_doubling,0.00002,,0.6
0.5536127122464678,R2,resistor,A,B,1000,Ω,,0,,2.996155018658045,0.0029961550186580446,0.008976944895829788,0,true,true,backward_euler_step_doubling,0.00002,,0.6
0.5536127122464678,R3,resistor,B,0,1000,Ω,,0,,3.003844981341955,0.003003844981341955,0.009023084671933251,0,true,true,backward_euler_step_doubling,0.00002,,0.6
0.5536127122464678,R4,resistor,A,C,1000,Ω,,0,,2.0051266417892766,0.0020051266417892765,0.004020532849613141,0,true,true,backward_euler_step_doubling,0.00002,,0.6
0.5536127122464678,R5,resistor,C,0,2000,Ω,,0,,3.9948733582107234,0.001997436679105362,0.007979506574070911,0,true,true,backward_euler_step_doubling,0.00002,,0.6
0.5536127122464678,C6,capacitor,B,C,100,µF,,0,V,-0.9910283768687682,-0.000007689962683921082,0.000007620971236827706,0.00004910686218795726,true,true,backward_euler_step_doubling,0.00002,1e-7,0.6
0.5566127122464678,V1,voltage,A,0,6,V,,0,,6,-0.005001249529684018,-0.03000749717810411,0,true,true,backward_euler_step_doubling,0.00002,,0.6
0.5566127122464678,R2,resistor,A,B,1000,Ω,,0,,2.9962514109479543,0.002996251410947954,0.008977522517607606,0,true,true,backward_euler_step_doubling,0.00002,,0.6
0.5566127122464678,R3,resistor,B,0,1000,Ω,,0,,3.0037485890520457,0.0030037485890520455,0.009022505586232155,0,true,true,backward_euler_step_doubling,0.00002,,0.6
0.5566127122464678,R4,resistor,A,C,1000,Ω,,0,,2.004998118736063,0.0020049981187360627,0.00402001745613515,0,true,true,backward_euler_step_doubling,0.00002,,0.6
0.5566127122464678,R5,resistor,C,0,2000,Ω,,0,,3.995001881263937,0.0019975009406319687,0.0079800200156512,0,true,true,backward_euler_step_doubling,0.00002,,0.6
0.5566127122464678,C6,capacitor,B,C,100,µF,,0,V,-0.9912532922118915,-0.000007497178104109992,0.000007431602477997937,0.00004912915446604567,true,true,backward_euler_step_doubling,0.00002,1e-7,0.6
0.5596127122464678,V1,voltage,A,0,6,V,,0,,6,-0.005001218204427323,-0.030007309226563937,0,true,true,backward_euler_step_doubling,0.00002,,0.6
0.5596127122464678,R2,resistor,A,B,1000,Ω,,0,,2.996345386718065,0.0029963453867180648,0.00897808567650663,0,true,true,backward_euler_step_doubling,0.00002,,0.6
0.5596127122464678,R3,resistor,B,0,1000,Ω,,0,,3.003654613281935,0.003003654613281935,0.00902194103588985,0,true,true,backward_euler_step_doubling,0.00002,,0.6
0.5596127122464678,R4,resistor,A,C,1000,Ω,,0,,2.004872817709257,0.002004872817709257,0.004019515015189456,0,true,true,backward_euler_step_doubling,0.00002,,0.6
0.5596127122464678,R5,resistor,C,0,2000,Ω,,0,,3.995127182290743,0.0019975635911453713,0.007980520601339185,0,true,true,backward_euler_step_doubling,0.00002,,0.6
0.5596127122464678,C6,capacitor,B,C,100,µF,,0,V,-0.991472569008808,-0.000007309226563882258,0.000007246897638759764,0.000049150892754846274,true,true,backward_euler_step_doubling,0.00002,1e-7,0.6
0.5626127122464678,V1,voltage,A,0,6,V,,0,,6,-0.005001187664483462,-0.030007125986900772,0,true,true,backward_euler_step_doubling,0.00002,,0.6
0.5626127122464678,R2,resistor,A,B,1000,Ω,,0,,2.9964370065496455,0.0029964370065496456,0.008978634734220201,0,true,true,backward_euler_step_doubling,0.00002,,0.6
0.5626127122464678,R3,resistor,B,0,1000,Ω,,0,,3.0035629934503545,0.0030035629934503545,0.009021390655624455,0,true,true,backward_euler_step_doubling,0.00002,,0.6
0.5626127122464678,R4,resistor,A,C,1000,Ω,,0,,2.0047506579338155,0.0020047506579338155,0.004019025200486066,0,true,true,backward_euler_step_doubling,0.00002,,0.6
0.5626127122464678,R5,resistor,C,0,2000,Ω,,0,,3.9952493420661845,0.0019976246710330923,0.007981008652640141,0,true,true,backward_euler_step_doubling,0.00002,,0.6
0.5626127122464678,C6,capacitor,B,C,100,µF,,0,V,-0.99168634861583,-0.000007125986900735626,0.000007066743929874748,0.00004917209070154988,true,true,backward_euler_step_doubling,0.00002,1e-7,0.6
0.5656127122464678,V1,voltage,A,0,6,V,,0,,6,-0.005001157890164929,-0.030006947340989572,0,true,true,backward_euler_step_doubling,0.00002,,0.6
0.5656127122464678,R2,resistor,A,B,1000,Ω,,0,,2.9965263295052225,0.0029965263295052224,0.008979170043418042,0,true,true,backward_euler_step_doubling,0.00002,,0.6
0.5656127122464678,R3,resistor,B,0,1000,Ω,,0,,3.0034736704947775,0.0030034736704947777,0.009020854089355372,0,true,true,backward_euler_step_doubling,0.00002,,0.6
0.5656127122464678,R4,resistor,A,C,1000,Ω,,0,,2.0046315606597056,0.0020046315606597055,0.004018547693992966,0,true,true,backward_euler_step_doubling,0.00002,,0.6
0.5656127122464678,R5,resistor,C,0,2000,Ω,,0,,3.9953684393402944,0.001997684219670147,0.007981484483038249,0,true,true,backward_euler_step_doubling,0.00002,,0.6
0.5656127122464678,C6,capacitor,B,C,100,µF,,0,V,-0.9918947688455169,-0.000006947340989560402,0.0000068910311849309995,0.000049192761623155066,true,true,backward_euler_step_doubling,0.00002,1e-7,0.6
0.5686127122464678,V1,voltage,A,0,6,V,,0,,6,-0.005001128862277791,-0.030006773173666748,0,true,true,backward_euler_step_doubling,0.00002,,0.6
0.5686127122464678,R2,resistor,A,B,1000,Ω,,0,,2.9966134131666546,0.0029966134131666545,0.008979691947970308,0,true,true,backward_euler_step_doubling,0.00002,,0.6
0.5686127122464678,R3,resistor,B,0,1000,Ω,,0,,3.0033865868333454,0.003003386586833345,0.009020330989970451,0,true,true,backward_euler_step_doubling,0.00002,,0.6
0.5686127122464678,R4,resistor,A,C,1000,Ω,,0,,2.0045154491111363,0.0020045154491111364,0.004018082185725221,0,true,true,backward_euler_step_doubling,0.00002,,0.6
0.5686127122464678,R5,resistor,C,0,2000,Ω,,0,,3.9954845508888637,0.001997742275444432,0.007981948398195793,0,true,true,backward_euler_step_doubling,0.00002,,0.6
0.5686127122464678,C6,capacitor,B,C,100,µF,,0,V,-0.9920979640555183,-0.000006773173666715001,0.0000067196518049424015,0.00004921291851415522,true,true,backward_euler_step_doubling,0.00002,1e-7,0.6
0.5716127122464678,V1,voltage,A,0,6,V,,0,,6,-0.0050011005621092685,-0.03000660337265561,0,true,true,backward_euler_step_doubling,0.00002,,0.6
0.5716127122464678,R2,resistor,A,B,1000,Ω,,0,,2.9966983136722263,0.002996698313672226,0.008980200783165963,0,true,true,backward_euler_step_doubling,0.00002,,0.6
0.5716127122464678,R3,resistor,B,0,1000,Ω,,0,,3.0033016863277737,0.0030033016863277736,0.009019821019099249,0,true,true,backward_euler_step_doubling,0.00002,,0.6
0.5716127122464678,R4,resistor,A,C,1000,Ω,,0,,2.004402248437041,0.002004402248437041,0.0040176283735394655,0,true,true,backward_euler_step_doubling,0.00002,,0.6
0.5716127122464678,R5,resistor,C,0,2000,Ω,,0,,3.995597751562959,0.0019977988757814797,0.007982400696147487,0,true,true,backward_euler_step_doubling,0.00002,,0.6
0.5716127122464678,C6,capacitor,B,C,100,µF,,0,V,-0.9922960652351853,-0.000006603372655566986,0.0000065525007034007364,0.000049232574054061555,true,true,backward_euler_step_doubling,0.00002,1e-7,0.6
0.5746127122464678,V1,voltage,A,0,6,V,,0,,6,-0.0050010729714157175,-0.030006437828494305,0,true,true,backward_euler_step_doubling,0.00002,,0.6
0.5746127122464678,R2,resistor,A,B,1000,Ω,,0,,2.9967810857528656,0.0029967810857528658,0.008980696875926125,0,true,true,backward_euler_step_doubling,0.00002,,0.6
0.5746127122464678,R3,resistor,B,0,1000,Ω,,0,,3.0032189142471344,0.0030032189142471344,0.009019323846891737,0,true,true,backward_euler_step_doubling,0.00002,,0.6
0.5746127122464678,R4,resistor,A,C,1000,Ω,,0,,2.0042918856628518,0.0020042918856628517,0.00401718596293395,0,true,true,backward_euler_step_doubling,0.00002,,0.6
0.5746127122464678,R5,resistor,C,0,2000,Ω,,0,,3.9957081143371482,0.001997854057168574,0.007982841667489865,0,true,true,backward_euler_step_doubling,0.00002,,0.6
0.5746127122464678,C6,capacitor,B,C,100,µF,,0,V,-0.9924892000900138,-0.000006437828494284167,0.0000063894752526087905,0.00004925174061476577,true,true,backward_euler_step_doubling,0.00002,1e-7,0.6
0.5776127122464678,V1,voltage,A,0,6,V,,0,,6,-0.005001046072410866,-0.030006276434465195,0,true,true,backward_euler_step_doubling,0.00002,,0.6
0.5776127122464678,R2,resistor,A,B,1000,Ω,,0,,2.996861782767417,0.0029968617827674173,0.008981180545011902,0,true,true,backward_euler_step_doubling,0.00002,,0.6
0.5776127122464678,R3,resistor,B,0,1000,Ω,,0,,3.003138217232583,0.003003138217232583,0.009018839151802896,0,true,true,backward_euler_step_doubling,0.00002,,0.6
0.5776127122464678,R4,resistor,A,C,1000,Ω,,0,,2.004184289643448,0.0020041842896434477,0.004016754666853611,0,true,true,backward_euler_step_doubling,0.00002,,0.6
0.5776127122464678,R5,resistor,C,0,2000,Ω,,0,,3.995815710356552,0.001997907855178276,0.007983271595566119,0,true,true,backward_euler_step_doubling,0.00002,,0.6
0.5776127122464678,C6,capacitor,B,C,100,µF,,0,V,-0.9926774931239692,-0.000006276434465180003,0.000006230475230651766,0.000049270430267744394,true,true,backward_euler_step_doubling,0.00002,1e-7,0.6
0.5806127122464678,V1,voltage,A,0,6,V,,0,,6,-0.005001019847754323,-0.030006119086525937,0,true,true,backward_euler_step_doubling,0.00002,,0.6
0.5806127122464678,R2,resistor,A,B,1000,Ω,,0,,2.9969404567370344,0.0029969404567370345,0.008981652101227184,0,true,true,backward_euler_step_doubling,0.00002,,0.6
0.5806127122464678,R3,resistor,B,0,1000,Ω,,0,,3.0030595432629656,0.0030030595432629656,0.009018366620382771,0,true,true,backward_euler_step_doubling,0.00002,,0.6
0.5806127122464678,R4,resistor,A,C,1000,Ω,,0,,2.0040793910172874,0.0020040793910172873,0.004016334205500222,0,true,true,backward_euler_step_doubling,0.00002,,0.6
0.5806127122464678,R5,resistor,C,0,2000,Ω,,0,,3.9959206089827126,0.001997960304491356,0.007983690756646386,0,true,true,backward_euler_step_doubling,0.00002,,0.6
0.5806127122464678,C6,capacitor,B,C,100,µF,,0,V,-0.992861065719747,-0.000006119086525924189,0.000006075402769360434,0.00004928865479110758,true,true,backward_euler_step_doubling,0.00002,1e-7,0.6
0.5836127122464678,V1,voltage,A,0,6,V,,0,,6,-0.005000994280540425,-0.03000596568324255,0,true,true,backward_euler_step_doubling,0.00002,,0.6
0.5836127122464678,R2,resistor,A,B,1000,Ω,,0,,2.9970171583787244,0.0029970171583787245,0.008982111847616485,0,true,true,backward_euler_step_doubling,0.00002,,0.6
0.5836127122464678,R3,resistor,B,0,1000,Ω,,0,,3.0029828416212756,0.0030029828416212757,0.009017905947071792,0,true,true,backward_euler_step_doubling,0.00002,,0.6
0.5836127122464678,R4,resistor,A,C,1000,Ω,,0,,2.0039771221617007,0.0020039771221617006,0.004015924306147492,0,true,true,backward_euler_step_doubling,0.00002,,0.6
0.5836127122464678,R5,resistor,C,0,2000,Ω,,0,,3.9960228778382993,0.0019980114389191498,0.007984099420103542,0,true,true,backward_euler_step_doubling,0.00002,,0.6
0.5836127122464678,C6,capacitor,B,C,100,µF,,0,V,-0.9930400362170237,-0.0000059656832425591945,0.000005924162303250274,0.00004930642567649539,true,true,backward_euler_step_doubling,0.00002,1e-7,0.6
0.5866127122464678,V1,voltage,A,0,6,V,,0,,6,-0.005000969354287326,-0.030005816125723957,0,true,true,backward_euler_step_doubling,0.00002,,0.6
0.5866127122464678,R2,resistor,A,B,1000,Ω,,0,,2.997091937138034,0.002997091937138034,0.008982560079657814,0,true,true,backward_euler_step_doubling,0.00002,,0.6
0.5866127122464678,R3,resistor,B,0,1000,Ω,,0,,3.002908062861966,0.003002908062861966,0.009017456834001404,0,true,true,backward_euler_step_doubling,0.00002,,0.6
0.5866127122464678,R4,resistor,A,C,1000,Ω,,0,,2.003877417149292,0.002003877417149292,0.004015524702960918,0,true,true,backward_euler_step_doubling,0.00002,,0.6
0.5866127122464678,R5,resistor,C,0,2000,Ω,,0,,3.996122582850708,0.001998061291425354,0.007984497848584706,0,true,true,backward_euler_step_doubling,0.00002,,0.6
0.5866127122464678,C6,capacitor,B,C,100,µF,,0,V,-0.9932145199887419,-0.000005816125723937896,0.000005776660519095151,0.000049323754135823344,true,true,backward_euler_step_doubling,0.00002,1e-7,0.6
0.5896127122464678,V1,voltage,A,0,6,V,,0,,6,-0.005000945052926362,-0.030005670317558172,0,true,true,backward_euler_step_doubling,0.00002,,0.6
0.5896127122464678,R2,resistor,A,B,1000,Ω,,0,,2.997164841220924,0.002997164841220924,0.008982997085450847,0,true,true,backward_euler_step_doubling,0.00002,,0.6
0.5896127122464678,R3,resistor,B,0,1000,Ω,,0,,3.002835158779076,0.003002835158779076,0.009017018990799758,0,true,true,backward_euler_step_doubling,0.00002,,0.6
0.5896127122464678,R4,resistor,A,C,1000,Ω,,0,,2.003780211705437,0.002003780211705437,0.0040151351368222865,0,true,true,backward_euler_step_doubling,0.00002,,0.6
0.5896127122464678,R5,resistor,C,0,2000,Ω,,0,,3.996219788294563,0.0019981098941472815,0.00798488629817852,0,true,true,backward_euler_step_doubling,0.00002,,0.6
0.5896127122464678,C6,capacitor,B,C,100,µF,,0,V,-0.9933846295154871,-0.000005670317558174413,0.00000563280630676225,0.00004934065110788108,true,true,backward_euler_step_doubling,0.00002,1e-7,0.6
0.5926127122464678,V1,voltage,A,0,6,V,,0,,6,-0.005000921360791721,-0.030005528164750328,0,true,true,backward_euler_step_doubling,0.00002,,0.6
0.5926127122464678,R2,resistor,A,B,1000,Ω,,0,,2.9972359176248586,0.0029972359176248585,0.008983423145900529,0,true,true,backward_euler_step_doubling,0.00002,,0.6
0.5926127122464678,R3,resistor,B,0,1000,Ω,,0,,3.0027640823751414,0.003002764082375141,0.009016592134402224,0,true,true,backward_euler_step_doubling,0.00002,,0.6
0.5926127122464678,R4,resistor,A,C,1000,Ω,,0,,2.0036854431668623,0.0020036854431668624,0.004014755355158785,0,true,true,backward_euler_step_doubling,0.00002,,0.6
0.5926127122464678,R5,resistor,C,0,2000,Ω,,0,,3.9963145568331377,0.001998157278416569,0.007985265018578219,0,true,true,backward_euler_step_doubling,0.00002,,0.6
0.5926127122464678,C6,capacitor,B,C,100,µF,,0,V,-0.9935504744579964,-0.00000552816475030878,0.00000549251071055126,0.000049357127264785484,true,true,backward_euler_step_doubling,0.00002,1e-7,0.6
0.5956127122464678,V1,voltage,A,0,6,V,,0,,6,-0.005000898262610312,-0.030005389575661873,0,true,true,backward_euler_step_doubling,0.00002,,0.6
0.5956127122464678,R2,resistor,A,B,1000,Ω,,0,,2.9973052121690813,0.0029973052121690814,0.008983838534895941,0,true,true,backward_euler_step_doubling,0.00002,,0.6
0.5956127122464678,R3,resistor,B,0,1000,Ω,,0,,3.0026947878309187,0.0030026947878309188,0.009016175988866965,0,true,true,backward_euler_step_doubling,0.00002,,0.6
0.5956127122464678,R4,resistor,A,C,1000,Ω,,0,,2.00359305044123,0.00200359305044123,0.0040143851117763925,0,true,true,backward_euler_step_doubling,0.00002,,0.6
0.5956127122464678,R5,resistor,C,0,2000,Ω,,0,,3.99640694955877,0.001998203474779385,0.007985634253240817,0,true,true,backward_euler_step_doubling,0.00002,,0.6
0.5956127122464678,C6,capacitor,B,C,100,µF,,0,V,-0.9937121617278515,-0.000005389575661836806,0.0000053556868817196675,0.00004937319301829198,true,true,backward_euler_step_doubling,0.00002,1e-7,0.6
0.5986127122464678,V1,voltage,A,0,6,V,,0,,6,-0.005000875743491945,-0.03000525446095167,0,true,true,backward_euler_step_doubling,0.00002,,0.6
0.5986127122464678,R2,resistor,A,B,1000,Ω,,0,,2.9973727695241728,0.0029973727695241726,0.008984243519485008,0,true,true,backward_euler_step_doubling,0.00002,,0.6
0.5986127122464678,R3,resistor,B,0,1000,Ω,,0,,3.0026272304758272,0.003002627230475827,0.009015770285194936,0,true,true,backward_euler_step_doubling,0.00002,,0.6
0.5986127122464678,R4,resistor,A,C,1000,Ω,,0,,2.0035029739677714,0.0020035029739677713,0.004014024166697705,0,true,true,backward_euler_step_doubling,0.00002,,0.6
0.5986127122464678,R5,resistor,C,0,2000,Ω,,0,,3.9964970260322286,0.001998248513016114,0.007985994239542223,0,true,true,backward_euler_step_doubling,0.00002,,0.6
0.5986127122464678,C6,capacitor,B,C,100,µF,,0,V,-0.9938697955564013,-0.000005254460951661007,0.000005222250031786419,0.00004938885852596614,true,true,backward_euler_step_doubling,0.00002,1e-7,0.6
0.5993063561232339,V1,voltage,A,0,6,V,,0,,6,-0.005000870567516266,-0.030005223405097595,0,true,true,backward_euler_step_doubling,0.00002,,0.6
0.5993063561232339,R2,resistor,A,B,1000,Ω,,0,,2.997388297451142,0.002997388297451142,0.008984336605697056,0,true,true,backward_euler_step_doubling,0.00002,,0.6
0.5993063561232339,R3,resistor,B,0,1000,Ω,,0,,3.002611702548858,0.003002611702548858,0.009015677036283353,0,true,true,backward_euler_step_doubling,0.00002,,0.6
0.5993063561232339,R4,resistor,A,C,1000,Ω,,0,,2.0034822700651223,0.002003482270065122,0.004013941206465295,0,true,true,backward_euler_step_doubling,0.00002,,0.6
0.5993063561232339,R5,resistor,C,0,2000,Ω,,0,,3.9965177299348777,0.001998258864967439,0.007986076982841915,0,true,true,backward_euler_step_doubling,0.00002,,0.6
0.5993063561232339,C6,capacitor,B,C,100,µF,,0,V,-0.9939060273860196,-0.000005223405097618308,0.000005191573810001697,0.000049392459563712955,true,true,backward_euler_step_doubling,0.00002,1e-7,0.6
0.6,V1,voltage,A,0,6,V,,0,,6,-0.005000865422132593,-0.030005192532795558,0,true,true,backward_euler_step_doubling,0.00002,,0.6
0.6,R2,resistor,A,B,1000,Ω,,0,,2.997403733602198,0.002997403733602198,0.008984429142212397,0,true,true,backward_euler_step_doubling,0.00002,,0.6
0.6,R3,resistor,B,0,1000,Ω,,0,,3.002596266397802,0.003002596266397802,0.00901558433898602,0,true,true,backward_euler_step_doubling,0.00002,,0.6
0.6,R4,resistor,A,C,1000,Ω,,0,,2.003461688530393,0.002003461688530393,0.0040138587374090534,0,true,true,backward_euler_step_doubling,0.00002,,0.6
0.6,R5,resistor,C,0,2000,Ω,,0,,3.996538311469607,0.0019982691557348035,0.00798615923752217,0,true,true,backward_euler_step_doubling,0.00002,,0.6
0.6,C6,capacitor,B,C,100,µF,,0,V,-0.9939420450718051,-0.000005192532795553621,0.000005161076665914983,0.000049396039448076105,true,true,backward_euler_step_doubling,0.00002,1e-7,0.6