time_s,component,type,terminal_a,terminal_b,value,unit,closed,initial_value,initial_unit,voltage_a_minus_b_V,current_a_to_b_A,power_absorbed_W,stored_energy_J,voltage_known,current_known,method,relative_local_tolerance,absolute_state_tolerance,window_s,source_waveform,source_amplitude,source_frequency_Hz,source_phase_deg,pulse_width_percent,pulse_edge_percent,initial_switch_closed,switch_timing_enabled,switch_schedule_s,time_side,switch_events,diode_model,diode_Is_A,diode_emission,diode_thermal_voltage_V,nonlinear_iterations,controlled_source_kind,control_positive,control_negative,sense_source_id,control_gain,control_value,control_unit,opamp_model,opamp_lower_V,opamp_upper_V,opamp_region,opamp_unlimited_output_V,opamp_headroom_V,opamp_regions_checked,opamp_timing_enabled,opamp_gbw_Hz,opamp_slew_V_per_us,opamp_starting_output_V,opamp_timing_active,opamp_local_slope_V_per_s,opamp_step_slope_V_per_s
0,V1,voltage,A,0,5,V,,0,,5,-0.000001,-0.0000049999999999999996,0,true,true,initial_constraints,0.00002,,0.02,dc,5,10,0,50,2,,,,,,,,,,2,,,,,,,,,,,,,,,,,,,,,
0,S2,switch,A,B,0,,true,0,,0,0.000001,0,0,true,true,initial_constraints,0.00002,,0.02,,,,,,,true,true,1@0.003=open,,,,,,,2,,,,,,,,,,,,,,,,,,,,,
0,D3,diode,0,B,0,,,0,,-5,-0.000001,0.0000049999999999999996,0,true,true,initial_constraints,0.00002,,0.02,,,,,,,,,,,,schottky,0.000001,1.1,0.02585,2,,,,,,,,,,,,,,,,,,,,,
0,L4,inductor,B,0,100,mH,,0,A,5,0,0,0,true,true,initial_constraints,0.00002,1e-10,0.02,,,,,,,,,,,,,,,,2,,,,,,,,,,,,,,,,,,,,,
0.0001,V1,voltage,A,0,5,V,,0,,5,-0.005001,-0.025005,0,true,true,backward_euler_step_doubling,0.00002,,0.02,dc,5,10,0,50,2,,,,,,,,,,1,,,,,,,,,,,,,,,,,,,,,
0.0001,S2,switch,A,B,0,,true,0,,0,0.005001,0,0,true,true,backward_euler_step_doubling,0.00002,,0.02,,,,,,,true,true,1@0.003=open,,,,,,,1,,,,,,,,,,,,,,,,,,,,,
0.0001,D3,diode,0,B,0,,,0,,-5,-0.000001,0.0000049999999999999996,0,true,true,backward_euler_step_doubling,0.00002,,0.02,,,,,,,,,,,,schottky,0.000001,1.1,0.02585,1,,,,,,,,,,,,,,,,,,,,,
0.0001,L4,inductor,B,0,100,mH,,0,A,5,0.005,0.025,0.00000125,true,true,backward_euler_step_doubling,0.00002,1e-10,0.02,,,,,,,,,,,,,,,,1,,,,,,,,,,,,,,,,,,,,,
0.0002,V1,voltage,A,0,5,V,,0,,5,-0.010001,-0.050004999999999994,0,true,true,backward_euler_step_doubling,0.00002,,0.02,dc,5,10,0,50,2,,,,,,,,,,1,,,,,,,,,,,,,,,,,,,,,
0.0002,S2,switch,A,B,0,,true,0,,0,0.010001,0,0,true,true,backward_euler_step_doubling,0.00002,,0.02,,,,,,,true,true,1@0.003=open,,,,,,,1,,,,,,,,,,,,,,,,,,,,,
0.0002,D3,diode,0,B,0,,,0,,-5,-0.000001,0.0000049999999999999996,0,true,true,backward_euler_step_doubling,0.00002,,0.02,,,,,,,,,,,,schottky,0.000001,1.1,0.02585,1,,,,,,,,,,,,,,,,,,,,,
0.0002,L4,inductor,B,0,100,mH,,0,A,5,0.01,0.05,0.000005,true,true,backward_euler_step_doubling,0.00002,1e-10,0.02,,,,,,,,,,,,,,,,1,,,,,,,,,,,,,,,,,,,,,
0.00030000000000000003,V1,voltage,A,0,5,V,,0,,5,-0.015001,-0.075005,0,true,true,backward_euler_step_doubling,0.00002,,0.02,dc,5,10,0,50,2,,,,,,,,,,1,,,,,,,,,,,,,,,,,,,,,
0.00030000000000000003,S2,switch,A,B,0,,true,0,,0,0.015001,0,0,true,true,backward_euler_step_doubling,0.00002,,0.02,,,,,,,true,true,1@0.003=open,,,,,,,1,,,,,,,,,,,,,,,,,,,,,
0.00030000000000000003,D3,diode,0,B,0,,,0,,-5,-0.000001,0.0000049999999999999996,0,true,true,backward_euler_step_doubling,0.00002,,0.02,,,,,,,,,,,,schottky,0.000001,1.1,0.02585,1,,,,,,,,,,,,,,,,,,,,,
0.00030000000000000003,L4,inductor,B,0,100,mH,,0,A,5,0.015,0.075,0.000011249999999999999,true,true,backward_euler_step_doubling,0.00002,1e-10,0.02,,,,,,,,,,,,,,,,1,,,,,,,,,,,,,,,,,,,,,
0.0004,V1,voltage,A,0,5,V,,0,,5,-0.020000999999999998,-0.10000499999999998,0,true,true,backward_euler_step_doubling,0.00002,,0.02,dc,5,10,0,50,2,,,,,,,,,,1,,,,,,,,,,,,,,,,,,,,,
0.0004,S2,switch,A,B,0,,true,0,,0,0.020000999999999998,0,0,true,true,backward_euler_step_doubling,0.00002,,0.02,,,,,,,true,true,1@0.003=open,,,,,,,1,,,,,,,,,,,,,,,,,,,,,
0.0004,D3,diode,0,B,0,,,0,,-5,-0.000001,0.0000049999999999999996,0,true,true,backward_euler_step_doubling,0.00002,,0.02,,,,,,,,,,,,schottky,0.000001,1.1,0.02585,1,,,,,,,,,,,,,,,,,,,,,
0.0004,L4,inductor,B,0,100,mH,,0,A,5,0.02,0.1,0.00002,true,true,backward_euler_step_doubling,0.00002,1e-10,0.02,,,,,,,,,,,,,,,,1,,,,,,,,,,,,,,,,,,,,,
0.0005,V1,voltage,A,0,5,V,,0,,5,-0.025001000000000002,-0.125005,0,true,true,backward_euler_step_doubling,0.00002,,0.02,dc,5,10,0,50,2,,,,,,,,,,1,,,,,,,,,,,,,,,,,,,,,
0.0005,S2,switch,A,B,0,,true,0,,0,0.025001000000000002,0,0,true,true,backward_euler_step_doubling,0.00002,,0.02,,,,,,,true,true,1@0.003=open,,,,,,,1,,,,,,,,,,,,,,,,,,,,,
0.0005,D3,diode,0,B,0,,,0,,-5,-0.000001,0.0000049999999999999996,0,true,true,backward_euler_step_doubling,0.00002,,0.02,,,,,,,,,,,,schottky,0.000001,1.1,0.02585,1,,,,,,,,,,,,,,,,,,,,,
0.0005,L4,inductor,B,0,100,mH,,0,A,5,0.025,0.125,0.00003125000000000001,true,true,backward_euler_step_doubling,0.00002,1e-10,0.02,,,,,,,,,,,,,,,,1,,,,,,,,,,,,,,,,,,,,,
0.0006000000000000001,V1,voltage,A,0,5,V,,0,,5,-0.030001000000000003,-0.15000500000000003,0,true,true,backward_euler_step_doubling,0.00002,,0.02,dc,5,10,0,50,2,,,,,,,,,,1,,,,,,,,,,,,,,,,,,,,,
0.0006000000000000001,S2,switch,A,B,0,,true,0,,0,0.030001000000000003,0,0,true,true,backward_euler_step_doubling,0.00002,,0.02,,,,,,,true,true,1@0.003=open,,,,,,,1,,,,,,,,,,,,,,,,,,,,,
0.0006000000000000001,D3,diode,0,B,0,,,0,,-5,-0.000001,0.0000049999999999999996,0,true,true,backward_euler_step_doubling,0.00002,,0.02,,,,,,,,,,,,schottky,0.000001,1.1,0.02585,1,,,,,,,,,,,,,,,,,,,,,
0.0006000000000000001,L4,inductor,B,0,100,mH,,0,A,5,0.030000000000000002,0.15000000000000002,0.00004500000000000001,true,true,backward_euler_step_doubling,0.00002,1e-10,0.02,,,,,,,,,,,,,,,,1,,,,,,,,,,,,,,,,,,,,,
0.0007000000000000001,V1,voltage,A,0,5,V,,0,,5,-0.035001000000000004,-0.17500500000000002,0,true,true,backward_euler_step_doubling,0.00002,,0.02,dc,5,10,0,50,2,,,,,,,,,,1,,,,,,,,,,,,,,,,,,,,,
0.0007000000000000001,S2,switch,A,B,0,,true,0,,0,0.035001000000000004,0,0,true,true,backward_euler_step_doubling,0.00002,,0.02,,,,,,,true,true,1@0.003=open,,,,,,,1,,,,,,,,,,,,,,,,,,,,,
0.0007000000000000001,D3,diode,0,B,0,,,0,,-5,-0.000001,0.0000049999999999999996,0,true,true,backward_euler_step_doubling,0.00002,,0.02,,,,,,,,,,,,schottky,0.000001,1.1,0.02585,1,,,,,,,,,,,,,,,,,,,,,
0.0007000000000000001,L4,inductor,B,0,100,mH,,0,A,5,0.035,0.17500000000000002,0.00006125000000000001,true,true,backward_euler_step_doubling,0.00002,1e-10,0.02,,,,,,,,,,,,,,,,1,,,,,,,,,,,,,,,,,,,,,
0.0008,V1,voltage,A,0,5,V,,0,,5,-0.040001,-0.20000500000000002,0,true,true,backward_euler_step_doubling,0.00002,,0.02,dc,5,10,0,50,2,,,,,,,,,,1,,,,,,,,,,,,,,,,,,,,,
0.0008,S2,switch,A,B,0,,true,0,,0,0.040001,0,0,true,true,backward_euler_step_doubling,0.00002,,0.02,,,,,,,true,true,1@0.003=open,,,,,,,1,,,,,,,,,,,,,,,,,,,,,
0.0008,D3,diode,0,B,0,,,0,,-5,-0.000001,0.0000049999999999999996,0,true,true,backward_euler_step_doubling,0.00002,,0.02,,,,,,,,,,,,schottky,0.000001,1.1,0.02585,1,,,,,,,,,,,,,,,,,,,,,
0.0008,L4,inductor,B,0,100,mH,,0,A,5,0.04,0.2,0.00008,true,true,backward_euler_step_doubling,0.00002,1e-10,0.02,,,,,,,,,,,,,,,,1,,,,,,,,,,,,,,,,,,,,,
0.0009,V1,voltage,A,0,5,V,,0,,5,-0.045001,-0.225005,0,true,true,backward_euler_step_doubling,0.00002,,0.02,dc,5,10,0,50,2,,,,,,,,,,1,,,,,,,,,,,,,,,,,,,,,
0.0009,S2,switch,A,B,0,,true,0,,0,0.045001,0,0,true,true,backward_euler_step_doubling,0.00002,,0.02,,,,,,,true,true,1@0.003=open,,,,,,,1,,,,,,,,,,,,,,,,,,,,,
0.0009,D3,diode,0,B,0,,,0,,-5,-0.000001,0.0000049999999999999996,0,true,true,backward_euler_step_doubling,0.00002,,0.02,,,,,,,,,,,,schottky,0.000001,1.1,0.02585,1,,,,,,,,,,,,,,,,,,,,,
0.0009,L4,inductor,B,0,100,mH,,0,A,5,0.045,0.22499999999999998,0.00010125,true,true,backward_euler_step_doubling,0.00002,1e-10,0.02,,,,,,,,,,,,,,,,1,,,,,,,,,,,,,,,,,,,,,
0.001,V1,voltage,A,0,5,V,,0,,5,-0.050001,-0.250005,0,true,true,backward_euler_step_doubling,0.00002,,0.02,dc,5,10,0,50,2,,,,,,,,,,1,,,,,,,,,,,,,,,,,,,,,
0.001,S2,switch,A,B,0,,true,0,,0,0.050001,0,0,true,true,backward_euler_step_doubling,0.00002,,0.02,,,,,,,true,true,1@0.003=open,,,,,,,1,,,,,,,,,,,,,,,,,,,,,
0.001,D3,diode,0,B,0,,,0,,-5,-0.000001,0.0000049999999999999996,0,true,true,backward_euler_step_doubling,0.00002,,0.02,,,,,,,,,,,,schottky,0.000001,1.1,0.02585,1,,,,,,,,,,,,,,,,,,,,,
0.001,L4,inductor,B,0,100,mH,,0,A,5,0.049999999999999996,0.24999999999999997,0.000125,true,true,backward_euler_step_doubling,0.00002,1e-10,0.02,,,,,,,,,,,,,,,,1,,,,,,,,,,,,,,,,,,,,,
0.0011,V1,voltage,A,0,5,V,,0,,5,-0.055001,-0.275005,0,true,true,backward_euler_step_doubling,0.00002,,0.02,dc,5,10,0,50,2,,,,,,,,,,1,,,,,,,,,,,,,,,,,,,,,
0.0011,S2,switch,A,B,0,,true,0,,0,0.055001,0,0,true,true,backward_euler_step_doubling,0.00002,,0.02,,,,,,,true,true,1@0.003=open,,,,,,,1,,,,,,,,,,,,,,,,,,,,,
0.0011,D3,diode,0,B,0,,,0,,-5,-0.000001,0.0000049999999999999996,0,true,true,backward_euler_step_doubling,0.00002,,0.02,,,,,,,,,,,,schottky,0.000001,1.1,0.02585,1,,,,,,,,,,,,,,,,,,,,,
0.0011,L4,inductor,B,0,100,mH,,0,A,5,0.055,0.275,0.00015125000000000002,true,true,backward_euler_step_doubling,0.00002,1e-10,0.02,,,,,,,,,,,,,,,,1,,,,,,,,,,,,,,,,,,,,,
0.0012000000000000001,V1,voltage,A,0,5,V,,0,,5,-0.060001000000000006,-0.300005,0,true,true,backward_euler_step_doubling,0.00002,,0.02,dc,5,10,0,50,2,,,,,,,,,,1,,,,,,,,,,,,,,,,,,,,,
0.0012000000000000001,S2,switch,A,B,0,,true,0,,0,0.060001000000000006,0,0,true,true,backward_euler_step_doubling,0.00002,,0.02,,,,,,,true,true,1@0.003=open,,,,,,,1,,,,,,,,,,,,,,,,,,,,,
0.0012000000000000001,D3,diode,0,B,0,,,0,,-5,-0.000001,0.0000049999999999999996,0,true,true,backward_euler_step_doubling,0.00002,,0.02,,,,,,,,,,,,schottky,0.000001,1.1,0.02585,1,,,,,,,,,,,,,,,,,,,,,
0.0012000000000000001,L4,inductor,B,0,100,mH,,0,A,5,0.060000000000000005,0.30000000000000004,0.00018000000000000004,true,true,backward_euler_step_doubling,0.00002,1e-10,0.02,,,,,,,,,,,,,,,,1,,,,,,,,,,,,,,,,,,,,,
0.0013000000000000002,V1,voltage,A,0,5,V,,0,,5,-0.065001,-0.325005,0,true,true,backward_euler_step_doubling,0.00002,,0.02,dc,5,10,0,50,2,,,,,,,,,,1,,,,,,,,,,,,,,,,,,,,,
0.0013000000000000002,S2,switch,A,B,0,,true,0,,0,0.065001,0,0,true,true,backward_euler_step_doubling,0.00002,,0.02,,,,,,,true,true,1@0.003=open,,,,,,,1,,,,,,,,,,,,,,,,,,,,,
0.0013000000000000002,D3,diode,0,B,0,,,0,,-5,-0.000001,0.0000049999999999999996,0,true,true,backward_euler_step_doubling,0.00002,,0.02,,,,,,,,,,,,schottky,0.000001,1.1,0.02585,1,,,,,,,,,,,,,,,,,,,,,
0.0013000000000000002,L4,inductor,B,0,100,mH,,0,A,5,0.065,0.325,0.00021125000000000004,true,true,backward_euler_step_doubling,0.00002,1e-10,0.02,,,,,,,,,,,,,,,,1,,,,,,,,,,,,,,,,,,,,,
0.0014000000000000002,V1,voltage,A,0,5,V,,0,,5,-0.07000100000000001,-0.350005,0,true,true,backward_euler_step_doubling,0.00002,,0.02,dc,5,10,0,50,2,,,,,,,,,,1,,,,,,,,,,,,,,,,,,,,,
0.0014000000000000002,S2,switch,A,B,0,,true,0,,0,0.07000100000000001,0,0,true,true,backward_euler_step_doubling,0.00002,,0.02,,,,,,,true,true,1@0.003=open,,,,,,,1,,,,,,,,,,,,,,,,,,,,,
0.0014000000000000002,D3,diode,0,B,0,,,0,,-5,-0.000001,0.0000049999999999999996,0,true,true,backward_euler_step_doubling,0.00002,,0.02,,,,,,,,,,,,schottky,0.000001,1.1,0.02585,1,,,,,,,,,,,,,,,,,,,,,
0.0014000000000000002,L4,inductor,B,0,100,mH,,0,A,5,0.07,0.35000000000000003,0.00024500000000000005,true,true,backward_euler_step_doubling,0.00002,1e-10,0.02,,,,,,,,,,,,,,,,1,,,,,,,,,,,,,,,,,,,,,
0.0015000000000000002,V1,voltage,A,0,5,V,,0,,5,-0.07500100000000001,-0.37500500000000003,0,true,true,backward_euler_step_doubling,0.00002,,0.02,dc,5,10,0,50,2,,,,,,,,,,1,,,,,,,,,,,,,,,,,,,,,
0.0015000000000000002,S2,switch,A,B,0,,true,0,,0,0.07500100000000001,0,0,true,true,backward_euler_step_doubling,0.00002,,0.02,,,,,,,true,true,1@0.003=open,,,,,,,1,,,,,,,,,,,,,,,,,,,,,
0.0015000000000000002,D3,diode,0,B,0,,,0,,-5,-0.000001,0.0000049999999999999996,0,true,true,backward_euler_step_doubling,0.00002,,0.02,,,,,,,,,,,,schottky,0.000001,1.1,0.02585,1,,,,,,,,,,,,,,,,,,,,,
0.0015000000000000002,L4,inductor,B,0,100,mH,,0,A,5,0.07500000000000001,0.37500000000000006,0.0002812500000000001,true,true,backward_euler_step_doubling,0.00002,1e-10,0.02,,,,,,,,,,,,,,,,1,,,,,,,,,,,,,,,,,,,,,
0.0016000000000000003,V1,voltage,A,0,5,V,,0,,5,-0.08000100000000002,-0.40000500000000005,0,true,true,backward_euler_step_doubling,0.00002,,0.02,dc,5,10,0,50,2,,,,,,,,,,1,,,,,,,,,,,,,,,,,,,,,
0.0016000000000000003,S2,switch,A,B,0,,true,0,,0,0.08000100000000002,0,0,true,true,backward_euler_step_doubling,0.00002,,0.02,,,,,,,true,true,1@0.003=open,,,,,,,1,,,,,,,,,,,,,,,,,,,,,
0.0016000000000000003,D3,diode,0,B,0,,,0,,-5,-0.000001,0.0000049999999999999996,0,true,true,backward_euler_step_doubling,0.00002,,0.02,,,,,,,,,,,,schottky,0.000001,1.1,0.02585,1,,,,,,,,,,,,,,,,,,,,,
0.0016000000000000003,L4,inductor,B,0,100,mH,,0,A,5,0.08000000000000002,0.4000000000000001,0.00032000000000000013,true,true,backward_euler_step_doubling,0.00002,1e-10,0.02,,,,,,,,,,,,,,,,1,,,,,,,,,,,,,,,,,,,,,
0.0017000000000000003,V1,voltage,A,0,5,V,,0,,5,-0.08500100000000002,-0.4250050000000001,0,true,true,backward_euler_step_doubling,0.00002,,0.02,dc,5,10,0,50,2,,,,,,,,,,1,,,,,,,,,,,,,,,,,,,,,
0.0017000000000000003,S2,switch,A,B,0,,true,0,,0,0.08500100000000002,0,0,true,true,backward_euler_step_doubling,0.00002,,0.02,,,,,,,true,true,1@0.003=open,,,,,,,1,,,,,,,,,,,,,,,,,,,,,
0.0017000000000000003,D3,diode,0,B,0,,,0,,-5,-0.000001,0.0000049999999999999996,0,true,true,backward_euler_step_doubling,0.00002,,0.02,,,,,,,,,,,,schottky,0.000001,1.1,0.02585,1,,,,,,,,,,,,,,,,,,,,,
0.0017000000000000003,L4,inductor,B,0,100,mH,,0,A,5,0.08500000000000002,0.4250000000000001,0.0003612500000000002,true,true,backward_euler_step_doubling,0.00002,1e-10,0.02,,,,,,,,,,,,,,,,1,,,,,,,,,,,,,,,,,,,,,
0.0018000000000000004,V1,voltage,A,0,5,V,,0,,5,-0.09000100000000003,-0.4500050000000001,0,true,true,backward_euler_step_doubling,0.00002,,0.02,dc,5,10,0,50,2,,,,,,,,,,1,,,,,,,,,,,,,,,,,,,,,
0.0018000000000000004,S2,switch,A,B,0,,true,0,,0,0.09000100000000003,0,0,true,true,backward_euler_step_doubling,0.00002,,0.02,,,,,,,true,true,1@0.003=open,,,,,,,1,,,,,,,,,,,,,,,,,,,,,
0.0018000000000000004,D3,diode,0,B,0,,,0,,-5,-0.000001,0.0000049999999999999996,0,true,true,backward_euler_step_doubling,0.00002,,0.02,,,,,,,,,,,,schottky,0.000001,1.1,0.02585,1,,,,,,,,,,,,,,,,,,,,,
0.0018000000000000004,L4,inductor,B,0,100,mH,,0,A,5,0.09000000000000002,0.4500000000000001,0.00040500000000000025,true,true,backward_euler_step_doubling,0.00002,1e-10,0.02,,,,,,,,,,,,,,,,1,,,,,,,,,,,,,,,,,,,,,
0.0019000000000000004,V1,voltage,A,0,5,V,,0,,5,-0.09500100000000003,-0.4750050000000001,0,true,true,backward_euler_step_doubling,0.00002,,0.02,dc,5,10,0,50,2,,,,,,,,,,1,,,,,,,,,,,,,,,,,,,,,
0.0019000000000000004,S2,switch,A,B,0,,true,0,,0,0.09500100000000003,0,0,true,true,backward_euler_step_doubling,0.00002,,0.02,,,,,,,true,true,1@0.003=open,,,,,,,1,,,,,,,,,,,,,,,,,,,,,
0.0019000000000000004,D3,diode,0,B,0,,,0,,-5,-0.000001,0.0000049999999999999996,0,true,true,backward_euler_step_doubling,0.00002,,0.02,,,,,,,,,,,,schottky,0.000001,1.1,0.02585,1,,,,,,,,,,,,,,,,,,,,,
0.0019000000000000004,L4,inductor,B,0,100,mH,,0,A,5,0.09500000000000003,0.47500000000000014,0.0004512500000000003,true,true,backward_euler_step_doubling,0.00002,1e-10,0.02,,,,,,,,,,,,,,,,1,,,,,,,,,,,,,,,,,,,,,
0.0020000000000000005,V1,voltage,A,0,5,V,,0,,5,-0.10000100000000003,-0.5000050000000001,0,true,true,backward_euler_step_doubling,0.00002,,0.02,dc,5,10,0,50,2,,,,,,,,,,1,,,,,,,,,,,,,,,,,,,,,
0.0020000000000000005,S2,switch,A,B,0,,true,0,,0,0.10000100000000003,0,0,true,true,backward_euler_step_doubling,0.00002,,0.02,,,,,,,true,true,1@0.003=open,,,,,,,1,,,,,,,,,,,,,,,,,,,,,
0.0020000000000000005,D3,diode,0,B,0,,,0,,-5,-0.000001,0.0000049999999999999996,0,true,true,backward_euler_step_doubling,0.00002,,0.02,,,,,,,,,,,,schottky,0.000001,1.1,0.02585,1,,,,,,,,,,,,,,,,,,,,,
0.0020000000000000005,L4,inductor,B,0,100,mH,,0,A,5,0.10000000000000003,0.5000000000000002,0.0005000000000000003,true,true,backward_euler_step_doubling,0.00002,1e-10,0.02,,,,,,,,,,,,,,,,1,,,,,,,,,,,,,,,,,,,,,
0.0021000000000000003,V1,voltage,A,0,5,V,,0,,5,-0.10500100000000004,-0.5250050000000002,0,true,true,backward_euler_step_doubling,0.00002,,0.02,dc,5,10,0,50,2,,,,,,,,,,1,,,,,,,,,,,,,,,,,,,,,
0.0021000000000000003,S2,switch,A,B,0,,true,0,,0,0.10500100000000004,0,0,true,true,backward_euler_step_doubling,0.00002,,0.02,,,,,,,true,true,1@0.003=open,,,,,,,1,,,,,,,,,,,,,,,,,,,,,
0.0021000000000000003,D3,diode,0,B,0,,,0,,-5,-0.000001,0.0000049999999999999996,0,true,true,backward_euler_step_doubling,0.00002,,0.02,,,,,,,,,,,,schottky,0.000001,1.1,0.02585,1,,,,,,,,,,,,,,,,,,,,,
0.0021000000000000003,L4,inductor,B,0,100,mH,,0,A,5,0.10500000000000004,0.5250000000000001,0.0005512500000000004,true,true,backward_euler_step_doubling,0.00002,1e-10,0.02,,,,,,,,,,,,,,,,1,,,,,,,,,,,,,,,,,,,,,
0.0022000000000000006,V1,voltage,A,0,5,V,,0,,5,-0.11000100000000004,-0.5500050000000002,0,true,true,backward_euler_step_doubling,0.00002,,0.02,dc,5,10,0,50,2,,,,,,,,,,1,,,,,,,,,,,,,,,,,,,,,
0.0022000000000000006,S2,switch,A,B,0,,true,0,,0,0.11000100000000004,0,0,true,true,backward_euler_step_doubling,0.00002,,0.02,,,,,,,true,true,1@0.003=open,,,,,,,1,,,,,,,,,,,,,,,,,,,,,
0.0022000000000000006,D3,diode,0,B,0,,,0,,-5,-0.000001,0.0000049999999999999996,0,true,true,backward_euler_step_doubling,0.00002,,0.02,,,,,,,,,,,,schottky,0.000001,1.1,0.02585,1,,,,,,,,,,,,,,,,,,,,,
0.0022000000000000006,L4,inductor,B,0,100,mH,,0,A,5,0.11000000000000004,0.5500000000000003,0.0006050000000000005,true,true,backward_euler_step_doubling,0.00002,1e-10,0.02,,,,,,,,,,,,,,,,1,,,,,,,,,,,,,,,,,,,,,
0.002300000000000001,V1,voltage,A,0,5,V,,0,,5,-0.11500100000000005,-0.5750050000000002,0,true,true,backward_euler_step_doubling,0.00002,,0.02,dc,5,10,0,50,2,,,,,,,,,,1,,,,,,,,,,,,,,,,,,,,,
0.002300000000000001,S2,switch,A,B,0,,true,0,,0,0.11500100000000005,0,0,true,true,backward_euler_step_doubling,0.00002,,0.02,,,,,,,true,true,1@0.003=open,,,,,,,1,,,,,,,,,,,,,,,,,,,,,
0.002300000000000001,D3,diode,0,B,0,,,0,,-5,-0.000001,0.0000049999999999999996,0,true,true,backward_euler_step_doubling,0.00002,,0.02,,,,,,,,,,,,schottky,0.000001,1.1,0.02585,1,,,,,,,,,,,,,,,,,,,,,
0.002300000000000001,L4,inductor,B,0,100,mH,,0,A,5,0.11500000000000005,0.5750000000000002,0.0006612500000000006,true,true,backward_euler_step_doubling,0.00002,1e-10,0.02,,,,,,,,,,,,,,,,1,,,,,,,,,,,,,,,,,,,,,
0.0024000000000000007,V1,voltage,A,0,5,V,,0,,5,-0.12000100000000005,-0.6000050000000002,0,true,true,backward_euler_step_doubling,0.00002,,0.02,dc,5,10,0,50,2,,,,,,,,,,1,,,,,,,,,,,,,,,,,,,,,
0.0024000000000000007,S2,switch,A,B,0,,true,0,,0,0.12000100000000005,0,0,true,true,backward_euler_step_doubling,0.00002,,0.02,,,,,,,true,true,1@0.003=open,,,,,,,1,,,,,,,,,,,,,,,,,,,,,
0.0024000000000000007,D3,diode,0,B,0,,,0,,-5,-0.000001,0.0000049999999999999996,0,true,true,backward_euler_step_doubling,0.00002,,0.02,,,,,,,,,,,,schottky,0.000001,1.1,0.02585,1,,,,,,,,,,,,,,,,,,,,,
0.0024000000000000007,L4,inductor,B,0,100,mH,,0,A,5,0.12000000000000005,0.6000000000000003,0.0007200000000000006,true,true,backward_euler_step_doubling,0.00002,1e-10,0.02,,,,,,,,,,,,,,,,1,,,,,,,,,,,,,,,,,,,,,
0.0025000000000000005,V1,voltage,A,0,5,V,,0,,5,-0.12500100000000006,-0.6250050000000003,0,true,true,backward_euler_step_doubling,0.00002,,0.02,dc,5,10,0,50,2,,,,,,,,,,1,,,,,,,,,,,,,,,,,,,,,
0.0025000000000000005,S2,switch,A,B,0,,true,0,,0,0.12500100000000006,0,0,true,true,backward_euler_step_doubling,0.00002,,0.02,,,,,,,true,true,1@0.003=open,,,,,,,1,,,,,,,,,,,,,,,,,,,,,
0.0025000000000000005,D3,diode,0,B,0,,,0,,-5,-0.000001,0.0000049999999999999996,0,true,true,backward_euler_step_doubling,0.00002,,0.02,,,,,,,,,,,,schottky,0.000001,1.1,0.02585,1,,,,,,,,,,,,,,,,,,,,,
0.0025000000000000005,L4,inductor,B,0,100,mH,,0,A,5,0.12500000000000006,0.6250000000000002,0.0007812500000000007,true,true,backward_euler_step_doubling,0.00002,1e-10,0.02,,,,,,,,,,,,,,,,1,,,,,,,,,,,,,,,,,,,,,
0.0026000000000000007,V1,voltage,A,0,5,V,,0,,5,-0.13000100000000006,-0.6500050000000003,0,true,true,backward_euler_step_doubling,0.00002,,0.02,dc,5,10,0,50,2,,,,,,,,,,1,,,,,,,,,,,,,,,,,,,,,
0.0026000000000000007,S2,switch,A,B,0,,true,0,,0,0.13000100000000006,0,0,true,true,backward_euler_step_doubling,0.00002,,0.02,,,,,,,true,true,1@0.003=open,,,,,,,1,,,,,,,,,,,,,,,,,,,,,
0.0026000000000000007,D3,diode,0,B,0,,,0,,-5,-0.000001,0.0000049999999999999996,0,true,true,backward_euler_step_doubling,0.00002,,0.02,,,,,,,,,,,,schottky,0.000001,1.1,0.02585,1,,,,,,,,,,,,,,,,,,,,,
0.0026000000000000007,L4,inductor,B,0,100,mH,,0,A,5,0.13000000000000006,0.6500000000000004,0.0008450000000000008,true,true,backward_euler_step_doubling,0.00002,1e-10,0.02,,,,,,,,,,,,,,,,1,,,,,,,,,,,,,,,,,,,,,
0.002700000000000001,V1,voltage,A,0,5,V,,0,,5,-0.13500100000000007,-0.6750050000000003,0,true,true,backward_euler_step_doubling,0.00002,,0.02,dc,5,10,0,50,2,,,,,,,,,,1,,,,,,,,,,,,,,,,,,,,,
0.002700000000000001,S2,switch,A,B,0,,true,0,,0,0.13500100000000007,0,0,true,true,backward_euler_step_doubling,0.00002,,0.02,,,,,,,true,true,1@0.003=open,,,,,,,1,,,,,,,,,,,,,,,,,,,,,
0.002700000000000001,D3,diode,0,B,0,,,0,,-5,-0.000001,0.0000049999999999999996,0,true,true,backward_euler_step_doubling,0.00002,,0.02,,,,,,,,,,,,schottky,0.000001,1.1,0.02585,1,,,,,,,,,,,,,,,,,,,,,
0.002700000000000001,L4,inductor,B,0,100,mH,,0,A,5,0.13500000000000006,0.6750000000000003,0.0009112500000000009,true,true,backward_euler_step_doubling,0.00002,1e-10,0.02,,,,,,,,,,,,,,,,1,,,,,,,,,,,,,,,,,,,,,
0.002800000000000001,V1,voltage,A,0,5,V,,0,,5,-0.14000100000000007,-0.7000050000000003,0,true,true,backward_euler_step_doubling,0.00002,,0.02,dc,5,10,0,50,2,,,,,,,,,,1,,,,,,,,,,,,,,,,,,,,,
0.002800000000000001,S2,switch,A,B,0,,true,0,,0,0.14000100000000007,0,0,true,true,backward_euler_step_doubling,0.00002,,0.02,,,,,,,true,true,1@0.003=open,,,,,,,1,,,,,,,,,,,,,,,,,,,,,
0.002800000000000001,D3,diode,0,B,0,,,0,,-5,-0.000001,0.0000049999999999999996,0,true,true,backward_euler_step_doubling,0.00002,,0.02,,,,,,,,,,,,schottky,0.000001,1.1,0.02585,1,,,,,,,,,,,,,,,,,,,,,
0.002800000000000001,L4,inductor,B,0,100,mH,,0,A,5,0.14000000000000007,0.7000000000000004,0.000980000000000001,true,true,backward_euler_step_doubling,0.00002,1e-10,0.02,,,,,,,,,,,,,,,,1,,,,,,,,,,,,,,,,,,,,,
0.0029000000000000007,V1,voltage,A,0,5,V,,0,,5,-0.14500100000000005,-0.7250050000000002,0,true,true,backward_euler_step_doubling,0.00002,,0.02,dc,5,10,0,50,2,,,,,,,,,,1,,,,,,,,,,,,,,,,,,,,,
0.0029000000000000007,S2,switch,A,B,0,,true,0,,0,0.14500100000000005,0,0,true,true,backward_euler_step_doubling,0.00002,,0.02,,,,,,,true,true,1@0.003=open,,,,,,,1,,,,,,,,,,,,,,,,,,,,,
0.0029000000000000007,D3,diode,0,B,0,,,0,,-5,-0.000001,0.0000049999999999999996,0,true,true,backward_euler_step_doubling,0.00002,,0.02,,,,,,,,,,,,schottky,0.000001,1.1,0.02585,1,,,,,,,,,,,,,,,,,,,,,
0.0029000000000000007,L4,inductor,B,0,100,mH,,0,A,5,0.14500000000000005,0.7250000000000002,0.0010512500000000008,true,true,backward_euler_step_doubling,0.00002,1e-10,0.02,,,,,,,,,,,,,,,,1,,,,,,,,,,,,,,,,,,,,,
0.003,V1,voltage,A,0,5,V,,0,,5,-0.15000100000000002,-0.7500050000000001,0,true,true,backward_euler_step_doubling,0.00002,,0.02,dc,5,10,0,50,2,,,,before,S2=open,,,,,1,,,,,,,,,,,,,,,,,,,,,
0.003,S2,switch,A,B,0,,true,0,,0,0.15000100000000002,0,0,true,true,backward_euler_step_doubling,0.00002,,0.02,,,,,,,true,true,1@0.003=open,before,S2=open,,,,,1,,,,,,,,,,,,,,,,,,,,,
0.003,D3,diode,0,B,0,,,0,,-5,-0.000001,0.0000049999999999999996,0,true,true,backward_euler_step_doubling,0.00002,,0.02,,,,,,,,,,before,S2=open,schottky,0.000001,1.1,0.02585,1,,,,,,,,,,,,,,,,,,,,,
0.003,L4,inductor,B,0,100,mH,,0,A,5,0.15000000000000002,0.7500000000000001,0.0011250000000000003,true,true,backward_euler_step_doubling,0.00002,1e-10,0.02,,,,,,,,,,before,S2=open,,,,,1,,,,,,,,,,,,,,,,,,,,,
0.003,V1,voltage,A,0,5,V,,0,,5,0,0,0,true,true,switch_constraints,0.00002,,0.02,dc,5,10,0,50,2,,,,after,S2=open,,,,,10,,,,,,,,,,,,,,,,,,,,,
0.003,S2,switch,A,B,0,,false,0,,5.338899625511519,0,0,0,true,true,switch_constraints,0.00002,,0.02,,,,,,,true,true,1@0.003=open,after,S2=open,,,,,10,,,,,,,,,,,,,,,,,,,,,
0.003,D3,diode,0,B,0,,,0,,0.338899625511519,0.15000000000000005,0.05083494382672786,0,true,true,switch_constraints,0.00002,,0.02,,,,,,,,,,after,S2=open,schottky,0.000001,1.1,0.02585,10,,,,,,,,,,,,,,,,,,,,,
0.003,L4,inductor,B,0,100,mH,,0,A,-0.338899625511519,0.15000000000000002,-0.05083494382672785,0.0011250000000000003,true,true,switch_constraints,0.00002,1e-10,0.02,,,,,,,,,,after,S2=open,,,,,10,,,,,,,,,,,,,,,,,,,,,
0.0031000000000000003,V1,voltage,A,0,5,V,,0,,5,0,0,0,true,true,backward_euler_step_doubling,0.00002,,0.02,dc,5,10,0,50,2,,,,,,,,,,2,,,,,,,,,,,,,,,,,,,,,
0.0031000000000000003,S2,switch,A,B,0,,false,0,,5.3388353214021596,0,0,0,true,true,backward_euler_step_doubling,0.00002,,0.02,,,,,,,true,true,1@0.003=open,,,,,,,2,,,,,,,,,,,,,,,,,,,,,
0.0031000000000000003,D3,diode,0,B,0,,,0,,0.33883532140215916,0.14966116467908602,0.05071048883545958,0,true,true,backward_euler_step_doubling,0.00002,,0.02,,,,,,,,,,,,schottky,0.000001,1.1,0.02585,2,,,,,,,,,,,,,,,,,,,,,
0.0031000000000000003,L4,inductor,B,0,100,mH,,0,A,-0.33883532140215916,0.14966116467859786,-0.05071048883529417,0.0011199232106477194,true,true,backward_euler_step_doubling,0.00002,1e-10,0.02,,,,,,,,,,,,,,,,2,,,,,,,,,,,,,,,,,,,,,
0.0032,V1,voltage,A,0,5,V,,0,,5,0,0,0,true,true,backward_euler_step_doubling,0.00002,,0.02,dc,5,10,0,50,2,,,,,,,,,,2,,,,,,,,,,,,,,,,,,,,,
0.0032,S2,switch,A,B,0,,false,0,,5.3387708838135834,0,0,0,true,true,backward_euler_step_doubling,0.00002,,0.02,,,,,,,true,true,1@0.003=open,,,,,,,2,,,,,,,,,,,,,,,,,,,,,
0.0032,D3,diode,0,B,0,,,0,,0.3387708838135833,0.14932239379527545,0.05058607931918539,0,true,true,backward_euler_step_doubling,0.00002,,0.02,,,,,,,,,,,,schottky,0.000001,1.1,0.02585,2,,,,,,,,,,,,,,,,,,,,,
0.0032,L4,inductor,B,0,100,mH,,0,A,-0.3387708838135833,0.14932239379478426,-0.05058607931901899,0.0011148588644302314,true,true,backward_euler_step_doubling,0.00002,1e-10,0.02,,,,,,,,,,,,,,,,2,,,,,,,,,,,,,,,,,,,,,
0.0033,V1,voltage,A,0,5,V,,0,,5,0,0,0,true,true,backward_euler_step_doubling,0.00002,,0.02,dc,5,10,0,50,2,,,,,,,,,,2,,,,,,,,,,,,,,,,,,,,,
0.0033,S2,switch,A,B,0,,false,0,,5.338706312192965,0,0,0,true,true,backward_euler_step_doubling,0.00002,,0.02,,,,,,,true,true,1@0.003=open,,,,,,,2,,,,,,,,,,,,,,,,,,,,,
0.0033,D3,diode,0,B,0,,,0,,0.3387063121929646,0.14898368748308552,0.050461715364305035,0,true,true,backward_euler_step_doubling,0.00002,,0.02,,,,,,,,,,,,schottky,0.000001,1.1,0.02585,2,,,,,,,,,,,,,,,,,,,,,
0.0033,L4,inductor,B,0,100,mH,,0,A,-0.3387063121929646,0.1489836874825913,-0.05046171536413764,0.0011098069567955216,true,true,backward_euler_step_doubling,0.00002,1e-10,0.02,,,,,,,,,,,,,,,,2,,,,,,,,,,,,,,,,,,,,,
0.0034000000000000002,V1,voltage,A,0,5,V,,0,,5,0,0,0,true,true,backward_euler_step_doubling,0.00002,,0.02,dc,5,10,0,50,2,,,,,,,,,,2,,,,,,,,,,,,,,,,,,,,,
0.0034000000000000002,S2,switch,A,B,0,,false,0,,5.338641605983947,0,0,0,true,true,backward_euler_step_doubling,0.00002,,0.02,,,,,,,true,true,1@0.003=open,,,,,,,2,,,,,,,,,,,,,,,,,,,,,
0.0034000000000000002,D3,diode,0,B,0,,,0,,0.33864160598394777,0.14864504587710486,0.050337397057380384,0,true,true,backward_euler_step_doubling,0.00002,,0.02,,,,,,,,,,,,schottky,0.000001,1.1,0.02585,2,,,,,,,,,,,,,,,,,,,,,
0.0034000000000000002,L4,inductor,B,0,100,mH,,0,A,-0.33864160598394777,0.14864504587660735,-0.05033739705721191,0.001104767483182935,true,true,backward_euler_step_doubling,0.00002,1e-10,0.02,,,,,,,,,,,,,,,,2,,,,,,,,,,,,,,,,,,,,,
0.0035000000000000005,V1,voltage,A,0,5,V,,0,,5,0,0,0,true,true,backward_euler_step_doubling,0.00002,,0.02,dc,5,10,0,50,2,,,,,,,,,,2,,,,,,,,,,,,,,,,,,,,,
0.0035000000000000005,S2,switch,A,B,0,,false,0,,5.338576764626712,0,0,0,true,true,backward_euler_step_doubling,0.00002,,0.02,,,,,,,true,true,1@0.003=open,,,,,,,2,,,,,,,,,,,,,,,,,,,,,
0.0035000000000000005,D3,diode,0,B,0,,,0,,0.3385767646267121,0.14830646911248102,0.05021312448531524,0,true,true,backward_euler_step_doubling,0.00002,,0.02,,,,,,,,,,,,schottky,0.000001,1.1,0.02585,2,,,,,,,,,,,,,,,,,,,,,
0.0035000000000000005,L4,inductor,B,0,100,mH,,0,A,-0.3385767646267121,0.14830646911198064,-0.05021312448514582,0.0010997404390231435,true,true,backward_euler_step_doubling,0.00002,1e-10,0.02,,,,,,,,,,,,,,,,2,,,,,,,,,,,,,,,,,,,,,
0.0036000000000000003,V1,voltage,A,0,5,V,,0,,5,0,0,0,true,true,backward_euler_step_doubling,0.00002,,0.02,dc,5,10,0,50,2,,,,,,,,,,2,,,,,,,,,,,,,,,,,,,,,
0.0036000000000000003,S2,switch,A,B,0,,false,0,,5.338511787557943,0,0,0,true,true,backward_euler_step_doubling,0.00002,,0.02,,,,,,,true,true,1@0.003=open,,,,,,,2,,,,,,,,,,,,,,,,,,,,,
0.0036000000000000003,D3,diode,0,B,0,,,0,,0.33851178755794303,0.14796795732492582,0.050088897735358066,0,true,true,backward_euler_step_doubling,0.00002,,0.02,,,,,,,,,,,,schottky,0.000001,1.1,0.02585,2,,,,,,,,,,,,,,,,,,,,,
0.0036000000000000003,L4,inductor,B,0,100,mH,,0,A,-0.33851178755794303,0.1479679573244227,-0.05008889773518776,0.0010947258197381087,true,true,backward_euler_step_doubling,0.00002,1e-10,0.02,,,,,,,,,,,,,,,,2,,,,,,,,,,,,,,,,,,,,,
0.0037,V1,voltage,A,0,5,V,,0,,5,0,0,0,true,true,backward_euler_step_doubling,0.00002,,0.02,dc,5,10,0,50,2,,,,,,,,,,2,,,,,,,,,,,,,,,,,,,,,
0.0037,S2,switch,A,B,0,,false,0,,5.338446674210803,0,0,0,true,true,backward_euler_step_doubling,0.00002,,0.02,,,,,,,true,true,1@0.003=open,,,,,,,2,,,,,,,,,,,,,,,,,,,,,
0.0037,D3,diode,0,B,0,,,0,,0.3384466742108029,0.1476295106507187,0.049964716895104046,0,true,true,backward_euler_step_doubling,0.00002,,0.02,,,,,,,,,,,,schottky,0.000001,1.1,0.02585,2,,,,,,,,,,,,,,,,,,,,,
0.0037,L4,inductor,B,0,100,mH,,0,A,-0.3384466742108029,0.1476295106502119,-0.04996471689493252,0.0010897236207410516,true,true,backward_euler_step_doubling,0.00002,1e-10,0.02,,,,,,,,,,,,,,,,2,,,,,,,,,,,,,,,,,,,,,
0.0038000000000000004,V1,voltage,A,0,5,V,,0,,5,0,0,0,true,true,backward_euler_step_doubling,0.00002,,0.02,dc,5,10,0,50,2,,,,,,,,,,2,,,,,,,,,,,,,,,,,,,,,
0.0038000000000000004,S2,switch,A,B,0,,false,0,,5.338381424014901,0,0,0,true,true,backward_euler_step_doubling,0.00002,,0.02,,,,,,,true,true,1@0.003=open,,,,,,,2,,,,,,,,,,,,,,,,,,,,,
0.0038000000000000004,D3,diode,0,B,0,,,0,,0.33838142401490096,0.14729112922670645,0.049840582052495724,0,true,true,backward_euler_step_doubling,0.00002,,0.02,,,,,,,,,,,,schottky,0.000001,1.1,0.02585,2,,,,,,,,,,,,,,,,,,,,,
0.0038000000000000004,L4,inductor,B,0,100,mH,,0,A,-0.33838142401490096,0.147291129226197,-0.049840582052323334,0.0010847338374364132,true,true,backward_euler_step_doubling,0.00002,1e-10,0.02,,,,,,,,,,,,,,,,2,,,,,,,,,,,,,,,,,,,,,
0.0039000000000000003,V1,voltage,A,0,5,V,,0,,5,0,0,0,true,true,backward_euler_step_doubling,0.00002,,0.02,dc,5,10,0,50,2,,,,,,,,,,2,,,,,,,,,,,,,,,,,,,,,
0.0039000000000000003,S2,switch,A,B,0,,false,0,,5.3383160363962645,0,0,0,true,true,backward_euler_step_doubling,0.00002,,0.02,,,,,,,true,true,1@0.003=open,,,,,,,2,,,,,,,,,,,,,,,,,,,,,
0.0039000000000000003,D3,diode,0,B,0,,,0,,0.33831603639626484,0.1469528131903132,0.04971649329582751,0,true,true,backward_euler_step_doubling,0.00002,,0.02,,,,,,,,,,,,schottky,0.000001,1.1,0.02585,2,,,,,,,,,,,,,,,,,,,,,
0.0039000000000000003,L4,inductor,B,0,100,mH,,0,A,-0.33831603639626484,0.14695281318980075,-0.04971649329565414,0.001079756465219824,true,true,backward_euler_step_doubling,0.00002,1e-10,0.02,,,,,,,,,,,,,,,,2,,,,,,,,,,,,,,,,,,,,,
0.004,V1,voltage,A,0,5,V,,0,,5,0,0,0,true,true,backward_euler_step_doubling,0.00002,,0.02,dc,5,10,0,50,2,,,,,,,,,,2,,,,,,,,,,,,,,,,,,,,,
0.004,S2,switch,A,B,0,,false,0,,5.33825051077731,0,0,0,true,true,backward_euler_step_doubling,0.00002,,0.02,,,,,,,true,true,1@0.003=open,,,,,,,2,,,,,,,,,,,,,,,,,,,,,
0.004,D3,diode,0,B,0,,,0,,0.33825051077730955,0.14661456267953932,0.04959245071374604,0,true,true,backward_euler_step_doubling,0.00002,,0.02,,,,,,,,,,,,schottky,0.000001,1.1,0.02585,2,,,,,,,,,,,,,,,,,,,,,
0.004,L4,inductor,B,0,100,mH,,0,A,-0.33825051077730955,0.14661456267902342,-0.04959245071357154,0.0010747914994780644,true,true,backward_euler_step_doubling,0.00002,1e-10,0.02,,,,,,,,,,,,,,,,2,,,,,,,,,,,,,,,,,,,,,
0.0040999999999999995,V1,voltage,A,0,5,V,,0,,5,0,0,0,true,true,backward_euler_step_doubling,0.00002,,0.02,dc,5,10,0,50,2,,,,,,,,,,2,,,,,,,,,,,,,,,,,,,,,
0.0040999999999999995,S2,switch,A,B,0,,false,0,,5.338184846576807,0,0,0,true,true,backward_euler_step_doubling,0.00002,,0.02,,,,,,,true,true,1@0.003=open,,,,,,,2,,,,,,,,,,,,,,,,,,,,,
0.0040999999999999995,D3,diode,0,B,0,,,0,,0.3381848465768073,0.14627637783296576,0.049468454395252624,0,true,true,backward_euler_step_doubling,0.00002,,0.02,,,,,,,,,,,,schottky,0.000001,1.1,0.02585,2,,,,,,,,,,,,,,,,,,,,,
0.0040999999999999995,L4,inductor,B,0,100,mH,,0,A,-0.3381848465768073,0.14627637783244662,-0.049468454395077056,0.001069838935589034,true,true,backward_euler_step_doubling,0.00002,1e-10,0.02,,,,,,,,,,,,,,,,2,,,,,,,,,,,,,,,,,,,,,
0.0042,V1,voltage,A,0,5,V,,0,,5,0,0,0,true,true,backward_euler_step_doubling,0.00002,,0.02,dc,5,10,0,50,2,,,,,,,,,,2,,,,,,,,,,,,,,,,,,,,,
0.0042,S2,switch,A,B,0,,false,0,,5.338119043209857,0,0,0,true,true,backward_euler_step_doubling,0.00002,,0.02,,,,,,,true,true,1@0.003=open,,,,,,,2,,,,,,,,,,,,,,,,,,,,,
0.0042,D3,diode,0,B,0,,,0,,0.3381190432098571,0.14593825878975875,0.04934450442970574,0,true,true,backward_euler_step_doubling,0.00002,,0.02,,,,,,,,,,,,schottky,0.000001,1.1,0.02585,2,,,,,,,,,,,,,,,,,,,,,
0.0042,L4,inductor,B,0,100,mH,,0,A,-0.3381190432098571,0.14593825878923677,-0.04934450442952926,0.0010648987689217122,true,true,backward_euler_step_doubling,0.00002,1e-10,0.02,,,,,,,,,,,,,,,,2,,,,,,,,,,,,,,,,,,,,,
0.0043,V1,voltage,A,0,5,V,,0,,5,0,0,0,true,true,backward_euler_step_doubling,0.00002,,0.02,dc,5,10,0,50,2,,,,,,,,,,2,,,,,,,,,,,,,,,,,,,,,
0.0043,S2,switch,A,B,0,,false,0,,5.338053100087854,0,0,0,true,true,backward_euler_step_doubling,0.00002,,0.02,,,,,,,true,true,1@0.003=open,,,,,,,2,,,,,,,,,,,,,,,,,,,,,
0.0043,D3,diode,0,B,0,,,0,,0.3380531000878537,0.145600205689674,0.04922060090682345,0,true,true,backward_euler_step_doubling,0.00002,,0.02,,,,,,,,,,,,schottky,0.000001,1.1,0.02585,2,,,,,,,,,,,,,,,,,,,,,
0.0043,L4,inductor,B,0,100,mH,,0,A,-0.3380531000878537,0.14560020568914891,-0.04922060090664595,0.0010599709948361238,true,true,backward_euler_step_doubling,0.00002,1e-10,0.02,,,,,,,,,,,,,,,,2,,,,,,,,,,,,,,,,,,,,,
0.004399999999999999,V1,voltage,A,0,5,V,,0,,5,0,0,0,true,true,backward_euler_step_doubling,0.00002,,0.02,dc,5,10,0,50,2,,,,,,,,,,2,,,,,,,,,,,,,,,,,,,,,
0.004399999999999999,S2,switch,A,B,0,,false,0,,5.337987016618456,0,0,0,true,true,backward_euler_step_doubling,0.00002,,0.02,,,,,,,true,true,1@0.003=open,,,,,,,2,,,,,,,,,,,,,,,,,,,,,
0.004399999999999999,D3,diode,0,B,0,,,0,,0.33798701661845626,0.14526221867305913,0.049096743916685066,0,true,true,backward_euler_step_doubling,0.00002,,0.02,,,,,,,,,,,,schottky,0.000001,1.1,0.02585,2,,,,,,,,,,,,,,,,,,,,,
0.004399999999999999,L4,inductor,B,0,100,mH,,0,A,-0.33798701661845626,0.14526221867253045,-0.049096743916506376,0.0010550556086833028,true,true,backward_euler_step_doubling,0.00002,1e-10,0.02,,,,,,,,,,,,,,,,2,,,,,,,,,,,,,,,,,,,,,
0.004499999999999999,V1,voltage,A,0,5,V,,0,,5,0,0,0,true,true,backward_euler_step_doubling,0.00002,,0.02,dc,5,10,0,50,2,,,,,,,,,,2,,,,,,,,,,,,,,,,,,,,,
0.004499999999999999,S2,switch,A,B,0,,false,0,,5.337920792205557,0,0,0,true,true,backward_euler_step_doubling,0.00002,,0.02,,,,,,,true,true,1@0.003=open,,,,,,,2,,,,,,,,,,,,,,,,,,,,,
0.004499999999999999,D3,diode,0,B,0,,,0,,0.3379207922055563,0.14492429788085692,0.0489729335497332,0,true,true,backward_euler_step_doubling,0.00002,,0.02,,,,,,,,,,,,schottky,0.000001,1.1,0.02585,2,,,,,,,,,,,,,,,,,,,,,
0.004499999999999999,L4,inductor,B,0,100,mH,,0,A,-0.3379207922055563,0.1449242978803249,-0.04897293354955342,0.0010501526058052572,true,true,backward_euler_step_doubling,0.00002,1e-10,0.02,,,,,,,,,,,,,,,,2,,,,,,,,,,,,,,,,,,,,,
0.004599999999999999,V1,voltage,A,0,5,V,,0,,5,0,0,0,true,true,backward_euler_step_doubling,0.00002,,0.02,dc,5,10,0,50,2,,,,,,,,,,2,,,,,,,,,,,,,,,,,,,,,
0.004599999999999999,S2,switch,A,B,0,,false,0,,5.337854426249247,0,0,0,true,true,backward_euler_step_doubling,0.00002,,0.02,,,,,,,true,true,1@0.003=open,,,,,,,2,,,,,,,,,,,,,,,,,,,,,
0.004599999999999999,D3,diode,0,B,0,,,0,,0.33785442624924655,0.1445864434546111,0.04884916989677677,0,true,true,backward_euler_step_doubling,0.00002,,0.02,,,,,,,,,,,,schottky,0.000001,1.1,0.02585,2,,,,,,,,,,,,,,,,,,,,,
0.004599999999999999,L4,inductor,B,0,100,mH,,0,A,-0.33785442624924655,0.14458644345407565,-0.04884916989659586,0.0010452619815349308,true,true,backward_euler_step_doubling,0.00002,1e-10,0.02,,,,,,,,,,,,,,,,2,,,,,,,,,,,,,,,,,,,,,
0.004699999999999999,V1,voltage,A,0,5,V,,0,,5,0,0,0,true,true,backward_euler_step_doubling,0.00002,,0.02,dc,5,10,0,50,2,,,,,,,,,,2,,,,,,,,,,,,,,,,,,,,,
0.004699999999999999,S2,switch,A,B,0,,false,0,,5.3377879181457875,0,0,0,true,true,backward_euler_step_doubling,0.00002,,0.02,,,,,,,true,true,1@0.003=open,,,,,,,2,,,,,,,,,,,,,,,,,,,,,
0.004699999999999999,D3,diode,0,B,0,,,0,,0.3377879181457877,0.14424865553646818,0.04872545304899244,0,true,true,backward_euler_step_doubling,0.00002,,0.02,,,,,,,,,,,,schottky,0.000001,1.1,0.02585,2,,,,,,,,,,,,,,,,,,,,,
0.004699999999999999,L4,inductor,B,0,100,mH,,0,A,-0.3377879181457877,0.14424865553592986,-0.048725453048810596,0.0010403837311961674,true,true,backward_euler_step_doubling,0.00002,1e-10,0.02,,,,,,,,,,,,,,,,2,,,,,,,,,,,,,,,,,,,,,
0.004799999999999999,V1,voltage,A,0,5,V,,0,,5,0,0,0,true,true,backward_euler_step_doubling,0.00002,,0.02,dc,5,10,0,50,2,,,,,,,,,,2,,,,,,,,,,,,,,,,,,,,,
0.004799999999999999,S2,switch,A,B,0,,false,0,,5.337721267287576,0,0,0,true,true,backward_euler_step_doubling,0.00002,,0.02,,,,,,,true,true,1@0.003=open,,,,,,,2,,,,,,,,,,,,,,,,,,,,,
0.004799999999999999,D3,diode,0,B,0,,,0,,0.3377212672875766,0.14391093426918428,0.04860178309792805,0,true,true,backward_euler_step_doubling,0.00002,,0.02,,,,,,,,,,,,schottky,0.000001,1.1,0.02585,2,,,,,,,,,,,,,,,,,,,,,
0.004799999999999999,L4,inductor,B,0,100,mH,,0,A,-0.3377212672875766,0.1439109342686423,-0.048601783097745016,0.0010355178501036742,true,true,backward_euler_step_doubling,0.00002,1e-10,0.02,,,,,,,,,,,,,,,,2,,,,,,,,,,,,,,,,,,,,,
0.004899999999999998,V1,voltage,A,0,5,V,,0,,5,0,0,0,true,true,backward_euler_step_doubling,0.00002,,0.02,dc,5,10,0,50,2,,,,,,,,,,2,,,,,,,,,,,,,,,,,,,,,
0.004899999999999998,S2,switch,A,B,0,,false,0,,5.337654473063113,0,0,0,true,true,backward_euler_step_doubling,0.00002,,0.02,,,,,,,true,true,1@0.003=open,,,,,,,2,,,,,,,,,,,,,,,,,,,,,
0.004899999999999998,D3,diode,0,B,0,,,0,,0.3376544730631125,0.14357327979612436,0.04847816013550319,0,true,true,backward_euler_step_doubling,0.00002,,0.02,,,,,,,,,,,,schottky,0.000001,1.1,0.02585,2,,,,,,,,,,,,,,,,,,,,,
0.004899999999999998,L4,inductor,B,0,100,mH,,0,A,-0.3376544730631125,0.14357327979557918,-0.04847816013531911,0.0010306643335629834,true,true,backward_euler_step_doubling,0.00002,1e-10,0.02,,,,,,,,,,,,,,,,2,,,,,,,,,,,,,,,,,,,,,
0.004999999999999998,V1,voltage,A,0,5,V,,0,,5,0,0,0,true,true,backward_euler_step_doubling,0.00002,,0.02,dc,5,10,0,50,2,,,,,,,,,,2,,,,,,,,,,,,,,,,,,,,,
0.004999999999999998,S2,switch,A,B,0,,false,0,,5.337587534856964,0,0,0,true,true,backward_euler_step_doubling,0.00002,,0.02,,,,,,,true,true,1@0.003=open,,,,,,,2,,,,,,,,,,,,,,,,,,,,,
0.004999999999999998,D3,diode,0,B,0,,,0,,0.33758753485696424,0.14323569226127086,0.048354584254013185,0,true,true,backward_euler_step_doubling,0.00002,,0.02,,,,,,,,,,,,schottky,0.000001,1.1,0.02585,2,,,,,,,,,,,,,,,,,,,,,
0.004999999999999998,L4,inductor,B,0,100,mH,,0,A,-0.33758753485696424,0.14323569226072222,-0.048354584253827965,0.001025823176870416,true,true,backward_euler_step_doubling,0.00002,1e-10,0.02,,,,,,,,,,,,,,,,2,,,,,,,,,,,,,,,,,,,,,
0.005099999999999999,V1,voltage,A,0,5,V,,0,,5,0,0,0,true,true,backward_euler_step_doubling,0.00002,,0.02,dc,5,10,0,50,2,,,,,,,,,,2,,,,,,,,,,,,,,,,,,,,,
0.005099999999999999,S2,switch,A,B,0,,false,0,,5.337520452049736,0,0,0,true,true,backward_euler_step_doubling,0.00002,,0.02,,,,,,,true,true,1@0.003=open,,,,,,,2,,,,,,,,,,,,,,,,,,,,,
0.005099999999999999,D3,diode,0,B,0,,,0,,0.3375204520497362,0.14289817180922484,0.048231055546130434,0,true,true,backward_euler_step_doubling,0.00002,,0.02,,,,,,,,,,,,schottky,0.000001,1.1,0.02585,2,,,,,,,,,,,,,,,,,,,,,
0.005099999999999999,L4,inductor,B,0,100,mH,,0,A,-0.3375204520497362,0.14289817180867248,-0.048231055545944,0.001020994375313044,true,true,backward_euler_step_doubling,0.00002,1e-10,0.02,,,,,,,,,,,,,,,,2,,,,,,,,,,,,,,,,,,,,,
0.005199999999999998,V1,voltage,A,0,5,V,,0,,5,0,0,0,true,true,backward_euler_step_doubling,0.00002,,0.02,dc,5,10,0,50,2,,,,,,,,,,2,,,,,,,,,,,,,,,,,,,,,
0.005199999999999998,S2,switch,A,B,0,,false,0,,5.337453224018034,0,0,0,true,true,backward_euler_step_doubling,0.00002,,0.02,,,,,,,true,true,1@0.003=open,,,,,,,2,,,,,,,,,,,,,,,,,,,,,
0.005199999999999998,D3,diode,0,B,0,,,0,,0.33745322401803407,0.14256071858521024,0.04810757410490687,0,true,true,backward_euler_step_doubling,0.00002,,0.02,,,,,,,,,,,,schottky,0.000001,1.1,0.02585,2,,,,,,,,,,,,,,,,,,,,,
0.005199999999999998,L4,inductor,B,0,100,mH,,0,A,-0.33745322401803407,0.14256071858465444,-0.04810757410471931,0.001016177924168652,true,true,backward_euler_step_doubling,0.00002,1e-10,0.02,,,,,,,,,,,,,,,,2,,,,,,,,,,,,,,,,,,,,,
0.005299999999999997,V1,voltage,A,0,5,V,,0,,5,0,0,0,true,true,backward_euler_step_doubling,0.00002,,0.02,dc,5,10,0,50,2,,,,,,,,,,2,,,,,,,,,,,,,,,,,,,,,
0.005299999999999997,S2,switch,A,B,0,,false,0,,5.337385850134431,0,0,0,true,true,backward_euler_step_doubling,0.00002,,0.02,,,,,,,true,true,1@0.003=open,,,,,,,2,,,,,,,,,,,,,,,,,,,,,
0.005299999999999997,D3,diode,0,B,0,,,0,,0.33738585013443106,0.14222333273507934,0.0479841400237768,0,true,true,backward_euler_step_doubling,0.00002,,0.02,,,,,,,,,,,,schottky,0.000001,1.1,0.02585,2,,,,,,,,,,,,,,,,,,,,,
0.005299999999999997,L4,inductor,B,0,100,mH,,0,A,-0.33738585013443106,0.14222333273452,-0.04798414002358809,0.0010113738187056995,true,true,backward_euler_step_doubling,0.00002,1e-10,0.02,,,,,,,,,,,,,,,,2,,,,,,,,,,,,,,,,,,,,,
0.005399999999999998,V1,voltage,A,0,5,V,,0,,5,0,0,0,true,true,backward_euler_step_doubling,0.00002,,0.02,dc,5,10,0,50,2,,,,,,,,,,2,,,,,,,,,,,,,,,,,,,,,
0.005399999999999998,S2,switch,A,B,0,,false,0,,5.337318329767433,0,0,0,true,true,backward_euler_step_doubling,0.00002,,0.02,,,,,,,true,true,1@0.003=open,,,,,,,2,,,,,,,,,,,,,,,,,,,,,
0.005399999999999998,D3,diode,0,B,0,,,0,,0.3373183297674323,0.14188601440531518,0.04786075339655876,0,true,true,backward_euler_step_doubling,0.00002,,0.02,,,,,,,,,,,,schottky,0.000001,1.1,0.02585,2,,,,,,,,,,,,,,,,,,,,,
0.005399999999999998,L4,inductor,B,0,100,mH,,0,A,-0.3373183297674323,0.14188601440475257,-0.04786075339636898,0.0010065820541832826,true,true,backward_euler_step_doubling,0.00002,1e-10,0.02,,,,,,,,,,,,,,,,2,,,,,,,,,,,,,,,,,,,,,
0.005499999999999998,V1,voltage,A,0,5,V,,0,,5,0,0,0,true,true,backward_euler_step_doubling,0.00002,,0.02,dc,5,10,0,50,2,,,,,,,,,,2,,,,,,,,,,,,,,,,,,,,,
0.005499999999999998,S2,switch,A,B,0,,false,0,,5.33725066228144,0,0,0,true,true,backward_euler_step_doubling,0.00002,,0.02,,,,,,,true,true,1@0.003=open,,,,,,,2,,,,,,,,,,,,,,,,,,,,,
0.005499999999999998,D3,diode,0,B,0,,,0,,0.33725066228144035,0.14154876374303776,0.04773741431745862,0,true,true,backward_euler_step_doubling,0.00002,,0.02,,,,,,,,,,,,schottky,0.000001,1.1,0.02585,2,,,,,,,,,,,,,,,,,,,,,
0.005499999999999998,L4,inductor,B,0,100,mH,,0,A,-0.33725066228144035,0.14154876374247113,-0.047737414317267524,0.0010018026258510955,true,true,backward_euler_step_doubling,0.00002,1e-10,0.02,,,,,,,,,,,,,,,,2,,,,,,,,,,,,,,,,,,,,,
0.005599999999999997,V1,voltage,A,0,5,V,,0,,5,0,0,0,true,true,backward_euler_step_doubling,0.00002,,0.02,dc,5,10,0,50,2,,,,,,,,,,2,,,,,,,,,,,,,,,,,,,,,
0.005599999999999997,S2,switch,A,B,0,,false,0,,5.337182847036718,0,0,0,true,true,backward_euler_step_doubling,0.00002,,0.02,,,,,,,true,true,1@0.003=open,,,,,,,2,,,,,,,,,,,,,,,,,,,,,
0.005599999999999997,D3,diode,0,B,0,,,0,,0.33718284703671864,0.14121158089600427,0.04761412288107063,0,true,true,backward_euler_step_doubling,0.00002,,0.02,,,,,,,,,,,,schottky,0.000001,1.1,0.02585,2,,,,,,,,,,,,,,,,,,,,,
0.005599999999999997,L4,inductor,B,0,100,mH,,0,A,-0.33718284703671864,0.14121158089543442,-0.04761412288087848,0.000997035528949391,true,true,backward_euler_step_doubling,0.00002,1e-10,0.02,,,,,,,,,,,,,,,,2,,,,,,,,,,,,,,,,,,,,,
0.005699999999999997,V1,voltage,A,0,5,V,,0,,5,0,0,0,true,true,backward_euler_step_doubling,0.00002,,0.02,dc,5,10,0,50,2,,,,,,,,,,2,,,,,,,,,,,,,,,,,,,,,
0.005699999999999997,S2,switch,A,B,0,,false,0,,5.337114883389357,0,0,0,true,true,backward_euler_step_doubling,0.00002,,0.02,,,,,,,true,true,1@0.003=open,,,,,,,2,,,,,,,,,,,,,,,,,,,,,
0.005699999999999997,D3,diode,0,B,0,,,0,,0.3371148833893567,0.14087446601261844,0.047490879182381755,0,true,true,backward_euler_step_doubling,0.00002,,0.02,,,,,,,,,,,,schottky,0.000001,1.1,0.02585,2,,,,,,,,,,,,,,,,,,,,,
0.005699999999999997,L4,inductor,B,0,100,mH,,0,A,-0.3371148833893567,0.14087446601204506,-0.047490879182188465,0.000992280758708942,true,true,backward_euler_step_doubling,0.00002,1e-10,0.02,,,,,,,,,,,,,,,,2,,,,,,,,,,,,,,,,,,,,,
0.005799999999999997,V1,voltage,A,0,5,V,,0,,5,0,0,0,true,true,backward_euler_step_doubling,0.00002,,0.02,dc,5,10,0,50,2,,,,,,,,,,2,,,,,,,,,,,,,,,,,,,,,
0.005799999999999997,S2,switch,A,B,0,,false,0,,5.337046770691233,0,0,0,true,true,backward_euler_step_doubling,0.00002,,0.02,,,,,,,true,true,1@0.003=open,,,,,,,2,,,,,,,,,,,,,,,,,,,,,
0.005799999999999997,D3,diode,0,B,0,,,0,,0.3370467706912329,0.14053741924193108,0.04736768331677281,0,true,true,backward_euler_step_doubling,0.00002,,0.02,,,,,,,,,,,,schottky,0.000001,1.1,0.02585,2,,,,,,,,,,,,,,,,,,,,,
0.005799999999999997,L4,inductor,B,0,100,mH,,0,A,-0.3370467706912329,0.14053741924135382,-0.047367683316578243,0.0009875383103510023,true,true,backward_euler_step_doubling,0.00002,1e-10,0.02,,,,,,,,,,,,,,,,2,,,,,,,,,,,,,,,,,,,,,
0.005899999999999997,V1,voltage,A,0,5,V,,0,,5,0,0,0,true,true,backward_euler_step_doubling,0.00002,,0.02,dc,5,10,0,50,2,,,,,,,,,,2,,,,,,,,,,,,,,,,,,,,,
0.005899999999999997,S2,switch,A,B,0,,false,0,,5.336978508289977,0,0,0,true,true,backward_euler_step_doubling,0.00002,,0.02,,,,,,,true,true,1@0.003=open,,,,,,,2,,,,,,,,,,,,,,,,,,,,,
0.005899999999999997,D3,diode,0,B,0,,,0,,0.3369785082899779,0.1402004407336446,0.04724453538002101,0,true,true,backward_euler_step_doubling,0.00002,,0.02,,,,,,,,,,,,schottky,0.000001,1.1,0.02585,2,,,,,,,,,,,,,,,,,,,,,
0.005899999999999997,L4,inductor,B,0,100,mH,,0,A,-0.3369785082899779,0.14020044073306384,-0.04724453537982531,0.0009828081790872673,true,true,backward_euler_step_doubling,0.00002,1e-10,0.02,,,,,,,,,,,,,,,,2,,,,,,,,,,,,,,,,,,,,,
0.005999999999999997,V1,voltage,A,0,5,V,,0,,5,0,0,0,true,true,backward_euler_step_doubling,0.00002,,0.02,dc,5,10,0,50,2,,,,,,,,,,2,,,,,,,,,,,,,,,,,,,,,
0.005999999999999997,S2,switch,A,B,0,,false,0,,5.336910095528938,0,0,0,true,true,backward_euler_step_doubling,0.00002,,0.02,,,,,,,true,true,1@0.003=open,,,,,,,2,,,,,,,,,,,,,,,,,,,,,
0.005999999999999997,D3,diode,0,B,0,,,0,,0.3369100955289379,0.13986353063811954,0.04712143546830339,0,true,true,backward_euler_step_doubling,0.00002,,0.02,,,,,,,,,,,,schottky,0.000001,1.1,0.02585,2,,,,,,,,,,,,,,,,,,,,,
0.005999999999999997,L4,inductor,B,0,100,mH,,0,A,-0.3369100955289379,0.1398635306375349,-0.04712143546810642,0.0009780903601198333,true,true,backward_euler_step_doubling,0.00002,1e-10,0.02,,,,,,,,,,,,,,,,2,,,,,,,,,,,,,,,,,,,,,
0.006099999999999996,V1,voltage,A,0,5,V,,0,,5,0,0,0,true,true,backward_euler_step_doubling,0.00002,,0.02,dc,5,10,0,50,2,,,,,,,,,,2,,,,,,,,,,,,,,,,,,,,,
0.006099999999999996,S2,switch,A,B,0,,false,0,,5.336841531747137,0,0,0,true,true,backward_euler_step_doubling,0.00002,,0.02,,,,,,,true,true,1@0.003=open,,,,,,,2,,,,,,,,,,,,,,,,,,,,,
0.006099999999999996,D3,diode,0,B,0,,,0,,0.3368415317471365,0.1395266891063762,0.04699838367819826,0,true,true,backward_euler_step_doubling,0.00002,,0.02,,,,,,,,,,,,schottky,0.000001,1.1,0.02585,2,,,,,,,,,,,,,,,,,,,,,
0.006099999999999996,L4,inductor,B,0,100,mH,,0,A,-0.3368415317471365,0.13952668910578778,-0.04699838367800006,0.000973384848641158,true,true,backward_euler_step_doubling,0.00002,1e-10,0.02,,,,,,,,,,,,,,,,2,,,,,,,,,,,,,,,,,,,,,
0.006199999999999996,V1,voltage,A,0,5,V,,0,,5,0,0,0,true,true,backward_euler_step_doubling,0.00002,,0.02,dc,5,10,0,50,2,,,,,,,,,,2,,,,,,,,,,,,,,,,,,,,,
0.006199999999999996,S2,switch,A,B,0,,false,0,,5.336772816279237,0,0,0,true,true,backward_euler_step_doubling,0.00002,,0.02,,,,,,,true,true,1@0.003=open,,,,,,,2,,,,,,,,,,,,,,,,,,,,,
0.006199999999999996,D3,diode,0,B,0,,,0,,0.3367728162792369,0.1391899162901007,0.046875380106688444,0,true,true,backward_euler_step_doubling,0.00002,,0.02,,,,,,,,,,,,schottky,0.000001,1.1,0.02585,2,,,,,,,,,,,,,,,,,,,,,
0.006199999999999996,L4,inductor,B,0,100,mH,,0,A,-0.3367728162792369,0.13918991628950855,-0.04687538010648903,0.0009686916398340199,true,true,backward_euler_step_doubling,0.00002,1e-10,0.02,,,,,,,,,,,,,,,,2,,,,,,,,,,,,,,,,,,,,,
0.006299999999999997,V1,voltage,A,0,5,V,,0,,5,0,0,0,true,true,backward_euler_step_doubling,0.00002,,0.02,dc,5,10,0,50,2,,,,,,,,,,2,,,,,,,,,,,,,,,,,,,,,
0.006299999999999997,S2,switch,A,B,0,,false,0,,5.336703948455503,0,0,0,true,true,backward_euler_step_doubling,0.00002,,0.02,,,,,,,true,true,1@0.003=open,,,,,,,2,,,,,,,,,,,,,,,,,,,,,
0.006299999999999997,D3,diode,0,B,0,,,0,,0.3367039484555038,0.13885321234164894,0.04675242485116368,0,true,true,backward_euler_step_doubling,0.00002,,0.02,,,,,,,,,,,,schottky,0.000001,1.1,0.02585,2,,,,,,,,,,,,,,,,,,,,,
0.006299999999999997,L4,inductor,B,0,100,mH,,0,A,-0.3367039484555038,0.13885321234105305,-0.046752424850963044,0.0009640107288714784,true,true,backward_euler_step_doubling,0.00002,1e-10,0.02,,,,,,,,,,,,,,,,2,,,,,,,,,,,,,,,,,,,,,
0.006399999999999996,V1,voltage,A,0,5,V,,0,,5,0,0,0,true,true,backward_euler_step_doubling,0.00002,,0.02,dc,5,10,0,50,2,,,,,,,,,,2,,,,,,,,,,,,,,,,,,,,,
0.006399999999999996,S2,switch,A,B,0,,false,0,,5.336634927601764,0,0,0,true,true,backward_euler_step_doubling,0.00002,,0.02,,,,,,,true,true,1@0.003=open,,,,,,,2,,,,,,,,,,,,,,,,,,,,,
0.006399999999999996,D3,diode,0,B,0,,,0,,0.33663492760176417,0.13851657741405093,0.0466295180094232,0,true,true,backward_euler_step_doubling,0.00002,,0.02,,,,,,,,,,,,schottky,0.000001,1.1,0.02585,2,,,,,,,,,,,,,,,,,,,,,
0.006399999999999996,L4,inductor,B,0,100,mH,,0,A,-0.33663492760176417,0.13851657741345128,-0.046629518009221334,0.000959342110916832,true,true,backward_euler_step_doubling,0.00002,1e-10,0.02,,,,,,,,,,,,,,,,2,,,,,,,,,,,,,,,,,,,,,
0.006499999999999995,V1,voltage,A,0,5,V,,0,,5,0,0,0,true,true,backward_euler_step_doubling,0.00002,,0.02,dc,5,10,0,50,2,,,,,,,,,,2,,,,,,,,,,,,,,,,,,,,,
0.006499999999999995,S2,switch,A,B,0,,false,0,,5.336565753039368,0,0,0,true,true,backward_euler_step_doubling,0.00002,,0.02,,,,,,,true,true,1@0.003=open,,,,,,,2,,,,,,,,,,,,,,,,,,,,,
0.006499999999999995,D3,diode,0,B,0,,,0,,0.3365657530393683,0.13818001166101562,0.046506659679678417,0,true,true,backward_euler_step_doubling,0.00002,,0.02,,,,,,,,,,,,schottky,0.000001,1.1,0.02585,2,,,,,,,,,,,,,,,,,,,,,
0.006499999999999995,L4,inductor,B,0,100,mH,,0,A,-0.3365657530393683,0.1381800116604119,-0.04650665967947523,0.0009546857811235786,true,true,backward_euler_step_doubling,0.00002,1e-10,0.02,,,,,,,,,,,,,,,,2,,,,,,,,,,,,,,,,,,,,,
0.006599999999999996,V1,voltage,A,0,5,V,,0,,5,0,0,0,true,true,backward_euler_step_doubling,0.00002,,0.02,dc,5,10,0,50,2,,,,,,,,,,2,,,,,,,,,,,,,,,,,,,,,
0.006599999999999996,S2,switch,A,B,0,,false,0,,5.33649642408515,0,0,0,true,true,backward_euler_step_doubling,0.00002,,0.02,,,,,,,true,true,1@0.003=open,,,,,,,2,,,,,,,,,,,,,,,,,,,,,
0.006599999999999996,D3,diode,0,B,0,,,0,,0.3364964240851498,0.13784351523693414,0.046383849960555196,0,true,true,backward_euler_step_doubling,0.00002,,0.02,,,,,,,,,,,,schottky,0.000001,1.1,0.02585,2,,,,,,,,,,,,,,,,,,,,,
0.006599999999999996,L4,inductor,B,0,100,mH,,0,A,-0.3364964240851498,0.13784351523632676,-0.04638384996035082,0.0009500417346353725,true,true,backward_euler_step_doubling,0.00002,1e-10,0.02,,,,,,,,,,,,,,,,2,,,,,,,,,,,,,,,,,,,,,
0.006699999999999996,V1,voltage,A,0,5,V,,0,,5,0,0,0,true,true,backward_euler_step_doubling,0.00002,,0.02,dc,5,10,0,50,2,,,,,,,,,,2,,,,,,,,,,,,,,,,,,,,,
0.006699999999999996,S2,switch,A,B,0,,false,0,,5.3364269400513855,0,0,0,true,true,backward_euler_step_doubling,0.00002,,0.02,,,,,,,true,true,1@0.003=open,,,,,,,2,,,,,,,,,,,,,,,,,,,,,
0.006699999999999996,D3,diode,0,B,0,,,0,,0.3364269400513859,0.13750708829688668,0.046261088951097325,0,true,true,backward_euler_step_doubling,0.00002,,0.02,,,,,,,,,,,,schottky,0.000001,1.1,0.02585,2,,,,,,,,,,,,,,,,,,,,,
0.006699999999999996,L4,inductor,B,0,100,mH,,0,A,-0.3364269400513859,0.13750708829627536,-0.04626108895089166,0.0009454099665859835,true,true,backward_euler_step_doubling,0.00002,1e-10,0.02,,,,,,,,,,,,,,,,2,,,,,,,,,,,,,,,,,,,,,
0.006799999999999995,V1,voltage,A,0,5,V,,0,,5,0,0,0,true,true,backward_euler_step_doubling,0.00002,,0.02,dc,5,10,0,50,2,,,,,,,,,,2,,,,,,,,,,,,,,,,,,,,,
0.006799999999999995,S2,switch,A,B,0,,false,0,,5.336357300245757,0,0,0,true,true,backward_euler_step_doubling,0.00002,,0.02,,,,,,,true,true,1@0.003=open,,,,,,,2,,,,,,,,,,,,,,,,,,,,,
0.006799999999999995,D3,diode,0,B,0,,,0,,0.3363573002457565,0.1371707309966452,0.046138376750768484,0,true,true,backward_euler_step_doubling,0.00002,,0.02,,,,,,,,,,,,schottky,0.000001,1.1,0.02585,2,,,,,,,,,,,,,,,,,,,,,
0.006799999999999995,L4,inductor,B,0,100,mH,,0,A,-0.3363573002457565,0.1371707309960296,-0.04613837675056143,0.0009407904720992559,true,true,backward_euler_step_doubling,0.00002,1e-10,0.02,,,,,,,,,,,,,,,,2,,,,,,,,,,,,,,,,,,,,,
0.006899999999999995,V1,voltage,A,0,5,V,,0,,5,0,0,0,true,true,backward_euler_step_doubling,0.00002,,0.02,dc,5,10,0,50,2,,,,,,,,,,2,,,,,,,,,,,,,,,,,,,,,
0.006899999999999995,S2,switch,A,B,0,,false,0,,5.336287503971303,0,0,0,true,true,backward_euler_step_doubling,0.00002,,0.02,,,,,,,true,true,1@0.003=open,,,,,,,2,,,,,,,,,,,,,,,,,,,,,
0.006899999999999995,D3,diode,0,B,0,,,0,,0.33628750397130325,0.13683444349267782,0.04601571345945496,0,true,true,backward_euler_step_doubling,0.00002,,0.02,,,,,,,,,,,,schottky,0.000001,1.1,0.02585,2,,,,,,,,,,,,,,,,,,,,,
0.006899999999999995,L4,inductor,B,0,100,mH,,0,A,-0.33628750397130325,0.1368344434920583,-0.04601571345924663,0.000936183246289065,true,true,backward_euler_step_doubling,0.00002,1e-10,0.02,,,,,,,,,,,,,,,,2,,,,,,,,,,,,,,,,,,,,,
0.006999999999999995,V1,voltage,A,0,5,V,,0,,5,0,0,0,true,true,backward_euler_step_doubling,0.00002,,0.02,dc,5,10,0,50,2,,,,,,,,,,2,,,,,,,,,,,,,,,,,,,,,
0.006999999999999995,S2,switch,A,B,0,,false,0,,5.3362175505263885,0,0,0,true,true,backward_euler_step_doubling,0.00002,,0.02,,,,,,,true,true,1@0.003=open,,,,,,,2,,,,,,,,,,,,,,,,,,,,,
0.006999999999999995,D3,diode,0,B,0,,,0,,0.33621755052638813,0.13649822594215538,0.04589309917746897,0,true,true,backward_euler_step_doubling,0.00002,,0.02,,,,,,,,,,,,schottky,0.000001,1.1,0.02585,2,,,,,,,,,,,,,,,,,,,,,
0.006999999999999995,L4,inductor,B,0,100,mH,,0,A,-0.33621755052638813,0.13649822594153194,-0.04589309917725936,0.0009315882842592752,true,true,backward_euler_step_doubling,0.00002,1e-10,0.02,,,,,,,,,,,,,,,,2,,,,,,,,,,,,,,,,,,,,,
0.007099999999999995,V1,voltage,A,0,5,V,,0,,5,0,0,0,true,true,backward_euler_step_doubling,0.00002,,0.02,dc,5,10,0,50,2,,,,,,,,,,2,,,,,,,,,,,,,,,,,,,,,
0.007099999999999995,S2,switch,A,B,0,,false,0,,5.336147439204652,0,0,0,true,true,backward_euler_step_doubling,0.00002,,0.02,,,,,,,true,true,1@0.003=open,,,,,,,2,,,,,,,,,,,,,,,,,,,,,
0.007099999999999995,D3,diode,0,B,0,,,0,,0.3361474392046516,0.13616207850295495,0.04577053400555105,0,true,true,backward_euler_step_doubling,0.00002,,0.02,,,,,,,,,,,,schottky,0.000001,1.1,0.02585,2,,,,,,,,,,,,,,,,,,,,,
0.007099999999999995,L4,inductor,B,0,100,mH,,0,A,-0.3361474392046516,0.13616207850232728,-0.04577053400534006,0.000927005581103697,true,true,backward_euler_step_doubling,0.00002,1e-10,0.02,,,,,,,,,,,,,,,,2,,,,,,,,,,,,,,,,,,,,,
0.007199999999999995,V1,voltage,A,0,5,V,,0,,5,0,0,0,true,true,backward_euler_step_doubling,0.00002,,0.02,dc,5,10,0,50,2,,,,,,,,,,2,,,,,,,,,,,,,,,,,,,,,
0.007199999999999995,S2,switch,A,B,0,,false,0,,5.33607716929497,0,0,0,true,true,backward_euler_step_doubling,0.00002,,0.02,,,,,,,true,true,1@0.003=open,,,,,,,2,,,,,,,,,,,,,,,,,,,,,
0.007199999999999995,D3,diode,0,B,0,,,0,,0.3360771692949699,0.13582600133366407,0.045648018044872625,0,true,true,backward_euler_step_doubling,0.00002,,0.02,,,,,,,,,,,,schottky,0.000001,1.1,0.02585,2,,,,,,,,,,,,,,,,,,,,,
0.007199999999999995,L4,inductor,B,0,100,mH,,0,A,-0.3360771692949699,0.13582600133303233,-0.04564801804466031,0.000922435131906045,true,true,backward_euler_step_doubling,0.00002,1e-10,0.02,,,,,,,,,,,,,,,,2,,,,,,,,,,,,,,,,,,,,,
0.007299999999999994,V1,voltage,A,0,5,V,,0,,5,0,0,0,true,true,backward_euler_step_doubling,0.00002,,0.02,dc,5,10,0,50,2,,,,,,,,,,2,,,,,,,,,,,,,,,,,,,,,
0.007299999999999994,S2,switch,A,B,0,,false,0,,5.336006740081412,0,0,0,true,true,backward_euler_step_doubling,0.00002,,0.02,,,,,,,true,true,1@0.003=open,,,,,,,2,,,,,,,,,,,,,,,,,,,,,
0.007299999999999994,D3,diode,0,B,0,,,0,,0.33600674008141235,0.13548999459358688,0.04552555139703931,0,true,true,backward_euler_step_doubling,0.00002,,0.02,,,,,,,,,,,,schottky,0.000001,1.1,0.02585,2,,,,,,,,,,,,,,,,,,,,,
0.007299999999999994,L4,inductor,B,0,100,mH,,0,A,-0.33600674008141235,0.1354899945929509,-0.04552555139682562,0.0009178769317398934,true,true,backward_euler_step_doubling,0.00002,1e-10,0.02,,,,,,,,,,,,,,,,2,,,,,,,,,,,,,,,,,,,,,
0.007399999999999994,V1,voltage,A,0,5,V,,0,,5,0,0,0,true,true,backward_euler_step_doubling,0.00002,,0.02,dc,5,10,0,50,2,,,,,,,,,,2,,,,,,,,,,,,,,,,,,,,,
0.007399999999999994,S2,switch,A,B,0,,false,0,,5.335936150843198,0,0,0,true,true,backward_euler_step_doubling,0.00002,,0.02,,,,,,,true,true,1@0.003=open,,,,,,,2,,,,,,,,,,,,,,,,,,,,,
0.007399999999999994,D3,diode,0,B,0,,,0,,0.3359361508431979,0.13515405844274778,0.0454031341640933,0,true,true,backward_euler_step_doubling,0.00002,,0.02,,,,,,,,,,,,schottky,0.000001,1.1,0.02585,2,,,,,,,,,,,,,,,,,,,,,
0.007399999999999994,L4,inductor,B,0,100,mH,,0,A,-0.3359361508431979,0.1351540584421077,-0.04540313416387828,0.0009133309756686333,true,true,backward_euler_step_doubling,0.00002,1e-10,0.02,,,,,,,,,,,,,,,,2,,,,,,,,,,,,,,,,,,,,,
0.0074999999999999945,V1,voltage,A,0,5,V,,0,,5,0,0,0,true,true,backward_euler_step_doubling,0.00002,,0.02,dc,5,10,0,50,2,,,,,,,,,,2,,,,,,,,,,,,,,,,,,,,,
0.0074999999999999945,S2,switch,A,B,0,,false,0,,5.335865400854652,0,0,0,true,true,backward_euler_step_doubling,0.00002,,0.02,,,,,,,true,true,1@0.003=open,,,,,,,2,,,,,,,,,,,,,,,,,,,,,
0.0074999999999999945,D3,diode,0,B,0,,,0,,0.33586540085465144,0.13481819304189757,0.04528076644851671,0,true,true,backward_euler_step_doubling,0.00002,,0.02,,,,,,,,,,,,schottky,0.000001,1.1,0.02585,2,,,,,,,,,,,,,,,,,,,,,
0.0074999999999999945,L4,inductor,B,0,100,mH,,0,A,-0.33586540085465144,0.13481819304125306,-0.04528076644830024,0.0009087972587454289,true,true,backward_euler_step_doubling,0.00002,1e-10,0.02,,,,,,,,,,,,,,,,2,,,,,,,,,,,,,,,,,,,,,
0.007599999999999994,V1,voltage,A,0,5,V,,0,,5,0,0,0,true,true,backward_euler_step_doubling,0.00002,,0.02,dc,5,10,0,50,2,,,,,,,,,,2,,,,,,,,,,,,,,,,,,,,,
0.007599999999999994,S2,switch,A,B,0,,false,0,,5.335794489385159,0,0,0,true,true,backward_euler_step_doubling,0.00002,,0.02,,,,,,,true,true,1@0.003=open,,,,,,,2,,,,,,,,,,,,,,,,,,,,,
0.007599999999999994,D3,diode,0,B,0,,,0,,0.3357944893851591,0.1344823985525166,0.045158448353233765,0,true,true,backward_euler_step_doubling,0.00002,,0.02,,,,,,,,,,,,schottky,0.000001,1.1,0.02585,2,,,,,,,,,,,,,,,,,,,,,
0.007599999999999994,L4,inductor,B,0,100,mH,,0,A,-0.3357944893851591,0.1344823985518679,-0.04515844835301594,0.000904275776013172,true,true,backward_euler_step_doubling,0.00002,1e-10,0.02,,,,,,,,,,,,,,,,2,,,,,,,,,,,,,,,,,,,,,
0.007699999999999993,V1,voltage,A,0,5,V,,0,,5,0,0,0,true,true,backward_euler_step_doubling,0.00002,,0.02,dc,5,10,0,50,2,,,,,,,,,,2,,,,,,,,,,,,,,,,,,,,,
0.007699999999999993,S2,switch,A,B,0,,false,0,,5.335723415699124,0,0,0,true,true,backward_euler_step_doubling,0.00002,,0.02,,,,,,,true,true,1@0.003=open,,,,,,,2,,,,,,,,,,,,,,,,,,,,,
0.007699999999999993,D3,diode,0,B,0,,,0,,0.3357234156991237,0.13414667513682182,0.04503617998161453,0,true,true,backward_euler_step_doubling,0.00002,,0.02,,,,,,,,,,,,schottky,0.000001,1.1,0.02585,2,,,,,,,,,,,,,,,,,,,,,
0.007699999999999993,L4,inductor,B,0,100,mH,,0,A,-0.3357234156991237,0.13414667513616876,-0.04503617998139529,0.00089976652250444,true,true,backward_euler_step_doubling,0.00002,1e-10,0.02,,,,,,,,,,,,,,,,2,,,,,,,,,,,,,,,,,,,,,
0.007799999999999994,V1,voltage,A,0,5,V,,0,,5,0,0,0,true,true,backward_euler_step_doubling,0.00002,,0.02,dc,5,10,0,50,2,,,,,,,,,,2,,,,,,,,,,,,,,,,,,,,,
0.007799999999999994,S2,switch,A,B,0,,false,0,,5.335652179055919,0,0,0,true,true,backward_euler_step_doubling,0.00002,,0.02,,,,,,,true,true,1@0.003=open,,,,,,,2,,,,,,,,,,,,,,,,,,,,,
0.007799999999999994,D3,diode,0,B,0,,,0,,0.3356521790559191,0.13381102295777025,0.0449139614374772,0,true,true,backward_euler_step_doubling,0.00002,,0.02,,,,,,,,,,,,schottky,0.000001,1.1,0.02585,2,,,,,,,,,,,,,,,,,,,,,
0.007799999999999994,L4,inductor,B,0,100,mH,,0,A,-0.3356521790559191,0.13381102295711284,-0.04491396143725654,0.000895269493241449,true,true,backward_euler_step_doubling,0.00002,1e-10,0.02,,,,,,,,,,,,,,,,2,,,,,,,,,,,,,,,,,,,,,
0.007899999999999994,V1,voltage,A,0,5,V,,0,,5,0,0,0,true,true,backward_euler_step_doubling,0.00002,,0.02,dc,5,10,0,50,2,,,,,,,,,,2,,,,,,,,,,,,,,,,,,,,,
0.007899999999999994,S2,switch,A,B,0,,false,0,,5.335580778709844,0,0,0,true,true,backward_euler_step_doubling,0.00002,,0.02,,,,,,,true,true,1@0.003=open,,,,,,,2,,,,,,,,,,,,,,,,,,,,,
0.007899999999999994,D3,diode,0,B,0,,,0,,0.3355807787098446,0.1334754421790647,0.044791792825091374,0,true,true,backward_euler_step_doubling,0.00002,,0.02,,,,,,,,,,,,schottky,0.000001,1.1,0.02585,2,,,,,,,,,,,,,,,,,,,,,
0.007899999999999994,L4,inductor,B,0,100,mH,,0,A,-0.3355807787098446,0.133475442178403,-0.04479179282486931,0.00089078468323601,true,true,backward_euler_step_doubling,0.00002,1e-10,0.02,,,,,,,,,,,,,,,,2,,,,,,,,,,,,,,,,,,,,,
0.007999999999999993,V1,voltage,A,0,5,V,,0,,5,0,0,0,true,true,backward_euler_step_doubling,0.00002,,0.02,dc,5,10,0,50,2,,,,,,,,,,2,,,,,,,,,,,,,,,,,,,,,
0.007999999999999993,S2,switch,A,B,0,,false,0,,5.335509213910078,0,0,0,true,true,backward_euler_step_doubling,0.00002,,0.02,,,,,,,true,true,1@0.003=open,,,,,,,2,,,,,,,,,,,,,,,,,,,,,
0.007999999999999993,D3,diode,0,B,0,,,0,,0.33550921391007826,0.13313993296515914,0.04466967424918106,0,true,true,backward_euler_step_doubling,0.00002,,0.02,,,,,,,,,,,,schottky,0.000001,1.1,0.02585,2,,,,,,,,,,,,,,,,,,,,,
0.007999999999999993,L4,inductor,B,0,100,mH,,0,A,-0.33550921391007826,0.13313993296449292,-0.044669674248957535,0.0008863120874894834,true,true,backward_euler_step_doubling,0.00002,1e-10,0.02,,,,,,,,,,,,,,,,2,,,,,,,,,,,,,,,,,,,,,
0.008099999999999993,V1,voltage,A,0,5,V,,0,,5,0,0,0,true,true,backward_euler_step_doubling,0.00002,,0.02,dc,5,10,0,50,2,,,,,,,,,,2,,,,,,,,,,,,,,,,,,,,,
0.008099999999999993,S2,switch,A,B,0,,false,0,,5.33543748390063,0,0,0,true,true,backward_euler_step_doubling,0.00002,,0.02,,,,,,,true,true,1@0.003=open,,,,,,,2,,,,,,,,,,,,,,,,,,,,,
0.008099999999999993,D3,diode,0,B,0,,,0,,0.33543748390063005,0.13280449548126283,0.04454760581492739,0,true,true,backward_euler_step_doubling,0.00002,,0.02,,,,,,,,,,,,schottky,0.000001,1.1,0.02585,2,,,,,,,,,,,,,,,,,,,,,
0.008099999999999993,L4,inductor,B,0,100,mH,,0,A,-0.33543748390063005,0.13280449548059228,-0.04454760581470247,0.000881851700992733,true,true,backward_euler_step_doubling,0.00002,1e-10,0.02,,,,,,,,,,,,,,,,2,,,,,,,,,,,,,,,,,,,,,
0.008199999999999994,V1,voltage,A,0,5,V,,0,,5,0,0,0,true,true,backward_euler_step_doubling,0.00002,,0.02,dc,5,10,0,50,2,,,,,,,,,,2,,,,,,,,,,,,,,,,,,,,,
0.008199999999999994,S2,switch,A,B,0,,false,0,,5.335365587920294,0,0,0,true,true,backward_euler_step_doubling,0.00002,,0.02,,,,,,,true,true,1@0.003=open,,,,,,,2,,,,,,,,,,,,,,,,,,,,,
0.008199999999999994,D3,diode,0,B,0,,,0,,0.3353655879202945,0.1324691298933474,0.0444255876279723,0,true,true,backward_euler_step_doubling,0.00002,,0.02,,,,,,,,,,,,schottky,0.000001,1.1,0.02585,2,,,,,,,,,,,,,,,,,,,,,
0.008199999999999994,L4,inductor,B,0,100,mH,,0,A,-0.3353655879202945,0.13246912989267198,-0.044425587627745795,0.0008774035187260801,true,true,backward_euler_step_doubling,0.00002,1e-10,0.02,,,,,,,,,,,,,,,,2,,,,,,,,,,,,,,,,,,,,,
0.008299999999999995,V1,voltage,A,0,5,V,,0,,5,0,0,0,true,true,backward_euler_step_doubling,0.00002,,0.02,dc,5,10,0,50,2,,,,,,,,,,2,,,,,,,,,,,,,,,,,,,,,
0.008299999999999995,S2,switch,A,B,0,,false,0,,5.335293525202602,0,0,0,true,true,backward_euler_step_doubling,0.00002,,0.02,,,,,,,true,true,1@0.003=open,,,,,,,2,,,,,,,,,,,,,,,,,,,,,
0.008299999999999995,D3,diode,0,B,0,,,0,,0.335293525202602,0.13213383636814882,0.0443036197944204,0,true,true,backward_euler_step_doubling,0.00002,,0.02,,,,,,,,,,,,schottky,0.000001,1.1,0.02585,2,,,,,,,,,,,,,,,,,,,,,
0.008299999999999995,L4,inductor,B,0,100,mH,,0,A,-0.335293525202602,0.1321338363674694,-0.04430361979419259,0.0008729675356592589,true,true,backward_euler_step_doubling,0.00002,1e-10,0.02,,,,,,,,,,,,,,,,2,,,,,,,,,,,,,,,,,,,,,
0.008399999999999994,V1,voltage,A,0,5,V,,0,,5,0,0,0,true,true,backward_euler_step_doubling,0.00002,,0.02,dc,5,10,0,50,2,,,,,,,,,,2,,,,,,,,,,,,,,,,,,,,,
0.008399999999999994,S2,switch,A,B,0,,false,0,,5.335221294975772,0,0,0,true,true,backward_euler_step_doubling,0.00002,,0.02,,,,,,,true,true,1@0.003=open,,,,,,,2,,,,,,,,,,,,,,,,,,,,,
0.008399999999999994,D3,diode,0,B,0,,,0,,0.33522129497577163,0.13179861507317803,0.044181702420843995,0,true,true,backward_euler_step_doubling,0.00002,,0.02,,,,,,,,,,,,schottky,0.000001,1.1,0.02585,2,,,,,,,,,,,,,,,,,,,,,
0.008399999999999994,L4,inductor,B,0,100,mH,,0,A,-0.33522129497577163,0.13179861507249363,-0.04418170242061457,0.0008685437467513673,true,true,backward_euler_step_doubling,0.00002,1e-10,0.02,,,,,,,,,,,,,,,,2,,,,,,,,,,,,,,,,,,,,,
0.008499999999999994,V1,voltage,A,0,5,V,,0,,5,0,0,0,true,true,backward_euler_step_doubling,0.00002,,0.02,dc,5,10,0,50,2,,,,,,,,,,2,,,,,,,,,,,,,,,,,,,,,
0.008499999999999994,S2,switch,A,B,0,,false,0,,5.33514889646266,0,0,0,true,true,backward_euler_step_doubling,0.00002,,0.02,,,,,,,true,true,1@0.003=open,,,,,,,2,,,,,,,,,,,,,,,,,,,,,
0.008499999999999994,D3,diode,0,B,0,,,0,,0.3351488964626602,0.13146346617672006,0.04405983561428398,0,true,true,backward_euler_step_doubling,0.00002,,0.02,,,,,,,,,,,,schottky,0.000001,1.1,0.02585,2,,,,,,,,,,,,,,,,,,,,,
0.008499999999999994,L4,inductor,B,0,100,mH,,0,A,-0.3351488964626602,0.13146346617603097,-0.044059835614053036,0.0008641321469508219,true,true,backward_euler_step_doubling,0.00002,1e-10,0.02,,,,,,,,,,,,,,,,2,,,,,,,,,,,,,,,,,,,,,
0.008599999999999995,V1,voltage,A,0,5,V,,0,,5,0,0,0,true,true,backward_euler_step_doubling,0.00002,,0.02,dc,5,10,0,50,2,,,,,,,,,,2,,,,,,,,,,,,,,,,,,,,,
0.008599999999999995,S2,switch,A,B,0,,false,0,,5.335076328880714,0,0,0,true,true,backward_euler_step_doubling,0.00002,,0.02,,,,,,,true,true,1@0.003=open,,,,,,,2,,,,,,,,,,,,,,,,,,,,,
0.008599999999999995,D3,diode,0,B,0,,,0,,0.3350763288807139,0.13112838984784414,0.04393801948225469,0,true,true,backward_euler_step_doubling,0.00002,,0.02,,,,,,,,,,,,schottky,0.000001,1.1,0.02585,2,,,,,,,,,,,,,,,,,,,,,
0.008599999999999995,L4,inductor,B,0,100,mH,,0,A,-0.3350763288807139,0.13112838984715025,-0.04393801948202219,0.000859732731195311,true,true,backward_euler_step_doubling,0.00002,1e-10,0.02,,,,,,,,,,,,,,,,2,,,,,,,,,,,,,,,,,,,,,
0.008699999999999996,V1,voltage,A,0,5,V,,0,,5,0,0,0,true,true,backward_euler_step_doubling,0.00002,,0.02,dc,5,10,0,50,2,,,,,,,,,,2,,,,,,,,,,,,,,,,,,,,,
0.008699999999999996,S2,switch,A,B,0,,false,0,,5.335003591441917,0,0,0,true,true,backward_euler_step_doubling,0.00002,,0.02,,,,,,,true,true,1@0.003=open,,,,,,,2,,,,,,,,,,,,,,,,,,,,,
0.008699999999999996,D3,diode,0,B,0,,,0,,0.3350035914419174,0.13079338625640657,0.04381625413274612,0,true,true,backward_euler_step_doubling,0.00002,,0.02,,,,,,,,,,,,schottky,0.000001,1.1,0.02585,2,,,,,,,,,,,,,,,,,,,,,
0.008699999999999996,L4,inductor,B,0,100,mH,,0,A,-0.3350035914419174,0.13079338625570833,-0.0438162541325122,0.0008553454944117457,true,true,backward_euler_step_doubling,0.00002,1e-10,0.02,,,,,,,,,,,,,,,,2,,,,,,,,,,,,,,,,,,,,,
0.008799999999999995,V1,voltage,A,0,5,V,,0,,5,0,0,0,true,true,backward_euler_step_doubling,0.00002,,0.02,dc,5,10,0,50,2,,,,,,,,,,2,,,,,,,,,,,,,,,,,,,,,
0.008799999999999995,S2,switch,A,B,0,,false,0,,5.334930683352743,0,0,0,true,true,backward_euler_step_doubling,0.00002,,0.02,,,,,,,true,true,1@0.003=open,,,,,,,2,,,,,,,,,,,,,,,,,,,,,
0.008799999999999995,D3,diode,0,B,0,,,0,,0.3349306833527431,0.13045845557305857,0.04369453967422799,0,true,true,backward_euler_step_doubling,0.00002,,0.02,,,,,,,,,,,,schottky,0.000001,1.1,0.02585,2,,,,,,,,,,,,,,,,,,,,,
0.008799999999999995,L4,inductor,B,0,100,mH,,0,A,-0.3349306833527431,0.13045845557235558,-0.04369453967399253,0.0008509704315162138,true,true,backward_euler_step_doubling,0.00002,1e-10,0.02,,,,,,,,,,,,,,,,2,,,,,,,,,,,,,,,,,,,,,
0.008899999999999995,V1,voltage,A,0,5,V,,0,,5,0,0,0,true,true,backward_euler_step_doubling,0.00002,,0.02,dc,5,10,0,50,2,,,,,,,,,,2,,,,,,,,,,,,,,,,,,,,,
0.008899999999999995,S2,switch,A,B,0,,false,0,,5.3348576038141,0,0,0,true,true,backward_euler_step_doubling,0.00002,,0.02,,,,,,,true,true,1@0.003=open,,,,,,,2,,,,,,,,,,,,,,,,,,,,,
0.008899999999999995,D3,diode,0,B,0,,,0,,0.33485760381409974,0.1301235979692496,0.04357287621565218,0,true,true,backward_euler_step_doubling,0.00002,,0.02,,,,,,,,,,,,schottky,0.000001,1.1,0.02585,2,,,,,,,,,,,,,,,,,,,,,
0.008899999999999995,L4,inductor,B,0,100,mH,,0,A,-0.33485760381409974,0.13012359796854148,-0.04357287621541506,0.0008466075374139306,true,true,backward_euler_step_doubling,0.00002,1e-10,0.02,,,,,,,,,,,,,,,,2,,,,,,,,,,,,,,,,,,,,,
0.008999999999999996,V1,voltage,A,0,5,V,,0,,5,0,0,0,true,true,backward_euler_step_doubling,0.00002,,0.02,dc,5,10,0,50,2,,,,,,,,,,2,,,,,,,,,,,,,,,,,,,,,
0.008999999999999996,S2,switch,A,B,0,,false,0,,5.33478435202128,0,0,0,true,true,backward_euler_step_doubling,0.00002,,0.02,,,,,,,true,true,1@0.003=open,,,,,,,2,,,,,,,,,,,,,,,,,,,,,
0.008999999999999996,D3,diode,0,B,0,,,0,,0.3347843520212799,0.1297888136172329,0.04345126386645599,0,true,true,backward_euler_step_doubling,0.00002,,0.02,,,,,,,,,,,,schottky,0.000001,1.1,0.02585,2,,,,,,,,,,,,,,,,,,,,,
0.008999999999999996,L4,inductor,B,0,100,mH,,0,A,-0.3347843520212799,0.1297888136165202,-0.04345126386621738,0.000842256806999191,true,true,backward_euler_step_doubling,0.00002,1e-10,0.02,,,,,,,,,,,,,,,,2,,,,,,,,,,,,,,,,,,,,,
0.009099999999999997,V1,voltage,A,0,5,V,,0,,5,0,0,0,true,true,backward_euler_step_doubling,0.00002,,0.02,dc,5,10,0,50,2,,,,,,,,,,2,,,,,,,,,,,,,,,,,,,,,
0.009099999999999997,S2,switch,A,B,0,,false,0,,5.334710927163908,0,0,0,true,true,backward_euler_step_doubling,0.00002,,0.02,,,,,,,true,true,1@0.003=open,,,,,,,2,,,,,,,,,,,,,,,,,,,,,
0.009099999999999997,D3,diode,0,B,0,,,0,,0.33471092716390793,0.12945410269007396,0.0433297027365664,0,true,true,backward_euler_step_doubling,0.00002,,0.02,,,,,,,,,,,,schottky,0.000001,1.1,0.02585,2,,,,,,,,,,,,,,,,,,,,,
0.009099999999999997,L4,inductor,B,0,100,mH,,0,A,-0.33471092716390793,0.12945410268935628,-0.043329702736326185,0.00083791823515532,true,true,backward_euler_step_doubling,0.00002,1e-10,0.02,,,,,,,,,,,,,,,,2,,,,,,,,,,,,,,,,,,,,,
0.009199999999999996,V1,voltage,A,0,5,V,,0,,5,0,0,0,true,true,backward_euler_step_doubling,0.00002,,0.02,dc,5,10,0,50,2,,,,,,,,,,2,,,,,,,,,,,,,,,,,,,,,
0.009199999999999996,S2,switch,A,B,0,,false,0,,5.334637328425886,0,0,0,true,true,backward_euler_step_doubling,0.00002,,0.02,,,,,,,true,true,1@0.003=open,,,,,,,2,,,,,,,,,,,,,,,,,,,,,
0.009199999999999996,D3,diode,0,B,0,,,0,,0.33463732842588634,0.12911946536165347,0.04320819293640249,0,true,true,backward_euler_step_doubling,0.00002,,0.02,,,,,,,,,,,,schottky,0.000001,1.1,0.02585,2,,,,,,,,,,,,,,,,,,,,,
0.009199999999999996,L4,inductor,B,0,100,mH,,0,A,-0.33463732842588634,0.12911946536093039,-0.04320819293616052,0.000833591816754625,true,true,backward_euler_step_doubling,0.00002,1e-10,0.02,,,,,,,,,,,,,,,,2,,,,,,,,,,,,,,,,,,,,,
0.009299999999999996,V1,voltage,A,0,5,V,,0,,5,0,0,0,true,true,backward_euler_step_doubling,0.00002,,0.02,dc,5,10,0,50,2,,,,,,,,,,2,,,,,,,,,,,,,,,,,,,,,
0.009299999999999996,S2,switch,A,B,0,,false,0,,5.334563554985341,0,0,0,true,true,backward_euler_step_doubling,0.00002,,0.02,,,,,,,true,true,1@0.003=open,,,,,,,2,,,,,,,,,,,,,,,,,,,,,
0.009299999999999996,D3,diode,0,B,0,,,0,,0.3345635549853414,0.12878490180667265,0.04308673457687852,0,true,true,backward_euler_step_doubling,0.00002,,0.02,,,,,,,,,,,,schottky,0.000001,1.1,0.02585,2,,,,,,,,,,,,,,,,,,,,,
0.009299999999999996,L4,inductor,B,0,100,mH,,0,A,-0.3345635549853414,0.12878490180594504,-0.04308673457663509,0.0008292775466583453,true,true,backward_euler_step_doubling,0.00002,1e-10,0.02,,,,,,,,,,,,,,,,2,,,,,,,,,,,,,,,,,,,,,
0.009399999999999997,V1,voltage,A,0,5,V,,0,,5,0,0,0,true,true,backward_euler_step_doubling,0.00002,,0.02,dc,5,10,0,50,2,,,,,,,,,,2,,,,,,,,,,,,,,,,,,,,,
0.009399999999999997,S2,switch,A,B,0,,false,0,,5.33448960601457,0,0,0,true,true,backward_euler_step_doubling,0.00002,,0.02,,,,,,,true,true,1@0.003=open,,,,,,,2,,,,,,,,,,,,,,,,,,,,,
0.009399999999999997,D3,diode,0,B,0,,,0,,0.3344896060145697,0.12845041220066342,0.04296532776940898,0,true,true,backward_euler_step_doubling,0.00002,,0.02,,,,,,,,,,,,schottky,0.000001,1.1,0.02585,2,,,,,,,,,,,,,,,,,,,,,
0.009399999999999997,L4,inductor,B,0,100,mH,,0,A,-0.3344896060145697,0.12845041219993047,-0.04296532776916382,0.0008249754197166024,true,true,backward_euler_step_doubling,0.00002,1e-10,0.02,,,,,,,,,,,,,,,,2,,,,,,,,,,,,,,,,,,,,,
0.009499999999999998,V1,voltage,A,0,5,V,,0,,5,0,0,0,true,true,backward_euler_step_doubling,0.00002,,0.02,dc,5,10,0,50,2,,,,,,,,,,2,,,,,,,,,,,,,,,,,,,,,
0.009499999999999998,S2,switch,A,B,0,,false,0,,5.334415480679982,0,0,0,true,true,backward_euler_step_doubling,0.00002,,0.02,,,,,,,true,true,1@0.003=open,,,,,,,2,,,,,,,,,,,,,,,,,,,,,
0.009499999999999998,D3,diode,0,B,0,,,0,,0.33441548067998156,0.12811599671998827,0.04284397262590982,0,true,true,backward_euler_step_doubling,0.00002,,0.02,,,,,,,,,,,,schottky,0.000001,1.1,0.02585,2,,,,,,,,,,,,,,,,,,,,,
0.009499999999999998,L4,inductor,B,0,100,mH,,0,A,-0.33441548067998156,0.1281159967192505,-0.0428439726256631,0.0008206854307683503,true,true,backward_euler_step_doubling,0.00002,1e-10,0.02,,,,,,,,,,,,,,,,2,,,,,,,,,,,,,,,,,,,,,
0.009599999999999997,V1,voltage,A,0,5,V,,0,,5,0,0,0,true,true,backward_euler_step_doubling,0.00002,,0.02,dc,5,10,0,50,2,,,,,,,,,,2,,,,,,,,,,,,,,,,,,,,,
0.009599999999999997,S2,switch,A,B,0,,false,0,,5.334341178142046,0,0,0,true,true,backward_euler_step_doubling,0.00002,,0.02,,,,,,,true,true,1@0.003=open,,,,,,,2,,,,,,,,,,,,,,,,,,,,,
0.009599999999999997,D3,diode,0,B,0,,,0,,0.3343411781420464,0.12778165554185122,0.04272266925880369,0,true,true,backward_euler_step_doubling,0.00002,,0.02,,,,,,,,,,,,schottky,0.000001,1.1,0.02585,2,,,,,,,,,,,,,,,,,,,,,
0.009599999999999997,L4,inductor,B,0,100,mH,,0,A,-0.3343411781420464,0.12778165554110846,-0.042722669258555356,0.0008164075746413248,true,true,backward_euler_step_doubling,0.00002,1e-10,0.02,,,,,,,,,,,,,,,,2,,,,,,,,,,,,,,,,,,,,,
0.009699999999999997,V1,voltage,A,0,5,V,,0,,5,0,0,0,true,true,backward_euler_step_doubling,0.00002,,0.02,dc,5,10,0,50,2,,,,,,,,,,2,,,,,,,,,,,,,,,,,,,,,
0.009699999999999997,S2,switch,A,B,0,,false,0,,5.334266697555235,0,0,0,true,true,backward_euler_step_doubling,0.00002,,0.02,,,,,,,true,true,1@0.003=open,,,,,,,2,,,,,,,,,,,,,,,,,,,,,
0.009699999999999997,D3,diode,0,B,0,,,0,,0.33426669755523525,0.1274473888443013,0.04260141778102252,0,true,true,backward_euler_step_doubling,0.00002,,0.02,,,,,,,,,,,,schottky,0.000001,1.1,0.02585,2,,,,,,,,,,,,,,,,,,,,,
0.009699999999999997,L4,inductor,B,0,100,mH,,0,A,-0.33426669755523525,0.12744738884355322,-0.04260141778077247,0.0008121418461519928,true,true,backward_euler_step_doubling,0.00002,1e-10,0.02,,,,,,,,,,,,,,,,2,,,,,,,,,,,,,,,,,,,,,
0.009799999999999998,V1,voltage,A,0,5,V,,0,,5,0,0,0,true,true,backward_euler_step_doubling,0.00002,,0.02,dc,5,10,0,50,2,,,,,,,,,,2,,,,,,,,,,,,,,,,,,,,,
0.009799999999999998,S2,switch,A,B,0,,false,0,,5.334192038067964,0,0,0,true,true,backward_euler_step_doubling,0.00002,,0.02,,,,,,,true,true,1@0.003=open,,,,,,,2,,,,,,,,,,,,,,,,,,,,,
0.009799999999999998,D3,diode,0,B,0,,,0,,0.3341920380679641,0.12711319680623875,0.042480218306011154,0,true,true,backward_euler_step_doubling,0.00002,,0.02,,,,,,,,,,,,schottky,0.000001,1.1,0.02585,2,,,,,,,,,,,,,,,,,,,,,
0.009799999999999998,L4,inductor,B,0,100,mH,,0,A,-0.3341920380679641,0.12711319680548525,-0.04248021830575934,0.0008078882401055013,true,true,backward_euler_step_doubling,0.00002,1e-10,0.02,,,,,,,,,,,,,,,,2,,,,,,,,,,,,,,,,,,,,,
0.009899999999999999,V1,voltage,A,0,5,V,,0,,5,0,0,0,true,true,backward_euler_step_doubling,0.00002,,0.02,dc,5,10,0,50,2,,,,,,,,,,2,,,,,,,,,,,,,,,,,,,,,
0.009899999999999999,S2,switch,A,B,0,,false,0,,5.334117198822535,0,0,0,true,true,backward_euler_step_doubling,0.00002,,0.02,,,,,,,true,true,1@0.003=open,,,,,,,2,,,,,,,,,,,,,,,,,,,,,
0.009899999999999999,D3,diode,0,B,0,,,0,,0.3341171988225357,0.12677907960742146,0.04235907094773092,0,true,true,backward_euler_step_doubling,0.00002,,0.02,,,,,,,,,,,,schottky,0.000001,1.1,0.02585,2,,,,,,,,,,,,,,,,,,,,,
0.009899999999999999,L4,inductor,B,0,100,mH,,0,A,-0.3341171988225357,0.1267790796066627,-0.04235907094747741,0.0008036467512956261,true,true,backward_euler_step_doubling,0.00002,1e-10,0.02,,,,,,,,,,,,,,,,2,,,,,,,,,,,,,,,,,,,,,
0.009999999999999998,V1,voltage,A,0,5,V,,0,,5,0,0,0,true,true,backward_euler_step_doubling,0.00002,,0.02,dc,5,10,0,50,2,,,,,,,,,,2,,,,,,,,,,,,,,,,,,,,,
0.009999999999999998,S2,switch,A,B,0,,false,0,,5.334042178955081,0,0,0,true,true,backward_euler_step_doubling,0.00002,,0.02,,,,,,,true,true,1@0.003=open,,,,,,,2,,,,,,,,,,,,,,,,,,,,,
0.009999999999999998,D3,diode,0,B,0,,,0,,0.3340421789550812,0.12644503742847168,0.04223797582066348,0,true,true,backward_euler_step_doubling,0.00002,,0.02,,,,,,,,,,,,schottky,0.000001,1.1,0.02585,2,,,,,,,,,,,,,,,,,,,,,
0.009999999999999998,L4,inductor,B,0,100,mH,,0,A,-0.3340421789550812,0.12644503742770763,-0.04223797582040825,0.0007994173745047192,true,true,backward_euler_step_doubling,0.00002,1e-10,0.02,,,,,,,,,,,,,,,,2,,,,,,,,,,,,,,,,,,,,,
0.010099999999999998,V1,voltage,A,0,5,V,,0,,5,0,0,0,true,true,backward_euler_step_doubling,0.00002,,0.02,dc,5,10,0,50,2,,,,,,,,,,2,,,,,,,,,,,,,,,,,,,,,
0.010099999999999998,S2,switch,A,B,0,,false,0,,5.333966977595501,0,0,0,true,true,backward_euler_step_doubling,0.00002,,0.02,,,,,,,true,true,1@0.003=open,,,,,,,2,,,,,,,,,,,,,,,,,,,,,
0.010099999999999998,D3,diode,0,B,0,,,0,,0.33396697759550065,0.12611107045088157,0.04211693303981417,0,true,true,backward_euler_step_doubling,0.00002,,0.02,,,,,,,,,,,,schottky,0.000001,1.1,0.02585,2,,,,,,,,,,,,,,,,,,,,,
0.010099999999999998,L4,inductor,B,0,100,mH,,0,A,-0.33396697759550065,0.12611107045011213,-0.0421169330395572,0.0007952001045036573,true,true,backward_euler_step_doubling,0.00002,1e-10,0.02,,,,,,,,,,,,,,,,2,,,,,,,,,,,,,,,,,,,,,
0.010199999999999999,V1,voltage,A,0,5,V,,0,,5,0,0,0,true,true,backward_euler_step_doubling,0.00002,,0.02,dc,5,10,0,50,2,,,,,,,,,,2,,,,,,,,,,,,,,,,,,,,,
0.010199999999999999,S2,switch,A,B,0,,false,0,,5.333891593867403,0,0,0,true,true,backward_euler_step_doubling,0.00002,,0.02,,,,,,,true,true,1@0.003=open,,,,,,,2,,,,,,,,,,,,,,,,,,,,,
0.010199999999999999,D3,diode,0,B,0,,,0,,0.3338915938674031,0.12577717885701947,0.04199594272071566,0,true,true,backward_euler_step_doubling,0.00002,,0.02,,,,,,,,,,,,schottky,0.000001,1.1,0.02585,2,,,,,,,,,,,,,,,,,,,,,
0.010199999999999999,L4,inductor,B,0,100,mH,,0,A,-0.3338915938674031,0.12577717885624473,-0.04199594272045699,0.0007909949360517889,true,true,backward_euler_step_doubling,0.00002,1e-10,0.02,,,,,,,,,,,,,,,,2,,,,,,,,,,,,,,,,,,,,,
0.0103,V1,voltage,A,0,5,V,,0,,5,0,0,0,true,true,backward_euler_step_doubling,0.00002,,0.02,dc,5,10,0,50,2,,,,,,,,,,3,,,,,,,,,,,,,,,,,,,,,
0.0103,S2,switch,A,B,0,,false,0,,5.333816026887869,0,0,0,true,true,backward_euler_step_doubling,0.00002,,0.02,,,,,,,true,true,1@0.003=open,,,,,,,3,,,,,,,,,,,,,,,,,,,,,
0.0103,D3,diode,0,B,0,,,0,,0.3338160268878691,0.12544336282935692,0.04187500497914933,0,true,true,backward_euler_step_doubling,0.00002,,0.02,,,,,,,,,,,,schottky,0.000001,1.1,0.02585,3,,,,,,,,,,,,,,,,,,,,,
0.0103,L4,inductor,B,0,100,mH,,0,A,-0.3338160268878691,0.12544336282935686,-0.04187500497914931,0.0007868018638968836,true,true,backward_euler_step_doubling,0.00002,1e-10,0.02,,,,,,,,,,,,,,,,3,,,,,,,,,,,,,,,,,,,,,
0.0104,V1,voltage,A,0,5,V,,0,,5,0,0,0,true,true,backward_euler_step_doubling,0.00002,,0.02,dc,5,10,0,50,2,,,,,,,,,,3,,,,,,,,,,,,,,,,,,,,,
0.0104,S2,switch,A,B,0,,false,0,,5.333740275768094,0,0,0,true,true,backward_euler_step_doubling,0.00002,,0.02,,,,,,,true,true,1@0.003=open,,,,,,,3,,,,,,,,,,,,,,,,,,,,,
0.0104,D3,diode,0,B,0,,,0,,0.33374027576809456,0.12510962255358835,0.0417541199322768,0,true,true,backward_euler_step_doubling,0.00002,,0.02,,,,,,,,,,,,schottky,0.000001,1.1,0.02585,3,,,,,,,,,,,,,,,,,,,,,
0.0104,L4,inductor,B,0,100,mH,,0,A,-0.33374027576809456,0.12510962255358876,-0.041754119932276935,0.0007826208827750724,true,true,backward_euler_step_doubling,0.00002,1e-10,0.02,,,,,,,,,,,,,,,,3,,,,,,,,,,,,,,,,,,,,,
0.010499999999999999,V1,voltage,A,0,5,V,,0,,5,0,0,0,true,true,backward_euler_step_doubling,0.00002,,0.02,dc,5,10,0,50,2,,,,,,,,,,3,,,,,,,,,,,,,,,,,,,,,
0.010499999999999999,S2,switch,A,B,0,,false,0,,5.333664339612273,0,0,0,true,true,backward_euler_step_doubling,0.00002,,0.02,,,,,,,true,true,1@0.003=open,,,,,,,3,,,,,,,,,,,,,,,,,,,,,
0.010499999999999999,D3,diode,0,B,0,,,0,,0.3336643396122734,0.12477595821397679,0.04163328769695518,0,true,true,backward_euler_step_doubling,0.00002,,0.02,,,,,,,,,,,,schottky,0.000001,1.1,0.02585,3,,,,,,,,,,,,,,,,,,,,,
0.010499999999999999,L4,inductor,B,0,100,mH,,0,A,-0.3336643396122734,0.12477595821397648,-0.04163328769695508,0.0007784519874108003,true,true,backward_euler_step_doubling,0.00002,1e-10,0.02,,,,,,,,,,,,,,,,3,,,,,,,,,,,,,,,,,,,,,
0.0106,V1,voltage,A,0,5,V,,0,,5,0,0,0,true,true,backward_euler_step_doubling,0.00002,,0.02,dc,5,10,0,50,2,,,,,,,,,,3,,,,,,,,,,,,,,,,,,,,,
0.0106,S2,switch,A,B,0,,false,0,,5.333588217518235,0,0,0,true,true,backward_euler_step_doubling,0.00002,,0.02,,,,,,,true,true,1@0.003=open,,,,,,,3,,,,,,,,,,,,,,,,,,,,,
0.0106,D3,diode,0,B,0,,,0,,0.33358821751823536,0.12444236999645827,0.04151250839086325,0,true,true,backward_euler_step_doubling,0.00002,,0.02,,,,,,,,,,,,schottky,0.000001,1.1,0.02585,3,,,,,,,,,,,,,,,,,,,,,
0.0106,L4,inductor,B,0,100,mH,,0,A,-0.33358821751823536,0.12444236999645825,-0.04151250839086324,0.0007742951725167707,true,true,backward_euler_step_doubling,0.00002,1e-10,0.02,,,,,,,,,,,,,,,,3,,,,,,,,,,,,,,,,,,,,,
0.010700000000000001,V1,voltage,A,0,5,V,,0,,5,0,0,0,true,true,backward_euler_step_doubling,0.00002,,0.02,dc,5,10,0,50,2,,,,,,,,,,3,,,,,,,,,,,,,,,,,,,,,
0.010700000000000001,S2,switch,A,B,0,,false,0,,5.333511908577209,0,0,0,true,true,backward_euler_step_doubling,0.00002,,0.02,,,,,,,true,true,1@0.003=open,,,,,,,3,,,,,,,,,,,,,,,,,,,,,
0.010700000000000001,D3,diode,0,B,0,,,0,,0.3335119085772089,0.1241088580878808,0.0413917821322271,0,true,true,backward_euler_step_doubling,0.00002,,0.02,,,,,,,,,,,,schottky,0.000001,1.1,0.02585,3,,,,,,,,,,,,,,,,,,,,,
0.010700000000000001,L4,inductor,B,0,100,mH,,0,A,-0.3335119085772089,0.12410885808788104,-0.041391782132227176,0.0007701504327938897,true,true,backward_euler_step_doubling,0.00002,1e-10,0.02,,,,,,,,,,,,,,,,3,,,,,,,,,,,,,,,,,,,,,
0.0108,V1,voltage,A,0,5,V,,0,,5,0,0,0,true,true,backward_euler_step_doubling,0.00002,,0.02,dc,5,10,0,50,2,,,,,,,,,,3,,,,,,,,,,,,,,,,,,,,,
0.0108,S2,switch,A,B,0,,false,0,,5.333435411873755,0,0,0,true,true,backward_euler_step_doubling,0.00002,,0.02,,,,,,,true,true,1@0.003=open,,,,,,,3,,,,,,,,,,,,,,,,,,,,,
0.0108,D3,diode,0,B,0,,,0,,0.33343541187375564,0.12377542267600729,0.04127110903982268,0,true,true,backward_euler_step_doubling,0.00002,,0.02,,,,,,,,,,,,schottky,0.000001,1.1,0.02585,3,,,,,,,,,,,,,,,,,,,,,
0.0108,L4,inductor,B,0,100,mH,,0,A,-0.33343541187375564,0.12377542267600729,-0.04127110903982268,0.000766017762931213,true,true,backward_euler_step_doubling,0.00002,1e-10,0.02,,,,,,,,,,,,,,,,3,,,,,,,,,,,,,,,,,,,,,
0.0109,V1,voltage,A,0,5,V,,0,,5,0,0,0,true,true,backward_euler_step_doubling,0.00002,,0.02,dc,5,10,0,50,2,,,,,,,,,,3,,,,,,,,,,,,,,,,,,,,,
0.0109,S2,switch,A,B,0,,false,0,,5.333358726485705,0,0,0,true,true,backward_euler_step_doubling,0.00002,,0.02,,,,,,,true,true,1@0.003=open,,,,,,,3,,,,,,,,,,,,,,,,,,,,,
0.0109,D3,diode,0,B,0,,,0,,0.3333587264857049,0.12344206394952156,0.041150489232979454,0,true,true,backward_euler_step_doubling,0.00002,,0.02,,,,,,,,,,,,schottky,0.000001,1.1,0.02585,3,,,,,,,,,,,,,,,,,,,,,
0.0109,L4,inductor,B,0,100,mH,,0,A,-0.3333587264857049,0.12344206394952158,-0.04115048923297946,0.0007618971576058887,true,true,backward_euler_step_doubling,0.00002,1e-10,0.02,,,,,,,,,,,,,,,,3,,,,,,,,,,,,,,,,,,,,,
0.011000000000000001,V1,voltage,A,0,5,V,,0,,5,0,0,0,true,true,backward_euler_step_doubling,0.00002,,0.02,dc,5,10,0,50,2,,,,,,,,,,3,,,,,,,,,,,,,,,,,,,,,
0.011000000000000001,S2,switch,A,B,0,,false,0,,5.333281851484088,0,0,0,true,true,backward_euler_step_doubling,0.00002,,0.02,,,,,,,true,true,1@0.003=open,,,,,,,3,,,,,,,,,,,,,,,,,,,,,
0.011000000000000001,D3,diode,0,B,0,,,0,,0.33328185148408834,0.12310878209803712,0.041029922831585,0,true,true,backward_euler_step_doubling,0.00002,,0.02,,,,,,,,,,,,schottky,0.000001,1.1,0.02585,3,,,,,,,,,,,,,,,,,,,,,
0.011000000000000001,L4,inductor,B,0,100,mH,,0,A,-0.33328185148408834,0.1231087820980375,-0.041029922831585124,0.0007577886114831039,true,true,backward_euler_step_doubling,0.00002,1e-10,0.02,,,,,,,,,,,,,,,,3,,,,,,,,,,,,,,,,,,,,,
0.011100000000000002,V1,voltage,A,0,5,V,,0,,5,0,0,0,true,true,backward_euler_step_doubling,0.00002,,0.02,dc,5,10,0,50,2,,,,,,,,,,3,,,,,,,,,,,,,,,,,,,,,
0.011100000000000002,S2,switch,A,B,0,,false,0,,5.333204785933073,0,0,0,true,true,backward_euler_step_doubling,0.00002,,0.02,,,,,,,true,true,1@0.003=open,,,,,,,3,,,,,,,,,,,,,,,,,,,,,
0.011100000000000002,D3,diode,0,B,0,,,0,,0.3332047859330726,0.12277557731210419,0.040909409956089084,0,true,true,backward_euler_step_doubling,0.00002,,0.02,,,,,,,,,,,,schottky,0.000001,1.1,0.02585,3,,,,,,,,,,,,,,,,,,,,,
0.011100000000000002,L4,inductor,B,0,100,mH,,0,A,-0.3332047859330726,0.12277557731210442,-0.04090940995608916,0.0007536921192160265,true,true,backward_euler_step_doubling,0.00002,1e-10,0.02,,,,,,,,,,,,,,,,3,,,,,,,,,,,,,,,,,,,,,
0.011200000000000002,V1,voltage,A,0,5,V,,0,,5,0,0,0,true,true,backward_euler_step_doubling,0.00002,,0.02,dc,5,10,0,50,2,,,,,,,,,,3,,,,,,,,,,,,,,,,,,,,,
0.011200000000000002,S2,switch,A,B,0,,false,0,,5.333127528889891,0,0,0,true,true,backward_euler_step_doubling,0.00002,,0.02,,,,,,,true,true,1@0.003=open,,,,,,,3,,,,,,,,,,,,,,,,,,,,,
0.011200000000000002,D3,diode,0,B,0,,,0,,0.3331275288898916,0.1224424497832143,0.04078895072750682,0,true,true,backward_euler_step_doubling,0.00002,,0.02,,,,,,,,,,,,schottky,0.000001,1.1,0.02585,3,,,,,,,,,,,,,,,,,,,,,
0.011200000000000002,L4,inductor,B,0,100,mH,,0,A,-0.3331275288898916,0.12244244978321453,-0.0407889507275069,0.0007496076754457506,true,true,backward_euler_step_doubling,0.00002,1e-10,0.02,,,,,,,,,,,,,,,,3,,,,,,,,,,,,,,,,,,,,,
0.011300000000000001,V1,voltage,A,0,5,V,,0,,5,0,0,0,true,true,backward_euler_step_doubling,0.00002,,0.02,dc,5,10,0,50,2,,,,,,,,,,3,,,,,,,,,,,,,,,,,,,,,
0.011300000000000001,S2,switch,A,B,0,,false,0,,5.333050079404778,0,0,0,true,true,backward_euler_step_doubling,0.00002,,0.02,,,,,,,true,true,1@0.003=open,,,,,,,3,,,,,,,,,,,,,,,,,,,,,
0.011300000000000001,D3,diode,0,B,0,,,0,,0.33305007940477793,0.12210939970380985,0.04066854526742364,0,true,true,backward_euler_step_doubling,0.00002,,0.02,,,,,,,,,,,,schottky,0.000001,1.1,0.02585,3,,,,,,,,,,,,,,,,,,,,,
0.011300000000000001,L4,inductor,B,0,100,mH,,0,A,-0.33305007940477793,0.12210939970380975,-0.040668545267423604,0.0007455352748012387,true,true,backward_euler_step_doubling,0.00002,1e-10,0.02,,,,,,,,,,,,,,,,3,,,,,,,,,,,,,,,,,,,,,
0.011400000000000002,V1,voltage,A,0,5,V,,0,,5,0,0,0,true,true,backward_euler_step_doubling,0.00002,,0.02,dc,5,10,0,50,2,,,,,,,,,,3,,,,,,,,,,,,,,,,,,,,,
0.011400000000000002,S2,switch,A,B,0,,false,0,,5.332972436520894,0,0,0,true,true,backward_euler_step_doubling,0.00002,,0.02,,,,,,,true,true,1@0.003=open,,,,,,,3,,,,,,,,,,,,,,,,,,,,,
0.011400000000000002,D3,diode,0,B,0,,,0,,0.3329724365208935,0.121776427267289,0.040548193697998586,0,true,true,backward_euler_step_doubling,0.00002,,0.02,,,,,,,,,,,,schottky,0.000001,1.1,0.02585,3,,,,,,,,,,,,,,,,,,,,,
0.011400000000000002,L4,inductor,B,0,100,mH,,0,A,-0.3329724365208935,0.12177642726728886,-0.040548193697998544,0.0007414749118992649,true,true,backward_euler_step_doubling,0.00002,1e-10,0.02,,,,,,,,,,,,,,,,3,,,,,,,,,,,,,,,,,,,,,
0.011500000000000003,V1,voltage,A,0,5,V,,0,,5,0,0,0,true,true,backward_euler_step_doubling,0.00002,,0.02,dc,5,10,0,50,2,,,,,,,,,,3,,,,,,,,,,,,,,,,,,,,,
0.011500000000000003,S2,switch,A,B,0,,false,0,,5.332894599274259,0,0,0,true,true,backward_euler_step_doubling,0.00002,,0.02,,,,,,,true,true,1@0.003=open,,,,,,,3,,,,,,,,,,,,,,,,,,,,,
0.011500000000000003,D3,diode,0,B,0,,,0,,0.33289459927425924,0.12144353266801482,0.040427896141969205,0,true,true,backward_euler_step_doubling,0.00002,,0.02,,,,,,,,,,,,schottky,0.000001,1.1,0.02585,3,,,,,,,,,,,,,,,,,,,,,
0.011500000000000003,L4,inductor,B,0,100,mH,,0,A,-0.33289459927425924,0.12144353266801461,-0.040427896141969136,0.0007374265813443566,true,true,backward_euler_step_doubling,0.00002,1e-10,0.02,,,,,,,,,,,,,,,,3,,,,,,,,,,,,,,,,,,,,,
0.011600000000000003,V1,voltage,A,0,5,V,,0,,5,0,0,0,true,true,backward_euler_step_doubling,0.00002,,0.02,dc,5,10,0,50,2,,,,,,,,,,3,,,,,,,,,,,,,,,,,,,,,
0.011600000000000003,S2,switch,A,B,0,,false,0,,5.332816566693684,0,0,0,true,true,backward_euler_step_doubling,0.00002,,0.02,,,,,,,true,true,1@0.003=open,,,,,,,3,,,,,,,,,,,,,,,,,,,,,
0.011600000000000003,D3,diode,0,B,0,,,0,,0.33281656669368387,0.12111071610132043,0.04030765272265492,0,true,true,backward_euler_step_doubling,0.00002,,0.02,,,,,,,,,,,,schottky,0.000001,1.1,0.02585,3,,,,,,,,,,,,,,,,,,,,,
0.011600000000000003,L4,inductor,B,0,100,mH,,0,A,-0.33281656669368387,0.12111071610132092,-0.04030765272265509,0.0007333902777287377,true,true,backward_euler_step_doubling,0.00002,1e-10,0.02,,,,,,,,,,,,,,,,3,,,,,,,,,,,,,,,,,,,,,
0.011700000000000002,V1,voltage,A,0,5,V,,0,,5,0,0,0,true,true,backward_euler_step_doubling,0.00002,,0.02,dc,5,10,0,50,2,,,,,,,,,,3,,,,,,,,,,,,,,,,,,,,,
0.011700000000000002,S2,switch,A,B,0,,false,0,,5.332738337800692,0,0,0,true,true,backward_euler_step_doubling,0.00002,,0.02,,,,,,,true,true,1@0.003=open,,,,,,,3,,,,,,,,,,,,,,,,,,,,,
0.011700000000000002,D3,diode,0,B,0,,,0,,0.3327383378006924,0.12077797776352014,0.04018746356396268,0,true,true,backward_euler_step_doubling,0.00002,,0.02,,,,,,,,,,,,schottky,0.000001,1.1,0.02585,3,,,,,,,,,,,,,,,,,,,,,
0.011700000000000002,L4,inductor,B,0,100,mH,,0,A,-0.3327383378006924,0.12077797776352023,-0.04018746356396271,0.0007293659956322694,true,true,backward_euler_step_doubling,0.00002,1e-10,0.02,,,,,,,,,,,,,,,,3,,,,,,,,,,,,,,,,,,,,,
0.011800000000000003,V1,voltage,A,0,5,V,,0,,5,0,0,0,true,true,backward_euler_step_doubling,0.00002,,0.02,dc,5,10,0,50,2,,,,,,,,,,3,,,,,,,,,,,,,,,,,,,,,
0.011800000000000003,S2,switch,A,B,0,,false,0,,5.332659911609452,0,0,0,true,true,backward_euler_step_doubling,0.00002,,0.02,,,,,,,true,true,1@0.003=open,,,,,,,3,,,,,,,,,,,,,,,,,,,,,
0.011800000000000003,D3,diode,0,B,0,,,0,,0.332659911609452,0.12044531785191075,0.04006732879038898,0,true,true,backward_euler_step_doubling,0.00002,,0.02,,,,,,,,,,,,schottky,0.000001,1.1,0.02585,3,,,,,,,,,,,,,,,,,,,,,
0.011800000000000003,L4,inductor,B,0,100,mH,,0,A,-0.332659911609452,0.12044531785191077,-0.04006732879038899,0.0007253537296223908,true,true,backward_euler_step_doubling,0.00002,1e-10,0.02,,,,,,,,,,,,,,,,3,,,,,,,,,,,,,,,,,,,,,
0.011900000000000004,V1,voltage,A,0,5,V,,0,,5,0,0,0,true,true,backward_euler_step_doubling,0.00002,,0.02,dc,5,10,0,50,2,,,,,,,,,,3,,,,,,,,,,,,,,,,,,,,,
0.011900000000000004,S2,switch,A,B,0,,false,0,,5.332581287126699,0,0,0,true,true,backward_euler_step_doubling,0.00002,,0.02,,,,,,,true,true,1@0.003=open,,,,,,,3,,,,,,,,,,,,,,,,,,,,,
0.011900000000000004,D3,diode,0,B,0,,,0,,0.3325812871266991,0.12011273656478363,0.03994724852702587,0,true,true,backward_euler_step_doubling,0.00002,,0.02,,,,,,,,,,,,schottky,0.000001,1.1,0.02585,3,,,,,,,,,,,,,,,,,,,,,
0.011900000000000004,L4,inductor,B,0,100,mH,,0,A,-0.3325812871266991,0.12011273656478408,-0.039947248527026025,0.000721353474254061,true,true,backward_euler_step_doubling,0.00002,1e-10,0.02,,,,,,,,,,,,,,,,3,,,,,,,,,,,,,,,,,,,,,
0.012000000000000004,V1,voltage,A,0,5,V,,0,,5,0,0,0,true,true,backward_euler_step_doubling,0.00002,,0.02,dc,5,10,0,50,2,,,,,,,,,,3,,,,,,,,,,,,,,,,,,,,,
0.012000000000000004,S2,switch,A,B,0,,false,0,,5.3325024633516644,0,0,0,true,true,backward_euler_step_doubling,0.00002,,0.02,,,,,,,true,true,1@0.003=open,,,,,,,3,,,,,,,,,,,,,,,,,,,,,
0.012000000000000004,D3,diode,0,B,0,,,0,,0.3325024633516646,0.11978023410143221,0.03982722289956527,0,true,true,backward_euler_step_doubling,0.00002,,0.02,,,,,,,,,,,,schottky,0.000001,1.1,0.02585,3,,,,,,,,,,,,,,,,,,,,,
0.012000000000000004,L4,inductor,B,0,100,mH,,0,A,-0.3325024633516646,0.11978023410143242,-0.03982722289956534,0.0007173652240696978,true,true,backward_euler_step_doubling,0.00002,1e-10,0.02,,,,,,,,,,,,,,,,3,,,,,,,,,,,,,,,,,,,,,
0.012100000000000003,V1,voltage,A,0,5,V,,0,,5,0,0,0,true,true,backward_euler_step_doubling,0.00002,,0.02,dc,5,10,0,50,2,,,,,,,,,,3,,,,,,,,,,,,,,,,,,,,,
0.012100000000000003,S2,switch,A,B,0,,false,0,,5.332423439275997,0,0,0,true,true,backward_euler_step_doubling,0.00002,,0.02,,,,,,,true,true,1@0.003=open,,,,,,,3,,,,,,,,,,,,,,,,,,,,,
0.012100000000000003,D3,diode,0,B,0,,,0,,0.33242343927599755,0.11944781066215658,0.03970725203430226,0,true,true,backward_euler_step_doubling,0.00002,,0.02,,,,,,,,,,,,schottky,0.000001,1.1,0.02585,3,,,,,,,,,,,,,,,,,,,,,
0.012100000000000003,L4,inductor,B,0,100,mH,,0,A,-0.33242343927599755,0.11944781066215641,-0.039707252034302205,0.0007133889735991184,true,true,backward_euler_step_doubling,0.00002,1e-10,0.02,,,,,,,,,,,,,,,,3,,,,,,,,,,,,,,,,,,,,,
0.012200000000000004,V1,voltage,A,0,5,V,,0,,5,0,0,0,true,true,backward_euler_step_doubling,0.00002,,0.02,dc,5,10,0,50,2,,,,,,,,,,3,,,,,,,,,,,,,,,,,,,,,
0.012200000000000004,S2,switch,A,B,0,,false,0,,5.3323442138836885,0,0,0,true,true,backward_euler_step_doubling,0.00002,,0.02,,,,,,,true,true,1@0.003=open,,,,,,,3,,,,,,,,,,,,,,,,,,,,,
0.012200000000000004,D3,diode,0,B,0,,,0,,0.33234421388368857,0.11911546644827255,0.03958733605814002,0,true,true,backward_euler_step_doubling,0.00002,,0.02,,,,,,,,,,,,schottky,0.000001,1.1,0.02585,3,,,,,,,,,,,,,,,,,,,,,
0.012200000000000004,L4,inductor,B,0,100,mH,,0,A,-0.33234421388368857,0.11911546644827273,-0.039587336058140084,0.0007094247173594794,true,true,backward_euler_step_doubling,0.00002,1e-10,0.02,,,,,,,,,,,,,,,,3,,,,,,,,,,,,,,,,,,,,,
0.012300000000000005,V1,voltage,A,0,5,V,,0,,5,0,0,0,true,true,backward_euler_step_doubling,0.00002,,0.02,dc,5,10,0,50,2,,,,,,,,,,3,,,,,,,,,,,,,,,,,,,,,
0.012300000000000005,S2,switch,A,B,0,,false,0,,5.332264786150993,0,0,0,true,true,backward_euler_step_doubling,0.00002,,0.02,,,,,,,true,true,1@0.003=open,,,,,,,3,,,,,,,,,,,,,,,,,,,,,
0.012300000000000005,D3,diode,0,B,0,,,0,,0.3322647861509929,0.11878320166212171,0.039467475098595134,0,true,true,backward_euler_step_doubling,0.00002,,0.02,,,,,,,,,,,,schottky,0.000001,1.1,0.02585,3,,,,,,,,,,,,,,,,,,,,,
0.012300000000000005,L4,inductor,B,0,100,mH,,0,A,-0.3322647861509929,0.11878320166212174,-0.03946747509859515,0.000705472449855214,true,true,backward_euler_step_doubling,0.00002,1e-10,0.02,,,,,,,,,,,,,,,,3,,,,,,,,,,,,,,,,,,,,,
0.012400000000000005,V1,voltage,A,0,5,V,,0,,5,0,0,0,true,true,backward_euler_step_doubling,0.00002,,0.02,dc,5,10,0,50,2,,,,,,,,,,3,,,,,,,,,,,,,,,,,,,,,
0.012400000000000005,S2,switch,A,B,0,,false,0,,5.332185155046351,0,0,0,true,true,backward_euler_step_doubling,0.00002,,0.02,,,,,,,true,true,1@0.003=open,,,,,,,3,,,,,,,,,,,,,,,,,,,,,
0.012400000000000005,D3,diode,0,B,0,,,0,,0.3321851550463509,0.11845101650707514,0.039347669283800624,0,true,true,backward_euler_step_doubling,0.00002,,0.02,,,,,,,,,,,,schottky,0.000001,1.1,0.02585,3,,,,,,,,,,,,,,,,,,,,,
0.012400000000000005,L4,inductor,B,0,100,mH,,0,A,-0.3321851550463509,0.11845101650707539,-0.03934766928380071,0.0007015321655779724,true,true,backward_euler_step_doubling,0.00002,1e-10,0.02,,,,,,,,,,,,,,,,3,,,,,,,,,,,,,,,,,,,,,
0.012500000000000004,V1,voltage,A,0,5,V,,0,,5,0,0,0,true,true,backward_euler_step_doubling,0.00002,,0.02,dc,5,10,0,50,2,,,,,,,,,,3,,,,,,,,,,,,,,,,,,,,,
0.012500000000000004,S2,switch,A,B,0,,false,0,,5.332105319530308,0,0,0,true,true,backward_euler_step_doubling,0.00002,,0.02,,,,,,,true,true,1@0.003=open,,,,,,,3,,,,,,,,,,,,,,,,,,,,,
0.012500000000000004,D3,diode,0,B,0,,,0,,0.3321053195303087,0.11811891118754499,0.03922791874251178,0,true,true,backward_euler_step_doubling,0.00002,,0.02,,,,,,,,,,,,schottky,0.000001,1.1,0.02585,3,,,,,,,,,,,,,,,,,,,,,
0.012500000000000004,L4,inductor,B,0,100,mH,,0,A,-0.3321053195303087,0.11811891118754508,-0.039227918742511816,0.0006976038590065582,true,true,backward_euler_step_doubling,0.00002,1e-10,0.02,,,,,,,,,,,,,,,,3,,,,,,,,,,,,,,,,,,,,,
0.012600000000000005,V1,voltage,A,0,5,V,,0,,5,0,0,0,true,true,backward_euler_step_doubling,0.00002,,0.02,dc,5,10,0,50,2,,,,,,,,,,3,,,,,,,,,,,,,,,,,,,,,
0.012600000000000005,S2,switch,A,B,0,,false,0,,5.332025278555438,0,0,0,true,true,backward_euler_step_doubling,0.00002,,0.02,,,,,,,true,true,1@0.003=open,,,,,,,3,,,,,,,,,,,,,,,,,,,,,
0.012600000000000005,D3,diode,0,B,0,,,0,,0.3320252785554377,0.11778688590898964,0.03910822360410984,0,true,true,backward_euler_step_doubling,0.00002,,0.02,,,,,,,,,,,,schottky,0.000001,1.1,0.02585,3,,,,,,,,,,,,,,,,,,,,,
0.012600000000000005,L4,inductor,B,0,100,mH,,0,A,-0.3320252785554377,0.11778688590898964,-0.03910822360410984,0.0006936875246068671,true,true,backward_euler_step_doubling,0.00002,1e-10,0.02,,,,,,,,,,,,,,,,3,,,,,,,,,,,,,,,,,,,,,
0.012700000000000006,V1,voltage,A,0,5,V,,0,,5,0,0,0,true,true,backward_euler_step_doubling,0.00002,,0.02,dc,5,10,0,50,2,,,,,,,,,,3,,,,,,,,,,,,,,,,,,,,,
0.012700000000000006,S2,switch,A,B,0,,false,0,,5.331945031066253,0,0,0,true,true,backward_euler_step_doubling,0.00002,,0.02,,,,,,,true,true,1@0.003=open,,,,,,,3,,,,,,,,,,,,,,,,,,,,,
0.012700000000000006,D3,diode,0,B,0,,,0,,0.33194503106625245,0.1174549408779235,0.03898858399860716,0,true,true,backward_euler_step_doubling,0.00002,,0.02,,,,,,,,,,,,schottky,0.000001,1.1,0.02585,3,,,,,,,,,,,,,,,,,,,,,
0.012700000000000006,L4,inductor,B,0,100,mH,,0,A,-0.33194503106625245,0.1174549408779234,-0.03898858399860713,0.000689783156831824,true,true,backward_euler_step_doubling,0.00002,1e-10,0.02,,,,,,,,,,,,,,,,3,,,,,,,,,,,,,,,,,,,,,
0.012800000000000006,V1,voltage,A,0,5,V,,0,,5,0,0,0,true,true,backward_euler_step_doubling,0.00002,,0.02,dc,5,10,0,50,2,,,,,,,,,,3,,,,,,,,,,,,,,,,,,,,,
0.012800000000000006,S2,switch,A,B,0,,false,0,,5.331864575999129,0,0,0,true,true,backward_euler_step_doubling,0.00002,,0.02,,,,,,,true,true,1@0.003=open,,,,,,,3,,,,,,,,,,,,,,,,,,,,,
0.012800000000000006,D3,diode,0,B,0,,,0,,0.3318645759991284,0.11712307630192399,0.038869000056651566,0,true,true,backward_euler_step_doubling,0.00002,,0.02,,,,,,,,,,,,schottky,0.000001,1.1,0.02585,3,,,,,,,,,,,,,,,,,,,,,
0.012800000000000006,L4,inductor,B,0,100,mH,,0,A,-0.3318645759991284,0.11712307630192427,-0.038869000056651656,0.0006858907501213188,true,true,backward_euler_step_doubling,0.00002,1e-10,0.02,,,,,,,,,,,,,,,,3,,,,,,,,,,,,,,,,,,,,,
0.012900000000000005,V1,voltage,A,0,5,V,,0,,5,0,0,0,true,true,backward_euler_step_doubling,0.00002,,0.02,dc,5,10,0,50,2,,,,,,,,,,3,,,,,,,,,,,,,,,,,,,,,
0.012900000000000005,S2,switch,A,B,0,,false,0,,5.3317839122822175,0,0,0,true,true,backward_euler_step_doubling,0.00002,,0.02,,,,,,,true,true,1@0.003=open,,,,,,,3,,,,,,,,,,,,,,,,,,,,,
0.012900000000000005,D3,diode,0,B,0,,,0,,0.3317839122822178,0.1167912923896419,0.0387494719095318,0,true,true,backward_euler_step_doubling,0.00002,,0.02,,,,,,,,,,,,schottky,0.000001,1.1,0.02585,3,,,,,,,,,,,,,,,,,,,,,
0.012900000000000005,L4,inductor,B,0,100,mH,,0,A,-0.3317839122822178,0.11679129238964205,-0.03874947190953185,0.0006820102989021431,true,true,backward_euler_step_doubling,0.00002,1e-10,0.02,,,,,,,,,,,,,,,,3,,,,,,,,,,,,,,,,,,,,,
0.013000000000000006,V1,voltage,A,0,5,V,,0,,5,0,0,0,true,true,backward_euler_step_doubling,0.00002,,0.02,dc,5,10,0,50,2,,,,,,,,,,3,,,,,,,,,,,,,,,,,,,,,
0.013000000000000006,S2,switch,A,B,0,,false,0,,5.331703038835365,0,0,0,true,true,backward_euler_step_doubling,0.00002,,0.02,,,,,,,true,true,1@0.003=open,,,,,,,3,,,,,,,,,,,,,,,,,,,,,
0.013000000000000006,D3,diode,0,B,0,,,0,,0.33170303883536484,0.11645958935080672,0.03862999968918128,0,true,true,backward_euler_step_doubling,0.00002,,0.02,,,,,,,,,,,,schottky,0.000001,1.1,0.02585,3,,,,,,,,,,,,,,,,,,,,,
0.013000000000000006,L4,inductor,B,0,100,mH,,0,A,-0.33170303883536484,0.11645958935080668,-0.038629999689181266,0.0006781417975879263,true,true,backward_euler_step_doubling,0.00002,1e-10,0.02,,,,,,,,,,,,,,,,3,,,,,,,,,,,,,,,,,,,,,
0.013100000000000007,V1,voltage,A,0,5,V,,0,,5,0,0,0,true,true,backward_euler_step_doubling,0.00002,,0.02,dc,5,10,0,50,2,,,,,,,,,,3,,,,,,,,,,,,,,,,,,,,,
0.013100000000000007,S2,switch,A,B,0,,false,0,,5.33162195457002,0,0,0,true,true,backward_euler_step_doubling,0.00002,,0.02,,,,,,,true,true,1@0.003=open,,,,,,,3,,,,,,,,,,,,,,,,,,,,,
0.013100000000000007,D3,diode,0,B,0,,,0,,0.3316219545700194,0.11612796739623647,0.03851058352818343,0,true,true,backward_euler_step_doubling,0.00002,,0.02,,,,,,,,,,,,schottky,0.000001,1.1,0.02585,3,,,,,,,,,,,,,,,,,,,,,
0.013100000000000007,L4,inductor,B,0,100,mH,,0,A,-0.3316219545700194,0.11612796739623665,-0.038510583528183484,0.0006742852405790702,true,true,backward_euler_step_doubling,0.00002,1e-10,0.02,,,,,,,,,,,,,,,,3,,,,,,,,,,,,,,,,,,,,,
0.013200000000000007,V1,voltage,A,0,5,V,,0,,5,0,0,0,true,true,backward_euler_step_doubling,0.00002,,0.02,dc,5,10,0,50,2,,,,,,,,,,3,,,,,,,,,,,,,,,,,,,,,
0.013200000000000007,S2,switch,A,B,0,,false,0,,5.331540658389151,0,0,0,true,true,backward_euler_step_doubling,0.00002,,0.02,,,,,,,true,true,1@0.003=open,,,,,,,3,,,,,,,,,,,,,,,,,,,,,
0.013200000000000007,D3,diode,0,B,0,,,0,,0.3315406583891506,0.11579642673784726,0.03839122355977692,0,true,true,backward_euler_step_doubling,0.00002,,0.02,,,,,,,,,,,,schottky,0.000001,1.1,0.02585,3,,,,,,,,,,,,,,,,,,,,,
0.013200000000000007,L4,inductor,B,0,100,mH,,0,A,-0.3315406583891506,0.1157964267378475,-0.038391223559777,0.0006704406222626842,true,true,backward_euler_step_doubling,0.00002,1e-10,0.02,,,,,,,,,,,,,,,,3,,,,,,,,,,,,,,,,,,,,,
0.013300000000000006,V1,voltage,A,0,5,V,,0,,5,0,0,0,true,true,backward_euler_step_doubling,0.00002,,0.02,dc,5,10,0,50,2,,,,,,,,,,3,,,,,,,,,,,,,,,,,,,,,
0.013300000000000006,S2,switch,A,B,0,,false,0,,5.331459149187158,0,0,0,true,true,backward_euler_step_doubling,0.00002,,0.02,,,,,,,true,true,1@0.003=open,,,,,,,3,,,,,,,,,,,,,,,,,,,,,
0.013300000000000006,D3,diode,0,B,0,,,0,,0.33145914918715796,0.11546496758866026,0.0382719199178601,0,true,true,backward_euler_step_doubling,0.00002,,0.02,,,,,,,,,,,,schottky,0.000001,1.1,0.02585,3,,,,,,,,,,,,,,,,,,,,,
0.013300000000000006,L4,inductor,B,0,100,mH,,0,A,-0.33145914918715796,0.11546496758866034,-0.03827191991786013,0.0006666079370125193,true,true,backward_euler_step_doubling,0.00002,1e-10,0.02,,,,,,,,,,,,,,,,3,,,,,,,,,,,,,,,,,,,,,
0.013400000000000007,V1,voltage,A,0,5,V,,0,,5,0,0,0,true,true,backward_euler_step_doubling,0.00002,,0.02,dc,5,10,0,50,2,,,,,,,,,,3,,,,,,,,,,,,,,,,,,,,,
0.013400000000000007,S2,switch,A,B,0,,false,0,,5.331377425849782,0,0,0,true,true,backward_euler_step_doubling,0.00002,,0.02,,,,,,,true,true,1@0.003=open,,,,,,,3,,,,,,,,,,,,,,,,,,,,,
0.013400000000000007,D3,diode,0,B,0,,,0,,0.3313774258497821,0.11513359016281045,0.03815267273699592,0,true,true,backward_euler_step_doubling,0.00002,,0.02,,,,,,,,,,,,schottky,0.000001,1.1,0.02585,3,,,,,,,,,,,,,,,,,,,,,
0.013400000000000007,L4,inductor,B,0,100,mH,,0,A,-0.3313774258497821,0.11513359016281056,-0.038152672736995956,0.0006627871791889015,true,true,backward_euler_step_doubling,0.00002,1e-10,0.02,,,,,,,,,,,,,,,,3,,,,,,,,,,,,,,,,,,,,,
0.013500000000000009,V1,voltage,A,0,5,V,,0,,5,0,0,0,true,true,backward_euler_step_doubling,0.00002,,0.02,dc,5,10,0,50,2,,,,,,,,,,3,,,,,,,,,,,,,,,,,,,,,
0.013500000000000009,S2,switch,A,B,0,,false,0,,5.331295487254015,0,0,0,true,true,backward_euler_step_doubling,0.00002,,0.02,,,,,,,true,true,1@0.003=open,,,,,,,3,,,,,,,,,,,,,,,,,,,,,
0.013500000000000009,D3,diode,0,B,0,,,0,,0.3312954872540144,0.1148022946755565,0.03803348215241743,0,true,true,backward_euler_step_doubling,0.00002,,0.02,,,,,,,,,,,,schottky,0.000001,1.1,0.02585,3,,,,,,,,,,,,,,,,,,,,,
0.013500000000000009,L4,inductor,B,0,100,mH,,0,A,-0.3312954872540144,0.11480229467555655,-0.038033482152417454,0.0006589783431386661,true,true,backward_euler_step_doubling,0.00002,1e-10,0.02,,,,,,,,,,,,,,,,3,,,,,,,,,,,,,,,,,,,,,
0.013600000000000008,V1,voltage,A,0,5,V,,0,,5,0,0,0,true,true,backward_euler_step_doubling,0.00002,,0.02,dc,5,10,0,50,2,,,,,,,,,,3,,,,,,,,,,,,,,,,,,,,,
0.013600000000000008,S2,switch,A,B,0,,false,0,,5.331213332268005,0,0,0,true,true,backward_euler_step_doubling,0.00002,,0.02,,,,,,,true,true,1@0.003=open,,,,,,,3,,,,,,,,,,,,,,,,,,,,,
0.013600000000000008,D3,diode,0,B,0,,,0,,0.33121333226800515,0.11447108134328829,0.03791434830003239,0,true,true,backward_euler_step_doubling,0.00002,,0.02,,,,,,,,,,,,schottky,0.000001,1.1,0.02585,3,,,,,,,,,,,,,,,,,,,,,
0.013600000000000008,L4,inductor,B,0,100,mH,,0,A,-0.33121333226800515,0.11447108134328855,-0.03791434830003248,0.0006551814231950893,true,true,backward_euler_step_doubling,0.00002,1e-10,0.02,,,,,,,,,,,,,,,,3,,,,,,,,,,,,,,,,,,,,,
0.013700000000000007,V1,voltage,A,0,5,V,,0,,5,0,0,0,true,true,backward_euler_step_doubling,0.00002,,0.02,dc,5,10,0,50,2,,,,,,,,,,3,,,,,,,,,,,,,,,,,,,,,
0.013700000000000007,S2,switch,A,B,0,,false,0,,5.33113095975097,0,0,0,true,true,backward_euler_step_doubling,0.00002,,0.02,,,,,,,true,true,1@0.003=open,,,,,,,3,,,,,,,,,,,,,,,,,,,,,
0.013700000000000007,D3,diode,0,B,0,,,0,,0.33113095975097057,0.1141399503835375,0.03779527131642893,0,true,true,backward_euler_step_doubling,0.00002,,0.02,,,,,,,,,,,,schottky,0.000001,1.1,0.02585,3,,,,,,,,,,,,,,,,,,,,,
0.013700000000000007,L4,inductor,B,0,100,mH,,0,A,-0.33113095975097057,0.11413995038353758,-0.03779527131642896,0.0006513964136778211,true,true,backward_euler_step_doubling,0.00002,1e-10,0.02,,,,,,,,,,,,,,,,3,,,,,,,,,,,,,,,,,,,,,
0.013800000000000008,V1,voltage,A,0,5,V,,0,,5,0,0,0,true,true,backward_euler_step_doubling,0.00002,,0.02,dc,5,10,0,50,2,,,,,,,,,,3,,,,,,,,,,,,,,,,,,,,,
0.013800000000000008,S2,switch,A,B,0,,false,0,,5.331048368553098,0,0,0,true,true,backward_euler_step_doubling,0.00002,,0.02,,,,,,,true,true,1@0.003=open,,,,,,,3,,,,,,,,,,,,,,,,,,,,,
0.013800000000000008,D3,diode,0,B,0,,,0,,0.33104836855309855,0.11380890201498453,0.03767625133888008,0,true,true,backward_euler_step_doubling,0.00002,,0.02,,,,,,,,,,,,schottky,0.000001,1.1,0.02585,3,,,,,,,,,,,,,,,,,,,,,
0.013800000000000008,L4,inductor,B,0,100,mH,,0,A,-0.33104836855309855,0.11380890201498448,-0.037676251338880064,0.0006476233088928169,true,true,backward_euler_step_doubling,0.00002,1e-10,0.02,,,,,,,,,,,,,,,,3,,,,,,,,,,,,,,,,,,,,,
0.01390000000000001,V1,voltage,A,0,5,V,,0,,5,0,0,0,true,true,backward_euler_step_doubling,0.00002,,0.02,dc,5,10,0,50,2,,,,,,,,,,3,,,,,,,,,,,,,,,,,,,,,
0.01390000000000001,S2,switch,A,B,0,,false,0,,5.330965557515453,0,0,0,true,true,backward_euler_step_doubling,0.00002,,0.02,,,,,,,true,true,1@0.003=open,,,,,,,3,,,,,,,,,,,,,,,,,,,,,
0.01390000000000001,D3,diode,0,B,0,,,0,,0.33096555751545337,0.11347793645746895,0.0375572885053494,0,true,true,backward_euler_step_doubling,0.00002,,0.02,,,,,,,,,,,,schottky,0.000001,1.1,0.02585,3,,,,,,,,,,,,,,,,,,,,,
0.01390000000000001,L4,inductor,B,0,100,mH,,0,A,-0.33096555751545337,0.11347793645746902,-0.03755728850534942,0.0006438621031322688,true,true,backward_euler_step_doubling,0.00002,1e-10,0.02,,,,,,,,,,,,,,,,3,,,,,,,,,,,,,,,,,,,,,
0.014000000000000009,V1,voltage,A,0,5,V,,0,,5,0,0,0,true,true,backward_euler_step_doubling,0.00002,,0.02,dc,5,10,0,50,2,,,,,,,,,,3,,,,,,,,,,,,,,,,,,,,,
0.014000000000000009,S2,switch,A,B,0,,false,0,,5.330882525469879,0,0,0,true,true,backward_euler_step_doubling,0.00002,,0.02,,,,,,,true,true,1@0.003=open,,,,,,,3,,,,,,,,,,,,,,,,,,,,,
0.014000000000000009,D3,diode,0,B,0,,,0,,0.3308825254698791,0.11314705393199899,0.03743838295449644,0,true,true,backward_euler_step_doubling,0.00002,,0.02,,,,,,,,,,,,schottky,0.000001,1.1,0.02585,3,,,,,,,,,,,,,,,,,,,,,
0.014000000000000009,L4,inductor,B,0,100,mH,,0,A,-0.3308825254698791,0.11314705393199914,-0.037438382954496495,0.0006401127906745361,true,true,backward_euler_step_doubling,0.00002,1e-10,0.02,,,,,,,,,,,,,,,,3,,,,,,,,,,,,,,,,,,,,,
0.014100000000000008,V1,voltage,A,0,5,V,,0,,5,0,0,0,true,true,backward_euler_step_doubling,0.00002,,0.02,dc,5,10,0,50,2,,,,,,,,,,3,,,,,,,,,,,,,,,,,,,,,
0.014100000000000008,S2,switch,A,B,0,,false,0,,5.330799271238901,0,0,0,true,true,backward_euler_step_doubling,0.00002,,0.02,,,,,,,true,true,1@0.003=open,,,,,,,3,,,,,,,,,,,,,,,,,,,,,
0.014100000000000008,D3,diode,0,B,0,,,0,,0.33079927123890146,0.1128162546607604,0.03731953482568186,0,true,true,backward_euler_step_doubling,0.00002,,0.02,,,,,,,,,,,,schottky,0.000001,1.1,0.02585,3,,,,,,,,,,,,,,,,,,,,,
0.014100000000000008,L4,inductor,B,0,100,mH,,0,A,-0.33079927123890146,0.11281625466076024,-0.03731953482568181,0.0006363753657840755,true,true,backward_euler_step_doubling,0.00002,1e-10,0.02,,,,,,,,,,,,,,,,3,,,,,,,,,,,,,,,,,,,,,
0.01420000000000001,V1,voltage,A,0,5,V,,0,,5,0,0,0,true,true,backward_euler_step_doubling,0.00002,,0.02,dc,5,10,0,50,2,,,,,,,,,,3,,,,,,,,,,,,,,,,,,,,,
0.01420000000000001,S2,switch,A,B,0,,false,0,,5.330715793635628,0,0,0,true,true,backward_euler_step_doubling,0.00002,,0.02,,,,,,,true,true,1@0.003=open,,,,,,,3,,,,,,,,,,,,,,,,,,,,,
0.01420000000000001,D3,diode,0,B,0,,,0,,0.3307157936356284,0.11248553886712484,0.03720074425897252,0,true,true,backward_euler_step_doubling,0.00002,,0.02,,,,,,,,,,,,schottky,0.000001,1.1,0.02585,3,,,,,,,,,,,,,,,,,,,,,
0.01420000000000001,L4,inductor,B,0,100,mH,,0,A,-0.3307157936356284,0.11248553886712462,-0.03720074425897244,0.0006326498227113702,true,true,backward_euler_step_doubling,0.00002,1e-10,0.02,,,,,,,,,,,,,,,,3,,,,,,,,,,,,,,,,,,,,,
0.01430000000000001,V1,voltage,A,0,5,V,,0,,5,0,0,0,true,true,backward_euler_step_doubling,0.00002,,0.02,dc,5,10,0,50,2,,,,,,,,,,3,,,,,,,,,,,,,,,,,,,,,
0.01430000000000001,S2,switch,A,B,0,,false,0,,5.33063209146365,0,0,0,true,true,backward_euler_step_doubling,0.00002,,0.02,,,,,,,true,true,1@0.003=open,,,,,,,3,,,,,,,,,,,,,,,,,,,,,
0.01430000000000001,D3,diode,0,B,0,,,0,,0.3306320914636499,0.11215490677566094,0.037082011395147454,0,true,true,backward_euler_step_doubling,0.00002,,0.02,,,,,,,,,,,,schottky,0.000001,1.1,0.02585,3,,,,,,,,,,,,,,,,,,,,,
0.01430000000000001,L4,inductor,B,0,100,mH,,0,A,-0.3306320914636499,0.11215490677566096,-0.03708201139514747,0.0006289361556928602,true,true,backward_euler_step_doubling,0.00002,1e-10,0.02,,,,,,,,,,,,,,,,3,,,,,,,,,,,,,,,,,,,,,
0.01440000000000001,V1,voltage,A,0,5,V,,0,,5,0,0,0,true,true,backward_euler_step_doubling,0.00002,,0.02,dc,5,10,0,50,2,,,,,,,,,,3,,,,,,,,,,,,,,,,,,,,,
0.01440000000000001,S2,switch,A,B,0,,false,0,,5.330548163516935,0,0,0,true,true,backward_euler_step_doubling,0.00002,,0.02,,,,,,,true,true,1@0.003=open,,,,,,,3,,,,,,,,,,,,,,,,,,,,,
0.01440000000000001,D3,diode,0,B,0,,,0,,0.33054816351693583,0.11182435861214376,0.03696333637570337,0,true,true,backward_euler_step_doubling,0.00002,,0.02,,,,,,,,,,,,schottky,0.000001,1.1,0.02585,3,,,,,,,,,,,,,,,,,,,,,
0.01440000000000001,L4,inductor,B,0,100,mH,,0,A,-0.33054816351693583,0.11182435861214403,-0.036963336375703454,0.0006252343589508695,true,true,backward_euler_step_doubling,0.00002,1e-10,0.02,,,,,,,,,,,,,,,,3,,,,,,,,,,,,,,,,,,,,,
0.01450000000000001,V1,voltage,A,0,5,V,,0,,5,0,0,0,true,true,backward_euler_step_doubling,0.00002,,0.02,dc,5,10,0,50,2,,,,,,,,,,3,,,,,,,,,,,,,,,,,,,,,
0.01450000000000001,S2,switch,A,B,0,,false,0,,5.330464008579733,0,0,0,true,true,backward_euler_step_doubling,0.00002,,0.02,,,,,,,true,true,1@0.003=open,,,,,,,3,,,,,,,,,,,,,,,,,,,,,
0.01450000000000001,D3,diode,0,B,0,,,0,,0.3304640085797329,0.1114938946035646,0.03684471934286021,0,true,true,backward_euler_step_doubling,0.00002,,0.02,,,,,,,,,,,,schottky,0.000001,1.1,0.02585,3,,,,,,,,,,,,,,,,,,,,,
0.01450000000000001,L4,inductor,B,0,100,mH,,0,A,-0.3304640085797329,0.11149389460356429,-0.036844719342860106,0.0006215444266935351,true,true,backward_euler_step_doubling,0.00002,1e-10,0.02,,,,,,,,,,,,,,,,3,,,,,,,,,,,,,,,,,,,,,
0.01460000000000001,V1,voltage,A,0,5,V,,0,,5,0,0,0,true,true,backward_euler_step_doubling,0.00002,,0.02,dc,5,10,0,50,2,,,,,,,,,,3,,,,,,,,,,,,,,,,,,,,,
0.01460000000000001,S2,switch,A,B,0,,false,0,,5.330379625426459,0,0,0,true,true,backward_euler_step_doubling,0.00002,,0.02,,,,,,,true,true,1@0.003=open,,,,,,,3,,,,,,,,,,,,,,,,,,,,,
0.01460000000000001,D3,diode,0,B,0,,,0,,0.33037962542645893,0.11116351497813783,0.03672616043956573,0,true,true,backward_euler_step_doubling,0.00002,,0.02,,,,,,,,,,,,schottky,0.000001,1.1,0.02585,3,,,,,,,,,,,,,,,,,,,,,
0.01460000000000001,L4,inductor,B,0,100,mH,,0,A,-0.33037962542645893,0.11116351497813783,-0.03672616043956573,0.0006178663531147336,true,true,backward_euler_step_doubling,0.00002,1e-10,0.02,,,,,,,,,,,,,,,,3,,,,,,,,,,,,,,,,,,,,,
0.014700000000000012,V1,voltage,A,0,5,V,,0,,5,0,0,0,true,true,backward_euler_step_doubling,0.00002,,0.02,dc,5,10,0,50,2,,,,,,,,,,3,,,,,,,,,,,,,,,,,,,,,
0.014700000000000012,S2,switch,A,B,0,,false,0,,5.3302950128215985,0,0,0,true,true,backward_euler_step_doubling,0.00002,,0.02,,,,,,,true,true,1@0.003=open,,,,,,,3,,,,,,,,,,,,,,,,,,,,,
0.014700000000000012,D3,diode,0,B,0,,,0,,0.33029501282159845,0.11083321996531635,0.03660765980950321,0,true,true,backward_euler_step_doubling,0.00002,,0.02,,,,,,,,,,,,schottky,0.000001,1.1,0.02585,3,,,,,,,,,,,,,,,,,,,,,
0.014700000000000012,L4,inductor,B,0,100,mH,,0,A,-0.33029501282159845,0.11083321996531623,-0.03660765980950317,0.0006142001323940086,true,true,backward_euler_step_doubling,0.00002,1e-10,0.02,,,,,,,,,,,,,,,,3,,,,,,,,,,,,,,,,,,,,,
0.014800000000000011,V1,voltage,A,0,5,V,,0,,5,0,0,0,true,true,backward_euler_step_doubling,0.00002,,0.02,dc,5,10,0,50,2,,,,,,,,,,3,,,,,,,,,,,,,,,,,,,,,
0.014800000000000011,S2,switch,A,B,0,,false,0,,5.330210169519594,0,0,0,true,true,backward_euler_step_doubling,0.00002,,0.02,,,,,,,true,true,1@0.003=open,,,,,,,3,,,,,,,,,,,,,,,,,,,,,
0.014800000000000011,D3,diode,0,B,0,,,0,,0.33021016951959364,0.11050300979579658,0.03648921759709531,0,true,true,backward_euler_step_doubling,0.00002,,0.02,,,,,,,,,,,,schottky,0.000001,1.1,0.02585,3,,,,,,,,,,,,,,,,,,,,,
0.014800000000000011,L4,inductor,B,0,100,mH,,0,A,-0.33021016951959364,0.11050300979579664,-0.03648921759709532,0.0006105457586964965,true,true,backward_euler_step_doubling,0.00002,1e-10,0.02,,,,,,,,,,,,,,,,3,,,,,,,,,,,,,,,,,,,,,
0.01490000000000001,V1,voltage,A,0,5,V,,0,,5,0,0,0,true,true,backward_euler_step_doubling,0.00002,,0.02,dc,5,10,0,50,2,,,,,,,,,,3,,,,,,,,,,,,,,,,,,,,,
0.01490000000000001,S2,switch,A,B,0,,false,0,,5.330125094264736,0,0,0,true,true,backward_euler_step_doubling,0.00002,,0.02,,,,,,,true,true,1@0.003=open,,,,,,,3,,,,,,,,,,,,,,,,,,,,,
0.01490000000000001,D3,diode,0,B,0,,,0,,0.33012509426473624,0.11017288470153187,0.03637083394751113,0,true,true,backward_euler_step_doubling,0.00002,,0.02,,,,,,,,,,,,schottky,0.000001,1.1,0.02585,3,,,,,,,,,,,,,,,,,,,,,
0.01490000000000001,L4,inductor,B,0,100,mH,,0,A,-0.33012509426473624,0.1101728847015319,-0.03637083394751114,0.0006069032261728521,true,true,backward_euler_step_doubling,0.00002,1e-10,0.02,,,,,,,,,,,,,,,,3,,,,,,,,,,,,,,,,,,,,,
0.015000000000000012,V1,voltage,A,0,5,V,,0,,5,0,0,0,true,true,backward_euler_step_doubling,0.00002,,0.02,dc,5,10,0,50,2,,,,,,,,,,3,,,,,,,,,,,,,,,,,,,,,
0.015000000000000012,S2,switch,A,B,0,,false,0,,5.330039785791056,0,0,0,true,true,backward_euler_step_doubling,0.00002,,0.02,,,,,,,true,true,1@0.003=open,,,,,,,3,,,,,,,,,,,,,,,,,,,,,
0.015000000000000012,D3,diode,0,B,0,,,0,,0.3300397857910567,0.10984284491574109,0.03625250900667145,0,true,true,backward_euler_step_doubling,0.00002,,0.02,,,,,,,,,,,,schottky,0.000001,1.1,0.02585,3,,,,,,,,,,,,,,,,,,,,,
0.015000000000000012,L4,inductor,B,0,100,mH,,0,A,-0.3300397857910567,0.10984284491574084,-0.03625250900667137,0.0006032725289591746,true,true,backward_euler_step_doubling,0.00002,1e-10,0.02,,,,,,,,,,,,,,,,3,,,,,,,,,,,,,,,,,,,,,
0.015100000000000013,V1,voltage,A,0,5,V,,0,,5,0,0,0,true,true,backward_euler_step_doubling,0.00002,,0.02,dc,5,10,0,50,2,,,,,,,,,,3,,,,,,,,,,,,,,,,,,,,,
0.015100000000000013,S2,switch,A,B,0,,false,0,,5.329954242822212,0,0,0,true,true,backward_euler_step_doubling,0.00002,,0.02,,,,,,,true,true,1@0.003=open,,,,,,,3,,,,,,,,,,,,,,,,,,,,,
0.015100000000000013,D3,diode,0,B,0,,,0,,0.329954242822212,0.10951289067291864,0.03613424292125455,0,true,true,backward_euler_step_doubling,0.00002,,0.02,,,,,,,,,,,,schottky,0.000001,1.1,0.02585,3,,,,,,,,,,,,,,,,,,,,,
0.015100000000000013,L4,inductor,B,0,100,mH,,0,A,-0.329954242822212,0.10951289067291863,-0.03613424292125454,0.0005996536611769314,true,true,backward_euler_step_doubling,0.00002,1e-10,0.02,,,,,,,,,,,,,,,,3,,,,,,,,,,,,,,,,,,,,,
0.015200000000000012,V1,voltage,A,0,5,V,,0,,5,0,0,0,true,true,backward_euler_step_doubling,0.00002,,0.02,dc,5,10,0,50,2,,,,,,,,,,3,,,,,,,,,,,,,,,,,,,,,
0.015200000000000012,S2,switch,A,B,0,,false,0,,5.329868464071373,0,0,0,true,true,backward_euler_step_doubling,0.00002,,0.02,,,,,,,true,true,1@0.003=open,,,,,,,3,,,,,,,,,,,,,,,,,,,,,
0.015200000000000012,D3,diode,0,B,0,,,0,,0.32986846407137266,0.10918302220884718,0.03601603583870299,0,true,true,backward_euler_step_doubling,0.00002,,0.02,,,,,,,,,,,,schottky,0.000001,1.1,0.02585,3,,,,,,,,,,,,,,,,,,,,,
0.015200000000000012,L4,inductor,B,0,100,mH,,0,A,-0.32986846407137266,0.10918302220884725,-0.03601603583870301,0.0005960466169328815,true,true,backward_euler_step_doubling,0.00002,1e-10,0.02,,,,,,,,,,,,,,,,3,,,,,,,,,,,,,,,,,,,,,
0.015300000000000012,V1,voltage,A,0,5,V,,0,,5,0,0,0,true,true,backward_euler_step_doubling,0.00002,,0.02,dc,5,10,0,50,2,,,,,,,,,,3,,,,,,,,,,,,,,,,,,,,,
0.015300000000000012,S2,switch,A,B,0,,false,0,,5.329782448241107,0,0,0,true,true,backward_euler_step_doubling,0.00002,,0.02,,,,,,,true,true,1@0.003=open,,,,,,,3,,,,,,,,,,,,,,,,,,,,,
0.015300000000000012,D3,diode,0,B,0,,,0,,0.32978244824110736,0.10885323976060628,0.03589788790722899,0,true,true,backward_euler_step_doubling,0.00002,,0.02,,,,,,,,,,,,schottky,0.000001,1.1,0.02585,3,,,,,,,,,,,,,,,,,,,,,
0.015300000000000012,L4,inductor,B,0,100,mH,,0,A,-0.32978244824110736,0.10885323976060614,-0.03589788790722894,0.0005924513903190003,true,true,backward_euler_step_doubling,0.00002,1e-10,0.02,,,,,,,,,,,,,,,,3,,,,,,,,,,,,,,,,,,,,,
0.015400000000000013,V1,voltage,A,0,5,V,,0,,5,0,0,0,true,true,backward_euler_step_doubling,0.00002,,0.02,dc,5,10,0,50,2,,,,,,,,,,3,,,,,,,,,,,,,,,,,,,,,
0.015400000000000013,S2,switch,A,B,0,,false,0,,5.329696194023266,0,0,0,true,true,backward_euler_step_doubling,0.00002,,0.02,,,,,,,true,true,1@0.003=open,,,,,,,3,,,,,,,,,,,,,,,,,,,,,
0.015400000000000013,D3,diode,0,B,0,,,0,,0.3296961940232661,0.10852354356658278,0.03577979927582045,0,true,true,backward_euler_step_doubling,0.00002,,0.02,,,,,,,,,,,,schottky,0.000001,1.1,0.02585,3,,,,,,,,,,,,,,,,,,,,,
0.015400000000000013,L4,inductor,B,0,100,mH,,0,A,-0.3296961940232661,0.10852354356658288,-0.03577979927582048,0.0005888679754124006,true,true,backward_euler_step_doubling,0.00002,1e-10,0.02,,,,,,,,,,,,,,,,3,,,,,,,,,,,,,,,,,,,,,
0.015500000000000014,V1,voltage,A,0,5,V,,0,,5,0,0,0,true,true,backward_euler_step_doubling,0.00002,,0.02,dc,5,10,0,50,2,,,,,,,,,,3,,,,,,,,,,,,,,,,,,,,,
0.015500000000000014,S2,switch,A,B,0,,false,0,,5.329609700098862,0,0,0,true,true,backward_euler_step_doubling,0.00002,,0.02,,,,,,,true,true,1@0.003=open,,,,,,,3,,,,,,,,,,,,,,,,,,,,,
0.015500000000000014,D3,diode,0,B,0,,,0,,0.3296097000988624,0.10819393386648404,0.03566177009424796,0,true,true,backward_euler_step_doubling,0.00002,,0.02,,,,,,,,,,,,schottky,0.000001,1.1,0.02585,3,,,,,,,,,,,,,,,,,,,,,
0.015500000000000014,L4,inductor,B,0,100,mH,,0,A,-0.3296097000988624,0.10819393386648402,-0.03566177009424795,0.0005852963662752559,true,true,backward_euler_step_doubling,0.00002,1e-10,0.02,,,,,,,,,,,,,,,,3,,,,,,,,,,,,,,,,,,,,,
0.015600000000000013,V1,voltage,A,0,5,V,,0,,5,0,0,0,true,true,backward_euler_step_doubling,0.00002,,0.02,dc,5,10,0,50,2,,,,,,,,,,3,,,,,,,,,,,,,,,,,,,,,
0.015600000000000013,S2,switch,A,B,0,,false,0,,5.3295229651379525,0,0,0,true,true,backward_euler_step_doubling,0.00002,,0.02,,,,,,,true,true,1@0.003=open,,,,,,,3,,,,,,,,,,,,,,,,,,,,,
0.015600000000000013,D3,diode,0,B,0,,,0,,0.32952296513795293,0.10786441090134613,0.03554380051307011,0,true,true,backward_euler_step_doubling,0.00002,,0.02,,,,,,,,,,,,schottky,0.000001,1.1,0.02585,3,,,,,,,,,,,,,,,,,,,,,
0.015600000000000013,L4,inductor,B,0,100,mH,,0,A,-0.32952296513795293,0.10786441090134606,-0.03554380051307009,0.0005817365569547212,true,true,backward_euler_step_doubling,0.00002,1e-10,0.02,,,,,,,,,,,,,,,,3,,,,,,,,,,,,,,,,,,,,,
0.015700000000000013,V1,voltage,A,0,5,V,,0,,5,0,0,0,true,true,backward_euler_step_doubling,0.00002,,0.02,dc,5,10,0,50,2,,,,,,,,,,3,,,,,,,,,,,,,,,,,,,,,
0.015700000000000013,S2,switch,A,B,0,,false,0,,5.329435987799516,0,0,0,true,true,backward_euler_step_doubling,0.00002,,0.02,,,,,,,true,true,1@0.003=open,,,,,,,3,,,,,,,,,,,,,,,,,,,,,
0.015700000000000013,D3,diode,0,B,0,,,0,,0.32943598779951627,0.10753497491354669,0.03542589068364046,0,true,true,backward_euler_step_doubling,0.00002,,0.02,,,,,,,,,,,,schottky,0.000001,1.1,0.02585,3,,,,,,,,,,,,,,,,,,,,,
0.015700000000000013,L4,inductor,B,0,100,mH,,0,A,-0.32943598779951627,0.10753497491354655,-0.03542589068364041,0.0005781885414828543,true,true,backward_euler_step_doubling,0.00002,1e-10,0.02,,,,,,,,,,,,,,,,3,,,,,,,,,,,,,,,,,,,,,
0.015800000000000012,V1,voltage,A,0,5,V,,0,,5,0,0,0,true,true,backward_euler_step_doubling,0.00002,,0.02,dc,5,10,0,50,2,,,,,,,,,,3,,,,,,,,,,,,,,,,,,,,,
0.015800000000000012,S2,switch,A,B,0,,false,0,,5.3293487667313295,0,0,0,true,true,backward_euler_step_doubling,0.00002,,0.02,,,,,,,true,true,1@0.003=open,,,,,,,3,,,,,,,,,,,,,,,,,,,,,
0.015800000000000012,D3,diode,0,B,0,,,0,,0.3293487667313294,0.10720562614681514,0.03530804075811353,0,true,true,backward_euler_step_doubling,0.00002,,0.02,,,,,,,,,,,,schottky,0.000001,1.1,0.02585,3,,,,,,,,,,,,,,,,,,,,,
0.015800000000000012,L4,inductor,B,0,100,mH,,0,A,-0.3293487667313294,0.10720562614681522,-0.03530804075811356,0.0005746523138765357,true,true,backward_euler_step_doubling,0.00002,1e-10,0.02,,,,,,,,,,,,,,,,3,,,,,,,,,,,,,,,,,,,,,
0.01590000000000001,V1,voltage,A,0,5,V,,0,,5,0,0,0,true,true,backward_euler_step_doubling,0.00002,,0.02,dc,5,10,0,50,2,,,,,,,,,,3,,,,,,,,,,,,,,,,,,,,,
0.01590000000000001,S2,switch,A,B,0,,false,0,,5.3292613005698435,0,0,0,true,true,backward_euler_step_doubling,0.00002,,0.02,,,,,,,true,true,1@0.003=open,,,,,,,3,,,,,,,,,,,,,,,,,,,,,
0.01590000000000001,D3,diode,0,B,0,,,0,,0.32926130056984315,0.1068763648462453,0.03519025088945179,0,true,true,backward_euler_step_doubling,0.00002,,0.02,,,,,,,,,,,,schottky,0.000001,1.1,0.02585,3,,,,,,,,,,,,,,,,,,,,,
0.01590000000000001,L4,inductor,B,0,100,mH,,0,A,-0.32926130056984315,0.10687636484624538,-0.03519025088945182,0.0005711278681373878,true,true,backward_euler_step_doubling,0.00002,1e-10,0.02,,,,,,,,,,,,,,,,3,,,,,,,,,,,,,,,,,,,,,
0.01600000000000001,V1,voltage,A,0,5,V,,0,,5,0,0,0,true,true,backward_euler_step_doubling,0.00002,,0.02,dc,5,10,0,50,2,,,,,,,,,,3,,,,,,,,,,,,,,,,,,,,,
0.01600000000000001,S2,switch,A,B,0,,false,0,,5.329173587940055,0,0,0,true,true,backward_euler_step_doubling,0.00002,,0.02,,,,,,,true,true,1@0.003=open,,,,,,,3,,,,,,,,,,,,,,,,,,,,,
0.01600000000000001,D3,diode,0,B,0,,,0,,0.329173587940055,0.10654719125830549,0.03507252123143168,0,true,true,backward_euler_step_doubling,0.00002,,0.02,,,,,,,,,,,,schottky,0.000001,1.1,0.02585,3,,,,,,,,,,,,,,,,,,,,,
0.01600000000000001,L4,inductor,B,0,100,mH,,0,A,-0.329173587940055,0.10654719125830532,-0.035072521231431626,0.0005676151982516947,true,true,backward_euler_step_doubling,0.00002,1e-10,0.02,,,,,,,,,,,,,,,,3,,,,,,,,,,,,,,,,,,,,,
0.01610000000000001,V1,voltage,A,0,5,V,,0,,5,0,0,0,true,true,backward_euler_step_doubling,0.00002,,0.02,dc,5,10,0,50,2,,,,,,,,,,3,,,,,,,,,,,,,,,,,,,,,
0.01610000000000001,S2,switch,A,B,0,,false,0,,5.329085627455381,0,0,0,true,true,backward_euler_step_doubling,0.00002,,0.02,,,,,,,true,true,1@0.003=open,,,,,,,3,,,,,,,,,,,,,,,,,,,,,
0.01610000000000001,D3,diode,0,B,0,,,0,,0.3290856274553808,0.10621810563085,0.03495485193865019,0,true,true,backward_euler_step_doubling,0.00002,,0.02,,,,,,,,,,,,schottky,0.000001,1.1,0.02585,3,,,,,,,,,,,,,,,,,,,,,
0.01610000000000001,L4,inductor,B,0,100,mH,,0,A,-0.3290856274553808,0.10621810563084995,-0.03495485193865017,0.00056411429819032,true,true,backward_euler_step_doubling,0.00002,1e-10,0.02,,,,,,,,,,,,,,,,3,,,,,,,,,,,,,,,,,,,,,
0.01620000000000001,V1,voltage,A,0,5,V,,0,,5,0,0,0,true,true,backward_euler_step_doubling,0.00002,,0.02,dc,5,10,0,50,2,,,,,,,,,,3,,,,,,,,,,,,,,,,,,,,,
0.01620000000000001,S2,switch,A,B,0,,false,0,,5.328997417717525,0,0,0,true,true,backward_euler_step_doubling,0.00002,,0.02,,,,,,,true,true,1@0.003=open,,,,,,,3,,,,,,,,,,,,,,,,,,,,,
0.01620000000000001,D3,diode,0,B,0,,,0,,0.3289974177175245,0.1058891082131324,0.03483724316653207,0,true,true,backward_euler_step_doubling,0.00002,,0.02,,,,,,,,,,,,schottky,0.000001,1.1,0.02585,3,,,,,,,,,,,,,,,,,,,,,
0.01620000000000001,L4,inductor,B,0,100,mH,,0,A,-0.3289974177175245,0.10588910821313242,-0.034837243166532084,0.0005606251619086235,true,true,backward_euler_step_doubling,0.00002,1e-10,0.02,,,,,,,,,,,,,,,,3,,,,,,,,,,,,,,,,,,,,,
0.01630000000000001,V1,voltage,A,0,5,V,,0,,5,0,0,0,true,true,backward_euler_step_doubling,0.00002,,0.02,dc,5,10,0,50,2,,,,,,,,,,3,,,,,,,,,,,,,,,,,,,,,
0.01630000000000001,S2,switch,A,B,0,,false,0,,5.328908957316346,0,0,0,true,true,backward_euler_step_doubling,0.00002,,0.02,,,,,,,true,true,1@0.003=open,,,,,,,3,,,,,,,,,,,,,,,,,,,,,
0.01630000000000001,D3,diode,0,B,0,,,0,,0.32890895731634606,0.10556019925581603,0.03471969507133618,0,true,true,backward_euler_step_doubling,0.00002,,0.02,,,,,,,,,,,,schottky,0.000001,1.1,0.02585,3,,,,,,,,,,,,,,,,,,,,,
0.01630000000000001,L4,inductor,B,0,100,mH,,0,A,-0.32890895731634606,0.10556019925581608,-0.034719695071336196,0.0005571477833463798,true,true,backward_euler_step_doubling,0.00002,1e-10,0.02,,,,,,,,,,,,,,,,3,,,,,,,,,,,,,,,,,,,,,
0.01640000000000001,V1,voltage,A,0,5,V,,0,,5,0,0,0,true,true,backward_euler_step_doubling,0.00002,,0.02,dc,5,10,0,50,2,,,,,,,,,,3,,,,,,,,,,,,,,,,,,,,,
0.01640000000000001,S2,switch,A,B,0,,false,0,,5.3288202448297275,0,0,0,true,true,backward_euler_step_doubling,0.00002,,0.02,,,,,,,true,true,1@0.003=open,,,,,,,3,,,,,,,,,,,,,,,,,,,,,
0.01640000000000001,D3,diode,0,B,0,,,0,,0.32882024482972744,0.10523137901098648,0.03460220781016241,0,true,true,backward_euler_step_doubling,0.00002,,0.02,,,,,,,,,,,,schottky,0.000001,1.1,0.02585,3,,,,,,,,,,,,,,,,,,,,,
0.01640000000000001,L4,inductor,B,0,100,mH,,0,A,-0.32882024482972744,0.10523137901098636,-0.03460220781016238,0.0005536821564276931,true,true,backward_euler_step_doubling,0.00002,1e-10,0.02,,,,,,,,,,,,,,,,3,,,,,,,,,,,,,,,,,,,,,
0.016500000000000008,V1,voltage,A,0,5,V,,0,,5,0,0,0,true,true,backward_euler_step_doubling,0.00002,,0.02,dc,5,10,0,50,2,,,,,,,,,,3,,,,,,,,,,,,,,,,,,,,,
0.016500000000000008,S2,switch,A,B,0,,false,0,,5.328731278823437,0,0,0,true,true,backward_euler_step_doubling,0.00002,,0.02,,,,,,,true,true,1@0.003=open,,,,,,,3,,,,,,,,,,,,,,,,,,,,,
0.016500000000000008,D3,diode,0,B,0,,,0,,0.32873127882343633,0.10490264773216283,0.03448478154095834,0,true,true,backward_euler_step_doubling,0.00002,,0.02,,,,,,,,,,,,schottky,0.000001,1.1,0.02585,3,,,,,,,,,,,,,,,,,,,,,
0.016500000000000008,L4,inductor,B,0,100,mH,,0,A,-0.32873127882343633,0.10490264773216293,-0.034484781540958374,0.0005502282750609134,true,true,backward_euler_step_doubling,0.00002,1e-10,0.02,,,,,,,,,,,,,,,,3,,,,,,,,,,,,,,,,,,,,,
0.016600000000000007,V1,voltage,A,0,5,V,,0,,5,0,0,0,true,true,backward_euler_step_doubling,0.00002,,0.02,dc,5,10,0,50,2,,,,,,,,,,3,,,,,,,,,,,,,,,,,,,,,
0.016600000000000007,S2,switch,A,B,0,,false,0,,5.328642057850989,0,0,0,true,true,backward_euler_step_doubling,0.00002,,0.02,,,,,,,true,true,1@0.003=open,,,,,,,3,,,,,,,,,,,,,,,,,,,,,
0.016600000000000007,D3,diode,0,B,0,,,0,,0.32864205785098904,0.10457400567431209,0.03436741642252693,0,true,true,backward_euler_step_doubling,0.00002,,0.02,,,,,,,,,,,,schottky,0.000001,1.1,0.02585,3,,,,,,,,,,,,,,,,,,,,,
0.016600000000000007,L4,inductor,B,0,100,mH,,0,A,-0.32864205785098904,0.10457400567431194,-0.03436741642252688,0.0005467861331385514,true,true,backward_euler_step_doubling,0.00002,1e-10,0.02,,,,,,,,,,,,,,,,3,,,,,,,,,,,,,,,,,,,,,
0.016700000000000007,V1,voltage,A,0,5,V,,0,,5,0,0,0,true,true,backward_euler_step_doubling,0.00002,,0.02,dc,5,10,0,50,2,,,,,,,,,,3,,,,,,,,,,,,,,,,,,,,,
0.016700000000000007,S2,switch,A,B,0,,false,0,,5.32855258045351,0,0,0,true,true,backward_euler_step_doubling,0.00002,,0.02,,,,,,,true,true,1@0.003=open,,,,,,,3,,,,,,,,,,,,,,,,,,,,,
0.016700000000000007,D3,diode,0,B,0,,,0,,0.32855258045350993,0.10424545309385831,0.03425011261453248,0,true,true,backward_euler_step_doubling,0.00002,,0.02,,,,,,,,,,,,schottky,0.000001,1.1,0.02585,3,,,,,,,,,,,,,,,,,,,,,
0.016700000000000007,L4,inductor,B,0,100,mH,,0,A,-0.32855258045350993,0.10424545309385842,-0.034250112614532514,0.0005433557245371919,true,true,backward_euler_step_doubling,0.00002,1e-10,0.02,,,,,,,,,,,,,,,,3,,,,,,,,,,,,,,,,,,,,,
0.016800000000000006,V1,voltage,A,0,5,V,,0,,5,0,0,0,true,true,backward_euler_step_doubling,0.00002,,0.02,dc,5,10,0,50,2,,,,,,,,,,3,,,,,,,,,,,,,,,,,,,,,
0.016800000000000006,S2,switch,A,B,0,,false,0,,5.32846284515959,0,0,0,true,true,backward_euler_step_doubling,0.00002,,0.02,,,,,,,true,true,1@0.003=open,,,,,,,3,,,,,,,,,,,,,,,,,,,,,
0.016800000000000006,D3,diode,0,B,0,,,0,,0.32846284515959034,0.1039169902486988,0.03413287027750901,0,true,true,backward_euler_step_doubling,0.00002,,0.02,,,,,,,,,,,,schottky,0.000001,1.1,0.02585,3,,,,,,,,,,,,,,,,,,,,,
0.016800000000000006,L4,inductor,B,0,100,mH,,0,A,-0.32846284515959034,0.10391699024869884,-0.034132870277509025,0.0005399370431174085,true,true,backward_euler_step_doubling,0.00002,1e-10,0.02,,,,,,,,,,,,,,,,3,,,,,,,,,,,,,,,,,,,,,
0.016900000000000005,V1,voltage,A,0,5,V,,0,,5,0,0,0,true,true,backward_euler_step_doubling,0.00002,,0.02,dc,5,10,0,50,2,,,,,,,,,,3,,,,,,,,,,,,,,,,,,,,,
0.016900000000000005,S2,switch,A,B,0,,false,0,,5.328372850485144,0,0,0,true,true,backward_euler_step_doubling,0.00002,,0.02,,,,,,,true,true,1@0.003=open,,,,,,,3,,,,,,,,,,,,,,,,,,,,,
0.016900000000000005,D3,diode,0,B,0,,,0,,0.32837285048514414,0.10358861739821391,0.0340156895728665,0,true,true,backward_euler_step_doubling,0.00002,,0.02,,,,,,,,,,,,schottky,0.000001,1.1,0.02585,3,,,,,,,,,,,,,,,,,,,,,
0.016900000000000005,L4,inductor,B,0,100,mH,,0,A,-0.32837285048514414,0.10358861739821369,-0.03401568957286642,0.000536530082723675,true,true,backward_euler_step_doubling,0.00002,1e-10,0.02,,,,,,,,,,,,,,,,3,,,,,,,,,,,,,,,,,,,,,
0.017000000000000005,V1,voltage,A,0,5,V,,0,,5,0,0,0,true,true,backward_euler_step_doubling,0.00002,,0.02,dc,5,10,0,50,2,,,,,,,,,,3,,,,,,,,,,,,,,,,,,,,,
0.017000000000000005,S2,switch,A,B,0,,false,0,,5.328282594933262,0,0,0,true,true,backward_euler_step_doubling,0.00002,,0.02,,,,,,,true,true,1@0.003=open,,,,,,,3,,,,,,,,,,,,,,,,,,,,,
0.017000000000000005,D3,diode,0,B,0,,,0,,0.3282825949332622,0.10326033480328074,0.03389857066289845,0,true,true,backward_euler_step_doubling,0.00002,,0.02,,,,,,,,,,,,schottky,0.000001,1.1,0.02585,3,,,,,,,,,,,,,,,,,,,,,
0.017000000000000005,L4,inductor,B,0,100,mH,,0,A,-0.3282825949332622,0.10326033480328044,-0.03389857066289834,0.0005331348371842785,true,true,backward_euler_step_doubling,0.00002,1e-10,0.02,,,,,,,,,,,,,,,,3,,,,,,,,,,,,,,,,,,,,,
0.017100000000000004,V1,voltage,A,0,5,V,,0,,5,0,0,0,true,true,backward_euler_step_doubling,0.00002,,0.02,dc,5,10,0,50,2,,,,,,,,,,3,,,,,,,,,,,,,,,,,,,,,
0.017100000000000004,S2,switch,A,B,0,,false,0,,5.328192076994064,0,0,0,true,true,backward_euler_step_doubling,0.00002,,0.02,,,,,,,true,true,1@0.003=open,,,,,,,3,,,,,,,,,,,,,,,,,,,,,
0.017100000000000004,D3,diode,0,B,0,,,0,,0.3281920769940641,0.10293214272628634,0.033781513710789364,0,true,true,backward_euler_step_doubling,0.00002,,0.02,,,,,,,,,,,,schottky,0.000001,1.1,0.02585,3,,,,,,,,,,,,,,,,,,,,,
0.017100000000000004,L4,inductor,B,0,100,mH,,0,A,-0.3281920769940641,0.10293214272628637,-0.03378151371078937,0.0005297513003112294,true,true,backward_euler_step_doubling,0.00002,1e-10,0.02,,,,,,,,,,,,,,,,3,,,,,,,,,,,,,,,,,,,,,
0.017200000000000003,V1,voltage,A,0,5,V,,0,,5,0,0,0,true,true,backward_euler_step_doubling,0.00002,,0.02,dc,5,10,0,50,2,,,,,,,,,,3,,,,,,,,,,,,,,,,,,,,,
0.017200000000000003,S2,switch,A,B,0,,false,0,,5.328101295144549,0,0,0,true,true,backward_euler_step_doubling,0.00002,,0.02,,,,,,,true,true,1@0.003=open,,,,,,,3,,,,,,,,,,,,,,,,,,,,,
0.017200000000000003,D3,diode,0,B,0,,,0,,0.3281012951445487,0.102604041431142,0.03366451888062263,0,true,true,backward_euler_step_doubling,0.00002,,0.02,,,,,,,,,,,,schottky,0.000001,1.1,0.02585,3,,,,,,,,,,,,,,,,,,,,,
0.017200000000000003,L4,inductor,B,0,100,mH,,0,A,-0.3281012951445487,0.10260404143114182,-0.033664518880622565,0.0005263794659001734,true,true,backward_euler_step_doubling,0.00002,1e-10,0.02,,,,,,,,,,,,,,,,3,,,,,,,,,,,,,,,,,,,,,
0.017300000000000003,V1,voltage,A,0,5,V,,0,,5,0,0,0,true,true,backward_euler_step_doubling,0.00002,,0.02,dc,5,10,0,50,2,,,,,,,,,,3,,,,,,,,,,,,,,,,,,,,,
0.017300000000000003,S2,switch,A,B,0,,false,0,,5.328010247848441,0,0,0,true,true,backward_euler_step_doubling,0.00002,,0.02,,,,,,,true,true,1@0.003=open,,,,,,,3,,,,,,,,,,,,,,,,,,,,,
0.017300000000000003,D3,diode,0,B,0,,,0,,0.3280102478484408,0.10227603118329331,0.0335475863373869,0,true,true,backward_euler_step_doubling,0.00002,,0.02,,,,,,,,,,,,schottky,0.000001,1.1,0.02585,3,,,,,,,,,,,,,,,,,,,,,
0.017300000000000003,L4,inductor,B,0,100,mH,,0,A,-0.3280102478484408,0.10227603118329338,-0.03354758633738692,0.0005230193277303,true,true,backward_euler_step_doubling,0.00002,1e-10,0.02,,,,,,,,,,,,,,,,3,,,,,,,,,,,,,,,,,,,,,
0.017400000000000002,V1,voltage,A,0,5,V,,0,,5,0,0,0,true,true,backward_euler_step_doubling,0.00002,,0.02,dc,5,10,0,50,2,,,,,,,,,,3,,,,,,,,,,,,,,,,,,,,,
0.017400000000000002,S2,switch,A,B,0,,false,0,,5.327918933556037,0,0,0,true,true,backward_euler_step_doubling,0.00002,,0.02,,,,,,,true,true,1@0.003=open,,,,,,,3,,,,,,,,,,,,,,,,,,,,,
0.017400000000000002,D3,diode,0,B,0,,,0,,0.32791893355603746,0.10194811224973745,0.033430716246985105,0,true,true,backward_euler_step_doubling,0.00002,,0.02,,,,,,,,,,,,schottky,0.000001,1.1,0.02585,3,,,,,,,,,,,,,,,,,,,,,
0.017400000000000002,L4,inductor,B,0,100,mH,,0,A,-0.32791893355603746,0.10194811224973735,-0.03343071624698507,0.0005196708795642523,true,true,backward_euler_step_doubling,0.00002,1e-10,0.02,,,,,,,,,,,,,,,,3,,,,,,,,,,,,,,,,,,,,,
0.0175,V1,voltage,A,0,5,V,,0,,5,0,0,0,true,true,backward_euler_step_doubling,0.00002,,0.02,dc,5,10,0,50,2,,,,,,,,,,3,,,,,,,,,,,,,,,,,,,,,
0.0175,S2,switch,A,B,0,,false,0,,5.327827350704051,0,0,0,true,true,backward_euler_step_doubling,0.00002,,0.02,,,,,,,true,true,1@0.003=open,,,,,,,3,,,,,,,,,,,,,,,,,,,,,
0.0175,D3,diode,0,B,0,,,0,,0.32782735070405067,0.10162028489903355,0.03331390877624101,0,true,true,backward_euler_step_doubling,0.00002,,0.02,,,,,,,,,,,,schottky,0.000001,1.1,0.02585,3,,,,,,,,,,,,,,,,,,,,,
0.0175,L4,inductor,B,0,100,mH,,0,A,-0.32782735070405067,0.1016202848990333,-0.033313908776240936,0.0005163341151480348,true,true,backward_euler_step_doubling,0.00002,1e-10,0.02,,,,,,,,,,,,,,,,3,,,,,,,,,,,,,,,,,,,,,
0.0176,V1,voltage,A,0,5,V,,0,,5,0,0,0,true,true,backward_euler_step_doubling,0.00002,,0.02,dc,5,10,0,50,2,,,,,,,,,,3,,,,,,,,,,,,,,,,,,,,,
0.0176,S2,switch,A,B,0,,false,0,,5.327735497715448,0,0,0,true,true,backward_euler_step_doubling,0.00002,,0.02,,,,,,,true,true,1@0.003=open,,,,,,,3,,,,,,,,,,,,,,,,,,,,,
0.0176,D3,diode,0,B,0,,,0,,0.3277354977154485,0.10129254940131784,0.03319716409290756,0,true,true,backward_euler_step_doubling,0.00002,,0.02,,,,,,,,,,,,schottky,0.000001,1.1,0.02585,3,,,,,,,,,,,,,,,,,,,,,
0.0176,L4,inductor,B,0,100,mH,,0,A,-0.3277354977154485,0.10129254940131785,-0.033197164092907565,0.0005130090282109209,true,true,backward_euler_step_doubling,0.00002,1e-10,0.02,,,,,,,,,,,,,,,,3,,,,,,,,,,,,,,,,,,,,,
0.0177,V1,voltage,A,0,5,V,,0,,5,0,0,0,true,true,backward_euler_step_doubling,0.00002,,0.02,dc,5,10,0,50,2,,,,,,,,,,3,,,,,,,,,,,,,,,,,,,,,
0.0177,S2,switch,A,B,0,,false,0,,5.327643372999294,0,0,0,true,true,backward_euler_step_doubling,0.00002,,0.02,,,,,,,true,true,1@0.003=open,,,,,,,3,,,,,,,,,,,,,,,,,,,,,
0.0177,D3,diode,0,B,0,,,0,,0.327643372999294,0.10096490602831873,0.0330804823656751,0,true,true,backward_euler_step_doubling,0.00002,,0.02,,,,,,,,,,,,schottky,0.000001,1.1,0.02585,3,,,,,,,,,,,,,,,,,,,,,
0.0177,L4,inductor,B,0,100,mH,,0,A,-0.327643372999294,0.10096490602831856,-0.03308048236567505,0.0005096956124653599,true,true,backward_euler_step_doubling,0.00002,1e-10,0.02,,,,,,,,,,,,,,,,3,,,,,,,,,,,,,,,,,,,,,
0.0178,V1,voltage,A,0,5,V,,0,,5,0,0,0,true,true,backward_euler_step_doubling,0.00002,,0.02,dc,5,10,0,50,2,,,,,,,,,,3,,,,,,,,,,,,,,,,,,,,,
0.0178,S2,switch,A,B,0,,false,0,,5.327550974950581,0,0,0,true,true,backward_euler_step_doubling,0.00002,,0.02,,,,,,,true,true,1@0.003=open,,,,,,,3,,,,,,,,,,,,,,,,,,,,,
0.0178,D3,diode,0,B,0,,,0,,0.3275509749505807,0.10063735505336804,0.03296386376417845,0,true,true,backward_euler_step_doubling,0.00002,,0.02,,,,,,,,,,,,schottky,0.000001,1.1,0.02585,3,,,,,,,,,,,,,,,,,,,,,
0.0178,L4,inductor,B,0,100,mH,,0,A,-0.3275509749505807,0.10063735505336799,-0.03296386376417844,0.0005063938616068826,true,true,backward_euler_step_doubling,0.00002,1e-10,0.02,,,,,,,,,,,,,,,,3,,,,,,,,,,,,,,,,,,,,,
0.0179,V1,voltage,A,0,5,V,,0,,5,0,0,0,true,true,backward_euler_step_doubling,0.00002,,0.02,dc,5,10,0,50,2,,,,,,,,,,3,,,,,,,,,,,,,,,,,,,,,
0.0179,S2,switch,A,B,0,,false,0,,5.327458301950067,0,0,0,true,true,backward_euler_step_doubling,0.00002,,0.02,,,,,,,true,true,1@0.003=open,,,,,,,3,,,,,,,,,,,,,,,,,,,,,
0.0179,D3,diode,0,B,0,,,0,,0.3274583019500671,0.10030989675141809,0.032847308459005915,0,true,true,backward_euler_step_doubling,0.00002,,0.02,,,,,,,,,,,,schottky,0.000001,1.1,0.02585,3,,,,,,,,,,,,,,,,,,,,,
0.0179,L4,inductor,B,0,100,mH,,0,A,-0.3274583019500671,0.10030989675141792,-0.03284730845900587,0.0005031037693140062,true,true,backward_euler_step_doubling,0.00002,1e-10,0.02,,,,,,,,,,,,,,,,3,,,,,,,,,,,,,,,,,,,,,
0.018,V1,voltage,A,0,5,V,,0,,5,0,0,0,true,true,backward_euler_step_doubling,0.00002,,0.02,dc,5,10,0,50,2,,,,,,,,,,3,,,,,,,,,,,,,,,,,,,,,
0.018,S2,switch,A,B,0,,false,0,,5.327365352364107,0,0,0,true,true,backward_euler_step_doubling,0.00002,,0.02,,,,,,,true,true,1@0.003=open,,,,,,,3,,,,,,,,,,,,,,,,,,,,,
0.018,D3,diode,0,B,0,,,0,,0.3273653523641075,0.09998253139905407,0.03273081662170678,0,true,true,backward_euler_step_doubling,0.00002,,0.02,,,,,,,,,,,,schottky,0.000001,1.1,0.02585,3,,,,,,,,,,,,,,,,,,,,,
0.018,L4,inductor,B,0,100,mH,,0,A,-0.3273653523641075,0.09998253139905382,-0.032730816621706696,0.0004998253292481391,true,true,backward_euler_step_doubling,0.00002,1e-10,0.02,,,,,,,,,,,,,,,,3,,,,,,,,,,,,,,,,,,,,,
0.018099999999999998,V1,voltage,A,0,5,V,,0,,5,0,0,0,true,true,backward_euler_step_doubling,0.00002,,0.02,dc,5,10,0,50,2,,,,,,,,,,3,,,,,,,,,,,,,,,,,,,,,
0.018099999999999998,S2,switch,A,B,0,,false,0,,5.327272124544481,0,0,0,true,true,backward_euler_step_doubling,0.00002,,0.02,,,,,,,true,true,1@0.003=open,,,,,,,3,,,,,,,,,,,,,,,,,,,,,
0.018099999999999998,D3,diode,0,B,0,,,0,,0.32727212454448124,0.09965525927450965,0.03261438842479989,0,true,true,backward_euler_step_doubling,0.00002,,0.02,,,,,,,,,,,,schottky,0.000001,1.1,0.02585,3,,,,,,,,,,,,,,,,,,,,,
0.018099999999999998,L4,inductor,B,0,100,mH,,0,A,-0.32727212454448124,0.09965525927450934,-0.03261438842479979,0.0004965585350534841,true,true,backward_euler_step_doubling,0.00002,1e-10,0.02,,,,,,,,,,,,,,,,3,,,,,,,,,,,,,,,,,,,,,
0.018199999999999997,V1,voltage,A,0,5,V,,0,,5,0,0,0,true,true,backward_euler_step_doubling,0.00002,,0.02,dc,5,10,0,50,2,,,,,,,,,,3,,,,,,,,,,,,,,,,,,,,,
0.018199999999999997,S2,switch,A,B,0,,false,0,,5.327178616828219,0,0,0,true,true,backward_euler_step_doubling,0.00002,,0.02,,,,,,,true,true,1@0.003=open,,,,,,,3,,,,,,,,,,,,,,,,,,,,,
0.018199999999999997,D3,diode,0,B,0,,,0,,0.3271786168282186,0.09932808065768105,0.032498024041781814,0,true,true,backward_euler_step_doubling,0.00002,,0.02,,,,,,,,,,,,schottky,0.000001,1.1,0.02585,3,,,,,,,,,,,,,,,,,,,,,
0.018199999999999997,L4,inductor,B,0,100,mH,,0,A,-0.3271786168282186,0.09932808065768113,-0.03249802404178184,0.0004933033803569404,true,true,backward_euler_step_doubling,0.00002,1e-10,0.02,,,,,,,,,,,,,,,,3,,,,,,,,,,,,,,,,,,,,,
0.018299999999999997,V1,voltage,A,0,5,V,,0,,5,0,0,0,true,true,backward_euler_step_doubling,0.00002,,0.02,dc,5,10,0,50,2,,,,,,,,,,3,,,,,,,,,,,,,,,,,,,,,
0.018299999999999997,S2,switch,A,B,0,,false,0,,5.327084827537425,0,0,0,true,true,backward_euler_step_doubling,0.00002,,0.02,,,,,,,true,true,1@0.003=open,,,,,,,3,,,,,,,,,,,,,,,,,,,,,
0.018299999999999997,D3,diode,0,B,0,,,0,,0.327084827537425,0.09900099583014366,0.032381723647135874,0,true,true,backward_euler_step_doubling,0.00002,,0.02,,,,,,,,,,,,schottky,0.000001,1.1,0.02585,3,,,,,,,,,,,,,,,,,,,,,
0.018299999999999997,L4,inductor,B,0,100,mH,,0,A,-0.327084827537425,0.09900099583014371,-0.03238172364713589,0.0004900598587680066,true,true,backward_euler_step_doubling,0.00002,1e-10,0.02,,,,,,,,,,,,,,,,3,,,,,,,,,,,,,,,,,,,,,
0.018399999999999996,V1,voltage,A,0,5,V,,0,,5,0,0,0,true,true,backward_euler_step_doubling,0.00002,,0.02,dc,5,10,0,50,2,,,,,,,,,,3,,,,,,,,,,,,,,,,,,,,,
0.018399999999999996,S2,switch,A,B,0,,false,0,,5.326990754979102,0,0,0,true,true,backward_euler_step_doubling,0.00002,,0.02,,,,,,,true,true,1@0.003=open,,,,,,,3,,,,,,,,,,,,,,,,,,,,,
0.018399999999999996,D3,diode,0,B,0,,,0,,0.32699075497910157,0.09867400507516454,0.03226548741633975,0,true,true,backward_euler_step_doubling,0.00002,,0.02,,,,,,,,,,,,schottky,0.000001,1.1,0.02585,3,,,,,,,,,,,,,,,,,,,,,
0.018399999999999996,L4,inductor,B,0,100,mH,,0,A,-0.32699075497910157,0.0986740050751646,-0.03226548741633978,0.00048682796387868054,true,true,backward_euler_step_doubling,0.00002,1e-10,0.02,,,,,,,,,,,,,,,,3,,,,,,,,,,,,,,,,,,,,,
0.018499999999999996,V1,voltage,A,0,5,V,,0,,5,0,0,0,true,true,backward_euler_step_doubling,0.00002,,0.02,dc,5,10,0,50,2,,,,,,,,,,3,,,,,,,,,,,,,,,,,,,,,
0.018499999999999996,S2,switch,A,B,0,,false,0,,5.326896397444964,0,0,0,true,true,backward_euler_step_doubling,0.00002,,0.02,,,,,,,true,true,1@0.003=open,,,,,,,3,,,,,,,,,,,,,,,,,,,,,
0.018499999999999996,D3,diode,0,B,0,,,0,,0.3268963974449637,0.09834710867771977,0.03214931552587492,0,true,true,backward_euler_step_doubling,0.00002,,0.02,,,,,,,,,,,,schottky,0.000001,1.1,0.02585,3,,,,,,,,,,,,,,,,,,,,,
0.018499999999999996,L4,inductor,B,0,100,mH,,0,A,-0.3268963974449637,0.09834710867771965,-0.032149315525874876,0.00048360768926336,true,true,backward_euler_step_doubling,0.00002,1e-10,0.02,,,,,,,,,,,,,,,,3,,,,,,,,,,,,,,,,,,,,,
0.018599999999999995,V1,voltage,A,0,5,V,,0,,5,0,0,0,true,true,backward_euler_step_doubling,0.00002,,0.02,dc,5,10,0,50,2,,,,,,,,,,3,,,,,,,,,,,,,,,,,,,,,
0.018599999999999995,S2,switch,A,B,0,,false,0,,5.326801753211257,0,0,0,true,true,backward_euler_step_doubling,0.00002,,0.02,,,,,,,true,true,1@0.003=open,,,,,,,3,,,,,,,,,,,,,,,,,,,,,
0.018599999999999995,D3,diode,0,B,0,,,0,,0.3268017532112566,0.09802030692450855,0.03203320815323487,0,true,true,backward_euler_step_doubling,0.00002,,0.02,,,,,,,,,,,,schottky,0.000001,1.1,0.02585,3,,,,,,,,,,,,,,,,,,,,,
0.018599999999999995,L4,inductor,B,0,100,mH,,0,A,-0.3268017532112566,0.09802030692450839,-0.032033208153234814,0.0004803990284787414,true,true,backward_euler_step_doubling,0.00002,1e-10,0.02,,,,,,,,,,,,,,,,3,,,,,,,,,,,,,,,,,,,,,
0.018699999999999994,V1,voltage,A,0,5,V,,0,,5,0,0,0,true,true,backward_euler_step_doubling,0.00002,,0.02,dc,5,10,0,50,2,,,,,,,,,,3,,,,,,,,,,,,,,,,,,,,,
0.018699999999999994,S2,switch,A,B,0,,false,0,,5.326706820538568,0,0,0,true,true,backward_euler_step_doubling,0.00002,,0.02,,,,,,,true,true,1@0.003=open,,,,,,,3,,,,,,,,,,,,,,,,,,,,,
0.018699999999999994,D3,diode,0,B,0,,,0,,0.3267068205385683,0.09769360010396977,0.03191716547693431,0,true,true,backward_euler_step_doubling,0.00002,,0.02,,,,,,,,,,,,schottky,0.000001,1.1,0.02585,3,,,,,,,,,,,,,,,,,,,,,
0.018699999999999994,L4,inductor,B,0,100,mH,,0,A,-0.3267068205385683,0.09769360010396982,-0.03191716547693433,0.0004772019750637187,true,true,backward_euler_step_doubling,0.00002,1e-10,0.02,,,,,,,,,,,,,,,,3,,,,,,,,,,,,,,,,,,,,,
0.018799999999999994,V1,voltage,A,0,5,V,,0,,5,0,0,0,true,true,backward_euler_step_doubling,0.00002,,0.02,dc,5,10,0,50,2,,,,,,,,,,3,,,,,,,,,,,,,,,,,,,,,
0.018799999999999994,S2,switch,A,B,0,,false,0,,5.32661159767164,0,0,0,true,true,backward_euler_step_doubling,0.00002,,0.02,,,,,,,true,true,1@0.003=open,,,,,,,3,,,,,,,,,,,,,,,,,,,,,
0.018799999999999994,D3,diode,0,B,0,,,0,,0.3266115976716398,0.09736698850629831,0.03180118767651828,0,true,true,backward_euler_step_doubling,0.00002,,0.02,,,,,,,,,,,,schottky,0.000001,1.1,0.02585,3,,,,,,,,,,,,,,,,,,,,,
0.018799999999999994,L4,inductor,B,0,100,mH,,0,A,-0.3266115976716398,0.09736698850629819,-0.03180118767651824,0.00047401652253928014,true,true,backward_euler_step_doubling,0.00002,1e-10,0.02,,,,,,,,,,,,,,,,3,,,,,,,,,,,,,,,,,,,,,
0.018899999999999993,V1,voltage,A,0,5,V,,0,,5,0,0,0,true,true,backward_euler_step_doubling,0.00002,,0.02,dc,5,10,0,50,2,,,,,,,,,,3,,,,,,,,,,,,,,,,,,,,,
0.018899999999999993,S2,switch,A,B,0,,false,0,,5.326516082839172,0,0,0,true,true,backward_euler_step_doubling,0.00002,,0.02,,,,,,,true,true,1@0.003=open,,,,,,,3,,,,,,,,,,,,,,,,,,,,,
0.018899999999999993,D3,diode,0,B,0,,,0,,0.3265160828391715,0.09704047242345923,0.03168527493257055,0,true,true,backward_euler_step_doubling,0.00002,,0.02,,,,,,,,,,,,schottky,0.000001,1.1,0.02585,3,,,,,,,,,,,,,,,,,,,,,
0.018899999999999993,L4,inductor,B,0,100,mH,,0,A,-0.3265160828391715,0.09704047242345902,-0.031685274932570485,0.00047084266440840553,true,true,backward_euler_step_doubling,0.00002,1e-10,0.02,,,,,,,,,,,,,,,,3,,,,,,,,,,,,,,,,,,,,,
0.018999999999999993,V1,voltage,A,0,5,V,,0,,5,0,0,0,true,true,backward_euler_step_doubling,0.00002,,0.02,dc,5,10,0,50,2,,,,,,,,,,3,,,,,,,,,,,,,,,,,,,,,
0.018999999999999993,S2,switch,A,B,0,,false,0,,5.326420274253628,0,0,0,true,true,backward_euler_step_doubling,0.00002,,0.02,,,,,,,true,true,1@0.003=open,,,,,,,3,,,,,,,,,,,,,,,,,,,,,
0.018999999999999993,D3,diode,0,B,0,,,0,,0.3264202742536281,0.0967140521492053,0.03156942742672328,0,true,true,backward_euler_step_doubling,0.00002,,0.02,,,,,,,,,,,,schottky,0.000001,1.1,0.02585,3,,,,,,,,,,,,,,,,,,,,,
0.018999999999999993,L4,inductor,B,0,100,mH,,0,A,-0.3264202742536281,0.09671405214920539,-0.031569427426723314,0.00046768039415596107,true,true,backward_euler_step_doubling,0.00002,1e-10,0.02,,,,,,,,,,,,,,,,3,,,,,,,,,,,,,,,,,,,,,
0.019099999999999992,V1,voltage,A,0,5,V,,0,,5,0,0,0,true,true,backward_euler_step_doubling,0.00002,,0.02,dc,5,10,0,50,2,,,,,,,,,,3,,,,,,,,,,,,,,,,,,,,,
0.019099999999999992,S2,switch,A,B,0,,false,0,,5.3263241701110395,0,0,0,true,true,backward_euler_step_doubling,0.00002,,0.02,,,,,,,true,true,1@0.003=open,,,,,,,3,,,,,,,,,,,,,,,,,,,,,
0.019099999999999992,D3,diode,0,B,0,,,0,,0.32632417011103954,0.09638772797909431,0.03145364534166658,0,true,true,backward_euler_step_doubling,0.00002,,0.02,,,,,,,,,,,,schottky,0.000001,1.1,0.02585,3,,,,,,,,,,,,,,,,,,,,,
0.019099999999999992,L4,inductor,B,0,100,mH,,0,A,-0.32632417011103954,0.09638772797909435,-0.03145364534166659,0.0004645297052485945,true,true,backward_euler_step_doubling,0.00002,1e-10,0.02,,,,,,,,,,,,,,,,3,,,,,,,,,,,,,,,,,,,,,
0.01919999999999999,V1,voltage,A,0,5,V,,0,,5,0,0,0,true,true,backward_euler_step_doubling,0.00002,,0.02,dc,5,10,0,50,2,,,,,,,,,,3,,,,,,,,,,,,,,,,,,,,,
0.01919999999999999,S2,switch,A,B,0,,false,0,,5.326227768590799,0,0,0,true,true,backward_euler_step_doubling,0.00002,,0.02,,,,,,,true,true,1@0.003=open,,,,,,,3,,,,,,,,,,,,,,,,,,,,,
0.01919999999999999,D3,diode,0,B,0,,,0,,0.3262277685907991,0.09606150021050364,0.03133792886115718,0,true,true,backward_euler_step_doubling,0.00002,,0.02,,,,,,,,,,,,schottky,0.000001,1.1,0.02585,3,,,,,,,,,,,,,,,,,,,,,
0.01919999999999999,L4,inductor,B,0,100,mH,,0,A,-0.3262277685907991,0.09606150021050355,-0.031337928861157154,0.00046139059113462877,true,true,backward_euler_step_doubling,0.00002,1e-10,0.02,,,,,,,,,,,,,,,,3,,,,,,,,,,,,,,,,,,,,,
0.01929999999999999,V1,voltage,A,0,5,V,,0,,5,0,0,0,true,true,backward_euler_step_doubling,0.00002,,0.02,dc,5,10,0,50,2,,,,,,,,,,3,,,,,,,,,,,,,,,,,,,,,
0.01929999999999999,S2,switch,A,B,0,,false,0,,5.326131067855458,0,0,0,true,true,backward_euler_step_doubling,0.00002,,0.02,,,,,,,true,true,1@0.003=open,,,,,,,3,,,,,,,,,,,,,,,,,,,,,
0.01929999999999999,D3,diode,0,B,0,,,0,,0.3261310678554583,0.09573536914264827,0.031222278170028372,0,true,true,backward_euler_step_doubling,0.00002,,0.02,,,,,,,,,,,,schottky,0.000001,1.1,0.02585,3,,,,,,,,,,,,,,,,,,,,,
0.01929999999999999,L4,inductor,B,0,100,mH,,0,A,-0.3261310678554583,0.0957353691426481,-0.031222278170028317,0.00045826304524395494,true,true,backward_euler_step_doubling,0.00002,1e-10,0.02,,,,,,,,,,,,,,,,3,,,,,,,,,,,,,,,,,,,,,
0.01939999999999999,V1,voltage,A,0,5,V,,0,,5,0,0,0,true,true,backward_euler_step_doubling,0.00002,,0.02,dc,5,10,0,50,2,,,,,,,,,,3,,,,,,,,,,,,,,,,,,,,,
0.01939999999999999,S2,switch,A,B,0,,false,0,,5.326034066050519,0,0,0,true,true,backward_euler_step_doubling,0.00002,,0.02,,,,,,,true,true,1@0.003=open,,,,,,,3,,,,,,,,,,,,,,,,,,,,,
0.01939999999999999,D3,diode,0,B,0,,,0,,0.326034066050519,0.09540933507659775,0.03110669345419957,0,true,true,backward_euler_step_doubling,0.00002,,0.02,,,,,,,,,,,,schottky,0.000001,1.1,0.02585,3,,,,,,,,,,,,,,,,,,,,,
0.01939999999999999,L4,inductor,B,0,100,mH,,0,A,-0.326034066050519,0.09540933507659759,-0.031106693454199516,0.0004551470609879238,true,true,backward_euler_step_doubling,0.00002,1e-10,0.02,,,,,,,,,,,,,,,,3,,,,,,,,,,,,,,,,,,,,,
0.01949999999999999,V1,voltage,A,0,5,V,,0,,5,0,0,0,true,true,backward_euler_step_doubling,0.00002,,0.02,dc,5,10,0,50,2,,,,,,,,,,3,,,,,,,,,,,,,,,,,,,,,
0.01949999999999999,S2,switch,A,B,0,,false,0,,5.325936761304222,0,0,0,true,true,backward_euler_step_doubling,0.00002,,0.02,,,,,,,true,true,1@0.003=open,,,,,,,3,,,,,,,,,,,,,,,,,,,,,
0.01949999999999999,D3,diode,0,B,0,,,0,,0.32593676130422183,0.09508339831529328,0.030991174900685994,0,true,true,backward_euler_step_doubling,0.00002,,0.02,,,,,,,,,,,,schottky,0.000001,1.1,0.02585,3,,,,,,,,,,,,,,,,,,,,,
0.01949999999999999,L4,inductor,B,0,100,mH,,0,A,-0.32593676130422183,0.09508339831529337,-0.030991174900686026,0.00045204263175923677,true,true,backward_euler_step_doubling,0.00002,1e-10,0.02,,,,,,,,,,,,,,,,3,,,,,,,,,,,,,,,,,,,,,
0.01959999999999999,V1,voltage,A,0,5,V,,0,,5,0,0,0,true,true,backward_euler_step_doubling,0.00002,,0.02,dc,5,10,0,50,2,,,,,,,,,,3,,,,,,,,,,,,,,,,,,,,,
0.01959999999999999,S2,switch,A,B,0,,false,0,,5.325839151727332,0,0,0,true,true,backward_euler_step_doubling,0.00002,,0.02,,,,,,,true,true,1@0.003=open,,,,,,,3,,,,,,,,,,,,,,,,,,,,,
0.01959999999999999,D3,diode,0,B,0,,,0,,0.3258391517273319,0.09475755916356622,0.030875722697608885,0,true,true,backward_euler_step_doubling,0.00002,,0.02,,,,,,,,,,,,schottky,0.000001,1.1,0.02585,3,,,,,,,,,,,,,,,,,,,,,
0.01959999999999999,L4,inductor,B,0,100,mH,,0,A,-0.3258391517273319,0.09475755916356604,-0.030875722697608826,0.00044894975093183595,true,true,backward_euler_step_doubling,0.00002,1e-10,0.02,,,,,,,,,,,,,,,,3,,,,,,,,,,,,,,,,,,,,,
0.01969999999999999,V1,voltage,A,0,5,V,,0,,5,0,0,0,true,true,backward_euler_step_doubling,0.00002,,0.02,dc,5,10,0,50,2,,,,,,,,,,3,,,,,,,,,,,,,,,,,,,,,
0.01969999999999999,S2,switch,A,B,0,,false,0,,5.32574123541292,0,0,0,true,true,backward_euler_step_doubling,0.00002,,0.02,,,,,,,true,true,1@0.003=open,,,,,,,3,,,,,,,,,,,,,,,,,,,,,
0.01969999999999999,D3,diode,0,B,0,,,0,,0.3257412354129202,0.09443181792815326,0.030760337034204593,0,true,true,backward_euler_step_doubling,0.00002,,0.02,,,,,,,,,,,,schottky,0.000001,1.1,0.02585,3,,,,,,,,,,,,,,,,,,,,,
0.01969999999999999,L4,inductor,B,0,100,mH,,0,A,-0.3257412354129202,0.09443181792815313,-0.030760337034204548,0.00044586841186079317,true,true,backward_euler_step_doubling,0.00002,1e-10,0.02,,,,,,,,,,,,,,,,3,,,,,,,,,,,,,,,,,,,,,
0.019799999999999988,V1,voltage,A,0,5,V,,0,,5,0,0,0,true,true,backward_euler_step_doubling,0.00002,,0.02,dc,5,10,0,50,2,,,,,,,,,,3,,,,,,,,,,,,,,,,,,,,,
0.019799999999999988,S2,switch,A,B,0,,false,0,,5.325643010436143,0,0,0,true,true,backward_euler_step_doubling,0.00002,,0.02,,,,,,,true,true,1@0.003=open,,,,,,,3,,,,,,,,,,,,,,,,,,,,,
0.019799999999999988,D3,diode,0,B,0,,,0,,0.3256430104361428,0.09410617491771706,0.030645018100835614,0,true,true,backward_euler_step_doubling,0.00002,,0.02,,,,,,,,,,,,schottky,0.000001,1.1,0.02585,3,,,,,,,,,,,,,,,,,,,,,
0.019799999999999988,L4,inductor,B,0,100,mH,,0,A,-0.3256430104361428,0.09410617491771699,-0.030645018100835593,0.0004427986078821973,true,true,backward_euler_step_doubling,0.00002,1e-10,0.02,,,,,,,,,,,,,,,,3,,,,,,,,,,,,,,,,,,,,,
0.019899999999999994,V1,voltage,A,0,5,V,,0,,5,0,0,0,true,true,backward_euler_step_doubling,0.00002,,0.02,dc,5,10,0,50,2,,,,,,,,,,3,,,,,,,,,,,,,,,,,,,,,
0.019899999999999994,S2,switch,A,B,0,,false,0,,5.3255444748540155,0,0,0,true,true,backward_euler_step_doubling,0.00002,,0.02,,,,,,,true,true,1@0.003=open,,,,,,,3,,,,,,,,,,,,,,,,,,,,,
0.019899999999999994,D3,diode,0,B,0,,,0,,0.32554447485401555,0.09378063044286278,0.030529766089000265,0,true,true,backward_euler_step_doubling,0.00002,,0.02,,,,,,,,,,,,schottky,0.000001,1.1,0.02585,3,,,,,,,,,,,,,,,,,,,,,
0.019899999999999994,L4,inductor,B,0,100,mH,,0,A,-0.32554447485401555,0.09378063044286294,-0.03052976608900032,0.00043974033231304166,true,true,backward_euler_step_doubling,0.00002,1e-10,0.02,,,,,,,,,,,,,,,,3,,,,,,,,,,,,,,,,,,,,,
0.02,V1,voltage,A,0,5,V,,0,,5,0,0,0,true,true,backward_euler_step_doubling,0.00002,,0.02,dc,5,10,0,50,2,,,,,,,,,,3,,,,,,,,,,,,,,,,,,,,,
0.02,S2,switch,A,B,0,,false,0,,5.325445626705186,0,0,0,true,true,backward_euler_step_doubling,0.00002,,0.02,,,,,,,true,true,1@0.003=open,,,,,,,3,,,,,,,,,,,,,,,,,,,,,
0.02,D3,diode,0,B,0,,,0,,0.3254456267051861,0.09345518481615771,0.03041458119134344,0,true,true,backward_euler_step_doubling,0.00002,,0.02,,,,,,,,,,,,schottky,0.000001,1.1,0.02585,3,,,,,,,,,,,,,,,,,,,,,
0.02,L4,inductor,B,0,100,mH,,0,A,-0.3254456267051861,0.09345518481615774,-0.030414581191343448,0.00043669357845110997,true,true,backward_euler_step_doubling,0.00002,1e-10,0.02,,,,,,,,,,,,,,,,3,,,,,,,,,,,,,,,,,,,,,