time_s,component,type,terminal_a,terminal_b,value,unit,closed,initial_value,initial_unit,voltage_a_minus_b_V,current_a_to_b_A,power_absorbed_W,stored_energy_J,voltage_known,current_known,method,relative_local_tolerance,absolute_state_tolerance,window_s,source_waveform,source_amplitude,source_frequency_Hz,source_phase_deg,pulse_width_percent,pulse_edge_percent
0,V1,voltage,A,0,6,V,,0,,6,-0.0051428571428571435,-0.03085714285714286,0,true,true,initial_constraints,0.00002,,0.6,dc,5,10,0,50,2
0,R2,resistor,A,B,1000,Ω,,0,,2.5714285714285716,0.0025714285714285717,0.006612244897959185,0,true,true,initial_constraints,0.00002,,0.6,,,,,,
0,R3,resistor,B,0,1000,Ω,,0,,3.4285714285714284,0.0034285714285714284,0.011755102040816326,0,true,true,initial_constraints,0.00002,,0.6,,,,,,
0,R4,resistor,A,C,1000,Ω,,0,,2.5714285714285716,0.0025714285714285717,0.006612244897959185,0,true,true,initial_constraints,0.00002,,0.6,,,,,,
0,R5,resistor,C,0,2000,Ω,,0,,3.4285714285714284,0.0017142857142857142,0.005877551020408163,0,true,true,initial_constraints,0.00002,,0.6,,,,,,
0,C6,capacitor,B,C,100,µF,,0,V,0,-0.0008571428571428569,0,0,true,true,initial_constraints,0.00002,1e-7,0.6,,,,,,
0.000034836720076114976,V1,voltage,A,0,6,V,,0,,6,-0.005142814498382286,-0.030856886990293715,0,true,true,backward_euler_step_doubling,0.00002,,0.6,dc,5,10,0,50,2
0.000034836720076114976,R2,resistor,A,B,1000,Ω,,0,,2.5715565048522318,0.0025715565048522316,0.006612902857647826,0,true,true,backward_euler_step_doubling,0.00002,,0.6,,,,,,
0.000034836720076114976,R3,resistor,B,0,1000,Ω,,0,,3.4284434951477682,0.003428443495147768,0.011754224799421044,0,true,true,backward_euler_step_doubling,0.00002,,0.6,,,,,,
0.000034836720076114976,R4,resistor,A,C,1000,Ω,,0,,2.5712579935300544,0.002571257993530054,0.006611367669292201,0,true,true,backward_euler_step_doubling,0.00002,,0.6,,,,,,
0.000034836720076114976,R5,resistor,C,0,2000,Ω,,0,,3.4287420064699456,0.0017143710032349727,0.005878135873465774,0,true,true,backward_euler_step_doubling,0.00002,,0.6,,,,,,
0.000034836720076114976,C6,capacitor,B,C,100,µF,,0,V,-0.0002985113221773972,-0.0008568869902940857,2.5579046842929805e-7,4.45545047340489e-12,true,true,backward_euler_step_doubling,0.00002,1e-7,0.6,,,,,,
0.00006967344015222995,V1,voltage,A,0,6,V,,0,,6,-0.00514277186663755,-0.030856631199825298,0,true,true,backward_euler_step_doubling,0.00002,,0.6,dc,5,10,0,50,2
0.00006967344015222995,R2,resistor,A,B,1000,Ω,,0,,2.571684400086447,0.002571684400086447,0.006613560653647988,0,true,true,backward_euler_step_doubling,0.00002,,0.6,,,,,,
0.00006967344015222995,R3,resistor,B,0,1000,Ω,,0,,3.428315599913553,0.0034283155999135532,0.011753347852610625,0,true,true,backward_euler_step_doubling,0.00002,,0.6,,,,,,
0.00006967344015222995,R4,resistor,A,C,1000,Ω,,0,,2.5710874665511017,0.0025710874665511017,0.006610490760656162,0,true,true,backward_euler_step_doubling,0.00002,,0.6,,,,,,
0.00006967344015222995,R5,resistor,C,0,2000,Ω,,0,,3.4289125334488983,0.0017144562667244492,0.005878720581021471,0,true,true,backward_euler_step_doubling,0.00002,,0.6,,,,,,
0.00006967344015222995,C6,capacitor,B,C,100,µF,,0,V,-0.0005969335353452898,-0.0008566311998255519,5.11351890598944e-7,1.7816482280991313e-11,true,true,backward_euler_step_doubling,0.00002,1e-7,0.6,,,,,,
0.00010287168264164807,V1,voltage,A,0,6,V,,0,,6,-0.005142731251551815,-0.03085638750931089,0,true,true,backward_euler_step_doubling,0.00002,,0.6,dc,5,10,0,50,2
0.00010287168264164807,R2,resistor,A,B,1000,Ω,,0,,2.5718062453445754,0.002571806245344575,0.006614187363593362,0,true,true,backward_euler_step_doubling,0.00002,,0.6,,,,,,
0.00010287168264164807,R3,resistor,B,0,1000,Ω,,0,,3.4281937546554246,0.0034281937546554245,0.011752512419458457,0,true,true,backward_euler_step_doubling,0.00002,,0.6,,,,,,
0.00010287168264164807,R4,resistor,A,C,1000,Ω,,0,,2.57092500620724,0.00257092500620724,0.0066096553875416965,0,true,true,backward_euler_step_doubling,0.00002,,0.6,,,,,,
0.00010287168264164807,R5,resistor,C,0,2000,Ω,,0,,3.42907499379276,0.00171453749689638,0.005879277656527409,0,true,true,backward_euler_step_doubling,0.00002,,0.6,,,,,,
0.00010287168264164807,C6,capacitor,B,C,100,µF,,0,V,-0.0008812391373353989,-0.000856387509310865,7.546821899299176e-7,3.88291208585819e-11,true,true,backward_euler_step_doubling,0.00002,1e-7,0.6,,,,,,
0.00013606992513106618,V1,voltage,A,0,6,V,,0,,6,-0.005142690648019808,-0.03085614388811885,0,true,true,backward_euler_step_doubling,0.00002,,0.6,dc,5,10,0,50,2
0.00013606992513106618,R2,resistor,A,B,1000,Ω,,0,,2.5719280559405897,0.0025719280559405896,0.006614813924934341,0,true,true,backward_euler_step_doubling,0.00002,,0.6,,,,,,
0.00013606992513106618,R3,resistor,B,0,1000,Ω,,0,,3.4280719440594103,0.0034280719440594105,0.011751677253647265,0,true,true,backward_euler_step_doubling,0.00002,,0.6,,,,,,
0.00013606992513106618,R4,resistor,A,C,1000,Ω,,0,,2.5707625920792188,0.002570762592079219,0.006608820304833864,0,true,true,backward_euler_step_doubling,0.00002,,0.6,,,,,,
0.00013606992513106618,R5,resistor,C,0,2000,Ω,,0,,3.4292374079207812,0.0017146187039603906,0.005879834599941619,0,true,true,backward_euler_step_doubling,0.00002,,0.6,,,,,,
0.00013606992513106618,C6,capacitor,B,C,100,µF,,0,V,-0.0011654638613709523,-0.000856143888117419,9.978047617344676e-7,6.79153006080845e-11,true,true,backward_euler_step_doubling,0.00002,1e-7,0.6,,,,,,
0.00017092294101529423,V1,voltage,A,0,6,V,,0,,6,-0.005142648033326135,-0.03085588819995681,0,true,true,backward_euler_step_doubling,0.00002,,0.6,dc,5,10,0,50,2
0.00017092294101529423,R2,resistor,A,B,1000,Ω,,0,,2.5720559000188956,0.0025720559000188955,0.006615471552822011,0,true,true,backward_euler_step_doubling,0.00002,,0.6,,,,,,
0.00017092294101529423,R3,resistor,B,0,1000,Ω,,0,,3.4279440999811044,0.0034279440999811046,0.011750800752595264,0,true,true,backward_euler_step_doubling,0.00002,,0.6,,,,,,
0.00017092294101529423,R4,resistor,A,C,1000,Ω,,0,,2.5705921333072403,0.0025705921333072403,0.006607943915821069,0,true,true,backward_euler_step_doubling,0.00002,,0.6,,,,,,
0.00017092294101529423,R5,resistor,C,0,2000,Ω,,0,,3.4294078666927597,0.00171470393334638,0.005880419158067093,0,true,true,backward_euler_step_doubling,0.00002,,0.6,,,,,,
0.00017092294101529423,C6,capacitor,B,C,100,µF,,0,V,-0.0014637667116552677,-0.000855888199962936,0.000001252820656004293,1.0713064930750377e-10,true,true,backward_euler_step_doubling,0.00002,1e-7,0.6,,,,,,
0.00020577595689952224,V1,voltage,A,0,6,V,,0,,6,-0.005142605431360157,-0.030855632588160944,0,true,true,backward_euler_step_doubling,0.00002,,0.6,dc,5,10,0,50,2
0.00020577595689952224,R2,resistor,A,B,1000,Ω,,0,,2.572183705916838,0.002572183705916838,0.006616129016984079,0,true,true,backward_euler_step_doubling,0.00002,,0.6,,,,,,
0.00020577595689952224,R3,resistor,B,0,1000,Ω,,0,,3.427816294083162,0.0034278162940831617,0.01174992454598202,0,true,true,backward_euler_step_doubling,0.00002,,0.6,,,,,,
0.00020577595689952224,R4,resistor,A,C,1000,Ω,,0,,2.570421725443319,0.002570421725443319,0.006607067846631009,0,true,true,backward_euler_step_doubling,0.00002,,0.6,,,,,,
0.00020577595689952224,R5,resistor,C,0,2000,Ω,,0,,3.429578274556681,0.0017147891372783406,0.0058810035706555915,0,true,true,backward_euler_step_doubling,0.00002,,0.6,,,,,,
0.00020577595689952224,C6,capacitor,B,C,100,µF,,0,V,-0.0017619804735193867,-0.0008556325881659758,0.0000015076079128553045,1.552287594531801e-10,true,true,backward_euler_step_doubling,0.00002,1e-7,0.6,,,,,,
0.00024228751074554448,V1,voltage,A,0,6,V,,0,,6,-0.00514256081607236,-0.03085536489643416,0,true,true,backward_euler_step_doubling,0.00002,,0.6,dc,5,10,0,50,2
0.00024228751074554448,R2,resistor,A,B,1000,Ω,,0,,2.5723175517803116,0.0025723175517803117,0.006616817587197056,0,true,true,backward_euler_step_doubling,0.00002,,0.6,,,,,,
0.00024228751074554448,R3,resistor,B,0,1000,Ω,,0,,3.4276824482196884,0.0034276824482196884,0.011749006965833317,0,true,true,backward_euler_step_doubling,0.00002,,0.6,,,,,,
0.00024228751074554448,R4,resistor,A,C,1000,Ω,,0,,2.570243264292049,0.002570243264292049,0.006606150437638648,0,true,true,backward_euler_step_doubling,0.00002,,0.6,,,,,,
0.00024228751074554448,R5,resistor,C,0,2000,Ω,,0,,3.429756735707951,0.0017148783678539753,0.005881615633067029,0,true,true,backward_euler_step_doubling,0.00002,,0.6,,,,,,
0.00024228751074554448,C6,capacitor,B,C,100,µF,,0,V,-0.0020742874882624385,-0.000855364896438326,0.000001774272702580916,2.1513342919810476e-10,true,true,backward_euler_step_doubling,0.00002,1e-7,0.6,,,,,,
0.0002787990645915667,V1,voltage,A,0,6,V,,0,,6,-0.0051425162147428006,-0.030855097288456805,0,true,true,backward_euler_step_doubling,0.00002,,0.6,dc,5,10,0,50,2
0.0002787990645915667,R2,resistor,A,B,1000,Ω,,0,,2.5724513557689885,0.0025724513557689884,0.006617505977797707,0,true,true,backward_euler_step_doubling,0.00002,,0.6,,,,,,
0.0002787990645915667,R3,resistor,B,0,1000,Ω,,0,,3.4275486442310115,0.0034275486442310113,0.011748089708569845,0,true,true,backward_euler_step_doubling,0.00002,,0.6,,,,,,
0.0002787990645915667,R4,resistor,A,C,1000,Ω,,0,,2.5700648589738138,0.002570064858973814,0.0066052333793320895,0,true,true,backward_euler_step_doubling,0.00002,,0.6,,,,,,
0.0002787990645915667,R5,resistor,C,0,2000,Ω,,0,,3.4299351410261862,0.0017149675705130931,0.005882227535823162,0,true,true,backward_euler_step_doubling,0.00002,,0.6,,,,,,
0.0002787990645915667,C6,capacitor,B,C,100,µF,,0,V,-0.002386496795174775,-0.0008550972884610614,0.000002040686938474963,2.8476834766897363e-10,true,true,backward_euler_step_doubling,0.00002,1e-7,0.6,,,,,,
0.00031697192323867305,V1,voltage,A,0,6,V,,0,,6,-0.005142469599270339,-0.030854817595622037,0,true,true,backward_euler_step_doubling,0.00002,,0.6,dc,5,10,0,50,2
0.00031697192323867305,R2,resistor,A,B,1000,Ω,,0,,2.5725912021889905,0.0025725912021889903,0.006618225493580195,0,true,true,backward_euler_step_doubling,0.00002,,0.6,,,,,,
0.00031697192323867305,R3,resistor,B,0,1000,Ω,,0,,3.4274087978110095,0.0034274087978110094,0.01174713106731231,0,true,true,backward_euler_step_doubling,0.00002,,0.6,,,,,,
0.00031697192323867305,R4,resistor,A,C,1000,Ω,,0,,2.5698783970813484,0.0025698783970813485,0.006604274975785401,0,true,true,backward_euler_step_doubling,0.00002,,0.6,,,,,,
0.00031697192323867305,R5,resistor,C,0,2000,Ω,,0,,3.4301216029186516,0.0017150608014593258,0.00588286710540461,0,true,true,backward_euler_step_doubling,0.00002,,0.6,,,,,,
0.00031697192323867305,C6,capacitor,B,C,100,µF,,0,V,-0.0027128051076421578,-0.0008548175956220096,0.0000023189535395057764,3.6796557760246893e-10,true,true,backward_euler_step_doubling,0.00002,1e-7,0.6,,,,,,
0.0003551447818857794,V1,voltage,A,0,6,V,,0,,6,-0.005142422999044535,-0.03085453799426721,0,true,true,backward_euler_step_doubling,0.00002,,0.6,dc,5,10,0,50,2
0.0003551447818857794,R2,resistor,A,B,1000,Ω,,0,,2.572731002866407,0.002572731002866407,0.006618944813109989,0,true,true,backward_euler_step_doubling,0.00002,,0.6,,,,,,
0.0003551447818857794,R3,resistor,B,0,1000,Ω,,0,,3.427268997133593,0.003427268997133593,0.011746172778713104,0,true,true,backward_euler_step_doubling,0.00002,,0.6,,,,,,
0.0003551447818857794,R4,resistor,A,C,1000,Ω,,0,,2.5696919961781277,0.0025696919961781277,0.006603316955221931,0,true,true,backward_euler_step_doubling,0.00002,,0.6,,,,,,
0.0003551447818857794,R5,resistor,C,0,2000,Ω,,0,,3.4303080038218723,0.0017151540019109362,0.005883506500542199,0,true,true,backward_euler_step_doubling,0.00002,,0.6,,,,,,
0.0003551447818857794,C6,capacitor,B,C,100,µF,,0,V,-0.0030390066882794997,-0.0008545379942669541,0.0000025969466799662224,4.6177808257037655e-10,true,true,backward_euler_step_doubling,0.00002,1e-7,0.6,,,,,,
0.00039498162155623436,V1,voltage,A,0,6,V,,0,,6,-0.005142374384082672,-0.03085424630449603,0,true,true,backward_euler_step_doubling,0.00002,,0.6,dc,5,10,0,50,2
0.00039498162155623436,R2,resistor,A,B,1000,Ω,,0,,2.5728768477508313,0.0025728768477508313,0.006619695273692254,0,true,true,backward_euler_step_doubling,0.00002,,0.6,,,,,,
0.00039498162155623436,R3,resistor,B,0,1000,Ω,,0,,3.4271231522491687,0.003427123152249169,0.01174517310068228,0,true,true,backward_euler_step_doubling,0.00002,,0.6,,,,,,
0.00039498162155623436,R4,resistor,A,C,1000,Ω,,0,,2.569497536331839,0.002569497536331839,0.006602317589215391,0,true,true,backward_euler_step_doubling,0.00002,,0.6,,,,,,
0.00039498162155623436,R5,resistor,C,0,2000,Ω,,0,,3.430502463668161,0.0017152512318340805,0.005884173576616661,0,true,true,backward_euler_step_doubling,0.00002,,0.6,,,,,,
0.00039498162155623436,C6,capacitor,B,C,100,µF,,0,V,-0.0033793114189921702,-0.0008542463044955289,0.000002886764291413603,5.709872833265436e-10,true,true,backward_euler_step_doubling,0.00002,1e-7,0.6,,,,,,
0.00043481846122668934,V1,voltage,A,0,6,V,,0,,6,-0.005142325785715475,-0.03085395471429285,0,true,true,backward_euler_step_doubling,0.00002,,0.6,dc,5,10,0,50,2
0.00043481846122668934,R2,resistor,A,B,1000,Ω,,0,,2.5730226428524285,0.0025730226428524287,0.006620445520631297,0,true,true,backward_euler_step_doubling,0.00002,,0.6,,,,,,
0.00043481846122668934,R3,resistor,B,0,1000,Ω,,0,,3.4269773571475715,0.0034269773571475714,0.011744173806402153,0,true,true,backward_euler_step_doubling,0.00002,,0.6,,,,,,
0.00043481846122668934,R4,resistor,A,C,1000,Ω,,0,,2.569303142863045,0.002569303142863045,0.0066013186399259205,0,true,true,backward_euler_step_doubling,0.00002,,0.6,,,,,,
0.00043481846122668934,R5,resistor,C,0,2000,Ω,,0,,3.430696857136955,0.0017153484285684774,0.00588484046278469,0,true,true,backward_euler_step_doubling,0.00002,,0.6,,,,,,
0.00043481846122668934,C6,capacitor,B,C,100,µF,,0,V,-0.003719499989383479,-0.0008539547142932873,0.000003176284550747854,6.917340085511849e-10,true,true,backward_euler_step_doubling,0.00002,1e-7,0.6,,,,,,
0.00047632188593613867,V1,voltage,A,0,6,V,,0,,6,-0.005142275172227642,-0.03085365103336585,0,true,true,backward_euler_step_doubling,0.00002,,0.6,dc,5,10,0,50,2
0.00047632188593613867,R2,resistor,A,B,1000,Ω,,0,,2.5731744833154697,0.00257317448331547,0.006621226921585835,0,true,true,backward_euler_step_doubling,0.00002,,0.6,,,,,,
0.00047632188593613867,R3,resistor,B,0,1000,Ω,,0,,3.4268255166845303,0.0034268255166845303,0.011743133121800198,0,true,true,backward_euler_step_doubling,0.00002,,0.6,,,,,,
0.00047632188593613867,R4,resistor,A,C,1000,Ω,,0,,2.5691006889121706,0.0025691006889121707,0.00660027834976899,0,true,true,backward_euler_step_doubling,0.00002,,0.6,,,,,,
0.00047632188593613867,R5,resistor,C,0,2000,Ω,,0,,3.4308993110878294,0.0017154496555439147,0.005885535041411471,0,true,true,backward_euler_step_doubling,0.00002,,0.6,,,,,,
0.00047632188593613867,C6,capacitor,B,C,100,µF,,0,V,-0.004073794403299136,-0.0008536510333688015,0.0000034775988021083474,8.29790042017568e-10,true,true,backward_euler_step_doubling,0.00002,1e-7,0.6,,,,,,
0.000517825310645588,V1,voltage,A,0,6,V,,0,,6,-0.005142224576738961,-0.030853347460433767,0,true,true,backward_euler_step_doubling,0.00002,,0.6,dc,5,10,0,50,2
0.000517825310645588,R2,resistor,A,B,1000,Ω,,0,,2.573326269781506,0.0025733262697815056,0.006622008090747599,0,true,true,backward_euler_step_doubling,0.00002,,0.6,,,,,,
0.000517825310645588,R3,resistor,B,0,1000,Ω,,0,,3.426673730218494,0.003426673730218494,0.011742092853369529,0,true,true,backward_euler_step_doubling,0.00002,,0.6,,,,,,
0.000517825310645588,R4,resistor,A,C,1000,Ω,,0,,2.568898306957455,0.002568898306957455,0.0065992385114888785,0,true,true,backward_euler_step_doubling,0.00002,,0.6,,,,,,
0.000517825310645588,R5,resistor,C,0,2000,Ω,,0,,3.431101693042545,0.0017155508465212725,0.005886229413999709,0,true,true,backward_euler_step_doubling,0.00002,,0.6,,,,,,
0.000517825310645588,C6,capacitor,B,C,100,µF,,0,V,-0.004427962824050891,-0.0008533474604352811,0.000003778590830805663,9.803427385588369e-10,true,true,backward_euler_step_doubling,0.00002,1e-7,0.6,,,,,,
0.0005609978646586946,V1,voltage,A,0,6,V,,0,,6,-0.00514217196593716,-0.03085303179562296,0,true,true,backward_euler_step_doubling,0.00002,,0.6,dc,5,10,0,50,2
0.0005609978646586946,R2,resistor,A,B,1000,Ω,,0,,2.573484102186962,0.002573484102186962,0.006622820424209034,0,true,true,backward_euler_step_doubling,0.00002,,0.6,,,,,,
0.0005609978646586946,R3,resistor,B,0,1000,Ω,,0,,3.426515897813038,0.003426515897813038,0.01174101119796549,0,true,true,backward_euler_step_doubling,0.00002,,0.6,,,,,,
0.0005609978646586946,R4,resistor,A,C,1000,Ω,,0,,2.568687863750196,0.002568687863750196,0.0065981573413775455,0,true,true,backward_euler_step_doubling,0.00002,,0.6,,,,,,
0.0005609978646586946,R5,resistor,C,0,2000,Ω,,0,,3.431312136249804,0.001715656068124902,0.005886951488187597,0,true,true,backward_euler_step_doubling,0.00002,,0.6,,,,,,
0.0005609978646586946,C6,capacitor,B,C,100,µF,,0,V,-0.0047962384367661315,-0.0008530317956251483,0.000004091343885960967,1.1501951571156412e-9,true,true,backward_euler_step_doubling,0.00002,1e-7,0.6,,,,,,
0.0006041704186718013,V1,voltage,A,0,6,V,,0,,6,-0.005142119374596796,-0.030852716247580778,0,true,true,backward_euler_step_doubling,0.00002,,0.6,dc,5,10,0,50,2
0.0006041704186718013,R2,resistor,A,B,1000,Ω,,0,,2.5736418762080646,0.0025736418762080646,0.0066236325069717675,0,true,true,backward_euler_step_doubling,0.00002,,0.6,,,,,,
0.0006041704186718013,R3,resistor,B,0,1000,Ω,,0,,3.4263581237919354,0.0034263581237919355,0.011739929992474992,0,true,true,backward_euler_step_doubling,0.00002,,0.6,,,,,,
0.0006041704186718013,R4,resistor,A,C,1000,Ω,,0,,2.5684774983887313,0.0025684774983887313,0.006597076659729235,0,true,true,backward_euler_step_doubling,0.00002,,0.6,,,,,,
0.0006041704186718013,R5,resistor,C,0,2000,Ω,,0,,3.4315225016112687,0.0017157612508056344,0.00588767333953223,0,true,true,backward_euler_step_doubling,0.00002,,0.6,,,,,,
0.0006041704186718013,C6,capacitor,B,C,100,µF,,0,V,-0.005164377819333321,-0.0008527162475850443,0.000004403748875213343,1.3335399130410993e-9,true,true,backward_euler_step_doubling,0.00002,1e-7,0.6,,,,,,
0.0006490146000225599,V1,voltage,A,0,6,V,,0,,6,-0.005142064767925962,-0.030852388607555774,0,true,true,backward_euler_step_doubling,0.00002,,0.6,dc,5,10,0,50,2
0.0006490146000225599,R2,resistor,A,B,1000,Ω,,0,,2.573805696219142,0.002573805696219142,0.0066244757618901026,0,true,true,backward_euler_step_doubling,0.00002,,0.6,,,,,,
0.0006490146000225599,R3,resistor,B,0,1000,Ω,,0,,3.426194303780858,0.003426194303780858,0.0117388074072604,0,true,true,backward_euler_step_doubling,0.00002,,0.6,,,,,,
0.0006490146000225599,R4,resistor,A,C,1000,Ω,,0,,2.5682590717068208,0.002568259071706821,0.006595954659404381,0,true,true,backward_euler_step_doubling,0.00002,,0.6,,,,,,
0.0006490146000225599,R5,resistor,C,0,2000,Ω,,0,,3.4317409282931792,0.0017158704641465896,0.005888422899461266,0,true,true,backward_euler_step_doubling,0.00002,,0.6,,,,,,
0.0006490146000225599,C6,capacitor,B,C,100,µF,,0,V,-0.005546624512321241,-0.0008523886075611331,0.000004727879544721951,1.5382521740341422e-9,true,true,backward_euler_step_doubling,0.00002,1e-7,0.6,,,,,,
0.0006938587813733184,V1,voltage,A,0,6,V,,0,,6,-0.005142010182237114,-0.030852061093422686,0,true,true,backward_euler_step_doubling,0.00002,,0.6,dc,5,10,0,50,2
0.0006938587813733184,R2,resistor,A,B,1000,Ω,,0,,2.573969453285696,0.002573969453285696,0.006625318746447865,0,true,true,backward_euler_step_doubling,0.00002,,0.6,,,,,,
0.0006938587813733184,R3,resistor,B,0,1000,Ω,,0,,3.426030546714304,0.003426030546714304,0.011737685307019513,0,true,true,backward_euler_step_doubling,0.00002,,0.6,,,,,,
0.0006938587813733184,R4,resistor,A,C,1000,Ω,,0,,2.5680407289514187,0.0025680407289514185,0.006594833185553334,0,true,true,backward_euler_step_doubling,0.00002,,0.6,,,,,,
0.0006938587813733184,R5,resistor,C,0,2000,Ω,,0,,3.4319592710485813,0.0017159796355242906,0.005889172219068155,0,true,true,backward_euler_step_doubling,0.00002,,0.6,,,,,,
0.0006938587813733184,C6,capacitor,B,C,100,µF,,0,V,-0.00592872433427738,-0.0008520610934280683,0.00000505163533889798,1.7574886115926377e-9,true,true,backward_euler_step_doubling,0.00002,1e-7,0.6,,,,,,
0.000740377051374815,V1,voltage,A,0,6,V,,0,,6,-0.005141953581365958,-0.03085172148819575,0,true,true,backward_euler_step_doubling,0.00002,,0.6,dc,5,10,0,50,2
0.000740377051374815,R2,resistor,A,B,1000,Ω,,0,,2.574139255900888,0.002574139255900888,0.006626192908769978,0,true,true,backward_euler_step_doubling,0.00002,,0.6,,,,,,
0.000740377051374815,R3,resistor,B,0,1000,Ω,,0,,3.425860744099112,0.003425860744099112,0.01173652183795932,0,true,true,backward_euler_step_doubling,0.00002,,0.6,,,,,,
0.000740377051374815,R4,resistor,A,C,1000,Ω,,0,,2.5678143254650703,0.00256781432546507,0.0065936704100636335,0,true,true,backward_euler_step_doubling,0.00002,,0.6,,,,,,
0.000740377051374815,R5,resistor,C,0,2000,Ω,,0,,3.4321856745349297,0.0017160928372674648,0.005889949252241395,0,true,true,backward_euler_step_doubling,0.00002,,0.6,,,,,,
0.000740377051374815,C6,capacitor,B,C,100,µF,,0,V,-0.006324930435817944,-0.0008517214881976855,0.000005387079163541694,2.0002372508968078e-9,true,true,backward_euler_step_doubling,0.00002,1e-7,0.6,,,,,,
0.0007868953213763114,V1,voltage,A,0,6,V,,0,,6,-0.005141897003053669,-0.030851382018322014,0,true,true,backward_euler_step_doubling,0.00002,,0.6,dc,5,10,0,50,2
0.0007868953213763114,R2,resistor,A,B,1000,Ω,,0,,2.574308990837757,0.002574308990837757,0.006627066780308111,0,true,true,backward_euler_step_doubling,0.00002,,0.6,,,,,,
0.0007868953213763114,R3,resistor,B,0,1000,Ω,,0,,3.425691009162243,0.003425691009162243,0.011735358890255026,0,true,true,backward_euler_step_doubling,0.00002,,0.6,,,,,,
0.0007868953213763114,R4,resistor,A,C,1000,Ω,,0,,2.567588012215911,0.002567588012215911,0.006592508200474853,0,true,true,backward_euler_step_doubling,0.00002,,0.6,,,,,,
0.0007868953213763114,R5,resistor,C,0,2000,Ω,,0,,3.432411987784089,0.0017162059938920443,0.00589072602694196,0,true,true,backward_euler_step_doubling,0.00002,,0.6,,,,,,
0.0007868953213763114,C6,capacitor,B,C,100,µF,,0,V,-0.006720978621845841,-0.0008513820183234592,0.000005722120344175934,2.2585776817654407e-9,true,true,backward_euler_step_doubling,0.00002,1e-7,0.6,,,,,,
0.0008350901138790388,V1,voltage,A,0,6,V,,0,,6,-0.005141838409858679,-0.030851030459152076,0,true,true,backward_euler_step_doubling,0.00002,,0.6,dc,5,10,0,50,2
0.0008350901138790388,R2,resistor,A,B,1000,Ω,,0,,2.5744847704222233,0.0025744847704222236,0.006627971833135969,0,true,true,backward_euler_step_doubling,0.00002,,0.6,,,,,,
0.0008350901138790388,R3,resistor,B,0,1000,Ω,,0,,3.4255152295777767,0.0034255152295777766,0.011734154588069288,0,true,true,backward_euler_step_doubling,0.00002,,0.6,,,,,,
0.0008350901138790388,R4,resistor,A,C,1000,Ω,,0,,2.5673536394364533,0.0025673536394364535,0.006591304709927603,0,true,true,backward_euler_step_doubling,0.00002,,0.6,,,,,,
0.0008350901138790388,R5,resistor,C,0,2000,Ω,,0,,3.4326463605635467,0.0017163231802817733,0.005891530518345081,0,true,true,backward_euler_step_doubling,0.00002,,0.6,,,,,,
0.0008350901138790388,C6,capacitor,B,C,100,µF,,0,V,-0.007131130985770007,-0.0008510304591537656,0.000006068809677105494,2.5426514568104552e-9,true,true,backward_euler_step_doubling,0.00002,1e-7,0.6,,,,,,
0.0008832849063817662,V1,voltage,A,0,6,V,,0,,6,-0.00514177984085858,-0.03085067904515148,0,true,true,backward_euler_step_doubling,0.00002,,0.6,dc,5,10,0,50,2
0.0008832849063817662,R2,resistor,A,B,1000,Ω,,0,,2.574660477422513,0.002574660477422513,0.006628876574001521,0,true,true,backward_euler_step_doubling,0.00002,,0.6,,,,,,
0.0008832849063817662,R3,resistor,B,0,1000,Ω,,0,,3.425339522577487,0.0034253395225774873,0.011732950844931369,0,true,true,backward_euler_step_doubling,0.00002,,0.6,,,,,,
0.0008832849063817662,R4,resistor,A,C,1000,Ω,,0,,2.5671193634360665,0.0025671193634360665,0.006590101826128395,0,true,true,backward_euler_step_doubling,0.00002,,0.6,,,,,,
0.0008832849063817662,R5,resistor,C,0,2000,Ω,,0,,3.4328806365639335,0.0017164403182819668,0.0058923347324477985,0,true,true,backward_euler_step_doubling,0.00002,,0.6,,,,,,
0.0008832849063817662,C6,capacitor,B,C,100,µF,,0,V,-0.007541113986446302,-0.0008506790451542947,0.000006415067645389837,2.8434200078288014e-9,true,true,backward_euler_step_doubling,0.00002,1e-7,0.6,,,,,,
0.0009331586354647545,V1,voltage,A,0,6,V,,0,,6,-0.005141719257420222,-0.03085031554452133,0,true,true,backward_euler_step_doubling,0.00002,,0.6,dc,5,10,0,50,2
0.0009331586354647545,R2,resistor,A,B,1000,Ω,,0,,2.5748422277388467,0.002574842227738847,0.006629812497747147,0,true,true,backward_euler_step_doubling,0.00002,,0.6,,,,,,
0.0009331586354647545,R3,resistor,B,0,1000,Ω,,0,,3.4251577722611533,0.0034251577722611533,0.011731705764880987,0,true,true,backward_euler_step_doubling,0.00002,,0.6,,,,,,
0.0009331586354647545,R4,resistor,A,C,1000,Ω,,0,,2.566877029681375,0.002566877029681375,0.006588857685505879,0,true,true,backward_euler_step_doubling,0.00002,,0.6,,,,,,
0.0009331586354647545,R5,resistor,C,0,2000,Ω,,0,,3.433122970318625,0.0017165614851593126,0.00589316666466469,0,true,true,backward_euler_step_doubling,0.00002,,0.6,,,,,,
0.0009331586354647545,C6,capacitor,B,C,100,µF,,0,V,-0.007965198057471756,-0.0008503155445220321,0.000006772931723464929,3.172219004737592e-9,true,true,backward_euler_step_doubling,0.00002,1e-7,0.6,,,,,,
0.0009830323645477427,V1,voltage,A,0,6,V,,0,,6,-0.0051416586998691985,-0.030849952199215193,0,true,true,backward_euler_step_doubling,0.00002,,0.6,dc,5,10,0,50,2
0.0009830323645477427,R2,resistor,A,B,1000,Ω,,0,,2.575023900391921,0.002575023900391921,0.006630748087589621,0,true,true,backward_euler_step_doubling,0.00002,,0.6,,,,,,
0.0009830323645477427,R3,resistor,B,0,1000,Ω,,0,,3.424976099608079,0.0034249760996080793,0.011730461282886571,0,true,true,backward_euler_step_doubling,0.00002,,0.6,,,,,,
0.0009830323645477427,R4,resistor,A,C,1000,Ω,,0,,2.566634799477278,0.0025666347994772777,0.0065876141938877655,0,true,true,backward_euler_step_doubling,0.00002,,0.6,,,,,,
0.0009830323645477427,R5,resistor,C,0,2000,Ω,,0,,3.433365200522722,0.0017166826002613612,0.005893998300080217,0,true,true,backward_euler_step_doubling,0.00002,,0.6,,,,,,
0.0009830323645477427,C6,capacitor,B,C,100,µF,,0,V,-0.008389100914643066,-0.0008499521992148402,0.000007130334771836101,3.518850707803256e-9,true,true,backward_euler_step_doubling,0.00002,1e-7,0.6,,,,,,
0.0010345874311281976,V1,voltage,A,0,6,V,,0,,6,-0.0051415961284593786,-0.03084957677075627,0,true,true,backward_euler_step_doubling,0.00002,,0.6,dc,5,10,0,50,2
0.0010345874311281976,R2,resistor,A,B,1000,Ω,,0,,2.575211614621918,0.002575211614621918,0.006631714860083626,0,true,true,backward_euler_step_doubling,0.00002,,0.6,,,,,,
0.0010345874311281976,R3,resistor,B,0,1000,Ω,,0,,3.424788385378082,0.0034247883853780817,0.011729175484620609,0,true,true,backward_euler_step_doubling,0.00002,,0.6,,,,,,
0.0010345874311281976,R4,resistor,A,C,1000,Ω,,0,,2.5663845138374595,0.0025663845138374597,0.006586329472864734,0,true,true,backward_euler_step_doubling,0.00002,,0.6,,,,,,
0.0010345874311281976,R5,resistor,C,0,2000,Ω,,0,,3.4336154861625405,0.0017168077430812702,0.00589485765340761,0,true,true,backward_euler_step_doubling,0.00002,,0.6,,,,,,
0.0010345874311281976,C6,capacitor,B,C,100,µF,,0,V,-0.008827100784458697,-0.0008495767707565742,0.000007499299779603243,3.895885412949567e-9,true,true,backward_euler_step_doubling,0.00002,1e-7,0.6,,,,,,
0.0010861424977086525,V1,voltage,A,0,6,V,,0,,6,-0.005141533584687534,-0.0308492015081252,0,true,true,backward_euler_step_doubling,0.00002,,0.6,dc,5,10,0,50,2
0.0010861424977086525,R2,resistor,A,B,1000,Ω,,0,,2.5753992459374544,0.0025753992459374543,0.0066326812759752085,0,true,true,backward_euler_step_doubling,0.00002,,0.6,,,,,,
0.0010861424977086525,R3,resistor,B,0,1000,Ω,,0,,3.4246007540625456,0.0034246007540625458,0.011727890324725756,0,true,true,backward_euler_step_doubling,0.00002,,0.6,,,,,,
0.0010861424977086525,R4,resistor,A,C,1000,Ω,,0,,2.566134338750079,0.002566134338750079,0.006585045444512306,0,true,true,backward_euler_step_doubling,0.00002,,0.6,,,,,,
0.0010861424977086525,R5,resistor,C,0,2000,Ω,,0,,3.433865661249921,0.0017169328306249605,0.005895716689755678,0,true,true,backward_euler_step_doubling,0.00002,,0.6,,,,,,
0.0010861424977086525,C6,capacitor,B,C,100,µF,,0,V,-0.009264907187375382,-0.000849201508126191,0.000007867773156168361,4.291925259534e-9,true,true,backward_euler_step_doubling,0.00002,1e-7,0.6,,,,,,
0.0011393812960411684,V1,voltage,A,0,6,V,,0,,6,-0.005141469027764703,-0.030848814166588218,0,true,true,backward_euler_step_doubling,0.00002,,0.6,dc,5,10,0,50,2
0.0011393812960411684,R2,resistor,A,B,1000,Ω,,0,,2.5755929167072225,0.0025755929167072225,0.006633678872592417,0,true,true,backward_euler_step_doubling,0.00002,,0.6,,,,,,
0.0011393812960411684,R3,resistor,B,0,1000,Ω,,0,,3.4244070832927775,0.0034244070832927776,0.011726563872105748,0,true,true,backward_euler_step_doubling,0.00002,,0.6,,,,,,
0.0011393812960411684,R4,resistor,A,C,1000,Ω,,0,,2.5658761110574804,0.0025658761110574804,0.00658372021729546,0,true,true,backward_euler_step_doubling,0.00002,,0.6,,,,,,
0.0011393812960411684,R5,resistor,C,0,2000,Ω,,0,,3.4341238889425196,0.0017170619444712599,0.005896603442302847,0,true,true,backward_euler_step_doubling,0.00002,,0.6,,,,,,
0.0011393812960411684,C6,capacitor,B,C,100,µF,,0,V,-0.009716805649742088,-0.000848814166586301,0.000008247762289466891,4.720815601742988e-9,true,true,backward_euler_step_doubling,0.00002,1e-7,0.6,,,,,,
0.0011926200943736844,V1,voltage,A,0,6,V,,0,,6,-0.0051414045002875,-0.030848427001725,0,true,true,backward_euler_step_doubling,0.00002,,0.6,dc,5,10,0,50,2
0.0011926200943736844,R2,resistor,A,B,1000,Ω,,0,,2.5757864991388435,0.0025757864991388436,0.00663467608914594,0,true,true,backward_euler_step_doubling,0.00002,,0.6,,,,,,
0.0011926200943736844,R3,resistor,B,0,1000,Ω,,0,,3.4242135008611565,0.0034242135008611565,0.011725238099479817,0,true,true,backward_euler_step_doubling,0.00002,,0.6,,,,,,
0.0011926200943736844,R4,resistor,A,C,1000,Ω,,0,,2.565618001148656,0.002565618001148656,0.006582395727818024,0,true,true,backward_euler_step_doubling,0.00002,,0.6,,,,,,
0.0011926200943736844,R5,resistor,C,0,2000,Ω,,0,,3.434381998851344,0.001717190999425672,0.005897489857017076,0,true,true,backward_euler_step_doubling,0.00002,,0.6,,,,,,
0.0011926200943736844,C6,capacitor,B,C,100,µF,,0,V,-0.010168497990187486,-0.0008484270017220199,0.000008627228261831155,5.169917568822347e-9,true,true,backward_euler_step_doubling,0.00002,1e-7,0.6,,,,,,
0.0012475450177034883,V1,voltage,A,0,6,V,,0,,6,-0.005141337960487314,-0.030848027762923884,0,true,true,backward_euler_step_doubling,0.00002,,0.6,dc,5,10,0,50,2
0.0012475450177034883,R2,resistor,A,B,1000,Ω,,0,,2.57598611853805,0.0025759861185380498,0.006635704482900728,0,true,true,backward_euler_step_doubling,0.00002,,0.6,,,,,,
0.0012475450177034883,R3,resistor,B,0,1000,Ω,,0,,3.42401388146195,0.00342401388146195,0.01172387106044413,0,true,true,backward_euler_step_doubling,0.00002,,0.6,,,,,,
0.0012475450177034883,R4,resistor,A,C,1000,Ω,,0,,2.565351841949262,0.002565351841949262,0.006581030072992471,0,true,true,backward_euler_step_doubling,0.00002,,0.6,,,,,,
0.0012475450177034883,R5,resistor,C,0,2000,Ω,,0,,3.434648158050738,0.001717324079025369,0.005898403984800664,0,true,true,backward_euler_step_doubling,0.00002,,0.6,,,,,,
0.0012475450177034883,C6,capacitor,B,C,100,µF,,0,V,-0.010634276588787905,-0.000848027762922108,0.000009018161785884752,5.654391928342126e-9,true,true,backward_euler_step_doubling,0.00002,1e-7,0.6,,,,,,
0.0013024699410332922,V1,voltage,A,0,6,V,,0,,6,-0.005141271451998718,-0.030847628711992307,0,true,true,backward_euler_step_doubling,0.00002,,0.6,dc,5,10,0,50,2
0.0013024699410332922,R2,resistor,A,B,1000,Ω,,0,,2.5761856440038433,0.0025761856440038432,0.006636732472371496,0,true,true,backward_euler_step_doubling,0.00002,,0.6,,,,,,
0.0013024699410332922,R3,resistor,B,0,1000,Ω,,0,,3.4238143559961567,0.003423814355996157,0.011722504744325377,0,true,true,backward_euler_step_doubling,0.00002,,0.6,,,,,,
0.0013024699410332922,R4,resistor,A,C,1000,Ω,,0,,2.5650858079948726,0.0025650858079948728,0.006579665202376709,0,true,true,backward_euler_step_doubling,0.00002,,0.6,,,,,,
0.0013024699410332922,R5,resistor,C,0,2000,Ω,,0,,3.4349141920051274,0.0017174570960025637,0.005899317753219118,0,true,true,backward_euler_step_doubling,0.00002,,0.6,,,,,,
0.0013024699410332922,C6,capacitor,B,C,100,µF,,0,V,-0.011099836008970687,-0.0008476287119915833,0.00000940853969960162,6.160317971302115e-9,true,true,backward_euler_step_doubling,0.00002,1e-7,0.6,,,,,,
0.0013590833856334003,V1,voltage,A,0,6,V,,0,,6,-0.0051412029321327955,-0.030847217592796773,0,true,true,backward_euler_step_doubling,0.00002,,0.6,dc,5,10,0,50,2
0.0013590833856334003,R2,resistor,A,B,1000,Ω,,0,,2.576391203602154,0.0025763912036021537,0.006637791633998555,0,true,true,backward_euler_step_doubling,0.00002,,0.6,,,,,,
0.0013590833856334003,R3,resistor,B,0,1000,Ω,,0,,3.423608796397846,0.003423608796397846,0.011721097190772708,0,true,true,backward_euler_step_doubling,0.00002,,0.6,,,,,,
0.0013590833856334003,R4,resistor,A,C,1000,Ω,,0,,2.564811728530643,0.002564811728530643,0.006578259202808345,0,true,true,backward_euler_step_doubling,0.00002,,0.6,,,,,,
0.0013590833856334003,R5,resistor,C,0,2000,Ω,,0,,3.435188271469357,0.0017175941357346785,0.005900259230220314,0,true,true,backward_euler_step_doubling,0.00002,,0.6,,,,,,
0.0013590833856334003,C6,capacitor,B,C,100,µF,,0,V,-0.011579475071510803,-0.0008472175927963249,0.000009810334995930434,6.7042121465870055e-9,true,true,backward_euler_step_doubling,0.00002,1e-7,0.6,,,,,,
0.0014156968302335082,V1,voltage,A,0,6,V,,0,,6,-0.005141134445500415,-0.030846806673002488,0,true,true,backward_euler_step_doubling,0.00002,,0.6,dc,5,10,0,50,2
0.0014156968302335082,R2,resistor,A,B,1000,Ω,,0,,2.5765966634993083,0.0025765966634993085,0.006638850366355768,0,true,true,backward_euler_step_doubling,0.00002,,0.6,,,,,,
0.0014156968302335082,R3,resistor,B,0,1000,Ω,,0,,3.4234033365006917,0.0034234033365006917,0.011719690404364068,0,true,true,backward_euler_step_doubling,0.00002,,0.6,,,,,,
0.0014156968302335082,R4,resistor,A,C,1000,Ω,,0,,2.564537782001108,0.002564537782001108,0.006576854035311162,0,true,true,backward_euler_step_doubling,0.00002,,0.6,,,,,,
0.0014156968302335082,R5,resistor,C,0,2000,Ω,,0,,3.435462217998892,0.001717731108999446,0.005901200325648934,0,true,true,backward_euler_step_doubling,0.00002,,0.6,,,,,,
0.0014156968302335082,C6,capacitor,B,C,100,µF,,0,V,-0.012058881498200336,-0.0008468066730011657,0.000010211541321606339,7.2708311493819176e-9,true,true,backward_euler_step_doubling,0.00002,1e-7,0.6,,,,,,
0.001474001199511844,V1,voltage,A,0,6,V,,0,,6,-0.0051410639485473305,-0.030846383691283983,0,true,true,backward_euler_step_doubling,0.00002,,0.6,dc,5,10,0,50,2
0.001474001199511844,R2,resistor,A,B,1000,Ω,,0,,2.576808154359204,0.0025768081543592037,0.006639940264372086,0,true,true,backward_euler_step_doubling,0.00002,,0.6,,,,,,
0.001474001199511844,R3,resistor,B,0,1000,Ω,,0,,3.423191845640796,0.003423191845640796,0.01171824241206164,0,true,true,backward_euler_step_doubling,0.00002,,0.6,,,,,,
0.001474001199511844,R4,resistor,A,C,1000,Ω,,0,,2.564255794188127,0.002564255794188127,0.006575407778027381,0,true,true,backward_euler_step_doubling,0.00002,,0.6,,,,,,
0.001474001199511844,R5,resistor,C,0,2000,Ω,,0,,3.435744205811873,0.0017178721029059364,0.005902169123884929,0,true,true,backward_euler_step_doubling,0.00002,,0.6,,,,,,
0.001474001199511844,C6,capacitor,B,C,100,µF,,0,V,-0.01255236017107686,-0.0008463836912817547,0.000010624112935894112,7.878087293221833e-9,true,true,backward_euler_step_doubling,0.00002,1e-7,0.6,,,,,,
0.0015323055687901798,V1,voltage,A,0,6,V,,0,,6,-0.005140993486807441,-0.030845960920844642,0,true,true,backward_euler_step_doubling,0.00002,,0.6,dc,5,10,0,50,2
0.0015323055687901798,R2,resistor,A,B,1000,Ω,,0,,2.577019539578878,0.002577019539578878,0.006641029707371332,0,true,true,backward_euler_step_doubling,0.00002,,0.6,,,,,,
0.0015323055687901798,R3,resistor,B,0,1000,Ω,,0,,3.422980460421122,0.003422980460421122,0.011716795232424797,0,true,true,backward_euler_step_doubling,0.00002,,0.6,,,,,,
0.0015323055687901798,R4,resistor,A,C,1000,Ω,,0,,2.5639739472285625,0.0025639739472285627,0.006573962402066816,0,true,true,backward_euler_step_doubling,0.00002,,0.6,,,,,,
0.0015323055687901798,R5,resistor,C,0,2000,Ω,,0,,3.4360260527714375,0.0017180130263857187,0.005903137517662032,0,true,true,backward_euler_step_doubling,0.00002,,0.6,,,,,,
0.0015323055687901798,C6,capacitor,B,C,100,µF,,0,V,-0.013045592350315438,-0.00084596092084277,0.000011036061317612243,8.509373988530433e-9,true,true,backward_euler_step_doubling,0.00002,1e-7,0.6,,,,,,
0.0015923032781488475,V1,voltage,A,0,6,V,,0,,6,-0.005140921015909038,-0.030845526095454226,0,true,true,backward_euler_step_doubling,0.00002,,0.6,dc,5,10,0,50,2
0.0015923032781488475,R2,resistor,A,B,1000,Ω,,0,,2.5772369522743266,0.0025772369522743268,0.00664215030816826,0,true,true,backward_euler_step_doubling,0.00002,,0.6,,,,,,
0.0015923032781488475,R3,resistor,B,0,1000,Ω,,0,,3.4227630477256734,0.0034227630477256733,0.01171530688087634,0,true,true,backward_euler_step_doubling,0.00002,,0.6,,,,,,
0.0015923032781488475,R4,resistor,A,C,1000,Ω,,0,,2.5636840636347102,0.0025636840636347104,0.0065724759781345815,0,true,true,backward_euler_step_doubling,0.00002,,0.6,,,,,,
0.0015923032781488475,R5,resistor,C,0,2000,Ω,,0,,3.4363159363652898,0.0017181579681826448,0.005904133607259029,0,true,true,backward_euler_step_doubling,0.00002,,0.6,,,,,,
0.0015923032781488475,C6,capacitor,B,C,100,µF,,0,V,-0.013552888639616345,-0.0008455260954518743,0.000011459321013548873,9.184039523892087e-9,true,true,backward_euler_step_doubling,0.00002,1e-7,0.6,,,,,,
0.0016523009875075152,V1,voltage,A,0,6,V,,0,,6,-0.005140848582260734,-0.030845091493564406,0,true,true,backward_euler_step_doubling,0.00002,,0.6,dc,5,10,0,50,2
0.0016523009875075152,R2,resistor,A,B,1000,Ω,,0,,2.577454253219236,0.0025774542532192362,0.00664327042743793,0,true,true,backward_euler_step_doubling,0.00002,,0.6,,,,,,
0.0016523009875075152,R3,resistor,B,0,1000,Ω,,0,,3.422545746780764,0.003422545746780764,0.011713819388807096,0,true,true,backward_euler_step_doubling,0.00002,,0.6,,,,,,
0.0016523009875075152,R4,resistor,A,C,1000,Ω,,0,,2.5633943290414978,0.0025633943290414977,0.00657099048616211,0,true,true,backward_euler_step_doubling,0.00002,,0.6,,,,,,
0.0016523009875075152,R5,resistor,C,0,2000,Ω,,0,,3.4366056709585022,0.0017183028354792512,0.005905129268832069,0,true,true,backward_euler_step_doubling,0.00002,,0.6,,,,,,
0.0016523009875075152,C6,capacitor,B,C,100,µF,,0,V,-0.014059924177738381,-0.000845091493561805,0.000011881922322730662,9.884073394187613e-9,true,true,backward_euler_step_doubling,0.00002,1e-7,0.6,,,,,,
0.0017139944671398111,V1,voltage,A,0,6,V,,0,,6,-0.005140774140718186,-0.030844644844309117,0,true,true,backward_euler_step_doubling,0.00002,,0.6,dc,5,10,0,50,2
0.0017139944671398111,R2,resistor,A,B,1000,Ω,,0,,2.5776775778454573,0.0025776775778454573,0.006644421695327223,0,true,true,backward_euler_step_doubling,0.00002,,0.6,,,,,,
0.0017139944671398111,R3,resistor,B,0,1000,Ω,,0,,3.4223224221545427,0.003422322422154543,0.011712290761181736,0,true,true,backward_euler_step_doubling,0.00002,,0.6,,,,,,
0.0017139944671398111,R4,resistor,A,C,1000,Ω,,0,,2.5630965628727296,0.0025630965628727297,0.0065694639906100005,0,true,true,backward_euler_step_doubling,0.00002,,0.6,,,,,,
0.0017139944671398111,R5,resistor,C,0,2000,Ω,,0,,3.4369034371272704,0.0017184517185636352,0.005906152618068623,0,true,true,backward_euler_step_doubling,0.00002,,0.6,,,,,,
0.0017139944671398111,C6,capacitor,B,C,100,µF,,0,V,-0.01458101497272768,-0.0008446448443094665,0.00001231577912151357,1.0630299881745437e-8,true,true,backward_euler_step_doubling,0.00002,1e-7,0.6,,,,,,
0.001775687946772107,V1,voltage,A,0,6,V,,0,,6,-0.005140699738520021,-0.030844198431120122,0,true,true,backward_euler_step_doubling,0.00002,,0.6,dc,5,10,0,50,2
0.001775687946772107,R2,resistor,A,B,1000,Ω,,0,,2.577900784439954,0.002577900784439954,0.00664557245441613,0,true,true,backward_euler_step_doubling,0.00002,,0.6,,,,,,
0.001775687946772107,R3,resistor,B,0,1000,Ω,,0,,3.422099215560046,0.003422099215560046,0.011710763041136682,0,true,true,backward_euler_step_doubling,0.00002,,0.6,,,,,,
0.001775687946772107,R4,resistor,A,C,1000,Ω,,0,,2.5627989540800673,0.0025627989540800674,0.006567938479033887,0,true,true,backward_euler_step_doubling,0.00002,,0.6,,,,,,
0.001775687946772107,R5,resistor,C,0,2000,Ω,,0,,3.4372010459199327,0.0017186005229599664,0.00590717551503654,0,true,true,backward_euler_step_doubling,0.00002,,0.6,,,,,,
0.001775687946772107,C6,capacitor,B,C,100,µF,,0,V,-0.015101830359886659,-0.0008441984311196763,0.000012748941496851813,1.140326401093972e-8,true,true,backward_euler_step_doubling,0.00002,1e-7,0.6,,,,,,
0.001839079644664285,V1,voltage,A,0,6,V,,0,,6,-0.00514062332979165,-0.030843739978749903,0,true,true,backward_euler_step_doubling,0.00002,,0.6,dc,5,10,0,50,2
0.001839079644664285,R2,resistor,A,B,1000,Ω,,0,,2.5781300106249305,0.0025781300106249307,0.006646754351684905,0,true,true,backward_euler_step_doubling,0.00002,,0.6,,,,,,
0.001839079644664285,R3,resistor,B,0,1000,Ω,,0,,3.4218699893750695,0.0034218699893750694,0.011709194224185739,0,true,true,backward_euler_step_doubling,0.00002,,0.6,,,,,,
0.001839079644664285,R4,resistor,A,C,1000,Ω,,0,,2.562493319166719,0.002562493319166719,0.006566372010774069,0,true,true,backward_euler_step_doubling,0.00002,,0.6,,,,,,
0.001839079644664285,R5,resistor,C,0,2000,Ω,,0,,3.437506680833281,0.0017187533404166404,0.00590822609038672,0,true,true,backward_euler_step_doubling,0.00002,,0.6,,,,,,
0.001839079644664285,C6,capacitor,B,C,100,µF,,0,V,-0.015636691458211338,-0.000843739978749927,0.000013193301718670399,1.2225305987964969e-8,true,true,backward_euler_step_doubling,0.00002,1e-7,0.6,,,,,,
0.0019024713425564628,V1,voltage,A,0,6,V,,0,,6,-0.005140546962558022,-0.030843281775348133,0,true,true,backward_euler_step_doubling,0.00002,,0.6,dc,5,10,0,50,2
0.0019024713425564628,R2,resistor,A,B,1000,Ω,,0,,2.578359112325821,0.002578359112325821,0.006647935712113595,0,true,true,backward_euler_step_doubling,0.00002,,0.6,,,,,,
0.0019024713425564628,R3,resistor,B,0,1000,Ω,,0,,3.421640887674179,0.003421640887674179,0.011707626364203744,0,true,true,backward_euler_step_doubling,0.00002,,0.6,,,,,,
0.0019024713425564628,R4,resistor,A,C,1000,Ω,,0,,2.562187850232201,0.0025621878502322007,0.0065648065798775065,0,true,true,backward_euler_step_doubling,0.00002,,0.6,,,,,,
0.0019024713425564628,R5,resistor,C,0,2000,Ω,,0,,3.437812149767799,0.0017189060748838995,0.005909276188545548,0,true,true,backward_euler_step_doubling,0.00002,,0.6,,,,,,
0.0019024713425564628,C6,capacitor,B,C,100,µF,,0,V,-0.016171262093620076,-0.0008432817753485356,0.000013636930607934413,1.3075485885027678e-8,true,true,backward_euler_step_doubling,0.00002,1e-7,0.6,,,,,,
0.0019675637275721014,V1,voltage,A,0,6,V,,0,,6,-0.005140468590253283,-0.030842811541519702,0,true,true,backward_euler_step_doubling,0.00002,,0.6,dc,5,10,0,50,2
0.0019675637275721014,R2,resistor,A,B,1000,Ω,,0,,2.578594229240233,0.0025785942292402327,0.00664914819907103,0,true,true,backward_euler_step_doubling,0.00002,,0.6,,,,,,
0.0019675637275721014,R3,resistor,B,0,1000,Ω,,0,,3.421405770759767,0.003421405770759767,0.011706017448188236,0,true,true,backward_euler_step_doubling,0.00002,,0.6,,,,,,
0.0019675637275721014,R4,resistor,A,C,1000,Ω,,0,,2.5618743610130505,0.0025618743610130506,0.006563200241616027,0,true,true,backward_euler_step_doubling,0.00002,,0.6,,,,,,
0.0019675637275721014,R5,resistor,C,0,2000,Ω,,0,,3.4381256389869495,0.0017190628194934747,0.0059103539547297095,0,true,true,backward_euler_step_doubling,0.00002,,0.6,,,,,,
0.0019675637275721014,C6,capacitor,B,C,100,µF,,0,V,-0.0167198682271823,-0.0008428115415196706,0.000014091697914557276,1.3977699676717008e-8,true,true,backward_euler_step_doubling,0.00002,1e-7,0.6,,,,,,
0.0020326561125877402,V1,voltage,A,0,6,V,,0,,6,-0.005140390261650736,-0.030842341569904414,0,true,true,backward_euler_step_doubling,0.00002,,0.6,dc,5,10,0,50,2
0.0020326561125877402,R2,resistor,A,B,1000,Ω,,0,,2.578829215047873,0.002578829215047873,0.006650360120384429,0,true,true,backward_euler_step_doubling,0.00002,,0.6,,,,,,
0.0020326561125877402,R3,resistor,B,0,1000,Ω,,0,,3.421170784952127,0.003421170784952127,0.011704409539809953,0,true,true,backward_euler_step_doubling,0.00002,,0.6,,,,,,
0.0020326561125877402,R4,resistor,A,C,1000,Ω,,0,,2.5615610466028618,0.0025615610466028617,0.006561594995473149,0,true,true,backward_euler_step_doubling,0.00002,,0.6,,,,,,
0.0020326561125877402,R5,resistor,C,0,2000,Ω,,0,,3.4384389533971382,0.0017192194766985692,0.005911431218119404,0,true,true,backward_euler_step_doubling,0.00002,,0.6,,,,,,
0.0020326561125877402,C6,capacitor,B,C,100,µF,,0,V,-0.017268168445011334,-0.0008423415699045328,0.000014545696117346761,1.4909482072264258e-8,true,true,backward_euler_step_doubling,0.00002,1e-7,0.6,,,,,,
0.0020994516768972197,V1,voltage,A,0,6,V,,0,,6,-0.005140309929528422,-0.030841859577170533,0,true,true,backward_euler_step_doubling,0.00002,,0.6,dc,5,10,0,50,2
0.0020994516768972197,R2,resistor,A,B,1000,Ω,,0,,2.579070211414349,0.002579070211414349,0.006651603155404854,0,true,true,backward_euler_step_doubling,0.00002,,0.6,,,,,,
0.0020994516768972197,R3,resistor,B,0,1000,Ω,,0,,3.420929788585651,0.0034209297885856513,0.011702760618432667,0,true,true,backward_euler_step_doubling,0.00002,,0.6,,,,,,
0.0020994516768972197,R4,resistor,A,C,1000,Ω,,0,,2.5612397181140727,0.002561239718114073,0.006559948893645055,0,true,true,backward_euler_step_doubling,0.00002,,0.6,,,,,,
0.0020994516768972197,R5,resistor,C,0,2000,Ω,,0,,3.4387602818859273,0.0017193801409429636,0.005912536138138091,0,true,true,backward_euler_step_doubling,0.00002,,0.6,,,,,,
0.0020994516768972197,C6,capacitor,B,C,100,µF,,0,V,-0.017830493300276196,-0.0008418595771711413,0.000015010771550523387,1.589632456655971e-8,true,true,backward_euler_step_doubling,0.00002,1e-7,0.6,,,,,,
0.002166247241206699,V1,voltage,A,0,6,V,,0,,6,-0.005140229643372746,-0.030841377860236475,0,true,true,backward_euler_step_doubling,0.00002,,0.6,dc,5,10,0,50,2
0.002166247241206699,R2,resistor,A,B,1000,Ω,,0,,2.579311069881371,0.002579311069881371,0.0066528455952125825,0,true,true,backward_euler_step_doubling,0.00002,,0.6,,,,,,
0.002166247241206699,R3,resistor,B,0,1000,Ω,,0,,3.420688930118629,0.003420688930118629,0.01170111275663613,0,true,true,backward_euler_step_doubling,0.00002,,0.6,,,,,,
0.002166247241206699,R4,resistor,A,C,1000,Ω,,0,,2.5609185734913744,0.0025609185734913743,0.006558303940053096,0,true,true,backward_euler_step_doubling,0.00002,,0.6,,,,,,
0.002166247241206699,R5,resistor,C,0,2000,Ω,,0,,3.4390814265086256,0.0017195407132543127,0.0059136405290783015,0,true,true,backward_euler_step_doubling,0.00002,,0.6,,,,,,
0.002166247241206699,C6,capacitor,B,C,100,µF,,0,V,-0.018392496389996627,-0.0008413778602371542,0.000015475039257034947,1.6914196172801946e-8,true,true,backward_euler_step_doubling,0.00002,1e-7,0.6,,,,,,
0.002234748502770407,V1,voltage,A,0,6,V,,0,,6,-0.00514014735533918,-0.030840884132035083,0,true,true,backward_euler_step_doubling,0.00002,,0.6,dc,5,10,0,50,2
0.002234748502770407,R2,resistor,A,B,1000,Ω,,0,,2.579557933983955,0.002579557933983955,0.00665411913477957,0,true,true,backward_euler_step_doubling,0.00002,,0.6,,,,,,
0.002234748502770407,R3,resistor,B,0,1000,Ω,,0,,3.420442066016045,0.003420442066016045,0.01169942392697211,0,true,true,backward_euler_step_doubling,0.00002,,0.6,,,,,,
0.002234748502770407,R4,resistor,A,C,1000,Ω,,0,,2.560589421355227,0.002560589421355227,0.006556618184756296,0,true,true,backward_euler_step_doubling,0.00002,,0.6,,,,,,
0.002234748502770407,R5,resistor,C,0,2000,Ω,,0,,3.439410578644773,0.0017197052893223866,0.005914772564246786,0,true,true,backward_euler_step_doubling,0.00002,,0.6,,,,,,
0.002234748502770407,C6,capacitor,B,C,100,µF,,0,V,-0.018968512628728007,-0.0008408841320326212,0.000015950321277757766,1.7990223567310692e-8,true,true,backward_euler_step_doubling,0.00002,1e-7,0.6,,,,,,
0.002303249764334115,V1,voltage,A,0,6,V,,0,,6,-0.005140065115592443,-0.030840390693554657,0,true,true,backward_euler_step_doubling,0.00002,,0.6,dc,5,10,0,50,2
0.002303249764334115,R2,resistor,A,B,1000,Ω,,0,,2.57980465322416,0.00257980465322416,0.006655392048797028,0,true,true,backward_euler_step_doubling,0.00002,,0.6,,,,,,
0.002303249764334115,R3,resistor,B,0,1000,Ω,,0,,3.42019534677584,0.0034201953467758403,0.011697736210107109,0,true,true,backward_euler_step_doubling,0.00002,,0.6,,,,,,
0.002303249764334115,R4,resistor,A,C,1000,Ω,,0,,2.5602604623682845,0.0025602604623682847,0.006554933635166262,0,true,true,backward_euler_step_doubling,0.00002,,0.6,,,,,,
0.002303249764334115,R5,resistor,C,0,2000,Ω,,0,,3.4397395376317155,0.0017198697688158577,0.005915904043373423,0,true,true,backward_euler_step_doubling,0.00002,,0.6,,,,,,
0.002303249764334115,C6,capacitor,B,C,100,µF,,0,V,-0.019544190855875332,-0.0008403906935523076,0.00001642475610828774,1.9098769810544045e-8,true,true,backward_euler_step_doubling,0.00002,1e-7,0.6,,,,,,
0.0023734592689533167,V1,voltage,A,0,6,V,,0,,6,-0.005139980875695769,-0.030839885254174616,0,true,true,backward_euler_step_doubling,0.00002,,0.6,dc,5,10,0,50,2
0.0023734592689533167,R2,resistor,A,B,1000,Ω,,0,,2.5800573729139846,0.0025800573729139846,0.006656696047527812,0,true,true,backward_euler_step_doubling,0.00002,,0.6,,,,,,
0.0023734592689533167,R3,resistor,B,0,1000,Ω,,0,,3.4199426270860154,0.0034199426270860155,0.011696007572559997,0,true,true,backward_euler_step_doubling,0.00002,,0.6,,,,,,
0.0023734592689533167,R4,resistor,A,C,1000,Ω,,0,,2.559923502781785,0.002559923502781785,0.006553208340094563,0,true,true,backward_euler_step_doubling,0.00002,,0.6,,,,,,
0.0023734592689533167,R5,resistor,C,0,2000,Ω,,0,,3.440076497218215,0.0017200382486091074,0.0059170631533565715,0,true,true,backward_euler_step_doubling,0.00002,,0.6,,,,,,
0.0023734592689533167,C6,capacitor,B,C,100,µF,,0,V,-0.020133870132199583,-0.0008398852541725236,0.000016910140633459026,2.026863632501392e-8,true,true,backward_euler_step_doubling,0.00002,1e-7,0.6,,,,,,
0.002443668773572518,V1,voltage,A,0,6,V,,0,,6,-0.005139896686463874,-0.030839380118783247,0,true,true,backward_euler_step_doubling,0.00002,,0.6,dc,5,10,0,50,2
0.002443668773572518,R2,resistor,A,B,1000,Ω,,0,,2.5803099406096712,0.002580309940609671,0.006657999389609085,0,true,true,backward_euler_step_doubling,0.00002,,0.6,,,,,,
0.002443668773572518,R3,resistor,B,0,1000,Ω,,0,,3.4196900593903288,0.0034196900593903286,0.01169428010229303,0,true,true,backward_euler_step_doubling,0.00002,,0.6,,,,,,
0.002443668773572518,R4,resistor,A,C,1000,Ω,,0,,2.5595867458542036,0.0025595867458542035,0.006551484309552511,0,true,true,backward_euler_step_doubling,0.00002,,0.6,,,,,,
0.002443668773572518,R5,resistor,C,0,2000,Ω,,0,,3.4404132541457964,0.0017202066270728981,0.005918221679651034,0,true,true,backward_euler_step_doubling,0.00002,,0.6,,,,,,
0.002443668773572518,C6,capacitor,B,C,100,µF,,0,V,-0.020723194755467578,-0.0008393801187806996,0.000017394637675359947,2.1472540043651944e-8,true,true,backward_euler_step_doubling,0.00002,1e-7,0.6,,,,,,
0.0025155890970143223,V1,voltage,A,0,6,V,,0,,6,-0.0051398104988955255,-0.030838862993373153,0,true,true,backward_euler_step_doubling,0.00002,,0.6,dc,5,10,0,50,2
0.0025155890970143223,R2,resistor,A,B,1000,Ω,,0,,2.5805685033145296,0.0025805685033145295,0.006659333800298991,0,true,true,backward_euler_step_doubling,0.00002,,0.6,,,,,,
0.0025155890970143223,R3,resistor,B,0,1000,Ω,,0,,3.4194314966854704,0.00341943149668547,0.011692511760524636,0,true,true,backward_euler_step_doubling,0.00002,,0.6,,,,,,
0.0025155890970143223,R4,resistor,A,C,1000,Ω,,0,,2.559241995580996,0.002559241995580996,0.006549719591945399,0,true,true,backward_euler_step_doubling,0.00002,,0.6,,,,,,
0.0025155890970143223,R5,resistor,C,0,2000,Ω,,0,,3.440758004419004,0.001720379002209502,0.0059194078224867235,0,true,true,backward_euler_step_doubling,0.00002,,0.6,,,,,,
0.0025155890970143223,C6,capacitor,B,C,100,µF,,0,V,-0.021326507733533617,-0.0008388629933710218,0.000017890018115502255,2.2740996605423457e-8,true,true,backward_euler_step_doubling,0.00002,1e-7,0.6,,,,,,
0.0025875094204561265,V1,voltage,A,0,6,V,,0,,6,-0.0051397243644256746,-0.030838346186554046,0,true,true,backward_euler_step_doubling,0.00002,,0.6,dc,5,10,0,50,2
0.0025875094204561265,R2,resistor,A,B,1000,Ω,,0,,2.580826906724069,0.0025808269067240687,0.006660667522470925,0,true,true,backward_euler_step_doubling,0.00002,,0.6,,,,,,
0.0025875094204561265,R3,resistor,B,0,1000,Ω,,0,,3.419173093275931,0.0034191730932759314,0.0116907446417821,0,true,true,backward_euler_step_doubling,0.00002,,0.6,,,,,,
0.0025875094204561265,R4,resistor,A,C,1000,Ω,,0,,2.558897457701605,0.002558897457701605,0.006547956199031737,0,true,true,backward_euler_step_doubling,0.00002,,0.6,,,,,,
0.0025875094204561265,R5,resistor,C,0,2000,Ω,,0,,3.441102542298395,0.0017205512711491976,0.0059205933533062385,0,true,true,backward_euler_step_doubling,0.00002,,0.6,,,,,,
0.0025875094204561265,C6,capacitor,B,C,100,µF,,0,V,-0.021929449022463743,-0.0008383461865518551,0.000018384469961165787,2.40450367214418e-8,true,true,backward_euler_step_doubling,0.00002,1e-7,0.6,,,,,,
0.0026611431700441085,V1,voltage,A,0,6,V,,0,,6,-0.005139636233515985,-0.03083781740109591,0,true,true,backward_euler_step_doubling,0.00002,,0.6,dc,5,10,0,50,2
0.0026611431700441085,R2,resistor,A,B,1000,Ω,,0,,2.581091299452788,0.0025810912994527883,0.006662032296110883,0,true,true,backward_euler_step_doubling,0.00002,,0.6,,,,,,
0.0026611431700441085,R3,resistor,B,0,1000,Ω,,0,,3.418908700547212,0.003418908700547212,0.011688936702677425,0,true,true,backward_euler_step_doubling,0.00002,,0.6,,,,,,
0.0026611431700441085,R4,resistor,A,C,1000,Ω,,0,,2.558544934063198,0.0025585449340631977,0.0065461521796204535,0,true,true,backward_euler_step_doubling,0.00002,,0.6,,,,,,
0.0026611431700441085,R5,resistor,C,0,2000,Ω,,0,,3.441455065936802,0.001720727532968401,0.005921806485431039,0,true,true,backward_euler_step_doubling,0.00002,,0.6,,,,,,
0.0026611431700441085,C6,capacitor,B,C,100,µF,,0,V,-0.022546365389590317,-0.0008378174010946512,0.000018889737254836955,2.5416929614045804e-8,true,true,backward_euler_step_doubling,0.00002,1e-7,0.6,,,,,,
0.0027347769196320905,V1,voltage,A,0,6,V,,0,,6,-0.005139548158194822,-0.03083728894916893,0,true,true,backward_euler_step_doubling,0.00002,,0.6,dc,5,10,0,50,2
0.0027347769196320905,R2,resistor,A,B,1000,Ω,,0,,2.5813555254162845,0.0025813555254162847,0.006663396348597183,0,true,true,backward_euler_step_doubling,0.00002,,0.6,,,,,,
0.0027347769196320905,R3,resistor,B,0,1000,Ω,,0,,3.4186444745837155,0.0034186444745837154,0.011687130043601768,0,true,true,backward_euler_step_doubling,0.00002,,0.6,,,,,,
0.0027347769196320905,R4,resistor,A,C,1000,Ω,,0,,2.5581926327785367,0.0025581926327785365,0.0065443495464023805,0,true,true,backward_euler_step_doubling,0.00002,,0.6,,,,,,
0.0027347769196320905,R5,resistor,C,0,2000,Ω,,0,,3.4418073672214633,0.0017209036836107316,0.00592301897652997,0,true,true,backward_euler_step_doubling,0.00002,,0.6,,,,,,
0.0027347769196320905,C6,capacitor,B,C,100,µF,,0,V,-0.023162892637747845,-0.0008372889491670722,0.000019394034036329606,2.6825979767391665e-8,true,true,backward_euler_step_doubling,0.00002,1e-7,0.6,,,,,,
0.0028101267362129817,V1,voltage,A,0,6,V,,0,,6,-0.005139458088411327,-0.030836748530467965,0,true,true,backward_euler_step_doubling,0.00002,,0.6,dc,5,10,0,50,2
0.0028101267362129817,R2,resistor,A,B,1000,Ω,,0,,2.5816257347660128,0.002581625734766013,0.006664791434406156,0,true,true,backward_euler_step_doubling,0.00002,,0.6,,,,,,
0.0028101267362129817,R3,resistor,B,0,1000,Ω,,0,,3.4183742652339872,0.003418374265233987,0.011685282617214002,0,true,true,backward_euler_step_doubling,0.00002,,0.6,,,,,,
0.0028101267362129817,R4,resistor,A,C,1000,Ω,,0,,2.557832353645314,0.002557832353645314,0.006542506349354726,0,true,true,backward_euler_step_doubling,0.00002,,0.6,,,,,,
0.0028101267362129817,R5,resistor,C,0,2000,Ω,,0,,3.442167646354686,0.0017210838231773431,0.00592425905280548,0,true,true,backward_euler_step_doubling,0.00002,,0.6,,,,,,
0.0028101267362129817,C6,capacitor,B,C,100,µF,,0,V,-0.023793381120698953,-0.0008367485304682227,0.000019909076687615204,2.8306249257741666e-8,true,true,backward_euler_step_doubling,0.00002,1e-7,0.6,,,,,,
0.002885476552793873,V1,voltage,A,0,6,V,,0,,6,-0.005139368076762574,-0.030836208460575443,0,true,true,backward_euler_step_doubling,0.00002,,0.6,dc,5,10,0,50,2
0.002885476552793873,R2,resistor,A,B,1000,Ω,,0,,2.5818957697122746,0.0025818957697122747,0.006666185765658139,0,true,true,backward_euler_step_doubling,0.00002,,0.6,,,,,,
0.002885476552793873,R3,resistor,B,0,1000,Ω,,0,,3.4181042302877254,0.0034181042302877255,0.011683436529110844,0,true,true,backward_euler_step_doubling,0.00002,,0.6,,,,,,
0.002885476552793873,R4,resistor,A,C,1000,Ω,,0,,2.5574723070502983,0.0025574723070502983,0.006540664601329175,0,true,true,backward_euler_step_doubling,0.00002,,0.6,,,,,,
0.002885476552793873,R5,resistor,C,0,2000,Ω,,0,,3.4425276929497017,0.001721263846474851,0.005925498458362798,0,true,true,backward_euler_step_doubling,0.00002,,0.6,,,,,,
0.002885476552793873,C6,capacitor,B,C,100,µF,,0,V,-0.02442346266197637,-0.0008362084605753452,0.000020423106114490683,2.982527642004769e-8,true,true,backward_euler_step_doubling,0.00002,1e-7,0.6,,,,,,
0.00296254511213004,V1,voltage,A,0,6,V,,0,,6,-0.005139276072708999,-0.030835656436253994,0,true,true,backward_euler_step_doubling,0.00002,,0.6,dc,5,10,0,50,2
0.00296254511213004,R2,resistor,A,B,1000,Ω,,0,,2.582171781873697,0.002582171781873697,0.006667611111104784,0,true,true,backward_euler_step_doubling,0.00002,,0.6,,,,,,
0.00296254511213004,R3,resistor,B,0,1000,Ω,,0,,3.417828218126303,0.003417828218126303,0.011681549728620419,0,true,true,backward_euler_step_doubling,0.00002,,0.6,,,,,,
0.00296254511213004,R4,resistor,A,C,1000,Ω,,0,,2.557104290835301,0.002557104290835301,0.006538782354208308,0,true,true,backward_euler_step_doubling,0.00002,,0.6,,,,,,
0.00296254511213004,R5,resistor,C,0,2000,Ω,,0,,3.442895709164699,0.0017214478545823494,0.005926765432092348,0,true,true,backward_euler_step_doubling,0.00002,,0.6,,,,,,
0.00296254511213004,C6,capacitor,B,C,100,µF,,0,V,-0.025067491038396117,-0.0008356564362524879,0.000020947810226937274,3.141895534800348e-8,true,true,backward_euler_step_doubling,0.00002,1e-7,0.6,,,,,,
0.003039613671466207,V1,voltage,A,0,6,V,,0,,6,-0.005139184129391844,-0.030835104776351065,0,true,true,backward_euler_step_doubling,0.00002,,0.6,dc,5,10,0,50,2
0.003039613671466207,R2,resistor,A,B,1000,Ω,,0,,2.5824476118251596,0.0025824476118251594,0.006669035667821469,0,true,true,backward_euler_step_doubling,0.00002,,0.6,,,,,,
0.003039613671466207,R3,resistor,B,0,1000,Ω,,0,,3.4175523881748404,0.0034175523881748403,0.011679664325919555,0,true,true,backward_euler_step_doubling,0.00002,,0.6,,,,,,
0.003039613671466207,R4,resistor,A,C,1000,Ω,,0,,2.5567365175666836,0.0025567365175666835,0.006536901620259012,0,true,true,backward_euler_step_doubling,0.00002,,0.6,,,,,,
0.003039613671466207,R5,resistor,C,0,2000,Ω,,0,,3.4432634824333164,0.001721631741216658,0.0059280317047294044,0,true,true,backward_euler_step_doubling,0.00002,,0.6,,,,,,
0.003039613671466207,C6,capacitor,B,C,100,µF,,0,V,-0.025711094258475953,-0.000835104776349184,0.000021471457620417348,3.305301839841175e-8,true,true,backward_euler_step_doubling,0.00002,1e-7,0.6,,,,,,
0.003118403686004889,V1,voltage,A,0,6,V,,0,,6,-0.005139090195804213,-0.03083454117482528,0,true,true,backward_euler_step_doubling,0.00002,,0.6,dc,5,10,0,50,2
0.003118403686004889,R2,resistor,A,B,1000,Ω,,0,,2.5827294125878324,0.0025827294125878326,0.00667049121864629,0,true,true,backward_euler_step_doubling,0.00002,,0.6,,,,,,
0.003118403686004889,R3,resistor,B,0,1000,Ω,,0,,3.4172705874121676,0.0034172705874121675,0.0116777382675923,0,true,true,backward_euler_step_doubling,0.00002,,0.6,,,,,,
0.003118403686004889,R4,resistor,A,C,1000,Ω,,0,,2.5563607832163813,0.002556360783216381,0.00653498045396667,0,true,true,backward_euler_step_doubling,0.00002,,0.6,,,,,,
0.003118403686004889,R5,resistor,C,0,2000,Ω,,0,,3.4436392167836187,0.0017218196083918095,0.005929325527685048,0,true,true,backward_euler_step_doubling,0.00002,,0.6,,,,,,
0.003118403686004889,C6,capacitor,B,C,100,µF,,0,V,-0.026368629371451124,-0.0008345411748240723,0.000022005706934151358,3.4765230746447746e-8,true,true,backward_euler_step_doubling,0.00002,1e-7,0.6,,,,,,
0.0031971937005435703,V1,voltage,A,0,6,V,,0,,6,-0.005138996325611225,-0.030833977953667352,0,true,true,backward_euler_step_doubling,0.00002,,0.6,dc,5,10,0,50,2
0.0031971937005435703,R2,resistor,A,B,1000,Ω,,0,,2.58301102316681,0.00258301102316681,0.006671945945801252,0,true,true,backward_euler_step_doubling,0.00002,,0.6,,,,,,
0.0031971937005435703,R3,resistor,B,0,1000,Ω,,0,,3.41698897683319,0.00341698897683319,0.01167581366779953,0,true,true,backward_euler_step_doubling,0.00002,,0.6,,,,,,
0.0031971937005435703,R4,resistor,A,C,1000,Ω,,0,,2.555985302444416,0.002555985302444416,0.006533060866311872,0,true,true,backward_euler_step_doubling,0.00002,,0.6,,,,,,
0.0031971937005435703,R5,resistor,C,0,2000,Ω,,0,,3.444014697555584,0.001722007348777792,0.0059306186184894406,0,true,true,backward_euler_step_doubling,0.00002,,0.6,,,,,,
0.0031971937005435703,C6,capacitor,B,C,100,µF,,0,V,-0.027025720722394286,-0.0008339779536664067,0.000022538855264422187,3.6519479028242595e-8,true,true,backward_euler_step_doubling,0.00002,1e-7,0.6,,,,,,
0.003277707920404948,V1,voltage,A,0,6,V,,0,,6,-0.005138900467358818,-0.03083340280415291,0,true,true,backward_euler_step_doubling,0.00002,,0.6,dc,5,10,0,50,2
0.003277707920404948,R2,resistor,A,B,1000,Ω,,0,,2.5832985979236396,0.00258329859792364,0.006673431646034242,0,true,true,backward_euler_step_doubling,0.00002,,0.6,,,,,,
0.003277707920404948,R3,resistor,B,0,1000,Ω,,0,,3.4167014020763604,0.0034167014020763603,0.011673848470950567,0,true,true,backward_euler_step_doubling,0.00002,,0.6,,,,,,
0.003277707920404948,R4,resistor,A,C,1000,Ω,,0,,2.555601869435179,0.002555601869435179,0.006531100915060583,0,true,true,backward_euler_step_doubling,0.00002,,0.6,,,,,,
0.003277707920404948,R5,resistor,C,0,2000,Ω,,0,,3.444398130564821,0.0017221990652824103,0.005931939240919216,0,true,true,backward_euler_step_doubling,0.00002,,0.6,,,,,,
0.003277707920404948,C6,capacitor,B,C,100,µF,,0,V,-0.027696728488460387,-0.000833402804152341,0.000023082531188128914,3.835543844817466e-8,true,true,backward_euler_step_doubling,0.00002,1e-7,0.6,,,,,,
0.003358222140266325,V1,voltage,A,0,6,V,,0,,6,-0.005138804675214785,-0.030832828051288712,0,true,true,backward_euler_step_doubling,0.00002,,0.6,dc,5,10,0,50,2
0.003358222140266325,R2,resistor,A,B,1000,Ω,,0,,2.5835859743557634,0.0025835859743557634,0.0066749164868878195,0,true,true,backward_euler_step_doubling,0.00002,,0.6,,,,,,
0.003358222140266325,R3,resistor,B,0,1000,Ω,,0,,3.4164140256442366,0.0034164140256442367,0.01167188479461866,0,true,true,backward_euler_step_doubling,0.00002,,0.6,,,,,,
0.003358222140266325,R4,resistor,A,C,1000,Ω,,0,,2.5552187008590215,0.0025552187008590216,0.006529142609219666,0,true,true,backward_euler_step_doubling,0.00002,,0.6,,,,,,
0.003358222140266325,R5,resistor,C,0,2000,Ω,,0,,3.4447812991409785,0.0017223906495704893,0.005933259099455704,0,true,true,backward_euler_step_doubling,0.00002,,0.6,,,,,,
0.003358222140266325,C6,capacitor,B,C,100,µF,,0,V,-0.02836727349674195,-0.000832828051288396,0.000023625061106656564,4.023511028194791e-8,true,true,backward_euler_step_doubling,0.00002,1e-7,0.6,,,,,,
0.0034404633549620324,V1,voltage,A,0,6,V,,0,,6,-0.005138706897297123,-0.030832241383782738,0,true,true,backward_euler_step_doubling,0.00002,,0.6,dc,5,10,0,50,2
0.0034404633549620324,R2,resistor,A,B,1000,Ω,,0,,2.583879308108544,0.002583879308108544,0.006676432278871489,0,true,true,backward_euler_step_doubling,0.00002,,0.6,,,,,,
0.0034404633549620324,R3,resistor,B,0,1000,Ω,,0,,3.416120691891456,0.003416120691891456,0.01166988058156896,0,true,true,backward_euler_step_doubling,0.00002,,0.6,,,,,,
0.0034404633549620324,R4,resistor,A,C,1000,Ω,,0,,2.5548275891885788,0.002554827589188579,0.006527144010479126,0,true,true,backward_euler_step_doubling,0.00002,,0.6,,,,,,
0.0034404633549620324,R5,resistor,C,0,2000,Ω,,0,,3.4451724108114212,0.0017225862054057106,0.00593460647010809,0,true,true,backward_euler_step_doubling,0.00002,,0.6,,,,,,
0.0034404633549620324,C6,capacitor,B,C,100,µF,,0,V,-0.029051718919965275,-0.000832241383782783,0.000024178042755220355,4.220011861023342e-8,true,true,backward_euler_step_doubling,0.00002,1e-7,0.6,,,,,,
0.0035227045696577396,V1,voltage,A,0,6,V,,0,,6,-0.005138609188257039,-0.030831655129542234,0,true,true,backward_euler_step_doubling,0.00002,,0.6,dc,5,10,0,50,2
0.0035227045696577396,R2,resistor,A,B,1000,Ω,,0,,2.584172435228809,0.002584172435228809,0.006677947174996394,0,true,true,backward_euler_step_doubling,0.00002,,0.6,,,,,,
0.0035227045696577396,R3,resistor,B,0,1000,Ω,,0,,3.415827564771191,0.003415827564771191,0.011667877952250685,0,true,true,backward_euler_step_doubling,0.00002,,0.6,,,,,,
0.0035227045696577396,R4,resistor,A,C,1000,Ω,,0,,2.554436753028229,0.002554436753028229,0.006525147125221401,0,true,true,backward_euler_step_doubling,0.00002,,0.6,,,,,,
0.0035227045696577396,R5,resistor,C,0,2000,Ω,,0,,3.445563246971771,0.0017227816234858856,0.005935953044441327,0,true,true,backward_euler_step_doubling,0.00002,,0.6,,,,,,
0.0035227045696577396,C6,capacitor,B,C,100,µF,,0,V,-0.029735682200580094,-0.0008316551295423898,0.00002472983263255477,4.4210539796694785e-8,true,true,backward_euler_step_doubling,0.00002,1e-7,0.6,,,,,,
0.0036066756090497344,V1,voltage,A,0,6,V,,0,,6,-0.005138509495802881,-0.030831056974817285,0,true,true,backward_euler_step_doubling,0.00002,,0.6,dc,5,10,0,50,2
0.0036066756090497344,R2,resistor,A,B,1000,Ω,,0,,2.5844715125915774,0.0025844715125915773,0.006679492999397396,0,true,true,backward_euler_step_doubling,0.00002,,0.6,,,,,,
0.0036066756090497344,R3,resistor,B,0,1000,Ω,,0,,3.4155284874084226,0.003415528487408423,0.011665834848298468,0,true,true,backward_euler_step_doubling,0.00002,,0.6,,,,,,
0.0036066756090497344,R4,resistor,A,C,1000,Ω,,0,,2.554037983211304,0.002554037983211304,0.006523110019686065,0,true,true,backward_euler_step_doubling,0.00002,,0.6,,,,,,
0.0036066756090497344,R5,resistor,C,0,2000,Ω,,0,,3.445962016788696,0.0017229810083943479,0.005937327110575208,0,true,true,backward_euler_step_doubling,0.00002,,0.6,,,,,,
0.0036066756090497344,C6,capacitor,B,C,100,µF,,0,V,-0.030433529380273328,-0.000831056974816681,0.00002529199685976453,4.630998552699799e-8,true,true,backward_euler_step_doubling,0.00002,1e-7,0.6,,,,,,
0.003690646648441729,V1,voltage,A,0,6,V,,0,,6,-0.00513840987505085,-0.0308304592503051,0,true,true,backward_euler_step_doubling,0.00002,,0.6,dc,5,10,0,50,2
0.003690646648441729,R2,resistor,A,B,1000,Ω,,0,,2.584770374847666,0.002584770374847666,0.006681037890690144,0,true,true,backward_euler_step_doubling,0.00002,,0.6,,,,,,
0.003690646648441729,R3,resistor,B,0,1000,Ω,,0,,3.415229625152334,0.003415229625152334,0.011663793392518152,0,true,true,backward_euler_step_doubling,0.00002,,0.6,,,,,,
0.003690646648441729,R4,resistor,A,C,1000,Ω,,0,,2.5536395002031846,0.0025536395002031848,0.006521074696997971,0,true,true,backward_euler_step_doubling,0.00002,,0.6,,,,,,
0.003690646648441729,R5,resistor,C,0,2000,Ω,,0,,3.4463604997968154,0.0017231802498984077,0.0059387003472798775,0,true,true,backward_euler_step_doubling,0.00002,,0.6,,,,,,
0.003690646648441729,C6,capacitor,B,C,100,µF,,0,V,-0.031130874644481388,-0.0008304592503049827,0.000025852922818594407,4.8456567806520704e-8,true,true,backward_euler_step_doubling,0.00002,1e-7,0.6,,,,,,
0.0037763503839727355,V1,voltage,A,0,6,V,,0,,6,-0.005138308273316549,-0.030829849639899296,0,true,true,backward_euler_step_doubling,0.00002,,0.6,dc,5,10,0,50,2
0.0037763503839727355,R2,resistor,A,B,1000,Ω,,0,,2.585075180050857,0.002585075180050857,0.006682613686514971,0,true,true,backward_euler_step_doubling,0.00002,,0.6,,,,,,
0.0037763503839727355,R3,resistor,B,0,1000,Ω,,0,,3.414924819949143,0.003414924819949143,0.011661711525904686,0,true,true,backward_euler_step_doubling,0.00002,,0.6,,,,,,
0.0037763503839727355,R4,resistor,A,C,1000,Ω,,0,,2.553233093265692,0.0025532330932656923,0.006518999228547095,0,true,true,backward_euler_step_doubling,0.00002,,0.6,,,,,,
0.0037763503839727355,R5,resistor,C,0,2000,Ω,,0,,3.446766906734308,0.001723383453367154,0.005940101054679394,0,true,true,backward_euler_step_doubling,0.00002,,0.6,,,,,,
0.0037763503839727355,C6,capacitor,B,C,100,µF,,0,V,-0.03184208678516498,-0.0008298496398984658,0.000026424144252284857,5.0695924541698906e-8,true,true,backward_euler_step_doubling,0.00002,1e-7,0.6,,,,,,
0.003862054119503742,V1,voltage,A,0,6,V,,0,,6,-0.005138206746164364,-0.030829240476986184,0,true,true,backward_euler_step_doubling,0.00002,,0.6,dc,5,10,0,50,2
0.003862054119503742,R2,resistor,A,B,1000,Ω,,0,,2.5853797615074208,0.002585379761507421,0.006684188511212169,0,true,true,backward_euler_step_doubling,0.00002,,0.6,,,,,,
0.003862054119503742,R3,resistor,B,0,1000,Ω,,0,,3.4146202384925792,0.003414620238492579,0.011659631373123118,0,true,true,backward_euler_step_doubling,0.00002,,0.6,,,,,,
0.003862054119503742,R4,resistor,A,C,1000,Ω,,0,,2.552826984656944,0.002552826984656944,0.006516925613592664,0,true,true,backward_euler_step_doubling,0.00002,,0.6,,,,,,
0.003862054119503742,R5,resistor,C,0,2000,Ω,,0,,3.447173015343056,0.001723586507671528,0.005941500898854668,0,true,true,backward_euler_step_doubling,0.00002,,0.6,,,,,,
0.003862054119503742,C6,capacitor,B,C,100,µF,,0,V,-0.03255277685047675,-0.0008292404769855683,0.000026994080202694105,5.298416403384674e-8,true,true,backward_euler_step_doubling,0.00002,1e-7,0.6,,,,,,
0.003949493465445526,V1,voltage,A,0,6,V,,0,,6,-0.005138103240532766,-0.0308286194431966,0,true,true,backward_euler_step_doubling,0.00002,,0.6,dc,5,10,0,50,2
0.003949493465445526,R2,resistor,A,B,1000,Ω,,0,,2.585690278402359,0.002585690278402359,0.0066857942158244695,0,true,true,backward_euler_step_doubling,0.00002,,0.6,,,,,,
0.003949493465445526,R3,resistor,B,0,1000,Ω,,0,,3.414309721597641,0.003414309721597641,0.01165751087499616,0,true,true,backward_euler_step_doubling,0.00002,,0.6,,,,,,
0.003949493465445526,R4,resistor,A,C,1000,Ω,,0,,2.552412962130406,0.0025524129621304057,0.006514811929251313,0,true,true,backward_euler_step_doubling,0.00002,,0.6,,,,,,
0.003949493465445526,R5,resistor,C,0,2000,Ω,,0,,3.447587037869594,0.001723793518934797,0.005942928191843221,0,true,true,backward_euler_step_doubling,0.00002,,0.6,,,,,,
0.003949493465445526,C6,capacitor,B,C,100,µF,,0,V,-0.03327731627195307,-0.000828619443195191,0.000027574231280296025,5.5368988913179637e-8,true,true,backward_euler_step_doubling,0.00002,1e-7,0.6,,,,,,
0.004036932811387309,V1,voltage,A,0,6,V,,0,,6,-0.005137999812418442,-0.030827998874510654,0,true,true,backward_euler_step_doubling,0.00002,,0.6,dc,5,10,0,50,2
0.004036932811387309,R2,resistor,A,B,1000,Ω,,0,,2.5860005627453355,0.0025860005627453353,0.006687398910519191,0,true,true,backward_euler_step_doubling,0.00002,,0.6,,,,,,
0.004036932811387309,R3,resistor,B,0,1000,Ω,,0,,3.4139994372546645,0.0034139994372546644,0.011655392157575165,0,true,true,backward_euler_step_doubling,0.00002,,0.6,,,,,,
0.004036932811387309,R4,resistor,A,C,1000,Ω,,0,,2.5519992496731057,0.0025519992496731056,0.0065127001703320945,0,true,true,backward_euler_step_doubling,0.00002,,0.6,,,,,,
0.004036932811387309,R5,resistor,C,0,2000,Ω,,0,,3.4480007503268943,0.0017240003751634472,0.005944354587127413,0,true,true,backward_euler_step_doubling,0.00002,,0.6,,,,,,
0.004036932811387309,C6,capacitor,B,C,100,µF,,0,V,-0.034001313072229866,-0.0008279988745099108,0.000028153048955665445,5.780446453178948e-8,true,true,backward_euler_step_doubling,0.00002,1e-7,0.6,,,,,,
0.004126110725693966,V1,voltage,A,0,6,V,,0,,6,-0.00513789440839797,-0.03082736645038782,0,true,true,backward_euler_step_doubling,0.00002,,0.6,dc,5,10,0,50,2
0.004126110725693966,R2,resistor,A,B,1000,Ω,,0,,2.586316774807163,0.002586316774807163,0.006689034459648925,0,true,true,backward_euler_step_doubling,0.00002,,0.6,,,,,,
0.004126110725693966,R3,resistor,B,0,1000,Ω,,0,,3.413683225192837,0.003413683225192837,0.01165323316196297,0,true,true,backward_euler_step_doubling,0.00002,,0.6,,,,,,
0.004126110725693966,R4,resistor,A,C,1000,Ω,,0,,2.551577633590806,0.002551577633590806,0.006510548420240857,0,true,true,backward_euler_step_doubling,0.00002,,0.6,,,,,,
0.004126110725693966,R5,resistor,C,0,2000,Ω,,0,,3.448422366409194,0.001724211183204597,0.005945808408575592,0,true,true,backward_euler_step_doubling,0.00002,,0.6,,,,,,
0.004126110725693966,C6,capacitor,B,C,100,µF,,0,V,-0.034739141216356906,-0.0008273664503857519,0.000028741999957626584,6.034039662249935e-8,true,true,backward_euler_step_doubling,0.00002,1e-7,0.6,,,,,,
0.004215288640000624,V1,voltage,A,0,6,V,,0,,6,-0.005137789084884788,-0.03082673450930873,0,true,true,backward_euler_step_doubling,0.00002,,0.6,dc,5,10,0,50,2
0.004215288640000624,R2,resistor,A,B,1000,Ω,,0,,2.586632745346699,0.002586632745346699,0.0066906689592998005,0,true,true,backward_euler_step_doubling,0.00002,,0.6,,,,,,
0.004215288640000624,R3,resistor,B,0,1000,Ω,,0,,3.413367254653301,0.003413367254653301,0.011651076015139414,0,true,true,backward_euler_step_doubling,0.00002,,0.6,,,,,,
0.004215288640000624,R4,resistor,A,C,1000,Ω,,0,,2.551156339538089,0.002551156339538089,0.00650839866876538,0,true,true,backward_euler_step_doubling,0.00002,,0.6,,,,,,
0.004215288640000624,R5,resistor,C,0,2000,Ω,,0,,3.448843660461911,0.0017244218302309555,0.005947261297154157,0,true,true,backward_euler_step_doubling,0.00002,,0.6,,,,,,
0.004215288640000624,C6,capacitor,B,C,100,µF,,0,V,-0.03547640580860989,-0.0008267345093065766,0.00002932956894814208,6.292876845485847e-8,true,true,backward_euler_step_doubling,0.00002,1e-7,0.6,,,,,,
0.004306208125531849,V1,voltage,A,0,6,V,,0,,6,-0.005137681788107423,-0.030826090728644538,0,true,true,backward_euler_step_doubling,0.00002,,0.6,dc,5,10,0,50,2
0.004306208125531849,R2,resistor,A,B,1000,Ω,,0,,2.5869546356782678,0.0025869546356782677,0.006692334287057278,0,true,true,backward_euler_step_doubling,0.00002,,0.6,,,,,,
0.004306208125531849,R3,resistor,B,0,1000,Ω,,0,,3.4130453643217322,0.003413045364321732,0.011648878658918066,0,true,true,backward_euler_step_doubling,0.00002,,0.6,,,,,,
0.004306208125531849,R4,resistor,A,C,1000,Ω,,0,,2.5507271524291544,0.0025507271524291544,0.006506209006139342,0,true,true,backward_euler_step_doubling,0.00002,,0.6,,,,,,
0.004306208125531849,R5,resistor,C,0,2000,Ω,,0,,3.4492728475708456,0.0017246364237854229,0.005948741588494746,0,true,true,backward_euler_step_doubling,0.00002,,0.6,,,,,,
0.004306208125531849,C6,capacitor,B,C,100,µF,,0,V,-0.0362274832491134,-0.0008260907286431577,0.00002992718803416788,6.562152712823959e-8,true,true,backward_euler_step_doubling,0.00002,1e-7,0.6,,,,,,
0.004397127611063075,V1,voltage,A,0,6,V,,0,,6,-0.005137574574882532,-0.03082544744929519,0,true,true,backward_euler_step_doubling,0.00002,,0.6,dc,5,10,0,50,2
0.004397127611063075,R2,resistor,A,B,1000,Ω,,0,,2.587276275352937,0.002587276275352937,0.0066939985250041665,0,true,true,backward_euler_step_doubling,0.00002,,0.6,,,,,,
0.004397127611063075,R3,resistor,B,0,1000,Ω,,0,,3.412723724647063,0.003412723724647063,0.011646683220768924,0,true,true,backward_euler_step_doubling,0.00002,,0.6,,,,,,
0.004397127611063075,R4,resistor,A,C,1000,Ω,,0,,2.550298299529595,0.002550298299529595,0.006504021416583544,0,true,true,backward_euler_step_doubling,0.00002,,0.6,,,,,,
0.004397127611063075,R5,resistor,C,0,2000,Ω,,0,,3.449701700470405,0.0017248508502352025,0.005950220911114202,0,true,true,backward_euler_step_doubling,0.00002,,0.6,,,,,,
0.004397127611063075,C6,capacitor,B,C,100,µF,,0,V,-0.036977975823341946,-0.0008254474492937981,0.000030523375823425344,6.836853479958307e-8,true,true,backward_euler_step_doubling,0.00002,1e-7,0.6,,,,,,
0.004489791716330575,V1,voltage,A,0,6,V,,0,,6,-0.005137465391104251,-0.03082479234662551,0,true,true,backward_euler_step_doubling,0.00002,,0.6,dc,5,10,0,50,2
0.004489791716330575,R2,resistor,A,B,1000,Ω,,0,,2.5876038266879537,0.0025876038266879537,0.006695693563890142,0,true,true,backward_euler_step_doubling,0.00002,,0.6,,,,,,
0.004489791716330575,R3,resistor,B,0,1000,Ω,,0,,3.4123961733120463,0.0034123961733120464,0.011644447643634698,0,true,true,backward_euler_step_doubling,0.00002,,0.6,,,,,,
0.004489791716330575,R4,resistor,A,C,1000,Ω,,0,,2.5498615644162976,0.0025498615644162976,0.006501793997687529,0,true,true,backward_euler_step_doubling,0.00002,,0.6,,,,,,
0.004489791716330575,R5,resistor,C,0,2000,Ω,,0,,3.4501384355837024,0.0017250692177918513,0.005951727612345979,0,true,true,backward_euler_step_doubling,0.00002,,0.6,,,,,,
0.004489791716330575,C6,capacitor,B,C,100,µF,,0,V,-0.03774226227165611,-0.0008247923466242435,0.000031129529065946895,7.122391806912381e-8,true,true,backward_euler_step_doubling,0.00002,1e-7,0.6,,,,,,
0.0045824558215980735,V1,voltage,A,0,6,V,,0,,6,-0.005137356293977815,-0.03082413776386689,0,true,true,backward_euler_step_doubling,0.00002,,0.6,dc,5,10,0,50,2
0.0045824558215980735,R2,resistor,A,B,1000,Ω,,0,,2.587931118067264,0.002587931118067264,0.00669738747186088,0,true,true,backward_euler_step_doubling,0.00002,,0.6,,,,,,
0.0045824558215980735,R3,resistor,B,0,1000,Ω,,0,,3.412068881932736,0.003412068881932736,0.01164221405505371,0,true,true,backward_euler_step_doubling,0.00002,,0.6,,,,,,
0.0045824558215980735,R4,resistor,A,C,1000,Ω,,0,,2.5494251759105504,0.0025494251759105506,0.006499568727566542,0,true,true,backward_euler_step_doubling,0.00002,,0.6,,,,,,
0.0045824558215980735,R5,resistor,C,0,2000,Ω,,0,,3.4505748240894496,0.0017252874120447248,0.005953233308319968,0,true,true,backward_euler_step_doubling,0.00002,,0.6,,,,,,
0.0045824558215980735,C6,capacitor,B,C,100,µF,,0,V,-0.03850594215671377,-0.0008241377638656228,0.000031734201064573104,7.413537906880932e-8,true,true,backward_euler_step_doubling,0.00002,1e-7,0.6,,,,,,
0.004676867641810807,V1,voltage,A,0,6,V,,0,,6,-0.005137245229075909,-0.03082347137445545,0,true,true,backward_euler_step_doubling,0.00002,,0.6,dc,5,10,0,50,2
0.004676867641810807,R2,resistor,A,B,1000,Ω,,0,,2.588264312773088,0.002588264312773088,0.006699112152774746,0,true,true,backward_euler_step_doubling,0.00002,,0.6,,,,,,
0.004676867641810807,R3,resistor,B,0,1000,Ω,,0,,3.411735687226912,0.003411735687226912,0.01163994039949769,0,true,true,backward_euler_step_doubling,0.00002,,0.6,,,,,,
0.004676867641810807,R4,resistor,A,C,1000,Ω,,0,,2.5489809163028214,0.0025489809163028215,0.006497303711675971,0,true,true,backward_euler_step_doubling,0.00002,,0.6,,,,,,
0.004676867641810807,R5,resistor,C,0,2000,Ω,,0,,3.4510190836971786,0.0017255095418485893,0.005954766358021057,0,true,true,backward_euler_step_doubling,0.00002,,0.6,,,,,,
0.004676867641810807,C6,capacitor,B,C,100,µF,,0,V,-0.039283396470266574,-0.0008234713744539665,0.00003234875248459051,7.71592619120076e-8,true,true,backward_euler_step_doubling,0.00002,1e-7,0.6,,,,,,
0.004771279462023541,V1,voltage,A,0,6,V,,0,,6,-0.005137134253979914,-0.030822805523879483,0,true,true,backward_euler_step_doubling,0.00002,,0.6,dc,5,10,0,50,2
0.004771279462023541,R2,resistor,A,B,1000,Ω,,0,,2.5885972380610425,0.0025885972380610424,0.0067008356608972575,0,true,true,backward_euler_step_doubling,0.00002,,0.6,,,,,,
0.004771279462023541,R3,resistor,B,0,1000,Ω,,0,,3.4114027619389575,0.0034114027619389577,0.011637668804164749,0,true,true,backward_euler_step_doubling,0.00002,,0.6,,,,,,
0.004771279462023541,R4,resistor,A,C,1000,Ω,,0,,2.548537015918872,0.002548537015918872,0.006495040921508669,0,true,true,backward_euler_step_doubling,0.00002,,0.6,,,,,,
0.004771279462023541,R5,resistor,C,0,2000,Ω,,0,,3.451462984081128,0.001725731492040564,0.005956298365241103,0,true,true,backward_euler_step_doubling,0.00002,,0.6,,,,,,
0.004771279462023541,C6,capacitor,B,C,100,µF,,0,V,-0.04006022214217042,-0.000822805523877691,0.000032961772066345214,8.024106990400206e-8,true,true,backward_euler_step_doubling,0.00002,1e-7,0.6,,,,,,
0.0048674421400918015,V1,voltage,A,0,6,V,,0,,6,-0.005137021313952559,-0.030822127883715352,0,true,true,backward_euler_step_doubling,0.00002,,0.6,dc,5,10,0,50,2
0.0048674421400918015,R2,resistor,A,B,1000,Ω,,0,,2.5889360581424277,0.0025889360581424275,0.006702589913150051,0,true,true,backward_euler_step_doubling,0.00002,,0.6,,,,,,
0.0048674421400918015,R3,resistor,B,0,1000,Ω,,0,,3.4110639418575723,0.003411063941857572,0.01163535721544092,0,true,true,backward_euler_step_doubling,0.00002,,0.6,,,,,,
0.0048674421400918015,R4,resistor,A,C,1000,Ω,,0,,2.5480852558101312,0.002548085255810131,0.006492738470876982,0,true,true,backward_euler_step_doubling,0.00002,,0.6,,,,,,
0.0048674421400918015,R5,resistor,C,0,2000,Ω,,0,,3.4519147441898688,0.0017259573720949345,0.005957857700577704,0,true,true,backward_euler_step_doubling,0.00002,,0.6,,,,,,
0.0048674421400918015,C6,capacitor,B,C,100,µF,,0,V,-0.04085080233229643,-0.0008221278837147409,0.00003358458366950007,8.343940255961778e-8,true,true,backward_euler_step_doubling,0.00002,1e-7,0.6,,,,,,
0.004963604818160062,V1,voltage,A,0,6,V,,0,,6,-0.00513690846693972,-0.030821450801638322,0,true,true,backward_euler_step_doubling,0.00002,,0.6,dc,5,10,0,50,2
0.004963604818160062,R2,resistor,A,B,1000,Ω,,0,,2.5892745991809427,0.0025892745991809426,0.0067043429499636315,0,true,true,backward_euler_step_doubling,0.00002,,0.6,,,,,,
0.004963604818160062,R3,resistor,B,0,1000,Ω,,0,,3.4107254008190573,0.0034107254008190575,0.01163304775979232,0,true,true,backward_euler_step_doubling,0.00002,,0.6,,,,,,
0.004963604818160062,R4,resistor,A,C,1000,Ω,,0,,2.547633867758778,0.002547633867758778,0.006490438324151551,0,true,true,backward_euler_step_doubling,0.00002,,0.6,,,,,,
0.004963604818160062,R5,resistor,C,0,2000,Ω,,0,,3.452366132241222,0.001726183066120611,0.005959415955523108,0,true,true,backward_euler_step_doubling,0.00002,,0.6,,,,,,
0.004963604818160062,C6,capacitor,B,C,100,µF,,0,V,-0.041640731422164734,-0.0008214508016380053,0.000034205812207530096,8.669752566864286e-8,true,true,backward_euler_step_doubling,0.00002,1e-7,0.6,,,,,,
0.005061521545345921,V1,voltage,A,0,6,V,,0,,6,-0.005136793657906075,-0.03082076194743645,0,true,true,backward_euler_step_doubling,0.00002,,0.6,dc,5,10,0,50,2
0.005061521545345921,R2,resistor,A,B,1000,Ω,,0,,2.5896190262825773,0.0025896190262825773,0.006706126701284724,0,true,true,backward_euler_step_doubling,0.00002,,0.6,,,,,,
0.005061521545345921,R3,resistor,B,0,1000,Ω,,0,,3.4103809737174227,0.003410380973717423,0.011630698385893796,0,true,true,backward_euler_step_doubling,0.00002,,0.6,,,,,,
0.005061521545345921,R4,resistor,A,C,1000,Ω,,0,,2.5471746316234976,0.0025471746316234976,0.0064880986039863005,0,true,true,backward_euler_step_doubling,0.00002,,0.6,,,,,,
0.005061521545345921,R5,resistor,C,0,2000,Ω,,0,,3.4528253683765024,0.0017264126841882513,0.005961001512252165,0,true,true,backward_euler_step_doubling,0.00002,,0.6,,,,,,
0.005061521545345921,C6,capacitor,B,C,100,µF,,0,V,-0.04244439465907979,-0.0008207619474347775,0.000034836744018076596,9.007633189878604e-8,true,true,backward_euler_step_doubling,0.00002,1e-7,0.6,,,,,,
0.00515943827253178,V1,voltage,A,0,6,V,,0,,6,-0.005136678945149069,-0.030820073670894413,0,true,true,backward_euler_step_doubling,0.00002,,0.6,dc,5,10,0,50,2
0.00515943827253178,R2,resistor,A,B,1000,Ω,,0,,2.5899631645535997,0.0025899631645535997,0.006707909193744497,0,true,true,backward_euler_step_doubling,0.00002,,0.6,,,,,,
0.00515943827253178,R3,resistor,B,0,1000,Ω,,0,,3.4100368354464003,0.0034100368354464004,0.0116283512191013,0,true,true,backward_euler_step_doubling,0.00002,,0.6,,,,,,
0.00515943827253178,R4,resistor,A,C,1000,Ω,,0,,2.5467157805954685,0.0025467157805954686,0.006485761267133987,0,true,true,backward_euler_step_doubling,0.00002,,0.6,,,,,,
0.00515943827253178,R5,resistor,C,0,2000,Ω,,0,,3.4532842194045315,0.0017266421097022657,0.005962585949994182,0,true,true,backward_euler_step_doubling,0.00002,,0.6,,,,,,
0.00515943827253178,C6,capacitor,B,C,100,µF,,0,V,-0.0432473839581311,-0.000820073670892958,0.000035466040919061795,9.351681096110077e-8,true,true,backward_euler_step_doubling,0.00002,1e-7,0.6,,,,,,
0.005259112289505226,V1,voltage,A,0,6,V,,0,,6,-0.005136562273345904,-0.030819373640075424,0,true,true,backward_euler_step_doubling,0.00002,,0.6,dc,5,10,0,50,2
0.005259112289505226,R2,resistor,A,B,1000,Ω,,0,,2.5903131799625605,0.0025903131799625604,0.006709722370287752,0,true,true,backward_euler_step_doubling,0.00002,,0.6,,,,,,
0.005259112289505226,R3,resistor,B,0,1000,Ω,,0,,3.4096868200374395,0.0034096868200374393,0.011625964210737026,0,true,true,backward_euler_step_doubling,0.00002,,0.6,,,,,,
0.005259112289505226,R4,resistor,A,C,1000,Ω,,0,,2.546249093383345,0.002546249093383345,0.006483384445555507,0,true,true,backward_euler_step_doubling,0.00002,,0.6,,,,,,
0.005259112289505226,R5,resistor,C,0,2000,Ω,,0,,3.453750906616655,0.0017268754533083274,0.005964197662477683,0,true,true,backward_euler_step_doubling,0.00002,,0.6,,,,,,
0.005259112289505226,C6,capacitor,B,C,100,µF,,0,V,-0.044064086579215456,-0.0008193736400750537,0.00003610495101699409,9.708218630302976e-8,true,true,backward_euler_step_doubling,0.00002,1e-7,0.6,,,,,,
0.005358786306478672,V1,voltage,A,0,6,V,,0,,6,-0.00513644570113621,-0.03081867420681726,0,true,true,backward_euler_step_doubling,0.00002,,0.6,dc,5,10,0,50,2
0.005358786306478672,R2,resistor,A,B,1000,Ω,,0,,2.5906628965916423,0.002590662896591642,0.006711534243776598,0,true,true,backward_euler_step_doubling,0.00002,,0.6,,,,,,
0.005358786306478672,R3,resistor,B,0,1000,Ω,,0,,3.4093371034083577,0.0034093371034083575,0.01162357948467689,0,true,true,backward_euler_step_doubling,0.00002,,0.6,,,,,,
0.005358786306478672,R4,resistor,A,C,1000,Ω,,0,,2.5457828045445674,0.0025457828045445676,0.006481010087914804,0,true,true,backward_euler_step_doubling,0.00002,,0.6,,,,,,
0.005358786306478672,R5,resistor,C,0,2000,Ω,,0,,3.4542171954554326,0.0017271085977277163,0.005965808216689997,0,true,true,backward_euler_step_doubling,0.00002,,0.6,,,,,,
0.005358786306478672,C6,capacitor,B,C,100,µF,,0,V,-0.04488009204707488,-0.0008186742068164219,0.00003674217375848703,1.0071113310769569e-7,true,true,backward_euler_step_doubling,0.00002,1e-7,0.6,,,,,,
0.005460220903963666,V1,voltage,A,0,6,V,,0,,6,-0.005136327172919632,-0.03081796303751779,0,true,true,backward_euler_step_doubling,0.00002,,0.6,dc,5,10,0,50,2
0.005460220903963666,R2,resistor,A,B,1000,Ω,,0,,2.591018481240695,0.002591018481240695,0.006713376770130838,0,true,true,backward_euler_step_doubling,0.00002,,0.6,,,,,,
0.005460220903963666,R3,resistor,B,0,1000,Ω,,0,,3.408981518759305,0.003408981518759305,0.0116211549952425,0,true,true,backward_euler_step_doubling,0.00002,,0.6,,,,,,
0.005460220903963666,R4,resistor,A,C,1000,Ω,,0,,2.545308691678937,0.0025453086916789372,0.006478596335936343,0,true,true,backward_euler_step_doubling,0.00002,,0.6,,,,,,
0.005460220903963666,R5,resistor,C,0,2000,Ω,,0,,3.454691308321063,0.0017273456541605314,0.005967446017894548,0,true,true,backward_euler_step_doubling,0.00002,,0.6,,,,,,
0.005460220903963666,C6,capacitor,B,C,100,µF,,0,V,-0.04570978956175775,-0.000817963037518451,0.00003738891831426456,1.0446924308900888e-7,true,true,backward_euler_step_doubling,0.00002,1e-7,0.6,,,,,,
0.00556165550144866,V1,voltage,A,0,6,V,,0,,6,-0.005136208747666838,-0.030817252486001027,0,true,true,backward_euler_step_doubling,0.00002,,0.6,dc,5,10,0,50,2
0.00556165550144866,R2,resistor,A,B,1000,Ω,,0,,2.5913737569991033,0.0025913737569991033,0.006715217948463648,0,true,true,backward_euler_step_doubling,0.00002,,0.6,,,,,,
0.00556165550144866,R3,resistor,B,0,1000,Ω,,0,,3.4086262430008967,0.003408626243000897,0.011618732864474408,0,true,true,backward_euler_step_doubling,0.00002,,0.6,,,,,,
0.00556165550144866,R4,resistor,A,C,1000,Ω,,0,,2.5448349906677334,0.0025448349906677333,0.006476185129726843,0,true,true,backward_euler_step_doubling,0.00002,,0.6,,,,,,
0.00556165550144866,R5,resistor,C,0,2000,Ω,,0,,3.4551650093322666,0.0017275825046661332,0.005969082620857021,0,true,true,backward_euler_step_doubling,0.00002,,0.6,,,,,,
0.00556165550144866,C6,capacitor,B,C,100,µF,,0,V,-0.046538766331369885,-0.0008172524860019,0.000038033922479773565,1.0829283858229235e-7,true,true,backward_euler_step_doubling,0.00002,1e-7,0.6,,,,,,
0.005664854021037979,V1,voltage,A,0,6,V,,0,,6,-0.005136088369510151,-0.030816530217060906,0,true,true,backward_euler_step_doubling,0.00002,,0.6,dc,5,10,0,50,2
0.005664854021037979,R2,resistor,A,B,1000,Ω,,0,,2.5917348914687643,0.0025917348914687643,0.0067170897476566075,0,true,true,backward_euler_step_doubling,0.00002,,0.6,,,,,,
0.005664854021037979,R3,resistor,B,0,1000,Ω,,0,,3.4082651085312357,0.003408265108531236,0.011616271050031437,0,true,true,backward_euler_step_doubling,0.00002,,0.6,,,,,,
0.005664854021037979,R4,resistor,A,C,1000,Ω,,0,,2.544353478041387,0.002544353478041387,0.006473734621221303,0,true,true,backward_euler_step_doubling,0.00002,,0.6,,,,,,
0.005664854021037979,R5,resistor,C,0,2000,Ω,,0,,3.455646521958613,0.0017278232609793066,0.00597074644236233,0,true,true,backward_euler_step_doubling,0.00002,,0.6,,,,,,
0.005664854021037979,C6,capacitor,B,C,100,µF,,0,V,-0.04738141342737734,-0.0008165302170620186,0.000038688355790561665,1.1224991691880267e-7,true,true,backward_euler_step_doubling,0.00002,1e-7,0.6,,,,,,
0.005768052540627297,V1,voltage,A,0,6,V,,0,,6,-0.0051359680977410204,-0.03081580858644612,0,true,true,backward_euler_step_doubling,0.00002,,0.6,dc,5,10,0,50,2
0.005768052540627297,R2,resistor,A,B,1000,Ω,,0,,2.5920957067761465,0.0025920957067761467,0.006718960153087331,0,true,true,backward_euler_step_doubling,0.00002,,0.6,,,,,,
0.005768052540627297,R3,resistor,B,0,1000,Ω,,0,,3.4079042932238535,0.0034079042932238534,0.011613811671773572,0,true,true,backward_euler_step_doubling,0.00002,,0.6,,,,,,
0.005768052540627297,R4,resistor,A,C,1000,Ω,,0,,2.543872390964873,0.002543872390964873,0.006471286741513339,0,true,true,backward_euler_step_doubling,0.00002,,0.6,,,,,,
0.005768052540627297,R5,resistor,C,0,2000,Ω,,0,,3.456127609035127,0.0017280638045175636,0.005972409024967432,0,true,true,backward_euler_step_doubling,0.00002,,0.6,,,,,,
0.005768052540627297,C6,capacitor,B,C,100,µF,,0,V,-0.048223315811273704,-0.0008158085864474973,0.00003934099510580645,1.16274409391692e-7,true,true,backward_euler_step_doubling,0.00002,1e-7,0.6,,,,,,
0.005873018375832805,V1,voltage,A,0,6,V,,0,,6,-0.005135845876233743,-0.030815075257402458,0,true,true,backward_euler_step_doubling,0.00002,,0.6,dc,5,10,0,50,2
0.005873018375832805,R2,resistor,A,B,1000,Ω,,0,,2.592462371298251,0.002592462371298251,0.006720861146597351,0,true,true,backward_euler_step_doubling,0.00002,,0.6,,,,,,
0.005873018375832805,R3,resistor,B,0,1000,Ω,,0,,3.407537628701749,0.003407537628701749,0.011611312691018338,0,true,true,backward_euler_step_doubling,0.00002,,0.6,,,,,,
0.005873018375832805,R4,resistor,A,C,1000,Ω,,0,,2.5433835049354903,0.0025433835049354903,0.006468799653177939,0,true,true,backward_euler_step_doubling,0.00002,,0.6,,,,,,
0.005873018375832805,R5,resistor,C,0,2000,Ω,,0,,3.4566164950645097,0.001728308247532255,0.005974098796976028,0,true,true,backward_euler_step_doubling,0.00002,,0.6,,,,,,
0.005873018375832805,C6,capacitor,B,C,100,µF,,0,V,-0.04907886636276082,-0.0008150752574035852,0.000040002969633703435,1.2043675617268675e-7,true,true,backward_euler_step_doubling,0.00002,1e-7,0.6,,,,,,
0.005977984211038313,V1,voltage,A,0,6,V,,0,,6,-0.0051357237645911075,-0.030814342587546645,0,true,true,backward_euler_step_doubling,0.00002,,0.6,dc,5,10,0,50,2
0.005977984211038313,R2,resistor,A,B,1000,Ω,,0,,2.59282870622616,0.00259282870622616,0.006722760699830423,0,true,true,backward_euler_step_doubling,0.00002,,0.6,,,,,,
0.005977984211038313,R3,resistor,B,0,1000,Ω,,0,,3.40717129377384,0.00340717129377384,0.011608816225116503,0,true,true,backward_euler_step_doubling,0.00002,,0.6,,,,,,
0.005977984211038313,R4,resistor,A,C,1000,Ω,,0,,2.542895058364946,0.002542895058364946,0.006466315277856862,0,true,true,backward_euler_step_doubling,0.00002,,0.6,,,,,,
0.005977984211038313,R5,resistor,C,0,2000,Ω,,0,,3.457104941635054,0.001728552470817527,0.005975787288738756,0,true,true,backward_euler_step_doubling,0.00002,,0.6,,,,,,
0.005977984211038313,C6,capacitor,B,C,100,µF,,0,V,-0.049933647861214236,-0.0008143425875475368,0.00004066309600498873,1.2466845943638726e-7,true,true,backward_euler_step_doubling,0.00002,1e-7,0.6,,,,,,
0.006084720807654107,V1,voltage,A,0,6,V,,0,,6,-0.005135599706438165,-0.03081359823862899,0,true,true,backward_euler_step_doubling,0.00002,,0.6,dc,5,10,0,50,2
0.006084720807654107,R2,resistor,A,B,1000,Ω,,0,,2.5932008806847096,0.0025932008806847096,0.006724690807583953,0,true,true,backward_euler_step_doubling,0.00002,,0.6,,,,,,
0.006084720807654107,R3,resistor,B,0,1000,Ω,,0,,3.4067991193152904,0.0034067991193152906,0.01160628023936744,0,true,true,backward_euler_step_doubling,0.00002,,0.6,,,,,,
0.006084720807654107,R4,resistor,A,C,1000,Ω,,0,,2.5423988257534553,0.002542398825753455,0.006463791789192548,0,true,true,backward_euler_step_doubling,0.00002,,0.6,,,,,,
0.006084720807654107,R5,resistor,C,0,2000,Ω,,0,,3.4576011742465447,0.0017288005871232723,0.005977502940075542,0,true,true,backward_euler_step_doubling,0.00002,,0.6,,,,,,
0.006084720807654107,C6,capacitor,B,C,100,µF,,0,V,-0.050802054931254226,-0.000813598238630262,0.000041332462410866254,1.2904243926190857e-7,true,true,backward_euler_step_doubling,0.00002,1e-7,0.6,,,,,,
0.0061914574042699014,V1,voltage,A,0,6,V,,0,,6,-0.005135475761680516,-0.030812854570083096,0,true,true,backward_euler_step_doubling,0.00002,,0.6,dc,5,10,0,50,2
0.0061914574042699014,R2,resistor,A,B,1000,Ω,,0,,2.5935727149576566,0.0025935727149576566,0.00672661942777283,0,true,true,backward_euler_step_doubling,0.00002,,0.6,,,,,,
0.0061914574042699014,R3,resistor,B,0,1000,Ω,,0,,3.4064272850423434,0.0034064272850423435,0.01160374684828095,0,true,true,backward_euler_step_doubling,0.00002,,0.6,,,,,,
0.0061914574042699014,R4,resistor,A,C,1000,Ω,,0,,2.5419030467228585,0.0025419030467228585,0.006461271098938951,0,true,true,backward_euler_step_doubling,0.00002,,0.6,,,,,,
0.0061914574042699014,R5,resistor,C,0,2000,Ω,,0,,3.4580969532771415,0.0017290484766385708,0.005979217269132324,0,true,true,backward_euler_step_doubling,0.00002,,0.6,,,,,,
0.0061914574042699014,C6,capacitor,B,C,100,µF,,0,V,-0.05166966823479813,-0.0008128545700842759,0.000041999925959394,1.3348773077470532e-7,true,true,backward_euler_step_doubling,0.00002,1e-7,0.6,,,,,,
0.006299968261433163,V1,voltage,A,0,6,V,,0,,6,-0.005135349873702125,-0.030812099242212752,0,true,true,backward_euler_step_doubling,0.00002,,0.6,dc,5,10,0,50,2
0.006299968261433163,R2,resistor,A,B,1000,Ω,,0,,2.593950378892834,0.002593950378892834,0.006728578568158277,0,true,true,backward_euler_step_doubling,0.00002,,0.6,,,,,,
0.006299968261433163,R3,resistor,B,0,1000,Ω,,0,,3.406049621107166,0.003406049621107166,0.011601174021444269,0,true,true,backward_euler_step_doubling,0.00002,,0.6,,,,,,
0.006299968261433163,R4,resistor,A,C,1000,Ω,,0,,2.5413994948092924,0.0025413994948092922,0.006458711392216926,0,true,true,backward_euler_step_doubling,0.00002,,0.6,,,,,,
0.006299968261433163,R5,resistor,C,0,2000,Ω,,0,,3.4586005051907076,0.0017293002525953537,0.005980958727252708,0,true,true,backward_euler_step_doubling,0.00002,,0.6,,,,,,
0.006299968261433163,C6,capacitor,B,C,100,µF,,0,V,-0.05255088408354158,-0.0008120992422146389,0.000042676533141953446,1.3807977089809118e-7,true,true,backward_euler_step_doubling,0.00002,1e-7,0.6,,,,,,
0.006408479118596424,V1,voltage,A,0,6,V,,0,,6,-0.005135224102702466,-0.0308113446162148,0,true,true,backward_euler_step_doubling,0.00002,,0.6,dc,5,10,0,50,2
0.006408479118596424,R2,resistor,A,B,1000,Ω,,0,,2.5943276918918063,0.0025943276918918064,0.006730536172916668,0,true,true,backward_euler_step_doubling,0.00002,,0.6,,,,,,
0.006408479118596424,R3,resistor,B,0,1000,Ω,,0,,3.4056723081081937,0.0034056723081081937,0.011598603870214991,0,true,true,backward_euler_step_doubling,0.00002,,0.6,,,,,,
0.006408479118596424,R4,resistor,A,C,1000,Ω,,0,,2.5408964108106606,0.0025408964108106606,0.006456154570470498,0,true,true,backward_euler_step_doubling,0.00002,,0.6,,,,,,
0.006408479118596424,R5,resistor,C,0,2000,Ω,,0,,3.4591035891893394,0.0017295517945946698,0.0059826988203712855,0,true,true,backward_euler_step_doubling,0.00002,,0.6,,,,,,
0.006408479118596424,C6,capacitor,B,C,100,µF,,0,V,-0.0534312810811457,-0.0008113446162161481,0.00004335118224271929,1.427450898986199e-7,true,true,backward_euler_step_doubling,0.00002,1e-7,0.6,,,,,,
0.006518767789234473,V1,voltage,A,0,6,V,,0,,6,-0.005135096391832982,-0.030810578350997896,0,true,true,backward_euler_step_doubling,0.00002,,0.6,dc,5,10,0,50,2
0.006518767789234473,R2,resistor,A,B,1000,Ω,,0,,2.5947108245009614,0.0025947108245009615,0.006732524262782459,0,true,true,backward_euler_step_doubling,0.00002,,0.6,,,,,,
0.006518767789234473,R3,resistor,B,0,1000,Ω,,0,,3.4052891754990386,0.0034052891754990386,0.011595994368770922,0,true,true,backward_euler_step_doubling,0.00002,,0.6,,,,,,
0.006518767789234473,R4,resistor,A,C,1000,Ω,,0,,2.54038556733202,0.00254038556733202,0.00645355883070883,0,true,true,backward_euler_step_doubling,0.00002,,0.6,,,,,,
0.006518767789234473,R5,resistor,C,0,2000,Ω,,0,,3.45961443266798,0.0017298072163339899,0.005984466011362294,0,true,true,backward_euler_step_doubling,0.00002,,0.6,,,,,,
0.006518767789234473,C6,capacitor,B,C,100,µF,,0,V,-0.05432525716894121,-0.0008105783509980014,0.00004403487737354272,1.475616783235799e-7,true,true,backward_euler_step_doubling,0.00002,1e-7,0.6,,,,,,
0.0066290564598725215,V1,voltage,A,0,6,V,,0,,6,-0.005134968801578378,-0.030809812809470268,0,true,true,backward_euler_step_doubling,0.00002,,0.6,dc,5,10,0,50,2
0.0066290564598725215,R2,resistor,A,B,1000,Ω,,0,,2.59509359526477,0.00259509359526477,0.006734510768184229,0,true,true,backward_euler_step_doubling,0.00002,,0.6,,,,,,
0.0066290564598725215,R3,resistor,B,0,1000,Ω,,0,,3.40490640473523,0.0034049064047352302,0.01159338762500699,0,true,true,backward_euler_step_doubling,0.00002,,0.6,,,,,,
0.0066290564598725215,R4,resistor,A,C,1000,Ω,,0,,2.539875206313607,0.002539875206313607,0.006450966063646587,0,true,true,backward_euler_step_doubling,0.00002,,0.6,,,,,,
0.0066290564598725215,R5,resistor,C,0,2000,Ω,,0,,3.460124793686393,0.0017300623968431964,0.005986231793941652,0,true,true,backward_euler_step_doubling,0.00002,,0.6,,,,,,
0.0066290564598725215,C6,capacitor,B,C,100,µF,,0,V,-0.05521838895116282,-0.0008098128094704676,0.00004471655869097419,1.52453523918095e-7,true,true,backward_euler_step_doubling,0.00002,1e-7,0.6,,,,,,
0.0067411265517887745,V1,voltage,A,0,6,V,,0,,6,-0.005134839274864587,-0.03080903564918752,0,true,true,backward_euler_step_doubling,0.00002,,0.6,dc,5,10,0,50,2
0.0067411265517887745,R2,resistor,A,B,1000,Ω,,0,,2.595482175405715,0.0025954821754057148,0.006736527722848782,0,true,true,backward_euler_step_doubling,0.00002,,0.6,,,,,,
0.0067411265517887745,R3,resistor,B,0,1000,Ω,,0,,3.404517824594285,0.003404517824594285,0.011590741617980203,0,true,true,backward_euler_step_doubling,0.00002,,0.6,,,,,,
0.0067411265517887745,R4,resistor,A,C,1000,Ω,,0,,2.5393570994588712,0.002539357099458871,0.0064483344785721715,0,true,true,backward_euler_step_doubling,0.00002,,0.6,,,,,,
0.0067411265517887745,R5,resistor,C,0,2000,Ω,,0,,3.4606429005411288,0.0017303214502705645,0.005988024642532859,0,true,true,backward_euler_step_doubling,0.00002,,0.6,,,,,,
0.0067411265517887745,C6,capacitor,B,C,100,µF,,0,V,-0.05612507594684368,-0.0008090356491885492,0.000045407187254411305,1.5750120750194856e-7,true,true,backward_euler_step_doubling,0.00002,1e-7,0.6,,,,,,
0.006853196643705027,V1,voltage,A,0,6,V,,0,,6,-0.005134709872454973,-0.030808259234729837,0,true,true,backward_euler_step_doubling,0.00002,,0.6,dc,5,10,0,50,2
0.006853196643705027,R2,resistor,A,B,1000,Ω,,0,,2.5958703826345495,0.0025958703826345496,0.006738543043439242,0,true,true,backward_euler_step_doubling,0.00002,,0.6,,,,,,
0.006853196643705027,R3,resistor,B,0,1000,Ω,,0,,3.4041296173654505,0.0034041296173654505,0.011588098451824649,0,true,true,backward_euler_step_doubling,0.00002,,0.6,,,,,,
0.006853196643705027,R4,resistor,A,C,1000,Ω,,0,,2.5388394898204214,0.0025388394898204214,0.006445705955071618,0,true,true,backward_euler_step_doubling,0.00002,,0.6,,,,,,
0.006853196643705027,R5,resistor,C,0,2000,Ω,,0,,3.4611605101795786,0.0017305802550897894,0.00598981603861328,0,true,true,backward_euler_step_doubling,0.00002,,0.6,,,,,,
0.006853196643705027,C6,capacitor,B,C,100,µF,,0,V,-0.0570308928141281,-0.0008082592347308039,0.00004609574578196168,1.6262613675882837e-7,true,true,backward_euler_step_doubling,0.00002,1e-7,0.6,,,,,,
0.006967051819975259,V1,voltage,A,0,6,V,,0,,6,-0.005134578537057566,-0.030807471222345395,0,true,true,backward_euler_step_doubling,0.00002,,0.6,dc,5,10,0,50,2
0.006967051819975259,R2,resistor,A,B,1000,Ω,,0,,2.596264388827613,0.002596264388827613,0.0067405887766944185,0,true,true,backward_euler_step_doubling,0.00002,,0.6,,,,,,
0.006967051819975259,R3,resistor,B,0,1000,Ω,,0,,3.403735611172387,0.003403735611172387,0.011585416110763063,0,true,true,backward_euler_step_doubling,0.00002,,0.6,,,,,,
0.006967051819975259,R4,resistor,A,C,1000,Ω,,0,,2.538314148229953,0.002538314148229953,0.0064430387151043515,0,true,true,backward_euler_step_doubling,0.00002,,0.6,,,,,,
0.006967051819975259,R5,resistor,C,0,2000,Ω,,0,,3.461685851770047,0.0017308429258850236,0.005991634468172458,0,true,true,backward_euler_step_doubling,0.00002,,0.6,,,,,,
0.006967051819975259,C6,capacitor,B,C,100,µF,,0,V,-0.05795024059765996,-0.0008074712223446251,0.00004679315161055761,1.6791151926633384e-7,true,true,backward_euler_step_doubling,0.00002,1e-7,0.6,,,,,,
0.00708090699624549,V1,voltage,A,0,6,V,,0,,6,-0.005134447329705375,-0.030806683978232254,0,true,true,backward_euler_step_doubling,0.00002,,0.6,dc,5,10,0,50,2
0.00708090699624549,R2,resistor,A,B,1000,Ω,,0,,2.596658010884197,0.0025966580108841967,0.006742632825489073,0,true,true,backward_euler_step_doubling,0.00002,,0.6,,,,,,
0.00708090699624549,R3,resistor,B,0,1000,Ω,,0,,3.403341989115803,0.0034033419891158034,0.011582736694878713,0,true,true,backward_euler_step_doubling,0.00002,,0.6,,,,,,
0.00708090699624549,R4,resistor,A,C,1000,Ω,,0,,2.5377893188211775,0.0025377893188211777,0.006440374626722856,0,true,true,backward_euler_step_doubling,0.00002,,0.6,,,,,,
0.00708090699624549,R5,resistor,C,0,2000,Ω,,0,,3.4622106811788225,0.0017311053405894112,0.005993451400434363,0,true,true,backward_euler_step_doubling,0.00002,,0.6,,,,,,
0.00708090699624549,C6,capacitor,B,C,100,µF,,0,V,-0.05886869206301926,-0.0008066839782315911,0.000047488430706686865,1.7327614526052933e-7,true,true,backward_euler_step_doubling,0.00002,1e-7,0.6,,,,,,
0.007196550976173631,V1,voltage,A,0,6,V,,0,,6,-0.005134314192895177,-0.030805885157371066,0,true,true,backward_euler_step_doubling,0.00002,,0.6,dc,5,10,0,50,2
0.007196550976173631,R2,resistor,A,B,1000,Ω,,0,,2.5970574213139153,0.0025970574213139155,0.006744707249601684,0,true,true,backward_euler_step_doubling,0.00002,,0.6,,,,,,
0.007196550976173631,R3,resistor,B,0,1000,Ω,,0,,3.4029425786860847,0.0034029425786860847,0.0115800181938347,0,true,true,backward_euler_step_doubling,0.00002,,0.6,,,,,,
0.007196550976173631,R4,resistor,A,C,1000,Ω,,0,,2.537256771581261,0.002537256771581261,0.006437671924934963,0,true,true,backward_euler_step_doubling,0.00002,,0.6,,,,,,
0.007196550976173631,R5,resistor,C,0,2000,Ω,,0,,3.462743228418739,0.0017313716142093696,0.0059952953329799165,0,true,true,backward_euler_step_doubling,0.00002,,0.6,,,,,,
0.007196550976173631,C6,capacitor,B,C,100,µF,,0,V,-0.05980064973265442,-0.0008058851573720229,0.00004819245602074942,1.7880588542238105e-7,true,true,backward_euler_step_doubling,0.00002,1e-7,0.6,,,,,,
0.007312194956101771,V1,voltage,A,0,6,V,,0,,6,-0.005134181187924296,-0.030805087127545774,0,true,true,backward_euler_step_doubling,0.00002,,0.6,dc,5,10,0,50,2
0.007312194956101771,R2,resistor,A,B,1000,Ω,,0,,2.597456436226566,0.0025974564362265663,0.006746779938094814,0,true,true,backward_euler_step_doubling,0.00002,,0.6,,,,,,
0.007312194956101771,R3,resistor,B,0,1000,Ω,,0,,3.402543563773434,0.003402543563773434,0.01157730270337602,0,true,true,backward_euler_step_doubling,0.00002,,0.6,,,,,,
0.007312194956101771,R4,resistor,A,C,1000,Ω,,0,,2.5367247516977276,0.0025367247516977277,0.006434972465875898,0,true,true,backward_euler_step_doubling,0.00002,,0.6,,,,,,
0.007312194956101771,R5,resistor,C,0,2000,Ω,,0,,3.4632752483022724,0.0017316376241511362,0.005997137722751583,0,true,true,backward_euler_step_doubling,0.00002,,0.6,,,,,,
0.007312194956101771,C6,capacitor,B,C,100,µF,,0,V,-0.06073168452883859,-0.0008050871275467211,0.00004889429744839631,1.8441687528551863e-7,true,true,backward_euler_step_doubling,0.00002,1e-7,0.6,,,,,,
0.007429631515615409,V1,voltage,A,0,6,V,,0,,6,-0.005134046257085144,-0.03080427754251086,0,true,true,backward_euler_step_doubling,0.00002,,0.6,dc,5,10,0,50,2
0.007429631515615409,R2,resistor,A,B,1000,Ω,,0,,2.597861228744424,0.002597861228744424,0.006748882963813488,0,true,true,backward_euler_step_doubling,0.00002,,0.6,,,,,,
0.007429631515615409,R3,resistor,B,0,1000,Ω,,0,,3.402138771255576,0.003402138771255576,0.011574548218880402,0,true,true,backward_euler_step_doubling,0.00002,,0.6,,,,,,
0.007429631515615409,R4,resistor,A,C,1000,Ω,,0,,2.5361850283407192,0.0025361850283407194,0.006432234497979615,0,true,true,backward_euler_step_doubling,0.00002,,0.6,,,,,,
0.007429631515615409,R5,resistor,C,0,2000,Ω,,0,,3.4638149716592808,0.0017319074858296404,0.005999007078945492,0,true,true,backward_euler_step_doubling,0.00002,,0.6,,,,,,
0.007429631515615409,C6,capacitor,B,C,100,µF,,0,V,-0.061676200403704584,-0.0008042775425111986,0.00004960478289211972,1.9019768481189647e-7,true,true,backward_euler_step_doubling,0.00002,1e-7,0.6,,,,,,
0.007547068075129048,V1,voltage,A,0,6,V,,0,,6,-0.00513391146193055,-0.030803468771583298,0,true,true,backward_euler_step_doubling,0.00002,,0.6,dc,5,10,0,50,2
0.007547068075129048,R2,resistor,A,B,1000,Ω,,0,,2.5982656142081844,0.0025982656142081845,0.006750984201976634,0,true,true,backward_euler_step_doubling,0.00002,,0.6,,,,,,
0.007547068075129048,R3,resistor,B,0,1000,Ω,,0,,3.4017343857918156,0.0034017343857918156,0.011571796831478421,0,true,true,backward_euler_step_doubling,0.00002,,0.6,,,,,,
0.007547068075129048,R4,resistor,A,C,1000,Ω,,0,,2.5356458477223653,0.0025356458477223654,0.006429499865071673,0,true,true,backward_euler_step_doubling,0.00002,,0.6,,,,,,
0.007547068075129048,R5,resistor,C,0,2000,Ω,,0,,3.4643541522776347,0.0017321770761388174,0.006000874846201644,0,true,true,backward_euler_step_doubling,0.00002,,0.6,,,,,,
0.007547068075129048,C6,capacitor,B,C,100,µF,,0,V,-0.06261976648581902,-0.0008034687715837357,0.000050313026855221386,1.9606175773692511e-7,true,true,backward_euler_step_doubling,0.00002,1e-7,0.6,,,,,,
0.007666301047822838,V1,voltage,A,0,6,V,,0,,6,-0.0051337747445550875,-0.030802648467330523,0,true,true,backward_euler_step_doubling,0.00002,,0.6,dc,5,10,0,50,2
0.007666301047822838,R2,resistor,A,B,1000,Ω,,0,,2.598675766334394,0.002598675766334394,0.006753115738533649,0,true,true,backward_euler_step_doubling,0.00002,,0.6,,,,,,
0.007666301047822838,R3,resistor,B,0,1000,Ω,,0,,3.401324233665606,0.0034013242336656062,0.011569006542520924,0,true,true,backward_euler_step_doubling,0.00002,,0.6,,,,,,
0.007666301047822838,R4,resistor,A,C,1000,Ω,,0,,2.5350989782206947,0.002535098978220695,0.006426726829375611,0,true,true,backward_euler_step_doubling,0.00002,,0.6,,,,,,
0.007666301047822838,R5,resistor,C,0,2000,Ω,,0,,3.4649010217793053,0.0017324505108896526,0.006002769545363637,0,true,true,backward_euler_step_doubling,0.00002,,0.6,,,,,,
0.007666301047822838,C6,capacitor,B,C,100,µF,,0,V,-0.06357678811369905,-0.0008026484673311112,0.00005102981153729535,2.021003993427092e-7,true,true,backward_euler_step_doubling,0.00002,1e-7,0.6,,,,,,
0.007785534020516628,V1,voltage,A,0,6,V,,0,,6,-0.005133638166761758,-0.03080182900057055,0,true,true,backward_euler_step_doubling,0.00002,,0.6,dc,5,10,0,50,2
0.007785534020516628,R2,resistor,A,B,1000,Ω,,0,,2.59908549971438,0.0025990854997143802,0.00675524543482555,0,true,true,backward_euler_step_doubling,0.00002,,0.6,,,,,,
0.007785534020516628,R3,resistor,B,0,1000,Ω,,0,,3.40091450028562,0.00340091450028562,0.011566219438252987,0,true,true,backward_euler_step_doubling,0.00002,,0.6,,,,,,
0.007785534020516628,R4,resistor,A,C,1000,Ω,,0,,2.5345526670473792,0.0025345526670473794,0.0064239572220369835,0,true,true,backward_euler_step_doubling,0.00002,,0.6,,,,,,
0.007785534020516628,R5,resistor,C,0,2000,Ω,,0,,3.4654473329526208,0.0017327236664763104,0.006004662608734216,0,true,true,backward_euler_step_doubling,0.00002,,0.6,,,,,,
0.007785534020516628,C6,capacitor,B,C,100,µF,,0,V,-0.06453283266700094,-0.0008018290005711539,0.000051744296721406876,2.0822432460135717e-7,true,true,backward_euler_step_doubling,0.00002,1e-7,0.6,,,,,,
0.007906567298112453,V1,voltage,A,0,6,V,,0,,6,-0.00513349967045324,-0.03080099802271944,0,true,true,backward_euler_step_doubling,0.00002,,0.6,dc,5,10,0,50,2
0.007906567298112453,R2,resistor,A,B,1000,Ω,,0,,2.599500988640308,0.0025995009886403083,0.00675740538994194,0,true,true,backward_euler_step_doubling,0.00002,,0.6,,,,,,
0.007906567298112453,R3,resistor,B,0,1000,Ω,,0,,3.400499011359692,0.003400499011359692,0.011563393526258242,0,true,true,backward_euler_step_doubling,0.00002,,0.6,,,,,,
0.007906567298112453,R4,resistor,A,C,1000,Ω,,0,,2.5339986818129323,0.0025339986818129325,0.006421149319429679,0,true,true,backward_euler_step_doubling,0.00002,,0.6,,,,,,
0.007906567298112453,R5,resistor,C,0,2000,Ω,,0,,3.4660013181870677,0.0017330006590935338,0.006006582568837245,0,true,true,backward_euler_step_doubling,0.00002,,0.6,,,,,,
0.007906567298112453,C6,capacitor,B,C,100,µF,,0,V,-0.0655023068273759,-0.0008009980227193356,0.00005246721825228333,2.1452760998538475e-7,true,true,backward_euler_step_doubling,0.00002,1e-7,0.6,,,,,,
0.008027600575708277,V1,voltage,A,0,6,V,,0,,6,-0.005133361317675683,-0.030800167906054096,0,true,true,backward_euler_step_doubling,0.00002,,0.6,dc,5,10,0,50,2
0.008027600575708277,R2,resistor,A,B,1000,Ω,,0,,2.5999160469730134,0.0025999160469730134,0.006759563451307781,0,true,true,backward_euler_step_doubling,0.00002,,0.6,,,,,,
0.008027600575708277,R3,resistor,B,0,1000,Ω,,0,,3.4000839530269866,0.0034000839530269867,0.01156057088763162,0,true,true,backward_euler_step_doubling,0.00002,,0.6,,,,,,
0.008027600575708277,R4,resistor,A,C,1000,Ω,,0,,2.53344527070267,0.00253344527070267,0.006418344939645724,0,true,true,backward_euler_step_doubling,0.00002,,0.6,,,,,,
0.008027600575708277,R5,resistor,C,0,2000,Ω,,0,,3.46655472929733,0.001733277364648665,0.006008500845606842,0,true,true,backward_euler_step_doubling,0.00002,,0.6,,,,,,
0.008027600575708277,C6,capacitor,B,C,100,µF,,0,V,-0.06647077627034337,-0.0008001679060543564,0.000053187781862048253,2.2091820489910212e-7,true,true,backward_euler_step_doubling,0.00002,1e-7,0.6,,,,,,
0.008150438108865697,V1,voltage,A,0,6,V,,0,,6,-0.005133221050145728,-0.03079932630087437,0,true,true,backward_euler_step_doubling,0.00002,,0.6,dc,5,10,0,50,2
0.008150438108865697,R2,resistor,A,B,1000,Ω,,0,,2.600336849562972,0.002600336849562972,0.006761751731195083,0,true,true,backward_euler_step_doubling,0.00002,,0.6,,,,,,
0.008150438108865697,R3,resistor,B,0,1000,Ω,,0,,3.399663150437028,0.003399663150437028,0.011557709536439418,0,true,true,backward_euler_step_doubling,0.00002,,0.6,,,,,,
0.008150438108865697,R4,resistor,A,C,1000,Ω,,0,,2.5328842005827563,0.002532884200582756,0.006415502373561748,0,true,true,backward_euler_step_doubling,0.00002,,0.6,,,,,,
0.008150438108865697,R5,resistor,C,0,2000,Ω,,0,,3.4671157994172437,0.0017335578997086218,0.0060104459832843364,0,true,true,backward_euler_step_doubling,0.00002,,0.6,,,,,,
0.008150438108865697,C6,capacitor,B,C,100,µF,,0,V,-0.06745264898021563,-0.0007993263008741539,0.00005391667639351853,2.2749299272240924e-7,true,true,backward_euler_step_doubling,0.00002,1e-7,0.6,,,,,,
0.008273275642023117,V1,voltage,A,0,6,V,,0,,6,-0.0051330809301471355,-0.030798485580882815,0,true,true,backward_euler_step_doubling,0.00002,,0.6,dc,5,10,0,50,2
0.008273275642023117,R2,resistor,A,B,1000,Ω,,0,,2.600757209558763,0.002600757209558763,0.006763938063071883,0,true,true,backward_euler_step_doubling,0.00002,,0.6,,,,,,
0.008273275642023117,R3,resistor,B,0,1000,Ω,,0,,3.399242790441237,0.003399242790441237,0.011554851548366727,0,true,true,backward_euler_step_doubling,0.00002,,0.6,,,,,,
0.008273275642023117,R4,resistor,A,C,1000,Ω,,0,,2.5323237205883733,0.002532323720588373,0.006412663425854542,0,true,true,backward_euler_step_doubling,0.00002,,0.6,,,,,,
0.008273275642023117,R5,resistor,C,0,2000,Ω,,0,,3.4676762794116267,0.0017338381397058135,0.006012389389397031,0,true,true,backward_euler_step_doubling,0.00002,,0.6,,,,,,
0.008273275642023117,C6,capacitor,B,C,100,µF,,0,V,-0.0684334889703897,-0.00079848558088275,0.00005464315419235489,2.341571206330224e-7,true,true,backward_euler_step_doubling,0.00002,1e-7,0.6,,,,,,
0.008397921440956666,V1,voltage,A,0,6,V,,0,,6,-0.0051329388992159605,-0.030797633395295763,0,true,true,backward_euler_step_doubling,0.00002,,0.6,dc,5,10,0,50,2
0.008397921440956666,R2,resistor,A,B,1000,Ω,,0,,2.601183302352238,0.0026011833023522383,0.006766154572436096,0,true,true,backward_euler_step_doubling,0.00002,,0.6,,,,,,
0.008397921440956666,R3,resistor,B,0,1000,Ω,,0,,3.398816697647762,0.003398816697647762,0.011551954944209237,0,true,true,backward_euler_step_doubling,0.00002,,0.6,,,,,,
0.008397921440956666,R4,resistor,A,C,1000,Ω,,0,,2.5317555968637215,0.0025317555968637213,0.0064097864022507785,0,true,true,backward_euler_step_doubling,0.00002,,0.6,,,,,,
0.008397921440956666,R5,resistor,C,0,2000,Ω,,0,,3.4682444031362785,0.0017341222015681392,0.00601435961994306,0,true,true,backward_euler_step_doubling,0.00002,,0.6,,,,,,
0.008397921440956666,C6,capacitor,B,C,100,µF,,0,V,-0.06942770548851662,-0.0007976333952955364,0.00005537785645638406,2.4101031447001005e-7,true,true,backward_euler_step_doubling,0.00002,1e-7,0.6,,,,,,
0.008522567239890217,V1,voltage,A,0,6,V,,0,,6,-0.005132797019867635,-0.03079678211920581,0,true,true,backward_euler_step_doubling,0.00002,,0.6,dc,5,10,0,50,2
0.008522567239890217,R2,resistor,A,B,1000,Ω,,0,,2.6016089403971976,0.0026016089403971977,0.006768369078754629,0,true,true,backward_euler_step_doubling,0.00002,,0.6,,,,,,
0.008522567239890217,R3,resistor,B,0,1000,Ω,,0,,3.3983910596028024,0.0033983910596028025,0.011549061793988258,0,true,true,backward_euler_step_doubling,0.00002,,0.6,,,,,,
0.008522567239890217,R4,resistor,A,C,1000,Ω,,0,,2.5311880794704376,0.0025311880794704374,0.006406913093653242,0,true,true,backward_euler_step_doubling,0.00002,,0.6,,,,,,
0.008522567239890217,R5,resistor,C,0,2000,Ω,,0,,3.4688119205295624,0.0017344059602647812,0.006016328070003995,0,true,true,backward_euler_step_doubling,0.00002,,0.6,,,,,,
0.008522567239890217,C6,capacitor,B,C,100,µF,,0,V,-0.07042086092676003,-0.0007967821192055346,0.00005611008280550208,2.479548826833039e-7,true,true,backward_euler_step_doubling,0.00002,1e-7,0.6,,,,,,
0.00864902537512937,V1,voltage,A,0,6,V,,0,,6,-0.005132653233462721,-0.030795919400776327,0,true,true,backward_euler_step_doubling,0.00002,,0.6,dc,5,10,0,50,2
0.00864902537512937,R2,resistor,A,B,1000,Ω,,0,,2.6020402996108563,0.0026020402996108564,0.006770613720798955,0,true,true,backward_euler_step_doubling,0.00002,,0.6,,,,,,
0.00864902537512937,R3,resistor,B,0,1000,Ω,,0,,3.3979597003891437,0.0033979597003891437,0.011546130125468679,0,true,true,backward_euler_step_doubling,0.00002,,0.6,,,,,,
0.00864902537512937,R4,resistor,A,C,1000,Ω,,0,,2.5306129338518653,0.0025306129338518654,0.0064040018209783455,0,true,true,backward_euler_step_doubling,0.00002,,0.6,,,,,,
0.00864902537512937,R5,resistor,C,0,2000,Ω,,0,,3.4693870661481347,0.0017346935330740674,0.006018323307377981,0,true,true,backward_euler_step_doubling,0.00002,,0.6,,,,,,
0.00864902537512937,C6,capacitor,B,C,100,µF,,0,V,-0.071427365758991,-0.0007959194007783689,0.0000568504261540735,2.55093428963434e-7,true,true,backward_euler_step_doubling,0.00002,1e-7,0.6,,,,,,
0.008775483510368524,V1,voltage,A,0,6,V,,0,,6,-0.005132509602743316,-0.030795057616459894,0,true,true,backward_euler_step_doubling,0.00002,,0.6,dc,5,10,0,50,2
0.008775483510368524,R2,resistor,A,B,1000,Ω,,0,,2.6024711917690806,0.0026024711917690805,0.006772856303987979,0,true,true,backward_euler_step_doubling,0.00002,,0.6,,,,,,
0.008775483510368524,R3,resistor,B,0,1000,Ω,,0,,3.3975288082309194,0.0033975288082309196,0.011543202002759012,0,true,true,backward_euler_step_doubling,0.00002,,0.6,,,,,,
0.008775483510368524,R4,resistor,A,C,1000,Ω,,0,,2.5300384109742353,0.002530038410974235,0.0064010943610050336,0,true,true,backward_euler_step_doubling,0.00002,,0.6,,,,,,
0.008775483510368524,R5,resistor,C,0,2000,Ω,,0,,3.4699615890257647,0.0017349807945128823,0.006020316714657105,0,true,true,backward_euler_step_doubling,0.00002,,0.6,,,,,,
0.008775483510368524,C6,capacitor,B,C,100,µF,,0,V,-0.07243278079484528,-0.0007950576164616577,0.00005758823405243942,2.623253866837053e-7,true,true,backward_euler_step_doubling,0.00002,1e-7,0.6,,,,,,
0.008903758113322946,V1,voltage,A,0,6,V,,0,,6,-0.0051323640689001585,-0.03079418441340095,0,true,true,backward_euler_step_doubling,0.00002,,0.6,dc,5,10,0,50,2
0.008903758113322946,R2,resistor,A,B,1000,Ω,,0,,2.60290779329901,0.00260290779329901,0.006775128980416722,0,true,true,backward_euler_step_doubling,0.00002,,0.6,,,,,,
0.008903758113322946,R3,resistor,B,0,1000,Ω,,0,,3.39709220670099,0.00339709220670099,0.011540235460828602,0,true,true,backward_euler_step_doubling,0.00002,,0.6,,,,,,
0.008903758113322946,R4,resistor,A,C,1000,Ω,,0,,2.5294562756011474,0.002529456275601147,0.006398149050178027,0,true,true,backward_euler_step_doubling,0.00002,,0.6,,,,,,
0.008903758113322946,R5,resistor,C,0,2000,Ω,,0,,3.4705437243988526,0.0017352718621994263,0.006022336871482129,0,true,true,backward_euler_step_doubling,0.00002,,0.6,,,,,,
0.008903758113322946,C6,capacitor,B,C,100,µF,,0,V,-0.07345151769786273,-0.0007941844134021025,0.00005833405049637126,2.697562726059721e-7,true,true,backward_euler_step_doubling,0.00002,1e-7,0.6,,,,,,
0.00903203271627737,V1,voltage,A,0,6,V,,0,,6,-0.005132218694895091,-0.03079331216937055,0,true,true,backward_euler_step_doubling,0.00002,,0.6,dc,5,10,0,50,2
0.00903203271627737,R2,resistor,A,B,1000,Ω,,0,,2.6033439153142015,0.0026033439153142013,0.006777399541403476,0,true,true,backward_euler_step_doubling,0.00002,,0.6,,,,,,
0.00903203271627737,R3,resistor,B,0,1000,Ω,,0,,3.3966560846857985,0.0033966560846857984,0.011537272557633057,0,true,true,backward_euler_step_doubling,0.00002,,0.6,,,,,,
0.00903203271627737,R4,resistor,A,C,1000,Ω,,0,,2.5288747795808884,0.0025288747795808885,0.006395207650800287,0,true,true,backward_euler_step_doubling,0.00002,,0.6,,,,,,
0.00903203271627737,R5,resistor,C,0,2000,Ω,,0,,3.4711252204191116,0.0017355626102095558,0.0060243551479148135,0,true,true,backward_euler_step_doubling,0.00002,,0.6,,,,,,
0.00903203271627737,C6,capacitor,B,C,100,µF,,0,V,-0.07446913573331315,-0.0007933121693715067,0.00005907727161981585,2.7728260884333087e-7,true,true,backward_euler_step_doubling,0.00002,1e-7,0.6,,,,,,
0.00916212798008946,V1,voltage,A,0,6,V,,0,,6,-0.005132071421754021,-0.030792428530524125,0,true,true,backward_euler_step_doubling,0.00002,,0.6,dc,5,10,0,50,2
0.00916212798008946,R2,resistor,A,B,1000,Ω,,0,,2.603785734737322,0.0026037857347373217,0.006779700152421575,0,true,true,backward_euler_step_doubling,0.00002,,0.6,,,,,,
0.00916212798008946,R3,resistor,B,0,1000,Ω,,0,,3.396214265262678,0.003396214265262678,0.011534271335573712,0,true,true,backward_euler_step_doubling,0.00002,,0.6,,,,,,
0.00916212798008946,R4,resistor,A,C,1000,Ω,,0,,2.5282856870166994,0.0025282856870166995,0.006392228515173504,0,true,true,backward_euler_step_doubling,0.00002,,0.6,,,,,,
0.00916212798008946,R5,resistor,C,0,2000,Ω,,0,,3.4717143129833006,0.0017358571564916503,0.0060264001354865555,0,true,true,backward_euler_step_doubling,0.00002,,0.6,,,,,,
0.00916212798008946,C6,capacitor,B,C,100,µF,,0,V,-0.07550004772062247,-0.0007924285305254224,0.00005982839186985212,2.8501286029081344e-7,true,true,backward_euler_step_doubling,0.00002,1e-7,0.6,,,,,,
0.009292223243901549,V1,voltage,A,0,6,V,,0,,6,-0.0051319243126546725,-0.030791545875928035,0,true,true,backward_euler_step_doubling,0.00002,,0.6,dc,5,10,0,50,2
0.009292223243901549,R2,resistor,A,B,1000,Ω,,0,,2.6042270620353887,0.0026042270620353887,0.006781998590637472,0,true,true,backward_euler_step_doubling,0.00002,,0.6,,,,,,
0.009292223243901549,R3,resistor,B,0,1000,Ω,,0,,3.3957729379646113,0.0033957729379646114,0.011531273846212808,0,true,true,backward_euler_step_doubling,0.00002,,0.6,,,,,,
0.009292223243901549,R4,resistor,A,C,1000,Ω,,0,,2.5276972506192825,0.0025276972506192825,0.0063892533907882795,0,true,true,backward_euler_step_doubling,0.00002,,0.6,,,,,,
0.009292223243901549,R5,resistor,C,0,2000,Ω,,0,,3.4723027493807175,0.0017361513746903588,0.006028443191678445,0,true,true,backward_euler_step_doubling,0.00002,,0.6,,,,,,
0.009292223243901549,C6,capacitor,B,C,100,µF,,0,V,-0.07652981141610615,-0.0007915458759291074,0.000060576856612051146,2.9284060176923856e-7,true,true,backward_euler_step_doubling,0.00002,1e-7,0.6,,,,,,
0.009424143423970193,V1,voltage,A,0,6,V,,0,,6,-0.005131775308462703,-0.03079065185077622,0,true,true,backward_euler_step_doubling,0.00002,,0.6,dc,5,10,0,50,2
0.009424143423970193,R2,resistor,A,B,1000,Ω,,0,,2.6046740746120354,0.0026046740746120353,0.006784327034956063,0,true,true,backward_euler_step_doubling,0.00002,,0.6,,,,,,
0.009424143423970193,R3,resistor,B,0,1000,Ω,,0,,3.3953259253879646,0.0033953259253879644,0.011528238139611638,0,true,true,backward_euler_step_doubling,0.00002,,0.6,,,,,,
0.009424143423970193,R4,resistor,A,C,1000,Ω,,0,,2.527101233850669,0.002527101233850669,0.006386240646129575,0,true,true,backward_euler_step_doubling,0.00002,,0.6,,,,,,
0.009424143423970193,R5,resistor,C,0,2000,Ω,,0,,3.472898766149331,0.0017364493830746655,0.0060305129199607725,0,true,true,backward_euler_step_doubling,0.00002,,0.6,,,,,,
0.009424143423970193,C6,capacitor,B,C,100,µF,,0,V,-0.07757284076136628,-0.0007906518507762697,0.0000613331101179471,3.008772811894145e-7,true,true,backward_euler_step_doubling,0.00002,1e-7,0.6,,,,,,
0.009556063604038838,V1,voltage,A,0,6,V,,0,,6,-0.005131626472565878,-0.030789758835395267,0,true,true,backward_euler_step_doubling,0.00002,,0.6,dc,5,10,0,50,2
0.009556063604038838,R2,resistor,A,B,1000,Ω,,0,,2.605120582302503,0.002605120582302503,0.006786653248336132,0,true,true,backward_euler_step_doubling,0.00002,,0.6,,,,,,
0.009556063604038838,R3,resistor,B,0,1000,Ω,,0,,3.394879417697497,0.003394879417697497,0.011525206260706097,0,true,true,backward_euler_step_doubling,0.00002,,0.6,,,,,,
0.009556063604038838,R4,resistor,A,C,1000,Ω,,0,,2.5265058902633757,0.0025265058902633757,0.006383232013535533,0,true,true,backward_euler_step_doubling,0.00002,,0.6,,,,,,
0.009556063604038838,R5,resistor,C,0,2000,Ω,,0,,3.4734941097366243,0.0017367470548683122,0.006032580665187513,0,true,true,backward_euler_step_doubling,0.00002,,0.6,,,,,,
0.009556063604038838,C6,capacitor,B,C,100,µF,,0,V,-0.0786146920391273,-0.0007897588353949271,0.00006208664762975202,3.090134902203412e-7,true,true,backward_euler_step_doubling,0.00002,1e-7,0.6,,,,,,
0.009689813018867191,V1,voltage,A,0,6,V,,0,,6,-0.005131475745673889,-0.030788854474043333,0,true,true,backward_euler_step_doubling,0.00002,,0.6,dc,5,10,0,50,2
0.009689813018867191,R2,resistor,A,B,1000,Ω,,0,,2.6055727629779497,0.0026055727629779495,0.006789009423172546,0,true,true,backward_euler_step_doubling,0.00002,,0.6,,,,,,
0.009689813018867191,R3,resistor,B,0,1000,Ω,,0,,3.3944272370220503,0.00339442723702205,0.01152213626743715,0,true,true,backward_euler_step_doubling,0.00002,,0.6,,,,,,
0.009689813018867191,R4,resistor,A,C,1000,Ω,,0,,2.525902982695941,0.002525902982695941,0.006380185877992251,0,true,true,backward_euler_step_doubling,0.00002,,0.6,,,,,,
0.009689813018867191,R5,resistor,C,0,2000,Ω,,0,,3.474097017304059,0.0017370485086520295,0.0060346750428204796,0,true,true,backward_euler_step_doubling,0.00002,,0.6,,,,,,
0.009689813018867191,C6,capacitor,B,C,100,µF,,0,V,-0.07966978028200877,-0.0007888544740442617,0.00006284786262158593,3.1736369450917764e-7,true,true,backward_euler_step_doubling,0.00002,1e-7,0.6,,,,,,
0.009823562433695542,V1,voltage,A,0,6,V,,0,,6,-0.005131325191381036,-0.030787951148286218,0,true,true,backward_euler_step_doubling,0.00002,,0.6,dc,5,10,0,50,2
0.009823562433695542,R2,resistor,A,B,1000,Ω,,0,,2.6060244258565066,0.0026060244258565065,0.006791363308160735,0,true,true,backward_euler_step_doubling,0.00002,,0.6,,,,,,
0.009823562433695542,R3,resistor,B,0,1000,Ω,,0,,3.3939755741434934,0.003393975574143493,0.011519070197882656,0,true,true,backward_euler_step_doubling,0.00002,,0.6,,,,,,
0.009823562433695542,R4,resistor,A,C,1000,Ω,,0,,2.5253007655245305,0.0025253007655245303,0.0063771439563587795,0,true,true,backward_euler_step_doubling,0.00002,,0.6,,,,,,
0.009823562433695542,R5,resistor,C,0,2000,Ω,,0,,3.4746992344754695,0.0017373496172377347,0.006036767385032207,0,true,true,backward_euler_step_doubling,0.00002,,0.6,,,,,,
0.009823562433695542,C6,capacitor,B,C,100,µF,,0,V,-0.08072366033197609,-0.0007879511482871285,0.00006360630085252069,3.2581546686961247e-7,true,true,backward_euler_step_doubling,0.00002,1e-7,0.6,,,,,,
0.009959145465409335,V1,voltage,A,0,6,V,,0,,6,-0.005131172750245484,-0.0307870365014729,0,true,true,backward_euler_step_doubling,0.00002,,0.6,dc,5,10,0,50,2
0.009959145465409335,R2,resistor,A,B,1000,Ω,,0,,2.606481749263426,0.002606481749263426,0.006793747109243329,0,true,true,backward_euler_step_doubling,0.00002,,0.6,,,,,,
0.009959145465409335,R3,resistor,B,0,1000,Ω,,0,,3.393518250736574,0.003393518250736574,0.011515966118082218,0,true,true,backward_euler_step_doubling,0.00002,,0.6,,,,,,
0.009959145465409335,R4,resistor,A,C,1000,Ω,,0,,2.5246910009820582,0.002524691000982058,0.006374064650439787,0,true,true,backward_euler_step_doubling,0.00002,,0.6,,,,,,
0.009959145465409335,R5,resistor,C,0,2000,Ω,,0,,3.4753089990179418,0.0017376544995089708,0.006038886319327544,0,true,true,backward_euler_step_doubling,0.00002,,0.6,,,,,,
0.009959145465409335,C6,capacitor,B,C,100,µF,,0,V,-0.08179074828136779,-0.0007870365014733255,0.00006437230438025311,3.3448632522130333e-7,true,true,backward_euler_step_doubling,0.00002,1e-7,0.6,,,,,,
0.010094728497123126,V1,voltage,A,0,6,V,,0,,6,-0.005131020486062195,-0.03078612291637317,0,true,true,backward_euler_step_doubling,0.00002,,0.6,dc,5,10,0,50,2
0.010094728497123126,R2,resistor,A,B,1000,Ω,,0,,2.606938541813289,0.0026069385418132887,0.0067961285607915966,0,true,true,backward_euler_step_doubling,0.00002,,0.6,,,,,,
0.010094728497123126,R3,resistor,B,0,1000,Ω,,0,,3.393061458186711,0.003393061458186711,0.01151286605903213,0,true,true,backward_euler_step_doubling,0.00002,,0.6,,,,,,
0.010094728497123126,R4,resistor,A,C,1000,Ω,,0,,2.524081944248905,0.0025240819442489053,0.006370989661283333,0,true,true,backward_euler_step_doubling,0.00002,,0.6,,,,,,
0.010094728497123126,R5,resistor,C,0,2000,Ω,,0,,3.475918055751095,0.0017379590278755474,0.006041003165148236,0,true,true,backward_euler_step_doubling,0.00002,,0.6,,,,,,
0.010094728497123126,C6,capacitor,B,C,100,µF,,0,V,-0.0828565975643838,-0.0007861229163734539,0.000065135470118095,3.432607879973125e-7,true,true,backward_euler_step_doubling,0.00002,1e-7,0.6,,,,,,
0.010232149592395854,V1,voltage,A,0,6,V,,0,,6,-0.005130866339241898,-0.030785198035451388,0,true,true,backward_euler_step_doubling,0.00002,,0.6,dc,5,10,0,50,2
0.010232149592395854,R2,resistor,A,B,1000,Ω,,0,,2.6074009822733304,0.0026074009822733306,0.006798539882359928,0,true,true,backward_euler_step_doubling,0.00002,,0.6,,,,,,
0.010232149592395854,R3,resistor,B,0,1000,Ω,,0,,3.3925990177266696,0.0033925990177266696,0.011509728095079963,0,true,true,backward_euler_step_doubling,0.00002,,0.6,,,,,,
0.010232149592395854,R4,resistor,A,C,1000,Ω,,0,,2.523465356968567,0.002523465356968567,0.006367877407820497,0,true,true,backward_euler_step_doubling,0.00002,,0.6,,,,,,
0.010232149592395854,R5,resistor,C,0,2000,Ω,,0,,3.476534643031433,0.0017382673215157165,0.006043146562098847,0,true,true,backward_euler_step_doubling,0.00002,,0.6,,,,,,
0.010232149592395854,C6,capacitor,B,C,100,µF,,0,V,-0.0839356253047634,-0.0007851980354531129,0.00006590608809382881,3.522594597650818e-7,true,true,backward_euler_step_doubling,0.00002,1e-7,0.6,,,,,,
0.01036957068766858,V1,voltage,A,0,6,V,,0,,6,-0.005130712373777008,-0.03078427424266205,0,true,true,backward_euler_step_doubling,0.00002,,0.6,dc,5,10,0,50,2
0.01036957068766858,R2,resistor,A,B,1000,Ω,,0,,2.6078628786679916,0.0026078628786679915,0.0068009487939345034,0,true,true,backward_euler_step_doubling,0.00002,,0.6,,,,,,
0.01036957068766858,R3,resistor,B,0,1000,Ω,,0,,3.3921371213320084,0.0033921371213320086,0.011506594249918605,0,true,true,backward_euler_step_doubling,0.00002,,0.6,,,,,,
0.01036957068766858,R4,resistor,A,C,1000,Ω,,0,,2.5228494951090172,0.0025228494951090173,0.006364769574971824,0,true,true,backward_euler_step_doubling,0.00002,,0.6,,,,,,
0.01036957068766858,R5,resistor,C,0,2000,Ω,,0,,3.4771505048909828,0.0017385752524454914,0.006045287816831808,0,true,true,backward_euler_step_doubling,0.00002,,0.6,,,,,,
0.01036957068766858,C6,capacitor,B,C,100,µF,,0,V,-0.08501338355897436,-0.0007842742426641587,0.00006667380700703226,3.613637692072646e-7,true,true,backward_euler_step_doubling,0.00002,1e-7,0.6,,,,,,
0.01050883435814357,V1,voltage,A,0,6,V,,0,,6,-0.005130556529935341,-0.030783339179612047,0,true,true,backward_euler_step_doubling,0.00002,,0.6,dc,5,10,0,50,2
0.01050883435814357,R2,resistor,A,B,1000,Ω,,0,,2.6083304101940548,0.002608330410194055,0.006803387528743086,0,true,true,backward_euler_step_doubling,0.00002,,0.6,,,,,,
0.01050883435814357,R3,resistor,B,0,1000,Ω,,0,,3.3916695898059452,0.0033916695898059453,0.011503422606414428,0,true,true,backward_euler_step_doubling,0.00002,,0.6,,,,,,
0.01050883435814357,R4,resistor,A,C,1000,Ω,,0,,2.5222261197412843,0.0025222261197412844,0.006361624599105176,0,true,true,backward_euler_step_doubling,0.00002,,0.6,,,,,,
0.01050883435814357,R5,resistor,C,0,2000,Ω,,0,,3.4777738802587157,0.0017388869401293579,0.006047455581104882,0,true,true,backward_euler_step_doubling,0.00002,,0.6,,,,,,
0.01050883435814357,C6,capacitor,B,C,100,µF,,0,V,-0.08610429045277046,-0.0007833391796118181,0.00006744886424433092,3.706974417187529e-7,true,true,backward_euler_step_doubling,0.00002,1e-7,0.6,,,,,,
0.01064809802861856,V1,voltage,A,0,6,V,,0,,6,-0.005130400871900593,-0.030782405231403555,0,true,true,backward_euler_step_doubling,0.00002,,0.6,dc,5,10,0,50,2
0.01064809802861856,R2,resistor,A,B,1000,Ω,,0,,2.608797384298301,0.002608797384298301,0.006805823792321658,0,true,true,backward_euler_step_doubling,0.00002,,0.6,,,,,,
0.01064809802861856,R3,resistor,B,0,1000,Ω,,0,,3.391202615701699,0.0033912026157016987,0.011500255180742044,0,true,true,backward_euler_step_doubling,0.00002,,0.6,,,,,,
0.01064809802861856,R4,resistor,A,C,1000,Ω,,0,,2.5216034876022904,0.0025216034876022904,0.006358484148688034,0,true,true,backward_euler_step_doubling,0.00002,,0.6,,,,,,
0.01064809802861856,R5,resistor,C,0,2000,Ω,,0,,3.4783965123977096,0.0017391982561988548,0.006049621148730275,0,true,true,backward_euler_step_doubling,0.00002,,0.6,,,,,,
0.01064809802861856,C6,capacitor,B,C,100,µF,,0,V,-0.08719389669601085,-0.0007824052314031676,0.00006822096092138627,3.8013878105173057e-7,true,true,backward_euler_step_doubling,0.00002,1e-7,0.6,,,,,,
0.010789208851964341,V1,voltage,A,0,6,V,,0,,6,-0.005130243339801167,-0.030781460038807003,0,true,true,backward_euler_step_doubling,0.00002,,0.6,dc,5,10,0,50,2
0.010789208851964341,R2,resistor,A,B,1000,Ω,,0,,2.609269980596029,0.0026092699805960293,0.006808289831639602,0,true,true,backward_euler_step_doubling,0.00002,,0.6,,,,,,
0.010789208851964341,R3,resistor,B,0,1000,Ω,,0,,3.390730019403971,0.003390730019403971,0.011497050064487252,0,true,true,backward_euler_step_doubling,0.00002,,0.6,,,,,,
0.010789208851964341,R4,resistor,A,C,1000,Ω,,0,,2.520973359205138,0.002520973359205138,0.006355306677822038,0,true,true,backward_euler_step_doubling,0.00002,,0.6,,,,,,
0.010789208851964341,R5,resistor,C,0,2000,Ω,,0,,3.479026640794862,0.0017395133203974308,0.00605181318368019,0,true,true,backward_euler_step_doubling,0.00002,,0.6,,,,,,
0.010789208851964341,C6,capacitor,B,C,100,µF,,0,V,-0.0882966213908909,-0.0007814600388078763,0.00006900028117872995,3.8981466745231656e-7,true,true,backward_euler_step_doubling,0.00002,1e-7,0.6,,,,,,
0.01093031967531012,V1,voltage,A,0,6,V,,0,,6,-0.005130085998010153,-0.03078051598806092,0,true,true,backward_euler_step_doubling,0.00002,,0.6,dc,5,10,0,50,2
0.01093031967531012,R2,resistor,A,B,1000,Ω,,0,,2.609742005969072,0.002609742005969072,0.006810753337719476,0,true,true,backward_euler_step_doubling,0.00002,,0.6,,,,,,
0.01093031967531012,R3,resistor,B,0,1000,Ω,,0,,3.390257994030928,0.0033902579940309277,0.01149384926609061,0,true,true,backward_euler_step_doubling,0.00002,,0.6,,,,,,
0.01093031967531012,R4,resistor,A,C,1000,Ω,,0,,2.5203439920410817,0.0025203439920410816,0.006352133838217576,0,true,true,backward_euler_step_doubling,0.00002,,0.6,,,,,,
0.01093031967531012,R5,resistor,C,0,2000,Ω,,0,,3.4796560079589183,0.0017398280039794592,0.006054002966862298,0,true,true,backward_euler_step_doubling,0.00002,,0.6,,,,,,
0.01093031967531012,C6,capacitor,B,C,100,µF,,0,V,-0.0893980139279904,-0.0007805159880618417,0.00006977657917177172,3.9960024471345833e-7,true,true,backward_euler_step_doubling,0.00002,1e-7,0.6,,,,,,
0.011073282295509471,V1,voltage,A,0,6,V,,0,,6,-0.005129926786520203,-0.03077956071912122,0,true,true,backward_euler_step_doubling,0.00002,,0.6,dc,5,10,0,50,2
0.011073282295509471,R2,resistor,A,B,1000,Ω,,0,,2.6102196404391473,0.0026102196404391475,0.006813246571334272,0,true,true,backward_euler_step_doubling,0.00002,,0.6,,,,,,
0.011073282295509471,R3,resistor,B,0,1000,Ω,,0,,3.3897803595608527,0.0033897803595608527,0.011490610886064503,0,true,true,backward_euler_step_doubling,0.00002,,0.6,,,,,,
0.011073282295509471,R4,resistor,A,C,1000,Ω,,0,,2.5197071460810556,0.0025197071460810556,0.0063489241020119385,0,true,true,backward_euler_step_doubling,0.00002,,0.6,,,,,,
0.011073282295509471,R5,resistor,C,0,2000,Ω,,0,,3.4802928539189444,0.0017401464269594723,0.0060562191745196356,0,true,true,backward_euler_step_doubling,0.00002,,0.6,,,,,,
0.011073282295509471,C6,capacitor,B,C,100,µF,,0,V,-0.09051249435809172,-0.0007795607191217217,0.00007055998519129476,4.0962558174617923e-7,true,true,backward_euler_step_doubling,0.00002,1e-7,0.6,,,,,,
0.011216244915708821,V1,voltage,A,0,6,V,,0,,6,-0.0051297677698882,-0.030778606619329203,0,true,true,backward_euler_step_doubling,0.00002,,0.6,dc,5,10,0,50,2
0.011216244915708821,R2,resistor,A,B,1000,Ω,,0,,2.610696690335166,0.002610696690335166,0.006815737208926988,0,true,true,backward_euler_step_doubling,0.00002,,0.6,,,,,,
0.011216244915708821,R3,resistor,B,0,1000,Ω,,0,,3.389303309664834,0.0033893033096648343,0.011487376924904999,0,true,true,backward_euler_step_doubling,0.00002,,0.6,,,,,,
0.011216244915708821,R4,resistor,A,C,1000,Ω,,0,,2.5190710795530347,0.0025190710795530346,0.006345719103840491,0,true,true,backward_euler_step_doubling,0.00002,,0.6,,,,,,
0.011216244915708821,R5,resistor,C,0,2000,Ω,,0,,3.4809289204469653,0.0017404644602234827,0.006058433074602038,0,true,true,backward_euler_step_doubling,0.00002,,0.6,,,,,,
0.011216244915708821,C6,capacitor,B,C,100,µF,,0,V,-0.09162561078213116,-0.0007786066193297797,0.00007134030705510135,4.197626275599295e-7,true,true,backward_euler_step_doubling,0.00002,1e-7,0.6,,,,,,
0.01136106404412775,V1,voltage,A,0,6,V,,0,,6,-0.005129606887974806,-0.030777641327848833,0,true,true,backward_euler_step_doubling,0.00002,,0.6,dc,5,10,0,50,2
0.01136106404412775,R2,resistor,A,B,1000,Ω,,0,,2.611179336075078,0.002611179336075078,0.006818257525145485,0,true,true,backward_euler_step_doubling,0.00002,,0.6,,,,,,
0.01136106404412775,R3,resistor,B,0,1000,Ω,,0,,3.388820663924922,0.0033888206639249223,0.01148410549224455,0,true,true,backward_euler_step_doubling,0.00002,,0.6,,,,,,
0.01136106404412775,R4,resistor,A,C,1000,Ω,,0,,2.518427551899729,0.002518427551899729,0.006342477334167662,0,true,true,backward_euler_step_doubling,0.00002,,0.6,,,,,,
0.01136106404412775,R5,resistor,C,0,2000,Ω,,0,,3.481572448100271,0.0017407862240501355,0.006060673355685457,0,true,true,backward_euler_step_doubling,0.00002,,0.6,,,,,,
0.01136106404412775,C6,capacitor,B,C,100,µF,,0,V,-0.0927517841753489,-0.0007776413278499908,0.00007212762060657409,4.3014467338552516e-7,true,true,backward_euler_step_doubling,0.00002,1e-7,0.6,,,,,,
0.01150588317254668,V1,voltage,A,0,6,V,,0,,6,-0.005129446205517717,-0.0307766772331063,0,true,true,backward_euler_step_doubling,0.00002,,0.6,dc,5,10,0,50,2
0.01150588317254668,R2,resistor,A,B,1000,Ω,,0,,2.6116613834463402,0.00261166138344634,0.006820775181784851,0,true,true,backward_euler_step_doubling,0.00002,,0.6,,,,,,
0.01150588317254668,R3,resistor,B,0,1000,Ω,,0,,3.3883386165536598,0.0033883386165536595,0.011480838580428768,0,true,true,backward_euler_step_doubling,0.00002,,0.6,,,,,,
0.01150588317254668,R4,resistor,A,C,1000,Ω,,0,,2.517784822071377,0.002517784822071377,0.006339240410252996,0,true,true,backward_euler_step_doubling,0.00002,,0.6,,,,,,
0.01150588317254668,R5,resistor,C,0,2000,Ω,,0,,3.482215177928623,0.0017411075889643116,0.006062911272698236,0,true,true,backward_euler_step_doubling,0.00002,,0.6,,,,,,
0.01150588317254668,C6,capacitor,B,C,100,µF,,0,V,-0.09387656137496325,-0.0007766772331073687,0.00007291178794234055,4.4064043877936206e-7,true,true,backward_euler_step_doubling,0.00002,1e-7,0.6,,,,,,
0.011652563588477716,V1,voltage,A,0,6,V,,0,,6,-0.0051292836622490075,-0.030775701973494045,0,true,true,backward_euler_step_doubling,0.00002,,0.6,dc,5,10,0,50,2
0.011652563588477716,R2,resistor,A,B,1000,Ω,,0,,2.612149013252539,0.002612149013252539,0.006823322467436214,0,true,true,backward_euler_step_doubling,0.00002,,0.6,,,,,,
0.011652563588477716,R3,resistor,B,0,1000,Ω,,0,,3.387850986747461,0.003387850986747461,0.011477534308405745,0,true,true,backward_euler_step_doubling,0.00002,,0.6,,,,,,
0.011652563588477716,R4,resistor,A,C,1000,Ω,,0,,2.517134648996468,0.002517134648996468,0.006335966841178572,0,true,true,backward_euler_step_doubling,0.00002,,0.6,,,,,,
0.011652563588477716,R5,resistor,C,0,2000,Ω,,0,,3.482865351003532,0.0017414326755017659,0.006065175526610477,0,true,true,backward_euler_step_doubling,0.00002,,0.6,,,,,,
0.011652563588477716,C6,capacitor,B,C,100,µF,,0,V,-0.09501436425607102,-0.0007757019734950251,0.00007370282986380946,4.513864707492672e-7,true,true,backward_euler_step_doubling,0.00002,1e-7,0.6,,,,,,
0.011799244004408753,V1,voltage,A,0,6,V,,0,,6,-0.0051291213230829314,-0.030774727938497587,0,true,true,backward_euler_step_doubling,0.00002,,0.6,dc,5,10,0,50,2
0.011799244004408753,R2,resistor,A,B,1000,Ω,,0,,2.612636030750763,0.002612636030750763,0.006825867029177101,0,true,true,backward_euler_step_doubling,0.00002,,0.6,,,,,,
0.011799244004408753,R3,resistor,B,0,1000,Ω,,0,,3.387363969249237,0.003387363969249237,0.011474234660167946,0,true,true,backward_euler_step_doubling,0.00002,,0.6,,,,,,
0.011799244004408753,R4,resistor,A,C,1000,Ω,,0,,2.5164852923321686,0.0025164852923321686,0.00633269822652412,0,true,true,backward_euler_step_doubling,0.00002,,0.6,,,,,,
0.011799244004408753,R5,resistor,C,0,2000,Ω,,0,,3.4835147076678314,0.0017417573538339158,0.006067437359269049,0,true,true,backward_euler_step_doubling,0.00002,,0.6,,,,,,
0.011799244004408753,C6,capacitor,B,C,100,µF,,0,V,-0.09615073841859445,-0.0007747279384984238,0.00007449066336013887,4.622482249220487e-7,true,true,backward_euler_step_doubling,0.00002,1e-7,0.6,,,,,,
0.011947790555924653,V1,voltage,A,0,6,V,,0,,6,-0.005128957127626381,-0.030773742765758283,0,true,true,backward_euler_step_doubling,0.00002,,0.6,dc,5,10,0,50,2
0.011947790555924653,R2,resistor,A,B,1000,Ω,,0,,2.6131286171205566,0.0026131286171205566,0.006828441169614392,0,true,true,backward_euler_step_doubling,0.00002,,0.6,,,,,,
0.011947790555924653,R3,resistor,B,0,1000,Ω,,0,,3.3868713828794434,0.0033868713828794435,0.011470897764167714,0,true,true,backward_euler_step_doubling,0.00002,,0.6,,,,,,
0.011947790555924653,R4,resistor,A,C,1000,Ω,,0,,2.5158285105058233,0.0025158285105058233,0.00632939309427395,0,true,true,backward_euler_step_doubling,0.00002,,0.6,,,,,,
0.011947790555924653,R5,resistor,C,0,2000,Ω,,0,,3.4841714894941767,0.0017420857447470884,0.006069725484102035,0,true,true,backward_euler_step_doubling,0.00002,,0.6,,,,,,
0.011947790555924653,C6,capacitor,B,C,100,µF,,0,V,-0.0973001066147332,-0.0007737427657590132,0.00007528525360073053,4.733655373619224e-7,true,true,backward_euler_step_doubling,0.00002,1e-7,0.6,,,,,,
0.012096337107440552,V1,voltage,A,0,6,V,,0,,6,-0.005128793140966816,-0.030772758845800895,0,true,true,backward_euler_step_doubling,0.00002,,0.6,dc,5,10,0,50,2
0.012096337107440552,R2,resistor,A,B,1000,Ω,,0,,2.6136205770992604,0.0026136205770992604,0.006831012521036671,0,true,true,backward_euler_step_doubling,0.00002,,0.6,,,,,,
0.012096337107440552,R3,resistor,B,0,1000,Ω,,0,,3.3863794229007396,0.0033863794229007397,0.011467565595845547,0,true,true,backward_euler_step_doubling,0.00002,,0.6,,,,,,
0.012096337107440552,R4,resistor,A,C,1000,Ω,,0,,2.515172563867555,0.002515172563867555,0.00632609302603209,0,true,true,backward_euler_step_doubling,0.00002,,0.6,,,,,,
0.012096337107440552,R5,resistor,C,0,2000,Ω,,0,,3.484827436132445,0.0017424137180662225,0.006072011129810715,0,true,true,backward_euler_step_doubling,0.00002,,0.6,,,,,,
0.012096337107440552,C6,capacitor,B,C,100,µF,,0,V,-0.09844801323170538,-0.0007727588458014855,0.00007607657307638202,4.846005654635019e-7,true,true,backward_euler_step_doubling,0.00002,1e-7,0.6,,,,,,
0.012246754711982527,V1,voltage,A,0,6,V,,0,,6,-0.005128627302589172,-0.03077176381553503,0,true,true,backward_euler_step_doubling,0.00002,,0.6,dc,5,10,0,50,2
0.012246754711982527,R2,resistor,A,B,1000,Ω,,0,,2.6141180922324634,0.0026141180922324633,0.006833613400137094,0,true,true,backward_euler_step_doubling,0.00002,,0.6,,,,,,
0.012246754711982527,R3,resistor,B,0,1000,Ω,,0,,3.3858819077675366,0.003385881907767537,0.011464196293347533,0,true,true,backward_euler_step_doubling,0.00002,,0.6,,,,,,
0.012246754711982527,R4,resistor,A,C,1000,Ω,,0,,2.514509210356708,0.002514509210356708,0.006322756568968715,0,true,true,backward_euler_step_doubling,0.00002,,0.6,,,,,,
0.012246754711982527,R5,resistor,C,0,2000,Ω,,0,,3.485490789643292,0.001742745394821646,0.00607432302234411,0,true,true,backward_euler_step_doubling,0.00002,,0.6,,,,,,
0.012246754711982527,C6,capacitor,B,C,100,µF,,0,V,-0.09960888187575545,-0.0007717638155353827,0.00007687453073764625,4.960964674269101e-7,true,true,backward_euler_step_doubling,0.00002,1e-7,0.6,,,,,,
0.012397172316524502,V1,voltage,A,0,6,V,,0,,6,-0.005128461677750517,-0.030770770066503104,0,true,true,backward_euler_step_doubling,0.00002,,0.6,dc,5,10,0,50,2
0.012397172316524502,R2,resistor,A,B,1000,Ω,,0,,2.6146149667484164,0.0026146149667484165,0.006836211424344823,0,true,true,backward_euler_step_doubling,0.00002,,0.6,,,,,,
0.012397172316524502,R3,resistor,B,0,1000,Ω,,0,,3.3853850332515836,0.0033853850332515836,0.011460831823363826,0,true,true,backward_euler_step_doubling,0.00002,,0.6,,,,,,
0.012397172316524502,R4,resistor,A,C,1000,Ω,,0,,2.5138467110021003,0.0025138467110021,0.006319425286416077,0,true,true,backward_euler_step_doubling,0.00002,,0.6,,,,,,
0.012397172316524502,R5,resistor,C,0,2000,Ω,,0,,3.4861532889978997,0.0017430766444989497,0.0060766323771954366,0,true,true,backward_euler_step_doubling,0.00002,,0.6,,,,,,
0.012397172316524502,C6,capacitor,B,C,100,µF,,0,V,-0.1007682557463161,-0.0007707700665031589,0.00007766915518299538,5.077120683077483e-7,true,true,backward_euler_step_doubling,0.00002,1e-7,0.6,,,,,,
0.012549465961762341,V1,voltage,A,0,6,V,,0,,6,-0.005128294205816659,-0.030769765234899955,0,true,true,backward_euler_step_doubling,0.00002,,0.6,dc,5,10,0,50,2
0.012549465961762341,R2,resistor,A,B,1000,Ω,,0,,2.6151173825494896,0.0026151173825494896,0.006838838924512493,0,true,true,backward_euler_step_doubling,0.00002,,0.6,,,,,,
0.012549465961762341,R3,resistor,B,0,1000,Ω,,0,,3.3848826174505104,0.0033848826174505105,0.01145743033391862,0,true,true,backward_euler_step_doubling,0.00002,,0.6,,,,,,
0.012549465961762341,R4,resistor,A,C,1000,Ω,,0,,2.5131768232671696,0.0025131768232671695,0.006316057745007262,0,true,true,backward_euler_step_doubling,0.00002,,0.6,,,,,,
0.012549465961762341,R5,resistor,C,0,2000,Ω,,0,,3.4868231767328304,0.001743411588366415,0.006078967932900613,0,true,true,backward_euler_step_doubling,0.00002,,0.6,,,,,,
0.012549465961762341,C6,capacitor,B,C,100,µF,,0,V,-0.10194055928231993,-0.000769765234900669,0.00007847029856186058,5.195938813396092e-7,true,true,backward_euler_step_doubling,0.00002,1e-7,0.6,,,,,,
0.01270175960700018,V1,voltage,A,0,6,V,,0,,6,-0.005128126952211458,-0.030768761713268748,0,true,true,backward_euler_step_doubling,0.00002,,0.6,dc,5,10,0,50,2
0.01270175960700018,R2,resistor,A,B,1000,Ω,,0,,2.615619143365055,0.002615619143365055,0.006841463503137745,0,true,true,backward_euler_step_doubling,0.00002,,0.6,,,,,,
0.01270175960700018,R3,resistor,B,0,1000,Ω,,0,,3.384380856634945,0.003384380856634945,0.011454033782757084,0,true,true,backward_euler_step_doubling,0.00002,,0.6,,,,,,
0.01270175960700018,R4,resistor,A,C,1000,Ω,,0,,2.512507808846404,0.002512507808846404,0.0063126954895141585,0,true,true,backward_euler_step_doubling,0.00002,,0.6,,,,,,
0.01270175960700018,R5,resistor,C,0,2000,Ω,,0,,3.487492191153596,0.001743746095576798,0.006081300891678655,0,true,true,backward_euler_step_doubling,0.00002,,0.6,,,,,,
0.01270175960700018,C6,capacitor,B,C,100,µF,,0,V,-0.10311133451865118,-0.0007687617132696737,0.00007926804618208072,5.315973653108593e-7,true,true,backward_euler_step_doubling,0.00002,1e-7,0.6,,,,,,
0.012855934351558438,V1,voltage,A,0,6,V,,0,,6,-0.005127957856184772,-0.030767747137108635,0,true,true,backward_euler_step_doubling,0.00002,,0.6,dc,5,10,0,50,2
0.012855934351558438,R2,resistor,A,B,1000,Ω,,0,,2.6161264314454575,0.0026161264314454574,0.0068441175053075435,0,true,true,backward_euler_step_doubling,0.00002,,0.6,,,,,,
0.012855934351558438,R3,resistor,B,0,1000,Ω,,0,,3.3838735685545425,0.0033838735685545423,0.011450600327962053,0,true,true,backward_euler_step_doubling,0.00002,,0.6,,,,,,
0.012855934351558438,R4,resistor,A,C,1000,Ω,,0,,2.511831424739315,0.0025118314247393153,0.006309297106307938,0,true,true,backward_euler_step_doubling,0.00002,,0.6,,,,,,
0.012855934351558438,R5,resistor,C,0,2000,Ω,,0,,3.488168575260685,0.0017440842876303424,0.006083660004718078,0,true,true,backward_euler_step_doubling,0.00002,,0.6,,,,,,
0.012855934351558438,C6,capacitor,B,C,100,µF,,0,V,-0.10429500670614233,-0.0007677471371090038,0.00008007219281340512,5.438724211917136e-7,true,true,backward_euler_step_doubling,0.00002,1e-7,0.6,,,,,,
0.013010109096116699,V1,voltage,A,0,6,V,,0,,6,-0.005127788983323105,-0.030766733899938628,0,true,true,backward_euler_step_doubling,0.00002,,0.6,dc,5,10,0,50,2
0.013010109096116699,R2,resistor,A,B,1000,Ω,,0,,2.61663305003046,0.00261663305003046,0.006846768518511708,0,true,true,backward_euler_step_doubling,0.00002,,0.6,,,,,,
0.013010109096116699,R3,resistor,B,0,1000,Ω,,0,,3.38336694996954,0.00338336694996954,0.011447171918146188,0,true,true,backward_euler_step_doubling,0.00002,,0.6,,,,,,
0.013010109096116699,R4,resistor,A,C,1000,Ω,,0,,2.511155933292645,0.002511155933292645,0.006305904121310856,0,true,true,backward_euler_step_doubling,0.00002,,0.6,,,,,,
0.013010109096116699,R5,resistor,C,0,2000,Ω,,0,,3.488844066707355,0.0017444220333536775,0.006086016460899558,0,true,true,backward_euler_step_doubling,0.00002,,0.6,,,,,,
0.013010109096116699,C6,capacitor,B,C,100,µF,,0,V,-0.10547711673781501,-0.0007667338999390927,0.00008087288107071585,5.562711077661327e-7,true,true,backward_euler_step_doubling,0.00002,1e-7,0.6,,,,,,
0.01316617007024553,V1,voltage,A,0,6,V,,0,,6,-0.005127618272763394,-0.030765709636580364,0,true,true,backward_euler_step_doubling,0.00002,,0.6,dc,5,10,0,50,2
0.01316617007024553,R2,resistor,A,B,1000,Ω,,0,,2.6171451817095273,0.002617145181709527,0.006849448902145394,0,true,true,backward_euler_step_doubling,0.00002,,0.6,,,,,,
0.01316617007024553,R3,resistor,B,0,1000,Ω,,0,,3.3828548182904727,0.003382854818290473,0.011443706721631069,0,true,true,backward_euler_step_doubling,0.00002,,0.6,,,,,,
0.01316617007024553,R4,resistor,A,C,1000,Ω,,0,,2.5104730910538655,0.0025104730910538654,0.00630247514090555,0,true,true,backward_euler_step_doubling,0.00002,,0.6,,,,,,
0.01316617007024553,R5,resistor,C,0,2000,Ω,,0,,3.4895269089461345,0.0017447634544730673,0.006088399024129582,0,true,true,backward_euler_step_doubling,0.00002,,0.6,,,,,,
0.01316617007024553,C6,capacitor,B,C,100,µF,,0,V,-0.10667209065566174,-0.0007657096365810541,0.00008167984776928801,5.689467462424859e-7,true,true,backward_euler_step_doubling,0.00002,1e-7,0.6,,,,,,
0.013322231044374362,V1,voltage,A,0,6,V,,0,,6,-0.005127447790252273,-0.030764686741513635,0,true,true,backward_euler_step_doubling,0.00002,,0.6,dc,5,10,0,50,2
0.013322231044374362,R2,resistor,A,B,1000,Ω,,0,,2.617656629242888,0.0026176566292428877,0.006852126228619237,0,true,true,backward_euler_step_doubling,0.00002,,0.6,,,,,,
0.013322231044374362,R3,resistor,B,0,1000,Ω,,0,,3.382343370757112,0.0033823433707571124,0.011440246677704585,0,true,true,backward_euler_step_doubling,0.00002,,0.6,,,,,,
0.013322231044374362,R4,resistor,A,C,1000,Ω,,0,,2.509791161009385,0.002509791161009385,0.0062990516718808365,0,true,true,backward_euler_step_doubling,0.00002,,0.6,,,,,,
0.013322231044374362,R5,resistor,C,0,2000,Ω,,0,,3.490208838990615,0.0017451044194953076,0.006090778869884109,0,true,true,backward_euler_step_doubling,0.00002,,0.6,,,,,,
0.013322231044374362,C6,capacitor,B,C,100,µF,,0,V,-0.10786546823350296,-0.0007646867415142845,0.00008248329342538995,5.817479618616418e-7,true,true,backward_euler_step_doubling,0.00002,1e-7,0.6,,,,,,
0.013480183450881486,V1,voltage,A,0,6,V,,0,,6,-0.005127275474816245,-0.03076365284889747,0,true,true,backward_euler_step_doubling,0.00002,,0.6,dc,5,10,0,50,2
0.013480183450881486,R2,resistor,A,B,1000,Ω,,0,,2.61817357555097,0.0026181735755509703,0.006854832871713352,0,true,true,backward_euler_step_doubling,0.00002,,0.6,,,,,,
0.013480183450881486,R3,resistor,B,0,1000,Ω,,0,,3.38182642444903,0.00338182642444903,0.01143674996510171,0,true,true,backward_euler_step_doubling,0.00002,,0.6,,,,,,
0.013480183450881486,R4,resistor,A,C,1000,Ω,,0,,2.5091018992652727,0.0025091018992652726,0.006295592340896598,0,true,true,backward_euler_step_doubling,0.00002,,0.6,,,,,,
0.013480183450881486,R5,resistor,C,0,2000,Ω,,0,,3.4908981007347273,0.0017454490503673635,0.006093184774856663,0,true,true,backward_euler_step_doubling,0.00002,,0.6,,,,,,
0.013480183450881486,C6,capacitor,B,C,100,µF,,0,V,-0.10907167628569736,-0.0007636528488978719,0.00008329289632963924,5.948315283885978e-7,true,true,backward_euler_step_doubling,0.00002,1e-7,0.6,,,,,,
0.01363813585738861,V1,voltage,A,0,6,V,,0,,6,-0.005127103392358832,-0.030762620354152993,0,true,true,backward_euler_step_doubling,0.00002,,0.6,dc,5,10,0,50,2
0.01363813585738861,R2,resistor,A,B,1000,Ω,,0,,2.618689822923214,0.002618689822923214,0.006857536388681613,0,true,true,backward_euler_step_doubling,0.00002,,0.6,,,,,,
0.01363813585738861,R3,resistor,B,0,1000,Ω,,0,,3.381310177076786,0.003381310177076786,0.011433258513603047,0,true,true,backward_euler_step_doubling,0.00002,,0.6,,,,,,
0.01363813585738861,R4,resistor,A,C,1000,Ω,,0,,2.5084135694356178,0.0025084135694356177,0.006292138635328737,0,true,true,backward_euler_step_doubling,0.00002,,0.6,,,,,,
0.01363813585738861,R5,resistor,C,0,2000,Ω,,0,,3.4915864305643822,0.0017457932152821912,0.0060955879010506624,0,true,true,backward_euler_step_doubling,0.00002,,0.6,,,,,,
0.01363813585738861,C6,capacitor,B,C,100,µF,,0,V,-0.11027625348759607,-0.0007626203541535617,0.00008409891548943846,6.080426041630271e-7,true,true,backward_euler_step_doubling,0.00002,1e-7,0.6,,,,,,
0.013797984972286528,V1,voltage,A,0,6,V,,0,,6,-0.005126929481798897,-0.030761576890793382,0,true,true,backward_euler_step_doubling,0.00002,,0.6,dc,5,10,0,50,2
0.013797984972286528,R2,resistor,A,B,1000,Ω,,0,,2.619211554602848,0.002619211554602848,0.006860269167765069,0,true,true,backward_euler_step_doubling,0.00002,,0.6,,,,,,
0.013797984972286528,R3,resistor,B,0,1000,Ω,,0,,3.380788445397152,0.003380788445397152,0.011429730512530892,0,true,true,backward_euler_step_doubling,0.00002,,0.6,,,,,,
0.013797984972286528,R4,resistor,A,C,1000,Ω,,0,,2.50771792719605,0.00250771792719605,0.006288649202380454,0,true,true,backward_euler_step_doubling,0.00002,,0.6,,,,,,
0.013797984972286528,R5,resistor,C,0,2000,Ω,,0,,3.49228207280395,0.0017461410364019748,0.006098017038013926,0,true,true,backward_euler_step_doubling,0.00002,,0.6,,,,,,
0.013797984972286528,C6,capacitor,B,C,100,µF,,0,V,-0.11149362740679791,-0.0007615768907943486,0.00008491097010385273,6.215414476162939e-7,true,true,backward_euler_step_doubling,0.00002,1e-7,0.6,,,,,,
0.013957834087184446,V1,voltage,A,0,6,V,,0,,6,-0.005126755809193969,-0.030760534855163814,0,true,true,backward_euler_step_doubling,0.00002,,0.6,dc,5,10,0,50,2
0.013957834087184446,R2,resistor,A,B,1000,Ω,,0,,2.619732572417619,0.002619732572417619,0.0068629987509858355,0,true,true,backward_euler_step_doubling,0.00002,,0.6,,,,,,
0.013957834087184446,R3,resistor,B,0,1000,Ω,,0,,3.380267427582381,0.003380267427582381,0.011426207881974407,0,true,true,backward_euler_step_doubling,0.00002,,0.6,,,,,,
0.013957834087184446,R4,resistor,A,C,1000,Ω,,0,,2.5070232367763503,0.0025070232367763504,0.006285165509736569,0,true,true,backward_euler_step_doubling,0.00002,,0.6,,,,,,
0.013957834087184446,R5,resistor,C,0,2000,Ω,,0,,3.4929767632236497,0.0017464883816118249,0.006100443334210183,0,true,true,backward_euler_step_doubling,0.00002,,0.6,,,,,,
0.013957834087184446,C6,capacitor,B,C,100,µF,,0,V,-0.11270933564126873,-0.0007605348551646253,0.00008571937825763345,6.351697170348084e-7,true,true,backward_euler_step_doubling,0.00002,1e-7,0.6,,,,,,
0.01411958526052243,V1,voltage,A,0,6,V,,0,,6,-0.005126580313357994,-0.03075948188014796,0,true,true,backward_euler_step_doubling,0.00002,,0.6,dc,5,10,0,50,2
0.01411958526052243,R2,resistor,A,B,1000,Ω,,0,,2.6202590599258455,0.0026202590599258453,0.006865757541123475,0,true,true,backward_euler_step_doubling,0.00002,,0.6,,,,,,
0.01411958526052243,R3,resistor,B,0,1000,Ω,,0,,3.3797409400741545,0.0033797409400741544,0.01142264882201333,0,true,true,backward_euler_step_doubling,0.00002,,0.6,,,,,,
0.01411958526052243,R4,resistor,A,C,1000,Ω,,0,,2.5063212534321475,0.0025063212534321474,0.006281646225405691,0,true,true,backward_euler_step_doubling,0.00002,,0.6,,,,,,
0.01411958526052243,R5,resistor,C,0,2000,Ω,,0,,3.4936787465678525,0.0017468393732839262,0.00610289559210996,0,true,true,backward_euler_step_doubling,0.00002,,0.6,,,,,,
0.01411958526052243,C6,capacitor,B,C,100,µF,,0,V,-0.113937806493698,-0.0007594818801483092,0.00008653369949580799,6.490911874297685e-7,true,true,backward_euler_step_doubling,0.00002,1e-7,0.6,,,,,,
0.014281336433860415,V1,voltage,A,0,6,V,,0,,6,-0.0051264050604992685,-0.03075843036299561,0,true,true,backward_euler_step_doubling,0.00002,,0.6,dc,5,10,0,50,2
0.014281336433860415,R2,resistor,A,B,1000,Ω,,0,,2.620784818502032,0.002620784818502032,0.006868513064890729,0,true,true,backward_euler_step_doubling,0.00002,,0.6,,,,,,
0.014281336433860415,R3,resistor,B,0,1000,Ω,,0,,3.379215181497968,0.003379215181497968,0.011419095242866346,0,true,true,backward_euler_step_doubling,0.00002,,0.6,,,,,,
0.014281336433860415,R4,resistor,A,C,1000,Ω,,0,,2.5056202419972364,0.0025056202419972366,0.00627813279710629,0,true,true,backward_euler_step_doubling,0.00002,,0.6,,,,,,
0.014281336433860415,R5,resistor,C,0,2000,Ω,,0,,3.4943797580027636,0.0017471898790013818,0.006105344946569727,0,true,true,backward_euler_step_doubling,0.00002,,0.6,,,,,,
0.014281336433860415,C6,capacitor,B,C,100,µF,,0,V,-0.1151645765047955,-0.0007584303629959597,0.00008734431156280803,6.631439840764448e-7,true,true,backward_euler_step_doubling,0.00002,1e-7,0.6,,,,,,
0.014444995090571023,V1,voltage,A,0,6,V,,0,,6,-0.00512622798932927,-0.03075736793597562,0,true,true,backward_euler_step_doubling,0.00002,,0.6,dc,5,10,0,50,2
0.014444995090571023,R2,resistor,A,B,1000,Ω,,0,,2.6213160320122197,0.0026213160320122195,0.006871297739684288,0,true,true,backward_euler_step_doubling,0.00002,,0.6,,,,,,
0.014444995090571023,R3,resistor,B,0,1000,Ω,,0,,3.3786839679877803,0.00337868396798778,0.01141550535553765,0,true,true,backward_euler_step_doubling,0.00002,,0.6,,,,,,
0.014444995090571023,R4,resistor,A,C,1000,Ω,,0,,2.50491195731705,0.00250491195731705,0.006274583913909935,0,true,true,backward_euler_step_doubling,0.00002,,0.6,,,,,,
0.014444995090571023,R5,resistor,C,0,2000,Ω,,0,,3.49508804268295,0.001747544021341475,0.0061078202130526674,0,true,true,backward_euler_step_doubling,0.00002,,0.6,,,,,,
0.014444995090571023,C6,capacitor,B,C,100,µF,,0,V,-0.11640407469516978,-0.0007573679359754474,0.00008816071379101254,6.774954302819332e-7,true,true,backward_euler_step_doubling,0.00002,1e-7,0.6,,,,,,
0.014608653747281632,V1,voltage,A,0,6,V,,0,,6,-0.005126051166204659,-0.030756306997227954,0,true,true,backward_euler_step_doubling,0.00002,,0.6,dc,5,10,0,50,2
0.014608653747281632,R2,resistor,A,B,1000,Ω,,0,,2.62184650138605,0.00262184650138605,0.006874079076830271,0,true,true,backward_euler_step_doubling,0.00002,,0.6,,,,,,
0.014608653747281632,R3,resistor,B,0,1000,Ω,,0,,3.37815349861395,0.0033781534986139497,0.011411921060197668,0,true,true,backward_euler_step_doubling,0.00002,,0.6,,,,,,
0.014608653747281632,R4,resistor,A,C,1000,Ω,,0,,2.5042046648186087,0.002504204664818609,0.006271041003299281,0,true,true,backward_euler_step_doubling,0.00002,,0.6,,,,,,
0.014608653747281632,R5,resistor,C,0,2000,Ω,,0,,3.4957953351813913,0.0017478976675906956,0.006110292512737988,0,true,true,backward_euler_step_doubling,0.00002,,0.6,,,,,,
0.014608653747281632,C6,capacitor,B,C,100,µF,,0,V,-0.11764183656744143,-0.0007563069972279786,0.00008897334416270623,6.919800855480299e-7,true,true,backward_euler_step_doubling,0.00002,1e-7,0.6,,,,,,
0.014774225387921313,V1,voltage,A,0,6,V,,0,,6,-0.0051258725297366045,-0.030755235178419625,0,true,true,backward_euler_step_doubling,0.00002,,0.6,dc,5,10,0,50,2
0.014774225387921313,R2,resistor,A,B,1000,Ω,,0,,2.6223824107898217,0.002622382410789822,0.006876889508419837,0,true,true,backward_euler_step_doubling,0.00002,,0.6,,,,,,
0.014774225387921313,R3,resistor,B,0,1000,Ω,,0,,3.3776175892101783,0.0033776175892101783,0.011408300578941977,0,true,true,backward_euler_step_doubling,0.00002,,0.6,,,,,,
0.014774225387921313,R4,resistor,A,C,1000,Ω,,0,,2.503490118946782,0.002503490118946782,0.006267462775664172,0,true,true,backward_euler_step_doubling,0.00002,,0.6,,,,,,
0.014774225387921313,R5,resistor,C,0,2000,Ω,,0,,3.496509881053218,0.001748254940526609,0.006112790674151394,0,true,true,backward_euler_step_doubling,0.00002,,0.6,,,,,,
0.014774225387921313,C6,capacitor,B,C,100,µF,,0,V,-0.11889229184303973,-0.0007552351784201716,0.00008979164124286123,7.067688529845266e-7,true,true,backward_euler_step_doubling,0.00002,1e-7,0.6,,,,,,
0.014939797028560995,V1,voltage,A,0,6,V,,0,,6,-0.00512569414642766,-0.03075416487856596,0,true,true,backward_euler_step_doubling,0.00002,,0.6,dc,5,10,0,50,2
0.014939797028560995,R2,resistor,A,B,1000,Ω,,0,,2.622917560716635,0.0026229175607166352,0.006879696530315703,0,true,true,backward_euler_step_doubling,0.00002,,0.6,,,,,,
0.014939797028560995,R3,resistor,B,0,1000,Ω,,0,,3.377082439283365,0.003377082439283365,0.011404685801716082,0,true,true,backward_euler_step_doubling,0.00002,,0.6,,,,,,
0.014939797028560995,R4,resistor,A,C,1000,Ω,,0,,2.5027765857110245,0.0025027765857110243,0.006263890637983333,0,true,true,backward_euler_step_doubling,0.00002,,0.6,,,,,,
0.014939797028560995,R5,resistor,C,0,2000,Ω,,0,,3.4972234142889755,0.0017486117071444877,0.0061152858047255195,0,true,true,backward_euler_step_doubling,0.00002,,0.6,,,,,,
0.014939797028560995,C6,capacitor,B,C,100,µF,,0,V,-0.1201409750056106,-0.0007541648785665341,0.00009060610382597133,7.216926937649375e-7,true,true,backward_euler_step_doubling,0.00002,1e-7,0.6,,,,,,
0.015107287230122838,V1,voltage,A,0,6,V,,0,,6,-0.005125513954791244,-0.030753083728747466,0,true,true,backward_euler_step_doubling,0.00002,,0.6,dc,5,10,0,50,2
0.015107287230122838,R2,resistor,A,B,1000,Ω,,0,,2.623458135626032,0.002623458135626032,0.006882532589382416,0,true,true,backward_euler_step_doubling,0.00002,,0.6,,,,,,
0.015107287230122838,R3,resistor,B,0,1000,Ω,,0,,3.376541864373968,0.003376541864373968,0.011401034961870032,0,true,true,backward_euler_step_doubling,0.00002,,0.6,,,,,,
0.015107287230122838,R4,resistor,A,C,1000,Ω,,0,,2.502055819165212,0.002502055819165212,0.0062602833222185,0,true,true,backward_euler_step_doubling,0.00002,,0.6,,,,,,
0.015107287230122838,R5,resistor,C,0,2000,Ω,,0,,3.497944180834788,0.001748972090417394,0.006117806746117978,0,true,true,backward_euler_step_doubling,0.00002,,0.6,,,,,,
0.015107287230122838,C6,capacitor,B,C,100,µF,,0,V,-0.12140231646082,-0.0007530837287479618,0.00009142610915895439,7.369261221026543e-7,true,true,backward_euler_step_doubling,0.00002,1e-7,0.6,,,,,,
0.015274777431684679,V1,voltage,A,0,6,V,,0,,6,-0.00512533402147251,-0.03075200412883506,0,true,true,backward_euler_step_doubling,0.00002,,0.6,dc,5,10,0,50,2
0.015274777431684679,R2,resistor,A,B,1000,Ω,,0,,2.6239979355822345,0.0026239979355822344,0.006885365165939828,0,true,true,backward_euler_step_doubling,0.00002,,0.6,,,,,,
0.015274777431684679,R3,resistor,B,0,1000,Ω,,0,,3.3760020644177655,0.0033760020644177653,0.011397389938953013,0,true,true,backward_euler_step_doubling,0.00002,,0.6,,,,,,
0.015274777431684679,R4,resistor,A,C,1000,Ω,,0,,2.5013360858902742,0.0025013360858902743,0.0062566822145768775,0,true,true,backward_euler_step_doubling,0.00002,,0.6,,,,,,
0.015274777431684679,R5,resistor,C,0,2000,Ω,,0,,3.4986639141097258,0.001749331957054863,0.006120324591946794,0,true,true,backward_euler_step_doubling,0.00002,,0.6,,,,,,
0.015274777431684679,C6,capacitor,B,C,100,µF,,0,V,-0.12266184969196026,-0.0007520041288356788,0.00009224221741897555,7.522964684926524e-7,true,true,backward_euler_step_doubling,0.00002,1e-7,0.6,,,,,,
0.01544419184844601,V1,voltage,A,0,6,V,,0,,6,-0.0051251522848894645,-0.03075091370933679,0,true,true,backward_euler_step_doubling,0.00002,,0.6,dc,5,10,0,50,2
0.01544419184844601,R2,resistor,A,B,1000,Ω,,0,,2.624543145331239,0.0026245431453312392,0.006888226721705194,0,true,true,backward_euler_step_doubling,0.00002,,0.6,,,,,,
0.01544419184844601,R3,resistor,B,0,1000,Ω,,0,,3.375456854668761,0.003375456854668761,0.011393708977730324,0,true,true,backward_euler_step_doubling,0.00002,,0.6,,,,,,
0.01544419184844601,R4,resistor,A,C,1000,Ω,,0,,2.500609139558224,0.002500609139558224,0.006253046068842121,0,true,true,backward_euler_step_doubling,0.00002,,0.6,,,,,,
0.01544419184844601,R5,resistor,C,0,2000,Ω,,0,,3.499390860441776,0.001749695430220888,0.0061228681970717175,0,true,true,backward_euler_step_doubling,0.00002,,0.6,,,,,,
0.01544419184844601,C6,capacitor,B,C,100,µF,,0,V,-0.12393400577301517,-0.000750913709337442,0.00009306374398806278,7.679818893472878e-7,true,true,backward_euler_step_doubling,0.00002,1e-7,0.6,,,,,,
0.015613606265207343,V1,voltage,A,0,6,V,,0,,6,-0.005124970811827758,-0.03074982487096655,0,true,true,backward_euler_step_doubling,0.00002,,0.6,dc,5,10,0,50,2
0.015613606265207343,R2,resistor,A,B,1000,Ω,,0,,2.6250875645163267,0.002625087564516327,0.0068910847213782605,0,true,true,backward_euler_step_doubling,0.00002,,0.6,,,,,,
0.015613606265207343,R3,resistor,B,0,1000,Ω,,0,,3.3749124354836733,0.0033749124354836733,0.011390033947182339,0,true,true,backward_euler_step_doubling,0.00002,,0.6,,,,,,
0.015613606265207343,R4,resistor,A,C,1000,Ω,,0,,2.4998832473114305,0.0024998832473114305,0.006249416250188343,0,true,true,backward_euler_step_doubling,0.00002,,0.6,,,,,,
0.015613606265207343,R5,resistor,C,0,2000,Ω,,0,,3.5001167526885695,0.0017500583763442848,0.006125408641225589,0,true,true,backward_euler_step_doubling,0.00002,,0.6,,,,,,
0.015613606265207343,C6,capacitor,B,C,100,µF,,0,V,-0.12520431720489622,-0.0007498248709675334,0.00009388131099273943,7.838060523372135e-7,true,true,backward_euler_step_doubling,0.00002,1e-7,0.6,,,,,,
0.015784950629680147,V1,voltage,A,0,6,V,,0,,6,-0.005124787540611948,-0.030748725243671688,0,true,true,backward_euler_step_doubling,0.00002,,0.6,dc,5,10,0,50,2
0.015784950629680147,R2,resistor,A,B,1000,Ω,,0,,2.6256373781636313,0.002625637378163631,0.006893971641609988,0,true,true,backward_euler_step_doubling,0.00002,,0.6,,,,,,
0.015784950629680147,R3,resistor,B,0,1000,Ω,,0,,3.3743626218363687,0.0033743626218363685,0.011386323103646411,0,true,true,backward_euler_step_doubling,0.00002,,0.6,,,,,,
0.015784950629680147,R4,resistor,A,C,1000,Ω,,0,,2.499150162448317,0.002499150162448317,0.006245751534465448,0,true,true,backward_euler_step_doubling,0.00002,,0.6,,,,,,
0.015784950629680147,R5,resistor,C,0,2000,Ω,,0,,3.500849837551683,0.0017504249187758416,0.0061279747925428235,0,true,true,backward_euler_step_doubling,0.00002,,0.6,,,,,,
0.015784950629680147,C6,capacitor,B,C,100,µF,,0,V,-0.12648721571531452,-0.0007487252436726157,0.00009470417140791958,7.999507869706253e-7,true,true,backward_euler_step_doubling,0.00002,1e-7,0.6,,,,,,
0.01595629499415295,V1,voltage,A,0,6,V,,0,,6,-0.005124604538165644,-0.03074762722899386,0,true,true,backward_euler_step_doubling,0.00002,,0.6,dc,5,10,0,50,2
0.01595629499415295,R2,resistor,A,B,1000,Ω,,0,,2.6261863855025522,0.002626186385502552,0.00689685493139896,0,true,true,backward_euler_step_doubling,0.00002,,0.6,,,,,,
0.01595629499415295,R3,resistor,B,0,1000,Ω,,0,,3.3738136144974478,0.003373813614497448,0.011382618305368334,0,true,true,backward_euler_step_doubling,0.00002,,0.6,,,,,,
0.01595629499415295,R4,resistor,A,C,1000,Ω,,0,,2.498418152663091,0.002498418152663091,0.0062420932655564525,0,true,true,backward_euler_step_doubling,0.00002,,0.6,,,,,,
0.01595629499415295,R5,resistor,C,0,2000,Ω,,0,,3.501581847336909,0.0017507909236684546,0.0061305377167996805,0,true,true,backward_euler_step_doubling,0.00002,,0.6,,,,,,
0.01595629499415295,C6,capacitor,B,C,100,µF,,0,V,-0.12776823283946115,-0.0007476272289947176,0.00009552300987131821,8.162360661459378e-7,true,true,backward_euler_step_doubling,0.00002,1e-7,0.6,,,,,,
0.0161295751178136,V1,voltage,A,0,6,V,,0,,6,-0.005124419742722236,-0.030746518456333416,0,true,true,backward_euler_step_doubling,0.00002,,0.6,dc,5,10,0,50,2
0.0161295751178136,R2,resistor,A,B,1000,Ω,,0,,2.626740771832991,0.002626740771832991,0.006899767082409778,0,true,true,backward_euler_step_doubling,0.00002,,0.6,,,,,,
0.0161295751178136,R3,resistor,B,0,1000,Ω,,0,,3.373259228167009,0.0033732592281670087,0.011378877820413883,0,true,true,backward_euler_step_doubling,0.00002,,0.6,,,,,,
0.0161295751178136,R4,resistor,A,C,1000,Ω,,0,,2.4976789708892446,0.0024976789708892446,0.006238400241622356,0,true,true,backward_euler_step_doubling,0.00002,,0.6,,,,,,
0.0161295751178136,R5,resistor,C,0,2000,Ω,,0,,3.5023210291107554,0.0017511605145553778,0.006133126295475711,0,true,true,backward_euler_step_doubling,0.00002,,0.6,,,,,,
0.0161295751178136,C6,capacitor,B,C,100,µF,,0,V,-0.12906180094374653,-0.000746518456334141,0.00009634701641222984,8.328474231421625e-7,true,true,backward_euler_step_doubling,0.00002,1e-7,0.6,,,,,,
0.016302855241474252,V1,voltage,A,0,6,V,,0,,6,-0.005124235221340657,-0.030745411328043943,0,true,true,backward_euler_step_doubling,0.00002,,0.6,dc,5,10,0,50,2
0.016302855241474252,R2,resistor,A,B,1000,Ω,,0,,2.6272943359777097,0.0026272943359777097,0.006902675527860554,0,true,true,backward_euler_step_doubling,0.00002,,0.6,,,,,,
0.016302855241474252,R3,resistor,B,0,1000,Ω,,0,,3.3727056640222903,0.0033727056640222904,0.011375143496128039,0,true,true,backward_euler_step_doubling,0.00002,,0.6,,,,,,
0.016302855241474252,R4,resistor,A,C,1000,Ω,,0,,2.496940885362947,0.002496940885362947,0.006234713784997097,0,true,true,backward_euler_step_doubling,0.00002,,0.6,,,,,,
0.016302855241474252,R5,resistor,C,0,2000,Ω,,0,,3.503059114637053,0.0017515295573185265,0.006135711580320867,0,true,true,backward_euler_step_doubling,0.00002,,0.6,,,,,,
0.016302855241474252,C6,capacitor,B,C,100,µF,,0,V,-0.13035345061476278,-0.0007454113280446382,0.00009716693873795148,8.496011043587698e-7,true,true,backward_euler_step_doubling,0.00002,1e-7,0.6,,,,,,
0.016478077015630657,V1,voltage,A,0,6,V,,0,,6,-0.005124048912165193,-0.03074429347299116,0,true,true,backward_euler_step_doubling,0.00002,,0.6,dc,5,10,0,50,2
0.016478077015630657,R2,resistor,A,B,1000,Ω,,0,,2.6278532635041314,0.0026278532635041316,0.0069056127745093145,0,true,true,backward_euler_step_doubling,0.00002,,0.6,,,,,,
0.016478077015630657,R3,resistor,B,0,1000,Ω,,0,,3.3721467364958686,0.0033721467364958685,0.011371373612459736,0,true,true,backward_euler_step_doubling,0.00002,,0.6,,,,,,
0.016478077015630657,R4,resistor,A,C,1000,Ω,,0,,2.4961956486610624,0.0024961956486610625,0.006230992716394422,0,true,true,backward_euler_step_doubling,0.00002,,0.6,,,,,,
0.016478077015630657,R5,resistor,C,0,2000,Ω,,0,,3.5038043513389376,0.0017519021756694688,0.006138322466230837,0,true,true,backward_euler_step_doubling,0.00002,,0.6,,,,,,
0.016478077015630657,C6,capacitor,B,C,100,µF,,0,V,-0.13165761484306904,-0.0007442934729916296,0.00009799190339734218,8.666863773082955e-7,true,true,backward_euler_step_doubling,0.00002,1e-7,0.6,,,,,,
0.016653298789787063,V1,voltage,A,0,6,V,,0,,6,-0.00512386288238801,-0.03074317729432806,0,true,true,backward_euler_step_doubling,0.00002,,0.6,dc,5,10,0,50,2
0.016653298789787063,R2,resistor,A,B,1000,Ω,,0,,2.6284113528356645,0.0026284113528356645,0.006908546239715408,0,true,true,backward_euler_step_doubling,0.00002,,0.6,,,,,,
0.016653298789787063,R3,resistor,B,0,1000,Ω,,0,,3.3715886471643355,0.0033715886471643356,0.011367610005687435,0,true,true,backward_euler_step_doubling,0.00002,,0.6,,,,,,
0.016653298789787063,R4,resistor,A,C,1000,Ω,,0,,2.495451529552345,0.002495451529552345,0.006227278336345139,0,true,true,backward_euler_step_doubling,0.00002,,0.6,,,,,,
0.016653298789787063,R5,resistor,C,0,2000,Ω,,0,,3.504548470447655,0.0017522742352238275,0.006140929990858498,0,true,true,backward_euler_step_doubling,0.00002,,0.6,,,,,,
0.016653298789787063,C6,capacitor,B,C,100,µF,,0,V,-0.13295982328331934,-0.0007431772943286936,0.00009881272172211851,8.839157303765754e-7,true,true,backward_euler_step_doubling,0.00002,1e-7,0.6,,,,,,
0.016830468186525265,V1,voltage,A,0,6,V,,0,,6,-0.005123675070066087,-0.030742050420396523,0,true,true,backward_euler_step_doubling,0.00002,,0.6,dc,5,10,0,50,2
0.016830468186525265,R2,resistor,A,B,1000,Ω,,0,,2.628974789801359,0.002628974789801359,0.006911508445411099,0,true,true,backward_euler_step_doubling,0.00002,,0.6,,,,,,
0.016830468186525265,R3,resistor,B,0,1000,Ω,,0,,3.371025210198641,0.003371025210198641,0.011363810967794792,0,true,true,backward_euler_step_doubling,0.00002,,0.6,,,,,,
0.016830468186525265,R4,resistor,A,C,1000,Ω,,0,,2.4947002802647282,0.0024947002802647284,0.006223529488352914,0,true,true,backward_euler_step_doubling,0.00002,,0.6,,,,,,
0.016830468186525265,R5,resistor,C,0,2000,Ω,,0,,3.5052997197352718,0.0017526498598676359,0.006143563062588087,0,true,true,backward_euler_step_doubling,0.00002,,0.6,,,,,,
0.016830468186525265,C6,capacitor,B,C,100,µF,,0,V,-0.13427450953663067,-0.0007420504203973747,0.00009963845625030809,9.014821955651359e-7,true,true,backward_euler_step_doubling,0.00002,1e-7,0.6,,,,,,
0.017007637583263468,V1,voltage,A,0,6,V,,0,,6,-0.005123487542522535,-0.03074092525513521,0,true,true,backward_euler_step_doubling,0.00002,,0.6,dc,5,10,0,50,2
0.017007637583263468,R2,resistor,A,B,1000,Ω,,0,,2.629537372431986,0.0026295373724319862,0.006914466793016514,0,true,true,backward_euler_step_doubling,0.00002,,0.6,,,,,,
0.017007637583263468,R3,resistor,B,0,1000,Ω,,0,,3.370462627568014,0.003370462627568014,0.01136001832383268,0,true,true,backward_euler_step_doubling,0.00002,,0.6,,,,,,
0.017007637583263468,R4,resistor,A,C,1000,Ω,,0,,2.4939501700905495,0.0024939501700905497,0.006219787450894681,0,true,true,backward_euler_step_doubling,0.00002,,0.6,,,,,,
0.017007637583263468,R5,resistor,C,0,2000,Ω,,0,,3.5060498299094505,0.0017530249149547252,0.006146192704904043,0,true,true,backward_euler_step_doubling,0.00002,,0.6,,,,,,
0.017007637583263468,C6,capacitor,B,C,100,µF,,0,V,-0.13558720234143662,-0.0007409252551362868,0.00010045998248804427,9.191944719388837e-7,true,true,backward_euler_step_doubling,0.00002,1e-7,0.6,,,,,,
0.01718676065623859,V1,voltage,A,0,6,V,,0,,6,-0.005123298237729076,-0.030739789426374457,0,true,true,backward_euler_step_doubling,0.00002,,0.6,dc,5,10,0,50,2
0.01718676065623859,R2,resistor,A,B,1000,Ω,,0,,2.6301052868122916,0.0026301052868122916,0.006917453819717967,0,true,true,backward_euler_step_doubling,0.00002,,0.6,,,,,,
0.01718676065623859,R3,resistor,B,0,1000,Ω,,0,,3.3698947131877084,0.0033698947131877086,0.011356190377970468,0,true,true,backward_euler_step_doubling,0.00002,,0.6,,,,,,
0.01718676065623859,R4,resistor,A,C,1000,Ω,,0,,2.493192950916786,0.002493192950916786,0.00621601109050115,0,true,true,backward_euler_step_doubling,0.00002,,0.6,,,,,,
0.01718676065623859,R5,resistor,C,0,2000,Ω,,0,,3.506807049083214,0.0017534035245416071,0.006148847839749861,0,true,true,backward_euler_step_doubling,0.00002,,0.6,,,,,,
0.01718676065623859,C6,capacitor,B,C,100,µF,,0,V,-0.13691233589550578,-0.0007397894263756855,0.0001012862984358914,9.372493860181899e-7,true,true,backward_euler_step_doubling,0.00002,1e-7,0.6,,,,,,
0.017365883729213712,V1,voltage,A,0,6,V,,0,,6,-0.005123109223137405,-0.03073865533882443,0,true,true,backward_euler_step_doubling,0.00002,,0.6,dc,5,10,0,50,2
0.017365883729213712,R2,resistor,A,B,1000,Ω,,0,,2.630672330587255,0.002630672330587255,0.00692043691091738,0,true,true,backward_euler_step_doubling,0.00002,,0.6,,,,,,
0.017365883729213712,R3,resistor,B,0,1000,Ω,,0,,3.369327669412745,0.003369327669412745,0.01135236894387032,0,true,true,backward_euler_step_doubling,0.00002,,0.6,,,,,,
0.017365883729213712,R4,resistor,A,C,1000,Ω,,0,,2.4924368925501503,0.0024924368925501503,0.006212241663345049,0,true,true,backward_euler_step_doubling,0.00002,,0.6,,,,,,
0.017365883729213712,R5,resistor,C,0,2000,Ω,,0,,3.5075631074498497,0.001753781553724925,0.006151499476371623,0,true,true,backward_euler_step_doubling,0.00002,,0.6,,,,,,
0.017365883729213712,C6,capacitor,B,C,100,µF,,0,V,-0.1382354380371047,-0.0007386553388254345,0.00010210834432097992,9.554518164655106e-7,true,true,backward_euler_step_doubling,0.00002,1e-7,0.6,,,,,,
0.0175469666147124,V1,voltage,A,0,6,V,,0,,6,-0.0051229184366358,-0.0307375106198148,0,true,true,backward_euler_step_doubling,0.00002,,0.6,dc,5,10,0,50,2
0.0175469666147124,R2,resistor,A,B,1000,Ω,,0,,2.6312446900920623,0.002631244690092062,0.006923448619137672,0,true,true,backward_euler_step_doubling,0.00002,,0.6,,,,,,
0.0175469666147124,R3,resistor,B,0,1000,Ω,,0,,3.3687553099079377,0.0033687553099079376,0.011348512338032924,0,true,true,backward_euler_step_doubling,0.00002,,0.6,,,,,,
0.0175469666147124,R4,resistor,A,C,1000,Ω,,0,,2.491673746543736,0.0024916737465437364,0.0062084380592152995,0,true,true,backward_euler_step_doubling,0.00002,,0.6,,,,,,
0.0175469666147124,R5,resistor,C,0,2000,Ω,,0,,3.508326253456264,0.0017541631267281319,0.006154176550345232,0,true,true,backward_euler_step_doubling,0.00002,,0.6,,,,,,
0.0175469666147124,C6,capacitor,B,C,100,µF,,0,V,-0.1395709435483261,-0.0007375106198156392,0.00010293505308457957,9.740024141485016e-7,true,true,backward_euler_step_doubling,0.00002,1e-7,0.6,,,,,,
0.017728049500211087,V1,voltage,A,0,6,V,,0,,6,-0.0051227279458024464,-0.030736367674814677,0,true,true,backward_euler_step_doubling,0.00002,,0.6,dc,5,10,0,50,2
0.017728049500211087,R2,resistor,A,B,1000,Ω,,0,,2.631816162592103,0.002631816162592103,0.006926456313681022,0,true,true,backward_euler_step_doubling,0.00002,,0.6,,,,,,
0.017728049500211087,R3,resistor,B,0,1000,Ω,,0,,3.368183837407897,0.003368183837407897,0.011344662362575786,0,true,true,backward_euler_step_doubling,0.00002,,0.6,,,,,,
0.017728049500211087,R4,resistor,A,C,1000,Ω,,0,,2.490911783210341,0.002490911783210341,0.006204641511736121,0,true,true,backward_euler_step_doubling,0.00002,,0.6,,,,,,
0.017728049500211087,R5,resistor,C,0,2000,Ω,,0,,3.509088216789659,0.0017545441083948294,0.0061568500566060134,0,true,true,backward_euler_step_doubling,0.00002,,0.6,,,,,,
0.017728049500211087,C6,capacitor,B,C,100,µF,,0,V,-0.14090437938176192,-0.0007363676748156745,0.0001037574302166937,9.927022064479745e-7,true,true,backward_euler_step_doubling,0.00002,1e-7,0.6,,,,,,
0.01791109841803279,V1,voltage,A,0,6,V,,0,,6,-0.005122535688443928,-0.030735214130663567,0,true,true,backward_euler_step_doubling,0.00002,,0.6,dc,5,10,0,50,2
0.01791109841803279,R2,resistor,A,B,1000,Ω,,0,,2.6323929346677715,0.0026323929346677715,0.006929492562488802,0,true,true,backward_euler_step_doubling,0.00002,,0.6,,,,,,
0.01791109841803279,R3,resistor,B,0,1000,Ω,,0,,3.3676070653322285,0.0033676070653322287,0.011340777346475544,0,true,true,backward_euler_step_doubling,0.00002,,0.6,,,,,,
0.01791109841803279,R4,resistor,A,C,1000,Ω,,0,,2.4901427537761562,0.0024901427537761564,0.006200810934183899,0,true,true,backward_euler_step_doubling,0.00002,,0.6,,,,,,
0.01791109841803279,R5,resistor,C,0,2000,Ω,,0,,3.5098572462238438,0.0017549286231119219,0.006159548944435012,0,true,true,backward_euler_step_doubling,0.00002,,0.6,,,,,,
0.01791109841803279,C6,capacitor,B,C,100,µF,,0,V,-0.14225018089161523,-0.0007352141306643307,0.00010458434308107268,0.0000010117556981848626,true,true,backward_euler_step_doubling,0.00002,1e-7,0.6,,,,,,
0.018094147335854495,V1,voltage,A,0,6,V,,0,,6,-0.005122343732262833,-0.030734062393577,0,true,true,backward_euler_step_doubling,0.00002,,0.6,dc,5,10,0,50,2
0.018094147335854495,R2,resistor,A,B,1000,Ω,,0,,2.6329688032110146,0.0026329688032110145,0.006932524718682442,0,true,true,backward_euler_step_doubling,0.00002,,0.6,,,,,,
0.018094147335854495,R3,resistor,B,0,1000,Ω,,0,,3.3670311967889854,0.0033670311967889856,0.011336899080150268,0,true,true,backward_euler_step_doubling,0.00002,,0.6,,,,,,
0.018094147335854495,R4,resistor,A,C,1000,Ω,,0,,2.489374929051819,0.002489374929051819,0.0061969875373917484,0,true,true,backward_euler_step_doubling,0.00002,,0.6,,,,,,
0.018094147335854495,R5,resistor,C,0,2000,Ω,,0,,3.510625070948181,0.0017553125354740906,0.006162244194384961,0,true,true,backward_euler_step_doubling,0.00002,,0.6,,,,,,
0.018094147335854495,C6,capacitor,B,C,100,µF,,0,V,-0.14359387415919578,-0.0007340623935779572,0.00010540686296843123,0.0000010309600348023475,true,true,backward_euler_step_doubling,0.00002,1e-7,0.6,,,,,,
0.018279168590081607,V1,voltage,A,0,6,V,,0,,6,-0.0051221500149858145,-0.03073290008991489,0,true,true,backward_euler_step_doubling,0.00002,,0.6,dc,5,10,0,50,2
0.018279168590081607,R2,resistor,A,B,1000,Ω,,0,,2.6335499550418024,0.0026335499550418024,0.006935585365700679,0,true,true,backward_euler_step_doubling,0.00002,,0.6,,,,,,
0.018279168590081607,R3,resistor,B,0,1000,Ω,,0,,3.3664500449581976,0.0033664500449581978,0.011332985905199051,0,true,true,backward_euler_step_doubling,0.00002,,0.6,,,,,,
0.018279168590081607,R4,resistor,A,C,1000,Ω,,0,,2.488600059944012,0.002488600059944012,0.00619313025835334,0,true,true,backward_euler_step_doubling,0.00002,,0.6,,,,,,
0.018279168590081607,R5,resistor,C,0,2000,Ω,,0,,3.511399940055988,0.001755699970027994,0.006164964769512598,0,true,true,backward_euler_step_doubling,0.00002,,0.6,,,,,,
0.018279168590081607,C6,capacitor,B,C,100,µF,,0,V,-0.14494989509779055,-0.0007329000899162932,0.00010623379115052797,0.000001050523604443024,true,true,backward_euler_step_doubling,0.00002,1e-7,0.6,,,,,,
0.018464189844308723,V1,voltage,A,0,6,V,,0,,6,-0.005121956604437992,-0.030731739626627952,0,true,true,backward_euler_step_doubling,0.00002,,0.6,dc,5,10,0,50,2
0.018464189844308723,R2,resistor,A,B,1000,Ω,,0,,2.6341301866853244,0.0026341301866853245,0.006938641840406862,0,true,true,backward_euler_step_doubling,0.00002,,0.6,,,,,,
0.018464189844308723,R3,resistor,B,0,1000,Ω,,0,,3.3658698133146756,0.0033658698133146757,0.01132907960018297,0,true,true,backward_euler_step_doubling,0.00002,,0.6,,,,,,
0.018464189844308723,R4,resistor,A,C,1000,Ω,,0,,2.4878264177526677,0.002487826417752668,0.006189280284868071,0,true,true,backward_euler_step_doubling,0.00002,,0.6,,,,,,
0.018464189844308723,R5,resistor,C,0,2000,Ω,,0,,3.5121735822473323,0.0017560867911236662,0.0061676816359180296,0,true,true,backward_euler_step_doubling,0.00002,,0.6,,,,,,
0.018464189844308723,C6,capacitor,B,C,100,µF,,0,V,-0.14630376893265673,-0.0007317396266292195,0.00010705626525322984,0.0000010702396401950104,true,true,backward_euler_step_doubling,0.00002,1e-7,0.6,,,,,,
0.0186511898244393,V1,voltage,A,0,6,V,,0,,6,-0.00512176143826775,-0.0307305686296065,0,true,true,backward_euler_step_doubling,0.00002,,0.6,dc,5,10,0,50,2
0.0186511898244393,R2,resistor,A,B,1000,Ω,,0,,2.6347156851963067,0.0026347156851963065,0.006941726741819443,0,true,true,backward_euler_step_doubling,0.00002,,0.6,,,,,,
0.0186511898244393,R3,resistor,B,0,1000,Ω,,0,,3.3652843148036933,0.003365284314803693,0.011325138519463762,0,true,true,backward_euler_step_doubling,0.00002,,0.6,,,,,,
0.0186511898244393,R4,resistor,A,C,1000,Ω,,0,,2.487045753071444,0.002487045753071444,0.006185396577870706,0,true,true,backward_euler_step_doubling,0.00002,,0.6,,,,,,
0.0186511898244393,R5,resistor,C,0,2000,Ω,,0,,3.512954246928556,0.001756477123464278,0.006170423770506689,0,true,true,backward_euler_step_doubling,0.00002,,0.6,,,,,,
0.0186511898244393,C6,capacitor,B,C,100,µF,,0,V,-0.14766993212486268,-0.0007305686296073415,0.00010788301994667007,0.0000010903204426880775,true,true,backward_euler_step_doubling,0.00002,1e-7,0.6,,,,,,
0.018838189804569874,V1,voltage,A,0,6,V,,0,,6,-0.005121566584420292,-0.030729399506521753,0,true,true,backward_euler_step_doubling,0.00002,,0.6,dc,5,10,0,50,2
0.018838189804569874,R2,resistor,A,B,1000,Ω,,0,,2.6353002467387117,0.0026353002467387116,0.006944807390461115,0,true,true,backward_euler_step_doubling,0.00002,,0.6,,,,,,
0.018838189804569874,R3,resistor,B,0,1000,Ω,,0,,3.3646997532612883,0.0033646997532612885,0.011321204429596575,0,true,true,backward_euler_step_doubling,0.00002,,0.6,,,,,,
0.018838189804569874,R4,resistor,A,C,1000,Ω,,0,,2.4862663376815792,0.0024862663376815793,0.0061815203018885725,0,true,true,backward_euler_step_doubling,0.00002,,0.6,,,,,,
0.018838189804569874,R5,resistor,C,0,2000,Ω,,0,,3.5137336623184208,0.0017568668311592104,0.006173162124854811,0,true,true,backward_euler_step_doubling,0.00002,,0.6,,,,,,
0.018838189804569874,C6,capacitor,B,C,100,µF,,0,V,-0.14903390905713243,-0.0007293995065225839,0.00010870525972140405,0.0000011105553024424808,true,true,backward_euler_step_doubling,0.00002,1e-7,0.6,,,,,,
0.019027174986395255,V1,voltage,A,0,6,V,,0,,6,-0.005121369980467488,-0.030728219882804927,0,true,true,backward_euler_step_doubling,0.00002,,0.6,dc,5,10,0,50,2
0.019027174986395255,R2,resistor,A,B,1000,Ω,,0,,2.635890058597115,0.002635890058597115,0.006947916401011103,0,true,true,backward_euler_step_doubling,0.00002,,0.6,,,,,,
0.019027174986395255,R3,resistor,B,0,1000,Ω,,0,,3.364109941402885,0.003364109941402885,0.011317235697845722,0,true,true,backward_euler_step_doubling,0.00002,,0.6,,,,,,
0.019027174986395255,R4,resistor,A,C,1000,Ω,,0,,2.4854799218703736,0.0024854799218703735,0.006177610442020759,0,true,true,backward_euler_step_doubling,0.00002,,0.6,,,,,,
0.019027174986395255,R5,resistor,C,0,2000,Ω,,0,,3.5145200781296264,0.0017572600390648133,0.006175925689788138,0,true,true,backward_euler_step_doubling,0.00002,,0.6,,,,,,
0.019027174986395255,C6,capacitor,B,C,100,µF,,0,V,-0.15041013672674142,-0.0007282198828057335,0.00010953165213994197,0.0000011311604615078523,true,true,backward_euler_step_doubling,0.00002,1e-7,0.6,,,,,,
0.019216160168220635,V1,voltage,A,0,6,V,,0,,6,-0.0051211736944730794,-0.030727042166838477,0,true,true,backward_euler_step_doubling,0.00002,,0.6,dc,5,10,0,50,2
0.019216160168220635,R2,resistor,A,B,1000,Ω,,0,,2.636478916580385,0.0026364789165803848,0.0069510210775728795,0,true,true,backward_euler_step_doubling,0.00002,,0.6,,,,,,
0.019216160168220635,R3,resistor,B,0,1000,Ω,,0,,3.363521083419615,0.0033635210834196154,0.011313274078608262,0,true,true,backward_euler_step_doubling,0.00002,,0.6,,,,,,
0.019216160168220635,R4,resistor,A,C,1000,Ω,,0,,2.484694777892695,0.0024846947778926947,0.0061737081392872276,0,true,true,backward_euler_step_doubling,0.00002,,0.6,,,,,,
0.019216160168220635,R5,resistor,C,0,2000,Ω,,0,,3.515305222107305,0.0017576526110536525,0.006178685402287444,0,true,true,backward_euler_step_doubling,0.00002,,0.6,,,,,,
0.019216160168220635,C6,capacitor,B,C,100,µF,,0,V,-0.15178413868768992,-0.0007270421668393343,0.00011035346908334012,0.0000011519212378581943,true,true,backward_euler_step_doubling,0.00002,1e-7,0.6,,,,,,
0.019407137114842883,V1,voltage,A,0,6,V,,0,,6,-0.005120975663933776,-0.030725853983602655,0,true,true,backward_euler_step_doubling,0.00002,,0.6,dc,5,10,0,50,2
0.019407137114842883,R2,resistor,A,B,1000,Ω,,0,,2.637073008198144,0.0026370730081981437,0.006954154050567207,0,true,true,backward_euler_step_doubling,0.00002,,0.6,,,,,,
0.019407137114842883,R3,resistor,B,0,1000,Ω,,0,,3.362926991801856,0.003362926991801856,0.011309277952189481,0,true,true,backward_euler_step_doubling,0.00002,,0.6,,,,,,
0.019407137114842883,R4,resistor,A,C,1000,Ω,,0,,2.4839026557356316,0.0024839026557356317,0.0061697724031705235,0,true,true,backward_euler_step_doubling,0.00002,,0.6,,,,,,
0.019407137114842883,R5,resistor,C,0,2000,Ω,,0,,3.5160973442643684,0.0017580486721321842,0.006181470267171472,0,true,true,backward_euler_step_doubling,0.00002,,0.6,,,,,,
0.019407137114842883,C6,capacitor,B,C,100,µF,,0,V,-0.15317035246251232,-0.0007258539836037442,0.00011117931050490414,0.0000011730578436745126,true,true,backward_euler_step_doubling,0.00002,1e-7,0.6,,,,,,
0.019598114061465135,V1,voltage,A,0,6,V,,0,,6,-0.0051207779570299015,-0.03072466774217941,0,true,true,backward_euler_step_doubling,0.00002,,0.6,dc,5,10,0,50,2
0.019598114061465135,R2,resistor,A,B,1000,Ω,,0,,2.637666128909793,0.002637666128909793,0.006957282607597972,0,true,true,backward_euler_step_doubling,0.00002,,0.6,,,,,,
0.019598114061465135,R3,resistor,B,0,1000,Ω,,0,,3.362333871090207,0.0033623338710902072,0.011305289060680459,0,true,true,backward_euler_step_doubling,0.00002,,0.6,,,,,,
0.019598114061465135,R4,resistor,A,C,1000,Ω,,0,,2.483111828120108,0.002483111828120108,0.006165844350949985,0,true,true,backward_euler_step_doubling,0.00002,,0.6,,,,,,
0.019598114061465135,R5,resistor,C,0,2000,Ω,,0,,3.516888171879892,0.001758444085939946,0.0061842512067543445,0,true,true,backward_euler_step_doubling,0.00002,,0.6,,,,,,
0.019598114061465135,C6,capacitor,B,C,100,µF,,0,V,-0.1545543007896848,-0.0007246677421803751,0.00011200051619752744,0.000001194351594629418,true,true,backward_euler_step_doubling,0.00002,1e-7,0.6,,,,,,
0.019791089424286763,V1,voltage,A,0,6,V,,0,,6,-0.0051205785111847245,-0.03072347106710835,0,true,true,backward_euler_step_doubling,0.00002,,0.6,dc,5,10,0,50,2
0.019791089424286763,R2,resistor,A,B,1000,Ω,,0,,2.638264466445537,0.0026382644664455367,0.006960439394909153,0,true,true,backward_euler_step_doubling,0.00002,,0.6,,,,,,
0.019791089424286763,R3,resistor,B,0,1000,Ω,,0,,3.361735533554463,0.003361735533554463,0.01130126579756271,0,true,true,backward_euler_step_doubling,0.00002,,0.6,,,,,,
0.019791089424286763,R4,resistor,A,C,1000,Ω,,0,,2.482314044739189,0.002482314044739189,0.006161883016709432,0,true,true,backward_euler_step_doubling,0.00002,,0.6,,,,,,
0.019791089424286763,R5,resistor,C,0,2000,Ω,,0,,3.517685955260811,0.0017588429776304055,0.006187057239919583,0,true,true,backward_euler_step_doubling,0.00002,,0.6,,,,,,
0.019791089424286763,C6,capacitor,B,C,100,µF,,0,V,-0.15595042170634787,-0.0007234710671089896,0.00011282561800798844,0.000001216026701519387,true,true,backward_euler_step_doubling,0.00002,1e-7,0.6,,,,,,
0.01998406478710839,V1,voltage,A,0,6,V,,0,,6,-0.005120379394693008,-0.030722276368158045,0,true,true,backward_euler_step_doubling,0.00002,,0.6,dc,5,10,0,50,2
0.01998406478710839,R2,resistor,A,B,1000,Ω,,0,,2.6388618159206927,0.0026388618159206927,0.006963591683524256,0,true,true,backward_euler_step_doubling,0.00002,,0.6,,,,,,
0.01998406478710839,R3,resistor,B,0,1000,Ω,,0,,3.3611381840793073,0.0033611381840793074,0.011297249892475944,0,true,true,backward_euler_step_doubling,0.00002,,0.6,,,,,,
0.01998406478710839,R4,resistor,A,C,1000,Ω,,0,,2.4815175787723156,0.0024815175787723156,0.006157929493756016,0,true,true,backward_euler_step_doubling,0.00002,,0.6,,,,,,
0.01998406478710839,R5,resistor,C,0,2000,Ω,,0,,3.5184824212276844,0.0017592412106138423,0.006189859274244114,0,true,true,backward_euler_step_doubling,0.00002,,0.6,,,,,,
0.01998406478710839,C6,capacitor,B,C,100,µF,,0,V,-0.1573442371483771,-0.0007222763681587413,0.00011364602415823752,0.0000012378604481902363,true,true,backward_euler_step_doubling,0.00002,1e-7,0.6,,,,,,
0.020179045306839276,V1,voltage,A,0,6,V,,0,,6,-0.005120178544906102,-0.030721071269436614,0,true,true,backward_euler_step_doubling,0.00002,,0.6,dc,5,10,0,50,2
0.020179045306839276,R2,resistor,A,B,1000,Ω,,0,,2.6394643652816283,0.0026394643652816285,0.00696677213559155,0,true,true,backward_euler_step_doubling,0.00002,,0.6,,,,,,
0.020179045306839276,R3,resistor,B,0,1000,Ω,,0,,3.3605356347183717,0.0033605356347183716,0.011293199752212008,0,true,true,backward_euler_step_doubling,0.00002,,0.6,,,,,,
0.020179045306839276,R4,resistor,A,C,1000,Ω,,0,,2.4807141796244734,0.0024807141796244735,0.006153942840989924,0,true,true,backward_euler_step_doubling,0.00002,,0.6,,,,,,
0.020179045306839276,R5,resistor,C,0,2000,Ω,,0,,3.5192858203755266,0.0017596429101877633,0.006192686342748122,0,true,true,backward_euler_step_doubling,0.00002,,0.6,,,,,,
0.020179045306839276,C6,capacitor,B,C,100,µF,,0,V,-0.15875018565715493,-0.0007210712694367353,0.00011447019789512212,0.000001260081072309058,true,true,backward_euler_step_doubling,0.00002,1e-7,0.6,,,,,,
0.020374025826570163,V1,voltage,A,0,6,V,,0,,6,-0.005119978030231614,-0.030719868181389685,0,true,true,backward_euler_step_doubling,0.00002,,0.6,dc,5,10,0,50,2
0.020374025826570163,R2,resistor,A,B,1000,Ω,,0,,2.6400659093051093,0.002640065909305109,0.006969948005475013,0,true,true,backward_euler_step_doubling,0.00002,,0.6,,,,,,
0.020374025826570163,R3,resistor,B,0,1000,Ω,,0,,3.3599340906948907,0.0033599340906948906,0.011289157093813701,0,true,true,backward_euler_step_doubling,0.00002,,0.6,,,,,,
0.020374025826570163,R4,resistor,A,C,1000,Ω,,0,,2.479912120926503,0.002479912120926503,0.006149964127518187,0,true,true,backward_euler_step_doubling,0.00002,,0.6,,,,,,
0.020374025826570163,R5,resistor,C,0,2000,Ω,,0,,3.520087879073497,0.0017600439395367485,0.006195509338200075,0,true,true,backward_euler_step_doubling,0.00002,,0.6,,,,,,
0.020374025826570163,C6,capacitor,B,C,100,µF,,0,V,-0.16015378837860617,-0.0007198681813898652,0.00011528961638280454,0.0000012824617966009683,true,true,backward_euler_step_doubling,0.00002,1e-7,0.6,,,,,,
0.020571018334313906,V1,voltage,A,0,6,V,,0,,6,-0.005119775787950072,-0.030718654727700433,0,true,true,backward_euler_step_doubling,0.00002,,0.6,dc,5,10,0,50,2
0.020571018334313906,R2,resistor,A,B,1000,Ω,,0,,2.6406726361493975,0.0026406726361493976,0.006973151971308209,0,true,true,backward_euler_step_doubling,0.00002,,0.6,,,,,,
0.020571018334313906,R3,resistor,B,0,1000,Ω,,0,,3.3593273638506025,0.0033593273638506025,0.011285080337515439,0,true,true,backward_euler_step_doubling,0.00002,,0.6,,,,,,
0.020571018334313906,R4,resistor,A,C,1000,Ω,,0,,2.479103151800674,0.002479103151800674,0.006145952437268036,0,true,true,backward_euler_step_doubling,0.00002,,0.6,,,,,,
0.020571018334313906,R5,resistor,C,0,2000,Ω,,0,,3.520896848199326,0.001760448424099663,0.006198357307829973,0,true,true,backward_euler_step_doubling,0.00002,,0.6,,,,,,
0.020571018334313906,C6,capacitor,B,C,100,µF,,0,V,-0.16156948434872342,-0.0007186547277010467,0.00011611267377943035,0.0000013052349136356192,true,true,backward_euler_step_doubling,0.00002,1e-7,0.6,,,,,,
0.02076801084205765,V1,voltage,A,0,6,V,,0,,6,-0.005119573886580541,-0.03071744331948325,0,true,true,backward_euler_step_doubling,0.00002,,0.6,dc,5,10,0,50,2
0.02076801084205765,R2,resistor,A,B,1000,Ω,,0,,2.641278340257978,0.002641278340257978,0.006976351270715939,0,true,true,backward_euler_step_doubling,0.00002,,0.6,,,,,,
0.02076801084205765,R3,resistor,B,0,1000,Ω,,0,,3.358721659742022,0.003358721659742022,0.011281011187620203,0,true,true,backward_euler_step_doubling,0.00002,,0.6,,,,,,
0.02076801084205765,R4,resistor,A,C,1000,Ω,,0,,2.478295546322563,0.002478295546322563,0.006141948814922251,0,true,true,backward_euler_step_doubling,0.00002,,0.6,,,,,,
0.02076801084205765,R5,resistor,C,0,2000,Ω,,0,,3.521704453677437,0.0017608522268387186,0.006201201129525749,0,true,true,backward_euler_step_doubling,0.00002,,0.6,,,,,,
0.02076801084205765,C6,capacitor,B,C,100,µF,,0,V,-0.16298279393541515,-0.0007174433194841216,0.0001169309166998208,0.0000013281695559496997,true,true,backward_euler_step_doubling,0.00002,1e-7,0.6,,,,,,
0.02096702226020375,V1,voltage,A,0,6,V,,0,,6,-0.005119370263334433,-0.0307162215800066,0,true,true,backward_euler_step_doubling,0.00002,,0.6,dc,5,10,0,50,2
0.02096702226020375,R2,resistor,A,B,1000,Ω,,0,,2.641889209996644,0.002641889209996644,0.0069795785978966915,0,true,true,backward_euler_step_doubling,0.00002,,0.6,,,,,,
0.02096702226020375,R3,resistor,B,0,1000,Ω,,0,,3.358110790003356,0.003358110790003356,0.011276908077936963,0,true,true,backward_euler_step_doubling,0.00002,,0.6,,,,,,
0.02096702226020375,R4,resistor,A,C,1000,Ω,,0,,2.477481053337789,0.0024774810533377887,0.006137912369647719,0,true,true,backward_euler_step_doubling,0.00002,,0.6,,,,,,
0.02096702226020375,R5,resistor,C,0,2000,Ω,,0,,3.522518946662211,0.0017612594733311055,0.006204069864797127,0,true,true,backward_euler_step_doubling,0.00002,,0.6,,,,,,
0.02096702226020375,C6,capacitor,B,C,100,µF,,0,V,-0.1644081566588551,-0.0007162215800068053,0.00011775266972821158,0.0000013515020987981321,true,true,backward_euler_step_doubling,0.00002,1e-7,0.6,,,,,,
0.021166033678349853,V1,voltage,A,0,6,V,,0,,6,-0.005119166986839732,-0.03071500192103839,0,true,true,backward_euler_step_doubling,0.00002,,0.6,dc,5,10,0,50,2
0.021166033678349853,R2,resistor,A,B,1000,Ω,,0,,2.642499039480709,0.002642499039480709,0.00698280117365647,0,true,true,backward_euler_step_doubling,0.00002,,0.6,,,,,,
0.021166033678349853,R3,resistor,B,0,1000,Ω,,0,,3.357500960519291,0.003357500960519291,0.011272812699887962,0,true,true,backward_euler_step_doubling,0.00002,,0.6,,,,,,
0.021166033678349853,R4,resistor,A,C,1000,Ω,,0,,2.4766679473590227,0.002476667947359023,0.006133884121475555,0,true,true,backward_euler_step_doubling,0.00002,,0.6,,,,,,
0.021166033678349853,R5,resistor,C,0,2000,Ω,,0,,3.5233320526409773,0.0017616660263204886,0.006206934376583641,0,true,true,backward_euler_step_doubling,0.00002,,0.6,,,,,,
0.021166033678349853,C6,capacitor,B,C,100,µF,,0,V,-0.16583109212168612,-0.0007150019210387111,0.00011856954943495304,0.0000013749975557135572,true,true,backward_euler_step_doubling,0.00002,1e-7,0.6,,,,,,
0.021367071021742966,V1,voltage,A,0,6,V,,0,,6,-0.005118961994240098,-0.03071377196544059,0,true,true,backward_euler_step_doubling,0.00002,,0.6,dc,5,10,0,50,2
0.021367071021742966,R2,resistor,A,B,1000,Ω,,0,,2.6431140172794962,0.002643114017279496,0.006986051708339357,0,true,true,backward_euler_step_doubling,0.00002,,0.6,,,,,,
0.021367071021742966,R3,resistor,B,0,1000,Ω,,0,,3.3568859827205038,0.003356885982720504,0.011268683500985402,0,true,true,backward_euler_step_doubling,0.00002,,0.6,,,,,,
0.021367071021742966,R4,resistor,A,C,1000,Ω,,0,,2.4758479769606025,0.0024758479769606025,0.006129823205019908,0,true,true,backward_euler_step_doubling,0.00002,,0.6,,,,,,
0.021367071021742966,R5,resistor,C,0,2000,Ω,,0,,3.5241520230393975,0.0017620760115196988,0.006209823740746339,0,true,true,backward_euler_step_doubling,0.00002,,0.6,,,,,,
0.021367071021742966,C6,capacitor,B,C,100,µF,,0,V,-0.1672660403188937,-0.0007137719654410871,0.00011938981034996487,0.0000013988964121980884,true,true,backward_euler_step_doubling,0.00002,1e-7,0.6,,,,,,
0.02156810836513608,V1,voltage,A,0,6,V,,0,,6,-0.0051187573542714375,-0.030712544125628627,0,true,true,backward_euler_step_doubling,0.00002,,0.6,dc,5,10,0,50,2
0.02156810836513608,R2,resistor,A,B,1000,Ω,,0,,2.6437279371854996,0.0026437279371854996,0.006989297405855097,0,true,true,backward_euler_step_doubling,0.00002,,0.6,,,,,,
0.02156810836513608,R3,resistor,B,0,1000,Ω,,0,,3.3562720628145004,0.0033562720628145006,0.011264562159629102,0,true,true,backward_euler_step_doubling,0.00002,,0.6,,,,,,
0.02156810836513608,R4,resistor,A,C,1000,Ω,,0,,2.475029417085938,0.002475029417085938,0.006125770615440757,0,true,true,backward_euler_step_doubling,0.00002,,0.6,,,,,,
0.02156810836513608,R5,resistor,C,0,2000,Ω,,0,,3.524970582914062,0.001762485291457031,0.006212708805204752,0,true,true,backward_euler_step_doubling,0.00002,,0.6,,,,,,
0.02156810836513608,C6,capacitor,B,C,100,µF,,0,V,-0.16869852009956166,-0.0007125441256288652,0.00012020513949922571,0.0000014229595341891104,true,true,backward_euler_step_doubling,0.00002,1e-7,0.6,,,,,,
0.021771178742211593,V1,voltage,A,0,6,V,,0,,6,-0.005118551004010768,-0.03071130602406461,0,true,true,backward_euler_step_doubling,0.00002,,0.6,dc,5,10,0,50,2
0.021771178742211593,R2,resistor,A,B,1000,Ω,,0,,2.644346987967779,0.002644346987967779,0.006992570992774264,0,true,true,backward_euler_step_doubling,0.00002,,0.6,,,,,,
0.021771178742211593,R3,resistor,B,0,1000,Ω,,0,,3.355653012032221,0.0033556530120322212,0.011260407137160918,0,true,true,backward_euler_step_doubling,0.00002,,0.6,,,,,,
0.021771178742211593,R4,resistor,A,C,1000,Ω,,0,,2.474204016042989,0.002474204016042989,0.006121685513003255,0,true,true,backward_euler_step_doubling,0.00002,,0.6,,,,,,
0.021771178742211593,R5,resistor,C,0,2000,Ω,,0,,3.525795983957011,0.0017628979919785054,0.006215618660243693,0,true,true,backward_euler_step_doubling,0.00002,,0.6,,,,,,
0.021771178742211593,C6,capacitor,B,C,100,µF,,0,V,-0.17014297192478978,-0.0007113060240642552,0.00012102372088229842,0.00000144743154476999,true,true,backward_euler_step_doubling,0.00002,1e-7,0.6,,,,,,
0.021974249119287106,V1,voltage,A,0,6,V,,0,,6,-0.005118345012299857,-0.030710070073799143,0,true,true,backward_euler_step_doubling,0.00002,,0.6,dc,5,10,0,50,2
0.021974249119287106,R2,resistor,A,B,1000,Ω,,0,,2.6449649631005054,0.0026449649631005052,0.006995839656029257,0,true,true,backward_euler_step_doubling,0.00002,,0.6,,,,,,
0.021974249119287106,R3,resistor,B,0,1000,Ω,,0,,3.3550350368994946,0.0033550350368994944,0.011256260098823193,0,true,true,backward_euler_step_doubling,0.00002,,0.6,,,,,,
0.021974249119287106,R4,resistor,A,C,1000,Ω,,0,,2.473380049199352,0.002473380049199352,0.006117608867777388,0,true,true,backward_euler_step_doubling,0.00002,,0.6,,,,,,
0.021974249119287106,R5,resistor,C,0,2000,Ω,,0,,3.526619950800648,0.0017633099754003241,0.006218524138692583,0,true,true,backward_euler_step_doubling,0.00002,,0.6,,,,,,
0.021974249119287106,C6,capacitor,B,C,100,µF,,0,V,-0.1715849139011536,-0.0007100700737989132,0.0001218373124765723,0.0000014720691339233146,true,true,backward_euler_step_doubling,0.00002,1e-7,0.6,,,,,,
0.022179359733089814,V1,voltage,A,0,6,V,,0,,6,-0.005118137316150469,-0.030708823896902812,0,true,true,backward_euler_step_doubling,0.00002,,0.6,dc,5,10,0,50,2
0.022179359733089814,R2,resistor,A,B,1000,Ω,,0,,2.6455880515486694,0.0026455880515486693,0.006999136138497085,0,true,true,backward_euler_step_doubling,0.00002,,0.6,,,,,,
0.022179359733089814,R3,resistor,B,0,1000,Ω,,0,,3.3544119484513306,0.0033544119484513308,0.011252079519913053,0,true,true,backward_euler_step_doubling,0.00002,,0.6,,,,,,
0.022179359733089814,R4,resistor,A,C,1000,Ω,,0,,2.4725492646017986,0.0024725492646017985,0.006113499865882895,0,true,true,backward_euler_step_doubling,0.00002,,0.6,,,,,,
0.022179359733089814,R5,resistor,C,0,2000,Ω,,0,,3.5274507353982014,0.0017637253676991006,0.006221454345330656,0,true,true,backward_euler_step_doubling,0.00002,,0.6,,,,,,
0.022179359733089814,C6,capacitor,B,C,100,µF,,0,V,-0.1730387869468708,-0.0007088238969026086,0.00012265402727898122,0.0000014971210894022273,true,true,backward_euler_step_doubling,0.00002,1e-7,0.6,,,,,,
0.022384470346892518,V1,voltage,A,0,6,V,,0,,6,-0.005117929984508967,-0.0307075799070538,0,true,true,backward_euler_step_doubling,0.00002,,0.6,dc,5,10,0,50,2
0.022384470346892518,R2,resistor,A,B,1000,Ω,,0,,2.64621004647317,0.0026462100464731703,0.007002427610055538,0,true,true,backward_euler_step_doubling,0.00002,,0.6,,,,,,
0.022384470346892518,R3,resistor,B,0,1000,Ω,,0,,3.35378995352683,0.00335378995352683,0.011247907052377496,0,true,true,backward_euler_step_doubling,0.00002,,0.6,,,,,,
0.022384470346892518,R4,resistor,A,C,1000,Ω,,0,,2.471719938035797,0.002471719938035797,0.006109399452083684,0,true,true,backward_euler_step_doubling,0.00002,,0.6,,,,,,
0.022384470346892518,R5,resistor,C,0,2000,Ω,,0,,3.528280061964203,0.0017641400309821016,0.0062243800978270605,0,true,true,backward_euler_step_doubling,0.00002,,0.6,,,,,,
0.022384470346892518,C6,capacitor,B,C,100,µF,,0,V,-0.17449010843737334,-0.0007075799070537344,0.00012346569470991265,0.000001522339897124315,true,true,backward_euler_step_doubling,0.00002,1e-7,0.6,,,,,,
0.022591628496149714,V1,voltage,A,0,6,V,,0,,6,-0.005117720954323049,-0.03070632572593829,0,true,true,backward_euler_step_doubling,0.00002,,0.6,dc,5,10,0,50,2
0.022591628496149714,R2,resistor,A,B,1000,Ω,,0,,2.6468371370310013,0.002646837137031001,0.007005746829966467,0,true,true,backward_euler_step_doubling,0.00002,,0.6,,,,,,
0.022591628496149714,R3,resistor,B,0,1000,Ω,,0,,3.3531628629689987,0.0033531628629689986,0.011243701185594451,0,true,true,backward_euler_step_doubling,0.00002,,0.6,,,,,,
0.022591628496149714,R4,resistor,A,C,1000,Ω,,0,,2.470883817292047,0.002470883817292047,0.006105266838555719,0,true,true,backward_euler_step_doubling,0.00002,,0.6,,,,,,
0.022591628496149714,R5,resistor,C,0,2000,Ω,,0,,3.529116182707953,0.0017645580913539765,0.006227330515525577,0,true,true,backward_euler_step_doubling,0.00002,,0.6,,,,,,
0.022591628496149714,C6,capacitor,B,C,100,µF,,0,V,-0.17595331973895423,-0.0007063257259381278,0.00012428035629584035,0.000001547978536357933,true,true,backward_euler_step_doubling,0.00002,1e-7,0.6,,,,,,
0.022798786645406913,V1,voltage,A,0,6,V,,0,,6,-0.005117512294641865,-0.030705073767851192,0,true,true,backward_euler_step_doubling,0.00002,,0.6,dc,5,10,0,50,2
0.022798786645406913,R2,resistor,A,B,1000,Ω,,0,,2.6474631160745976,0.0026474631160745975,0.007009060950975418,0,true,true,backward_euler_step_doubling,0.00002,,0.6,,,,,,
0.022798786645406913,R3,resistor,B,0,1000,Ω,,0,,3.3525368839254024,0.003352536883925402,0.011239503558080247,0,true,true,backward_euler_step_doubling,0.00002,,0.6,,,,,,
0.022798786645406913,R4,resistor,A,C,1000,Ω,,0,,2.470049178567266,0.0024700491785672658,0.006101142944540824,0,true,true,backward_euler_step_doubling,0.00002,,0.6,,,,,,
0.022798786645406913,R5,resistor,C,0,2000,Ω,,0,,3.529950821432734,0.0017649754107163672,0.006230276400866818,0,true,true,backward_euler_step_doubling,0.00002,,0.6,,,,,,
0.022798786645406913,C6,capacitor,B,C,100,µF,,0,V,-0.1774139375073318,-0.0007050737678507392,0.00012508991338753002,0.0000015737852610927716,true,true,backward_euler_step_doubling,0.00002,1e-7,0.6,,,,,,
0.02300799972578666,V1,voltage,A,0,6,V,,0,,6,-0.005117301942350055,-0.03070381165410033,0,true,true,backward_euler_step_doubling,0.00002,,0.6,dc,5,10,0,50,2
0.02300799972578666,R2,resistor,A,B,1000,Ω,,0,,2.6480941729495013,0.0026480941729495012,0.007012402748809103,0,true,true,backward_euler_step_doubling,0.00002,,0.6,,,,,,
0.02300799972578666,R3,resistor,B,0,1000,Ω,,0,,3.3519058270504987,0.0033519058270504985,0.011235272673415087,0,true,true,backward_euler_step_doubling,0.00002,,0.6,,,,,,
0.02300799972578666,R4,resistor,A,C,1000,Ω,,0,,2.4692077694005534,0.0024692077694005534,0.006096987008468057,0,true,true,backward_euler_step_doubling,0.00002,,0.6,,,,,,
0.02300799972578666,R5,resistor,C,0,2000,Ω,,0,,3.5307922305994466,0.0017653961152997234,0.006233246887830708,0,true,true,backward_euler_step_doubling,0.00002,,0.6,,,,,,
0.02300799972578666,C6,capacitor,B,C,100,µF,,0,V,-0.17888640354894791,-0.0007038116541008793,0.00012590233557794244,0.000001600017268733852,true,true,backward_euler_step_doubling,0.00002,1e-7,0.6,,,,,,
0.02321721280616641,V1,voltage,A,0,6,V,,0,,6,-0.005117091966598466,-0.030702551799590798,0,true,true,backward_euler_step_doubling,0.00002,,0.6,dc,5,10,0,50,2
0.02321721280616641,R2,resistor,A,B,1000,Ω,,0,,2.6487241002043014,0.0026487241002043013,0.007015739359003086,0,true,true,backward_euler_step_doubling,0.00002,,0.6,,,,,,
0.02321721280616641,R3,resistor,B,0,1000,Ω,,0,,3.3512758997956986,0.003351275899795699,0.01123105015655147,0,true,true,backward_euler_step_doubling,0.00002,,0.6,,,,,,
0.02321721280616641,R4,resistor,A,C,1000,Ω,,0,,2.4683678663941646,0.0024683678663941647,0.006092839923847281,0,true,true,backward_euler_step_doubling,0.00002,,0.6,,,,,,
0.02321721280616641,R5,resistor,C,0,2000,Ω,,0,,3.5316321336058354,0.0017658160668029177,0.006236212763558653,0,true,true,backward_euler_step_doubling,0.00002,,0.6,,,,,,
0.02321721280616641,C6,capacitor,B,C,100,µF,,0,V,-0.18035623381013677,-0.0007025517995915593,0.00012670959663086762,0.000001626418553708836,true,true,backward_euler_step_doubling,0.00002,1e-7,0.6,,,,,,
0.023428488311349305,V1,voltage,A,0,6,V,,0,,6,-0.0051168803042100685,-0.030701281825260412,0,true,true,backward_euler_step_doubling,0.00002,,0.6,dc,5,10,0,50,2
0.023428488311349305,R2,resistor,A,B,1000,Ω,,0,,2.649359087369641,0.002649359087369641,0.007019103573828097,0,true,true,backward_euler_step_doubling,0.00002,,0.6,,,,,,
0.023428488311349305,R3,resistor,B,0,1000,Ω,,0,,3.350640912630359,0.003350640912630359,0.011226794525392405,0,true,true,backward_euler_step_doubling,0.00002,,0.6,,,,,,
0.023428488311349305,R4,resistor,A,C,1000,Ω,,0,,2.467521216840429,0.0024675212168404287,0.00608866095555767,0,true,true,backward_euler_step_doubling,0.00002,,0.6,,,,,,
0.023428488311349305,R5,resistor,C,0,2000,Ω,,0,,3.532478783159571,0.0017662393915797857,0.006239203176736262,0,true,true,backward_euler_step_doubling,0.00002,,0.6,,,,,,
0.023428488311349305,C6,capacitor,B,C,100,µF,,0,V,-0.18183787052921208,-0.0007012818252606615,0.00012751959374623768,0.0000016532505579299247,true,true,backward_euler_step_doubling,0.00002,1e-7,0.6,,,,,,
0.023639763816532204,V1,voltage,A,0,6,V,,0,,6,-0.005116669024435127,-0.03070001414661076,0,true,true,backward_euler_step_doubling,0.00002,,0.6,dc,5,10,0,50,2
0.023639763816532204,R2,resistor,A,B,1000,Ω,,0,,2.649992926694472,0.002649992926694472,0.007022462511530733,0,true,true,backward_euler_step_doubling,0.00002,,0.6,,,,,,
0.023639763816532204,R3,resistor,B,0,1000,Ω,,0,,3.350007073305528,0.003350007073305528,0.01122254739119707,0,true,true,backward_euler_step_doubling,0.00002,,0.6,,,,,,
0.023639763816532204,R4,resistor,A,C,1000,Ω,,0,,2.4666760977406557,0.0024666760977406555,0.006084490971165068,0,true,true,backward_euler_step_doubling,0.00002,,0.6,,,,,,
0.023639763816532204,R5,resistor,C,0,2000,Ω,,0,,3.5333239022593443,0.001766661951129672,0.0062421888991386005,0,true,true,backward_euler_step_doubling,0.00002,,0.6,,,,,,
0.023639763816532204,C6,capacitor,B,C,100,µF,,0,V,-0.1833168289538163,-0.0007000141466110357,0.0001283243735795469,0.000001680252988884137,true,true,backward_euler_step_doubling,0.00002,1e-7,0.6,,,,,,
0.023853109339461567,V1,voltage,A,0,6,V,,0,,6,-0.0051164560640361454,-0.03069873638421687,0,true,true,backward_euler_step_doubling,0.00002,,0.6,dc,5,10,0,50,2
0.023853109339461567,R2,resistor,A,B,1000,Ω,,0,,2.6506318078913833,0.002650631807891383,0.007025848981005543,0,true,true,backward_euler_step_doubling,0.00002,,0.6,,,,,,
0.023853109339461567,R3,resistor,B,0,1000,Ω,,0,,3.3493681921086167,0.0033493681921086165,0.011218267286308942,0,true,true,backward_euler_step_doubling,0.00002,,0.6,,,,,,
0.023853109339461567,R4,resistor,A,C,1000,Ω,,0,,2.4658242561447614,0.0024658242561447614,0.0060802892621918654,0,true,true,backward_euler_step_doubling,0.00002,,0.6,,,,,,
0.023853109339461567,R5,resistor,C,0,2000,Ω,,0,,3.5341757438552386,0.0017670878719276194,0.0062451990942273645,0,true,true,backward_euler_step_doubling,0.00002,,0.6,,,,,,
0.023853109339461567,C6,capacitor,B,C,100,µF,,0,V,-0.1848075517466219,-0.0006987363842170599,0.00012913176048344178,0.0000017076915591290162,true,true,backward_euler_step_doubling,0.00002,1e-7,0.6,,,,,,
0.024066454862390927,V1,voltage,A,0,6,V,,0,,6,-0.005116243492361886,-0.030697460954171314,0,true,true,backward_euler_step_doubling,0.00002,,0.6,dc,5,10,0,50,2
0.024066454862390927,R2,resistor,A,B,1000,Ω,,0,,2.6512695229142063,0.0026512695229142062,0.007029230083133723,0,true,true,backward_euler_step_doubling,0.00002,,0.6,,,,,,
0.024066454862390927,R3,resistor,B,0,1000,Ω,,0,,3.3487304770857937,0.003348730477085794,0.011213995808163249,0,true,true,backward_euler_step_doubling,0.00002,,0.6,,,,,,
0.024066454862390927,R4,resistor,A,C,1000,Ω,,0,,2.464973969447679,0.002464973969447679,0.006076096670054647,0,true,true,backward_euler_step_doubling,0.00002,,0.6,,,,,,
0.024066454862390927,R5,resistor,C,0,2000,Ω,,0,,3.535026030552321,0.0017675130152761604,0.006248204518341249,0,true,true,backward_euler_step_doubling,0.00002,,0.6,,,,,,
0.024066454862390927,C6,capacitor,B,C,100,µF,,0,V,-0.18629555346652715,-0.0006974609541714823,0.00012993387447866842,0.0000017353016620699838,true,true,backward_euler_step_doubling,0.00002,1e-7,0.6,,,,,,
0.02428187809636946,V1,voltage,A,0,6,V,,0,,6,-0.00511602924611527,-0.03069617547669162,0,true,true,backward_euler_step_doubling,0.00002,,0.6,dc,5,10,0,50,2
0.02428187809636946,R2,resistor,A,B,1000,Ω,,0,,2.6519122616539264,0.002651912261653926,0.007032638643510442,0,true,true,backward_euler_step_doubling,0.00002,,0.6,,,,,,
0.02428187809636946,R3,resistor,B,0,1000,Ω,,0,,3.3480877383460736,0.0033480877383460735,0.011209691503663325,0,true,true,backward_euler_step_doubling,0.00002,,0.6,,,,,,
0.02428187809636946,R4,resistor,A,C,1000,Ω,,0,,2.4641169844613438,0.0024641169844613437,0.006071872513110866,0,true,true,backward_euler_step_doubling,0.00002,,0.6,,,,,,
0.02428187809636946,R5,resistor,C,0,2000,Ω,,0,,3.5358830155386562,0.0017679415077693282,0.0062512343497873706,0,true,true,backward_euler_step_doubling,0.00002,,0.6,,,,,,
0.02428187809636946,C6,capacitor,B,C,100,µF,,0,V,-0.1877952771925826,-0.0006961754766920251,0.0001307384666200572,0.0000017633533067919463,true,true,backward_euler_step_doubling,0.00002,1e-7,0.6,,,,,,
0.024497301330347998,V1,voltage,A,0,6,V,,0,,6,-0.005115815394742017,-0.030694892368452104,0,true,true,backward_euler_step_doubling,0.00002,,0.6,dc,5,10,0,50,2
0.024497301330347998,R2,resistor,A,B,1000,Ω,,0,,2.652553815773695,0.002652553815773695,0.007036041745575589,0,true,true,backward_euler_step_doubling,0.00002,,0.6,,,,,,
0.024497301330347998,R3,resistor,B,0,1000,Ω,,0,,3.347446184226305,0.0033474461842263052,0.011205395956291251,0,true,true,backward_euler_step_doubling,0.00002,,0.6,,,,,,
0.024497301330347998,R4,resistor,A,C,1000,Ω,,0,,2.463261578968322,0.002463261578968322,0.006067657606421511,0,true,true,backward_euler_step_doubling,0.00002,,0.6,,,,,,
0.024497301330347998,R5,resistor,C,0,2000,Ω,,0,,3.536738421031678,0.001768369210515839,0.006254259329400823,0,true,true,backward_euler_step_doubling,0.00002,,0.6,,,,,,
0.024497301330347998,C6,capacitor,B,C,100,µF,,0,V,-0.1892922368053731,-0.0006948923684525412,0.000131537730763365,0.0000017915775457390723,true,true,backward_euler_step_doubling,0.00002,1e-7,0.6,,,,,,
0.02471481007028803,V1,voltage,A,0,6,V,,0,,6,-0.005115599874886713,-0.030693599249320275,0,true,true,backward_euler_step_doubling,0.00002,,0.6,dc,5,10,0,50,2
0.02471481007028803,R2,resistor,A,B,1000,Ω,,0,,2.6532003753397584,0.0026532003753397585,0.007039472231703035,0,true,true,backward_euler_step_doubling,0.00002,,0.6,,,,,,
0.02471481007028803,R3,resistor,B,0,1000,Ω,,0,,3.3467996246602416,0.0033467996246602416,0.011201067727625934,0,true,true,backward_euler_step_doubling,0.00002,,0.6,,,,,,
0.02471481007028803,R4,resistor,A,C,1000,Ω,,0,,2.4623994995469545,0.0024623994995469547,0.006063411295369092,0,true,true,backward_euler_step_doubling,0.00002,,0.6,,,,,,
0.02471481007028803,R5,resistor,C,0,2000,Ω,,0,,3.5376005004530455,0.0017688002502265227,0.006257308650402819,0,true,true,backward_euler_step_doubling,0.00002,,0.6,,,,,,
0.02471481007028803,C6,capacitor,B,C,100,µF,,0,V,-0.19080087579280391,-0.0006935992493206325,0.00013233934421960804,0.000001820248710165049,true,true,backward_euler_step_doubling,0.00002,1e-7,0.6,,,,,,
0.024932318810228057,V1,voltage,A,0,6,V,,0,,6,-0.005115384756090384,-0.0306923085365423,0,true,true,backward_euler_step_doubling,0.00002,,0.6,dc,5,10,0,50,2
0.024932318810228057,R2,resistor,A,B,1000,Ω,,0,,2.653845731728759,0.002653845731728759,0.007042897167814952,0,true,true,backward_euler_step_doubling,0.00002,,0.6,,,,,,
0.024932318810228057,R3,resistor,B,0,1000,Ω,,0,,3.346154268271241,0.003346154268271241,0.011196748387069846,0,true,true,backward_euler_step_doubling,0.00002,,0.6,,,,,,
0.024932318810228057,R4,resistor,A,C,1000,Ω,,0,,2.4615390243616244,0.0024615390243616243,0.0060591743684551775,0,true,true,backward_euler_step_doubling,0.00002,,0.6,,,,,,
0.024932318810228057,R5,resistor,C,0,2000,Ω,,0,,3.5384609756383756,0.0017692304878191877,0.006260353038057842,0,true,true,backward_euler_step_doubling,0.00002,,0.6,,,,,,
0.024932318810228057,C6,capacitor,B,C,100,µF,,0,V,-0.1923067073671345,-0.0006923085365423835,0.0001331355751446253,0.000001849093484919435,true,true,backward_euler_step_doubling,0.00002,1e-7,0.6,,,,,,
0.025151920953954285,V1,voltage,A,0,6,V,,0,,6,-0.005115167974940221,-0.030691007849641325,0,true,true,backward_euler_step_doubling,0.00002,,0.6,dc,5,10,0,50,2
0.025151920953954285,R2,resistor,A,B,1000,Ω,,0,,2.6544960751792424,0.0026544960751792423,0.007046349413142002,0,true,true,backward_euler_step_doubling,0.00002,,0.6,,,,,,
0.025151920953954285,R3,resistor,B,0,1000,Ω,,0,,3.3455039248207576,0.003345503924820758,0.011192396510991093,0,true,true,backward_euler_step_doubling,0.00002,,0.6,,,,,,
0.025151920953954285,R4,resistor,A,C,1000,Ω,,0,,2.4606718997609787,0.0024606718997609786,0.006054906198273304,0,true,true,backward_euler_step_doubling,0.00002,,0.6,,,,,,
0.025151920953954285,R5,resistor,C,0,2000,Ω,,0,,3.5393281002390213,0.0017696640501195108,0.00626342170057078,0,true,true,backward_euler_step_doubling,0.00002,,0.6,,,,,,
0.025151920953954285,C6,capacitor,B,C,100,µF,,0,V,-0.1938241754182637,-0.000691007849641464,0.00013393402666430428,0.0000018783905488284928,true,true,backward_euler_step_doubling,0.00002,1e-7,0.6,,,,,,
0.025371523097680516,V1,voltage,A,0,6,V,,0,,6,-0.005114951601071474,-0.030689709606428847,0,true,true,backward_euler_step_doubling,0.00002,,0.6,dc,5,10,0,50,2
0.025371523097680516,R2,resistor,A,B,1000,Ω,,0,,2.6551451967854716,0.0026551451967854714,0.00704979601601296,0,true,true,backward_euler_step_doubling,0.00002,,0.6,,,,,,
0.025371523097680516,R3,resistor,B,0,1000,Ω,,0,,3.3448548032145284,0.0033448548032145283,0.011188053654587301,0,true,true,backward_euler_step_doubling,0.00002,,0.6,,,,,,
0.025371523097680516,R4,resistor,A,C,1000,Ω,,0,,2.4598064042860037,0.0024598064042860037,0.006050647546566439,0,true,true,backward_euler_step_doubling,0.00002,,0.6,,,,,,
0.025371523097680516,R5,resistor,C,0,2000,Ω,,0,,3.5401935957139963,0.0017700967978569982,0.006266485347567198,0,true,true,backward_euler_step_doubling,0.00002,,0.6,,,,,,
0.025371523097680516,C6,capacitor,B,C,100,µF,,0,V,-0.19533879249946784,-0.0006897096064291473,0.00013472704169515282,0.0000019078621927575075,true,true,backward_euler_step_doubling,0.00002,1e-7,0.6,,,,,,
0.02559322664713537,V1,voltage,A,0,6,V,,0,,6,-0.005114733571014946,-0.030688401426089675,0,true,true,backward_euler_step_doubling,0.00002,,0.6,dc,5,10,0,50,2
0.02559322664713537,R2,resistor,A,B,1000,Ω,,0,,2.6557992869552765,0.0026557992869552763,0.007053269852592154,0,true,true,backward_euler_step_doubling,0.00002,,0.6,,,,,,
0.02559322664713537,R3,resistor,B,0,1000,Ω,,0,,3.3442007130447235,0.0033442007130447234,0.011183678409128837,0,true,true,backward_euler_step_doubling,0.00002,,0.6,,,,,,
0.02559322664713537,R4,resistor,A,C,1000,Ω,,0,,2.4589342840596706,0.0024589342840596706,0.006046357813324045,0,true,true,backward_euler_step_doubling,0.00002,,0.6,,,,,,
0.02559322664713537,R5,resistor,C,0,2000,Ω,,0,,3.5410657159403294,0.0017705328579701648,0.006269573202303999,0,true,true,backward_euler_step_doubling,0.00002,,0.6,,,,,,
0.02559322664713537,C6,capacitor,B,C,100,µF,,0,V,-0.19686500289560582,-0.0006884014260893743,0.00013552214874042385,0.0000019377914682543444,true,true,backward_euler_step_doubling,0.00002,1e-7,0.6,,,,,,
0.025814930196590227,V1,voltage,A,0,6,V,,0,,6,-0.005114515954498549,-0.03068709572699129,0,true,true,backward_euler_step_doubling,0.00002,,0.6,dc,5,10,0,50,2
0.025814930196590227,R2,resistor,A,B,1000,Ω,,0,,2.656452136504523,0.002656452136504523,0.007056737953539445,0,true,true,backward_euler_step_doubling,0.00002,,0.6,,,,,,
0.025814930196590227,R3,resistor,B,0,1000,Ω,,0,,3.343547863495477,0.003343547863495477,0.01117931231548517,0,true,true,backward_euler_step_doubling,0.00002,,0.6,,,,,,
0.025814930196590227,R4,resistor,A,C,1000,Ω,,0,,2.458063817994026,0.002458063817994026,0.006042077733331369,0,true,true,backward_euler_step_doubling,0.00002,,0.6,,,,,,
0.025814930196590227,R5,resistor,C,0,2000,Ω,,0,,3.541936182005974,0.001770968091002987,0.006272655958701528,0,true,true,backward_euler_step_doubling,0.00002,,0.6,,,,,,
0.025814930196590227,C6,capacitor,B,C,100,µF,,0,V,-0.1983883185104971,-0.0006870957269908134,0.00013631176593345505,0.000001967896246071122,true,true,backward_euler_step_doubling,0.00002,1e-7,0.6,,,,,,
0.026038743259139283,V1,voltage,A,0,6,V,,0,,6,-0.005114296687997462,-0.03068578012798477,0,true,true,backward_euler_step_doubling,0.00002,,0.6,dc,5,10,0,50,2
0.026038743259139283,R2,resistor,A,B,1000,Ω,,0,,2.6571099360073775,0.0026571099360073775,0.0070602332120291295,0,true,true,backward_euler_step_doubling,0.00002,,0.6,,,,,,
0.026038743259139283,R3,resistor,B,0,1000,Ω,,0,,3.3428900639926225,0.0033428900639926222,0.011174913979940599,0,true,true,backward_euler_step_doubling,0.00002,,0.6,,,,,,
0.026038743259139283,R4,resistor,A,C,1000,Ω,,0,,2.457186751990084,0.002457186751990084,0.006037766734155579,0,true,true,backward_euler_step_doubling,0.00002,,0.6,,,,,,
0.026038743259139283,R5,resistor,C,0,2000,Ω,,0,,3.542813248009916,0.001771406624004958,0.0062757628551372855,0,true,true,backward_euler_step_doubling,0.00002,,0.6,,,,,,
0.026038743259139283,C6,capacitor,B,C,100,µF,,0,V,-0.19992318401729348,-0.0006857801279851459,0.0001371033467225774,0.0000019984639753806294,true,true,backward_euler_step_doubling,0.00002,1e-7,0.6,,,,,,
0.026262556321688335,V1,voltage,A,0,6,V,,0,,6,-0.005114077841331426,-0.030684467047988558,0,true,true,backward_euler_step_doubling,0.00002,,0.6,dc,5,10,0,50,2
0.026262556321688335,R2,resistor,A,B,1000,Ω,,0,,2.657766476005481,0.002657766476005481,0.007063722640978593,0,true,true,backward_euler_step_doubling,0.00002,,0.6,,,,,,
0.026262556321688335,R3,resistor,B,0,1000,Ω,,0,,3.342233523994519,0.0033422335239945192,0.011170524928912823,0,true,true,backward_euler_step_doubling,0.00002,,0.6,,,,,,
0.026262556321688335,R4,resistor,A,C,1000,Ω,,0,,2.456311365325944,0.002456311365325944,0.006033465523429403,0,true,true,backward_euler_step_doubling,0.00002,,0.6,,,,,,
0.026262556321688335,R5,resistor,C,0,2000,Ω,,0,,3.543688634674056,0.001771844317337028,0.006278864569759037,0,true,true,backward_euler_step_doubling,0.00002,,0.6,,,,,,
0.026262556321688335,C6,capacitor,B,C,100,µF,,0,V,-0.2014551106795368,-0.0006844670479890208,0.000137889384909124,0.000002029208080945221,true,true,backward_euler_step_doubling,0.00002,1e-7,0.6,,,,,,
0.026488487111342104,V1,voltage,A,0,6,V,,0,,6,-0.005113857350921256,-0.030683144105527534,0,true,true,backward_euler_step_doubling,0.00002,,0.6,dc,5,10,0,50,2
0.026488487111342104,R2,resistor,A,B,1000,Ω,,0,,2.6584279472364423,0.002658427947236442,0.007067239150647764,0,true,true,backward_euler_step_doubling,0.00002,,0.6,,,,,,
0.026488487111342104,R3,resistor,B,0,1000,Ω,,0,,3.3415720527635577,0.0033415720527635575,0.011166103783810456,0,true,true,backward_euler_step_doubling,0.00002,,0.6,,,,,,
0.026488487111342104,R4,resistor,A,C,1000,Ω,,0,,2.4554294036848145,0.0024554294036848146,0.006029133556479964,0,true,true,backward_euler_step_doubling,0.00002,,0.6,,,,,,
0.026488487111342104,R5,resistor,C,0,2000,Ω,,0,,3.5445705963151855,0.0017722852981575928,0.0062819903561310945,0,true,true,backward_euler_step_doubling,0.00002,,0.6,,,,,,
0.026488487111342104,C6,capacitor,B,C,100,µF,,0,V,-0.20299854355162772,-0.0006831441055272589,0.00013867725845791303,0.000002060420434204105,true,true,backward_euler_step_doubling,0.00002,1e-7,0.6,,,,,,
0.026714417900995872,V1,voltage,A,0,6,V,,0,,6,-0.0051136372866762815,-0.03068182372005769,0,true,true,backward_euler_step_doubling,0.00002,,0.6,dc,5,10,0,50,2
0.026714417900995872,R2,resistor,A,B,1000,Ω,,0,,2.6590881399713413,0.0026590881399713414,0.007070749736136248,0,true,true,backward_euler_step_doubling,0.00002,,0.6,,,,,,
0.026714417900995872,R3,resistor,B,0,1000,Ω,,0,,3.3409118600286587,0.0033409118600286588,0.011161692056480153,0,true,true,backward_euler_step_doubling,0.00002,,0.6,,,,,,
0.026714417900995872,R4,resistor,A,C,1000,Ω,,0,,2.454549146704941,0.002454549146704941,0.006024811513589954,0,true,true,backward_euler_step_doubling,0.00002,,0.6,,,,,,
0.026714417900995872,R5,resistor,C,0,2000,Ω,,0,,3.545450853295059,0.0017727254266475293,0.00628511087656533,0,true,true,backward_euler_step_doubling,0.00002,,0.6,,,,,,
0.026714417900995872,C6,capacitor,B,C,100,µF,,0,V,-0.20453899326640013,-0.0006818237200574099,0.00013945953728569443,0.0000020918099883216238,true,true,backward_euler_step_doubling,0.00002,1e-7,0.6,,,,,,
0.026942474739862124,V1,voltage,A,0,6,V,,0,,6,-0.0051134155849638305,-0.030680493509782983,0,true,true,backward_euler_step_doubling,0.00002,,0.6,dc,5,10,0,50,2
0.026942474739862124,R2,resistor,A,B,1000,Ω,,0,,2.659753245108666,0.002659753245108666,0.00707428732486608,0,true,true,backward_euler_step_doubling,0.00002,,0.6,,,,,,
0.026942474739862124,R3,resistor,B,0,1000,Ω,,0,,3.340246754891334,0.0033402467548913337,0.011157248383562086,0,true,true,backward_euler_step_doubling,0.00002,,0.6,,,,,,
0.026942474739862124,R4,resistor,A,C,1000,Ω,,0,,2.4536623398551654,0.0024536623398551654,0.006020458878023525,0,true,true,backward_euler_step_doubling,0.00002,,0.6,,,,,,
0.026942474739862124,R5,resistor,C,0,2000,Ω,,0,,3.5463376601448346,0.0017731688300724174,0.00628825539988077,0,true,true,backward_euler_step_doubling,0.00002,,0.6,,,,,,
0.026942474739862124,C6,capacitor,B,C,100,µF,,0,V,-0.2060909052535007,-0.0006804935097827722,0.00014024352345026346,0.00000212367306141037,true,true,backward_euler_step_doubling,0.00002,1e-7,0.6,,,,,,
0.027170531578728372,V1,voltage,A,0,6,V,,0,,6,-0.005113194315782389,-0.030679165894694334,0,true,true,backward_euler_step_doubling,0.00002,,0.6,dc,5,10,0,50,2
0.027170531578728372,R2,resistor,A,B,1000,Ω,,0,,2.6604170526529938,0.002660417052652994,0.007077818894046842,0,true,true,backward_euler_step_doubling,0.00002,,0.6,,,,,,
0.027170531578728372,R3,resistor,B,0,1000,Ω,,0,,3.3395829473470062,0.003339582947347006,0.011152814262210917,0,true,true,backward_euler_step_doubling,0.00002,,0.6,,,,,,
0.027170531578728372,R4,resistor,A,C,1000,Ω,,0,,2.452777263129396,0.0024527772631293956,0.006016116302524529,0,true,true,backward_euler_step_doubling,0.00002,,0.6,,,,,,
0.027170531578728372,R5,resistor,C,0,2000,Ω,,0,,3.547222736870604,0.001773611368435302,0.00629139457248589,0,true,true,backward_euler_step_doubling,0.00002,,0.6,,,,,,
0.027170531578728372,C6,capacitor,B,C,100,µF,,0,V,-0.20763978952359796,-0.000679165894694189,0.0001410218634259075,0.0000021557141096702028,true,true,backward_euler_step_doubling,0.00002,1e-7,0.6,,,,,,
0.02740072289832534,V1,voltage,A,0,6,V,,0,,6,-0.005112971415446339,-0.030677828492678035,0,true,true,backward_euler_step_doubling,0.00002,,0.6,dc,5,10,0,50,2
0.02740072289832534,R2,resistor,A,B,1000,Ω,,0,,2.661085753660918,0.002661085753660918,0.007081377388337096,0,true,true,backward_euler_step_doubling,0.00002,,0.6,,,,,,
0.02740072289832534,R3,resistor,B,0,1000,Ω,,0,,3.338914246339082,0.003338914246339082,0.01114834834440608,0,true,true,backward_euler_step_doubling,0.00002,,0.6,,,,,,
0.02740072289832534,R4,resistor,A,C,1000,Ω,,0,,2.45188566178542,0.0024518856617854203,0.006011743298468928,0,true,true,backward_euler_step_doubling,0.00002,,0.6,,,,,,
0.02740072289832534,R5,resistor,C,0,2000,Ω,,0,,3.54811433821458,0.00177405716910729,0.006294557678521943,0,true,true,backward_euler_step_doubling,0.00002,,0.6,,,,,,
0.02740072289832534,C6,capacitor,B,C,100,µF,,0,V,-0.20920009187549793,-0.0006778284926781096,0.0001418017829440908,0.0000021882339220358385,true,true,backward_euler_step_doubling,0.00002,1e-7,0.6,,,,,,
0.027630914217922305,V1,voltage,A,0,6,V,,0,,6,-0.005112748954041929,-0.030676493724251575,0,true,true,backward_euler_step_doubling,0.00002,,0.6,dc,5,10,0,50,2
0.027630914217922305,R2,resistor,A,B,1000,Ω,,0,,2.6617531378741357,0.0026617531378741355,0.007084929766982807,0,true,true,backward_euler_step_doubling,0.00002,,0.6,,,,,,
0.027630914217922305,R3,resistor,B,0,1000,Ω,,0,,3.3382468621258643,0.003338246862125864,0.011143892112493179,0,true,true,backward_euler_step_doubling,0.00002,,0.6,,,,,,
0.027630914217922305,R4,resistor,A,C,1000,Ω,,0,,2.4509958161677923,0.0024509958161677923,0.006007380490872022,0,true,true,backward_euler_step_doubling,0.00002,,0.6,,,,,,
0.027630914217922305,R5,resistor,C,0,2000,Ω,,0,,3.5490041838322077,0.001774502091916104,0.006297715348429257,0,true,true,backward_euler_step_doubling,0.00002,,0.6,,,,,,
0.027630914217922305,C6,capacitor,B,C,100,µF,,0,V,-0.21075732170634343,-0.000676493724251633,0.00014257600547442378,0.0000022209324326415564,true,true,backward_euler_step_doubling,0.00002,1e-7,0.6,,,,,,
0.02786324856056381,V1,voltage,A,0,6,V,,0,,6,-0.00511252486783167,-0.030675149206990018,0,true,true,backward_euler_step_doubling,0.00002,,0.6,dc,5,10,0,50,2
0.02786324856056381,R2,resistor,A,B,1000,Ω,,0,,2.6624253965049607,0.0026624253965049608,0.007088508991954597,0,true,true,backward_euler_step_doubling,0.00002,,0.6,,,,,,
0.02786324856056381,R3,resistor,B,0,1000,Ω,,0,,3.3375746034950393,0.0033375746034950394,0.011139404233895069,0,true,true,backward_euler_step_doubling,0.00002,,0.6,,,,,,
0.02786324856056381,R4,resistor,A,C,1000,Ω,,0,,2.4500994713267077,0.0024500994713267076,0.006002987419395412,0,true,true,backward_euler_step_doubling,0.00002,,0.6,,,,,,
0.02786324856056381,R5,resistor,C,0,2000,Ω,,0,,3.5499005286732923,0.001774950264336646,0.00630089688173746,0,true,true,backward_euler_step_doubling,0.00002,,0.6,,,,,,
0.02786324856056381,C6,capacitor,B,C,100,µF,,0,V,-0.212325925178253,-0.0006751492069900045,0.00014335168000751653,0.0000022541149251400543,true,true,backward_euler_step_doubling,0.00002,1e-7,0.6,,,,,,
0.028095582903205317,V1,voltage,A,0,6,V,,0,,6,-0.00511230122698809,-0.03067380736192854,0,true,true,backward_euler_step_doubling,0.00002,,0.6,dc,5,10,0,50,2
0.028095582903205317,R2,resistor,A,B,1000,Ω,,0,,2.6630963190356747,0.002663096319035675,0.0070920820044613605,0,true,true,backward_euler_step_doubling,0.00002,,0.6,,,,,,
0.028095582903205317,R3,resistor,B,0,1000,Ω,,0,,3.3369036809643253,0.0033369036809643253,0.011134926176033264,0,true,true,backward_euler_step_doubling,0.00002,,0.6,,,,,,
0.028095582903205317,R4,resistor,A,C,1000,Ω,,0,,2.449204907952415,0.002449204907952415,0.005998604681138197,0,true,true,backward_euler_step_doubling,0.00002,,0.6,,,,,,
0.028095582903205317,R5,resistor,C,0,2000,Ω,,0,,3.550795092047585,0.0017753975460237925,0.006304072892854609,0,true,true,backward_euler_step_doubling,0.00002,,0.6,,,,,,
0.028095582903205317,C6,capacitor,B,C,100,µF,,0,V,-0.2138914110832597,-0.0006738073619285254,0.00014412160744118097,0.0000022874767867593997,true,true,backward_euler_step_doubling,0.00002,1e-7,0.6,,,,,,
0.02833006892327867,V1,voltage,A,0,6,V,,0,,6,-0.005112075967722855,-0.03067245580633713,0,true,true,backward_euler_step_doubling,0.00002,,0.6,dc,5,10,0,50,2
0.02833006892327867,R2,resistor,A,B,1000,Ω,,0,,2.663772096831573,0.0026637720968315727,0.007095681783858474,0,true,true,backward_euler_step_doubling,0.00002,,0.6,,,,,,
0.02833006892327867,R3,resistor,B,0,1000,Ω,,0,,3.336227903168427,0.0033362279031684274,0.0111304166218796,0,true,true,backward_euler_step_doubling,0.00002,,0.6,,,,,,
0.02833006892327867,R4,resistor,A,C,1000,Ω,,0,,2.4483038708912814,0.0024483038708912816,0.005994191844221233,0,true,true,backward_euler_step_doubling,0.00002,,0.6,,,,,,
0.02833006892327867,R5,resistor,C,0,2000,Ω,,0,,3.5516961291087186,0.0017758480645543593,0.006307272696762928,0,true,true,backward_euler_step_doubling,0.00002,,0.6,,,,,,
0.02833006892327867,C6,capacitor,B,C,100,µF,,0,V,-0.21546822594029136,-0.0006724558063369421,0.00014489285961466903,0.0000023213278194928223,true,true,backward_euler_step_doubling,0.00002,1e-7,0.6,,,,,,
0.028564554943352017,V1,voltage,A,0,6,V,,0,,6,-0.00511185116029356,-0.03067110696176136,0,true,true,backward_euler_step_doubling,0.00002,,0.6,dc,5,10,0,50,2
0.028564554943352017,R2,resistor,A,B,1000,Ω,,0,,2.6644465191194593,0.0026644465191194592,0.007099275253247803,0,true,true,backward_euler_step_doubling,0.00002,,0.6,,,,,,
0.028564554943352017,R3,resistor,B,0,1000,Ω,,0,,3.3355534808805407,0.003335553480880541,0.011125917023814292,0,true,true,backward_euler_step_doubling,0.00002,,0.6,,,,,,
0.028564554943352017,R4,resistor,A,C,1000,Ω,,0,,2.4474046411740993,0.0024474046411740993,0.0059897894776405215,0,true,true,backward_euler_step_doubling,0.00002,,0.6,,,,,,
0.028564554943352017,R5,resistor,C,0,2000,Ω,,0,,3.5525953588259007,0.0017762976794129504,0.006310466891775665,0,true,true,backward_euler_step_doubling,0.00002,,0.6,,,,,,
0.028564554943352017,C6,capacitor,B,C,100,µF,,0,V,-0.21704187794536,-0.000671106961761043,0.00014565831528282167,0.0000023553588391024273,true,true,backward_euler_step_doubling,0.00002,1e-7,0.6,,,,,,
0.02880120140889641,V1,voltage,A,0,6,V,,0,,6,-0.005111624740861647,-0.03066974844516988,0,true,true,backward_euler_step_doubling,0.00002,,0.6,dc,5,10,0,50,2
0.02880120140889641,R2,resistor,A,B,1000,Ω,,0,,2.665125777415269,0.002665125777415269,0.007102895409443341,0,true,true,backward_euler_step_doubling,0.00002,,0.6,,,,,,
0.02880120140889641,R3,resistor,B,0,1000,Ω,,0,,3.334874222584731,0.0033348742225847313,0.011121386080460116,0,true,true,backward_euler_step_doubling,0.00002,,0.6,,,,,,
0.02880120140889641,R4,resistor,A,C,1000,Ω,,0,,2.446498963446377,0.002446498963446377,0.005985357178144197,0,true,true,backward_euler_step_doubling,0.00002,,0.6,,,,,,
0.02880120140889641,R5,resistor,C,0,2000,Ω,,0,,3.553501036553623,0.0017767505182768116,0.006313684808393837,0,true,true,backward_euler_step_doubling,0.00002,,0.6,,,,,,
0.02880120140889641,C6,capacitor,B,C,100,µF,,0,V,-0.21862681396889183,-0.0006697484451693726,0.00014642496872799897,0.0000023898841893094215,true,true,backward_euler_step_doubling,0.00002,1e-7,0.6,,,,,,
0.029037847874440796,V1,voltage,A,0,6,V,,0,,6,-0.005111398779768808,-0.03066839267861285,0,true,true,backward_euler_step_doubling,0.00002,,0.6,dc,5,10,0,50,2
0.029037847874440796,R2,resistor,A,B,1000,Ω,,0,,2.6658036606937965,0.0026658036606937966,0.007106509157368446,0,true,true,backward_euler_step_doubling,0.00002,,0.6,,,,,,
0.029037847874440796,R3,resistor,B,0,1000,Ω,,0,,3.3341963393062035,0.0033341963393062036,0.011116865229042889,0,true,true,backward_euler_step_doubling,0.00002,,0.6,,,,,,
0.029037847874440796,R4,resistor,A,C,1000,Ω,,0,,2.445595119075011,0.002445595119075011,0.005980935486443518,0,true,true,backward_euler_step_doubling,0.00002,,0.6,,,,,,
0.029037847874440796,R5,resistor,C,0,2000,Ω,,0,,3.554404880924989,0.0017772024404624945,0.006316897028771693,0,true,true,backward_euler_step_doubling,0.00002,,0.6,,,,,,
0.029037847874440796,C6,capacitor,B,C,100,µF,,0,V,-0.22020854161878534,-0.000668392678612311,0.00014718577698589048,0.0000024245900900936157,true,true,backward_euler_step_doubling,0.00002,1e-7,0.6,,,,,,
0.029276663668597373,V1,voltage,A,0,6,V,,0,,6,-0.005111171213126785,-0.03066702727876071,0,true,true,backward_euler_step_doubling,0.00002,,0.6,dc,5,10,0,50,2
0.029276663668597373,R2,resistor,A,B,1000,Ω,,0,,2.6664863606192917,0.002666486360619292,0.007110149511368715,0,true,true,backward_euler_step_doubling,0.00002,,0.6,,,,,,
0.029276663668597373,R3,resistor,B,0,1000,Ω,,0,,3.3335136393807083,0.0033335136393807083,0.011112313183937215,0,true,true,backward_euler_step_doubling,0.00002,,0.6,,,,,,
0.029276663668597373,R4,resistor,A,C,1000,Ω,,0,,2.444684852507492,0.0024446848525074916,0.005976484028079577,0,true,true,backward_euler_step_doubling,0.00002,,0.6,,,,,,
0.029276663668597373,R5,resistor,C,0,2000,Ω,,0,,3.555315147492508,0.001777657573746254,0.006320132898994838,0,true,true,backward_euler_step_doubling,0.00002,,0.6,,,,,,
0.029276663668597373,C6,capacitor,B,C,100,µF,,0,V,-0.22180150811179988,-0.000667027278761197,0.00014794765638094344,0.0000024597954500334412,true,true,backward_euler_step_doubling,0.00002,1e-7,0.6,,,,,,
0.029515479462753947,V1,voltage,A,0,6,V,,0,,6,-0.0051109441113605355,-0.030665664668163214,0,true,true,backward_euler_step_doubling,0.00002,,0.6,dc,5,10,0,50,2
0.029515479462753947,R2,resistor,A,B,1000,Ω,,0,,2.6671676659180155,0.0026671676659180154,0.007113783358118554,0,true,true,backward_euler_step_doubling,0.00002,,0.6,,,,,,
0.029515479462753947,R3,resistor,B,0,1000,Ω,,0,,3.3328323340819845,0.0033328323340819847,0.01110777136710237,0,true,true,backward_euler_step_doubling,0.00002,,0.6,,,,,,
0.029515479462753947,R4,resistor,A,C,1000,Ω,,0,,2.4437764454425204,0.0024437764454425205,0.00597204331529968,0,true,true,backward_euler_step_doubling,0.00002,,0.6,,,,,,
0.029515479462753947,R5,resistor,C,0,2000,Ω,,0,,3.5562235545574796,0.0017781117772787398,0.006323362984994718,0,true,true,backward_euler_step_doubling,0.00002,,0.6,,,,,,
0.029515479462753947,C6,capacitor,B,C,100,µF,,0,V,-0.2233912204754951,-0.0006656646681638395,0.00014870364264853555,0.0000024951818692765626,true,true,backward_euler_step_doubling,0.00002,1e-7,0.6,,,,,,
0.02975647358512917,V1,voltage,A,0,6,V,,0,,6,-0.005110715410533346,-0.030664292463200078,0,true,true,backward_euler_step_doubling,0.00002,,0.6,dc,5,10,0,50,2
0.02975647358512917,R2,resistor,A,B,1000,Ω,,0,,2.6678537684002666,0.0026678537684002666,0.007117443729567503,0,true,true,backward_euler_step_doubling,0.00002,,0.6,,,,,,
0.02975647358512917,R3,resistor,B,0,1000,Ω,,0,,3.3321462315997334,0.0033321462315997336,0.011103198508764305,0,true,true,backward_euler_step_doubling,0.00002,,0.6,,,,,,
0.02975647358512917,R4,resistor,A,C,1000,Ω,,0,,2.442861642133079,0.002442861642133079,0.005967573002605123,0,true,true,backward_euler_step_doubling,0.00002,,0.6,,,,,,
0.02975647358512917,R5,resistor,C,0,2000,Ω,,0,,3.557138357866921,0.0017785691789334605,0.006326616648504088,0,true,true,backward_euler_step_doubling,0.00002,,0.6,,,,,,
0.02975647358512917,C6,capacitor,B,C,100,µF,,0,V,-0.22499212626718768,-0.0006642924631995846,0.00014946057375854206,0.000002531072844111506,true,true,backward_euler_step_doubling,0.00002,1e-7,0.6,,,,,,
0.029997467707504392,V1,voltage,A,0,6,V,,0,,6,-0.005110487181151157,-0.03066292308690694,0,true,true,backward_euler_step_doubling,0.00002,,0.6,dc,5,10,0,50,2
0.029997467707504392,R2,resistor,A,B,1000,Ω,,0,,2.668538456546829,0.0026685384565468292,0.007121097494069333,0,true,true,backward_euler_step_doubling,0.00002,,0.6,,,,,,
0.029997467707504392,R3,resistor,B,0,1000,Ω,,0,,3.331461543453171,0.003331461543453171,0.011098636015507384,0,true,true,backward_euler_step_doubling,0.00002,,0.6,,,,,,
0.029997467707504392,R4,resistor,A,C,1000,Ω,,0,,2.4419487246043285,0.0024419487246043286,0.0059631135735967065,0,true,true,backward_euler_step_doubling,0.00002,,0.6,,,,,,
0.029997467707504392,R5,resistor,C,0,2000,Ω,,0,,3.5580512753956715,0.0017790256376978358,0.006329864439172383,0,true,true,backward_euler_step_doubling,0.00002,,0.6,,,,,,
0.029997467707504392,C6,capacitor,B,C,100,µF,,0,V,-0.22658973194250054,-0.0006629230869064215,0.00015021156456062102,0.0000025671453310887125,true,true,backward_euler_step_doubling,0.00002,1e-7,0.6,,,,,,
0.030240649275716642,V1,voltage,A,0,6,V,,0,,6,-0.005110257359229446,-0.030661544155376676,0,true,true,backward_euler_step_doubling,0.00002,,0.6,dc,5,10,0,50,2
0.030240649275716642,R2,resistor,A,B,1000,Ω,,0,,2.6692279223117032,0.0026692279223117033,0.007124777701248452,0,true,true,backward_euler_step_doubling,0.00002,,0.6,,,,,,
0.030240649275716642,R3,resistor,B,0,1000,Ω,,0,,3.3307720776882968,0.003330772077688297,0.011094042633508014,0,true,true,backward_euler_step_doubling,0.00002,,0.6,,,,,,
0.030240649275716642,R4,resistor,A,C,1000,Ω,,0,,2.4410294369177414,0.0024410294369177415,0.005958624711898946,0,true,true,backward_euler_step_doubling,0.00002,,0.6,,,,,,
0.030240649275716642,R5,resistor,C,0,2000,Ω,,0,,3.5589705630822586,0.0017794852815411293,0.006333135734443025,0,true,true,backward_euler_step_doubling,0.00002,,0.6,,,,,,
0.030240649275716642,C6,capacitor,B,C,100,µF,,0,V,-0.22819848539396181,-0.0006615441553765898,0.00015096337427816553,0.00000260372743680491,true,true,backward_euler_step_doubling,0.00002,1e-7,0.6,,,,,,
0.030483830843928892,V1,voltage,A,0,6,V,,0,,6,-0.0051100280153552596,-0.030660168092131557,0,true,true,backward_euler_step_doubling,0.00002,,0.6,dc,5,10,0,50,2
0.030483830843928892,R2,resistor,A,B,1000,Ω,,0,,2.669915953934251,0.002669915953934251,0.007128451201072642,0,true,true,backward_euler_step_doubling,0.00002,,0.6,,,,,,
0.030483830843928892,R3,resistor,B,0,1000,Ω,,0,,3.330084046065749,0.003330084046065749,0.011089459753861629,0,true,true,backward_euler_step_doubling,0.00002,,0.6,,,,,,
0.030483830843928892,R4,resistor,A,C,1000,Ω,,0,,2.440112061421007,0.002440112061421007,0.005954146872292276,0,true,true,backward_euler_step_doubling,0.00002,,0.6,,,,,,
0.030483830843928892,R5,resistor,C,0,2000,Ω,,0,,3.559887938578993,0.0017799439692894965,0.006336401067620096,0,true,true,backward_euler_step_doubling,0.00002,,0.6,,,,,,
0.030483830843928892,C6,capacitor,B,C,100,µF,,0,V,-0.22980389251324418,-0.0006601680921315374,0.0001517091972848693,0.0000026404914507119342,true,true,backward_euler_step_doubling,0.00002,1e-7,0.6,,,,,,
0.030729209095260515,V1,voltage,A,0,6,V,,0,,6,-0.005109797085496681,-0.030658782512980085,0,true,true,backward_euler_step_doubling,0.00002,,0.6,dc,5,10,0,50,2
0.030729209095260515,R2,resistor,A,B,1000,Ω,,0,,2.670608743510177,0.002670608743510177,0.007132151060913007,0,true,true,backward_euler_step_doubling,0.00002,,0.6,,,,,,
0.030729209095260515,R3,resistor,B,0,1000,Ω,,0,,3.329391256489823,0.003329391256489823,0.011084846138790882,0,true,true,backward_euler_step_doubling,0.00002,,0.6,,,,,,
0.030729209095260515,R4,resistor,A,C,1000,Ω,,0,,2.4391883419865046,0.0024391883419865048,0.0059496397676828735,0,true,true,backward_euler_step_doubling,0.00002,,0.6,,,,,,
0.030729209095260515,R5,resistor,C,0,2000,Ω,,0,,3.5608116580134954,0.0017804058290067477,0.006339689831922409,0,true,true,backward_euler_step_doubling,0.00002,,0.6,,,,,,
0.030729209095260515,C6,capacitor,B,C,100,µF,,0,V,-0.2314204015236725,-0.0006587825129797869,0.00015245571367055626,0.0000026777701120688896,true,true,backward_euler_step_doubling,0.00002,1e-7,0.6,,,,,,
0.030974587346592135,V1,voltage,A,0,6,V,,0,,6,-0.005109566640320054,-0.030657399841920327,0,true,true,backward_euler_step_doubling,0.00002,,0.6,dc,5,10,0,50,2
0.030974587346592135,R2,resistor,A,B,1000,Ω,,0,,2.671300079040043,0.002671300079040043,0.007135844112279339,0,true,true,backward_euler_step_doubling,0.00002,,0.6,,,,,,
0.030974587346592135,R3,resistor,B,0,1000,Ω,,0,,3.328699920959957,0.0033286999209599572,0.011080243163798825,0,true,true,backward_euler_step_doubling,0.00002,,0.6,,,,,,
0.030974587346592135,R4,resistor,A,C,1000,Ω,,0,,2.4382665612800105,0.0024382665612800104,0.005945143823856247,0,true,true,backward_euler_step_doubling,0.00002,,0.6,,,,,,
0.030974587346592135,R5,resistor,C,0,2000,Ω,,0,,3.5617334387199895,0.0017808667193599948,0.006342972544248061,0,true,true,backward_euler_step_doubling,0.00002,,0.6,,,,,,
0.030974587346592135,C6,capacitor,B,C,100,µF,,0,V,-0.23303351776003245,-0.0006573998419199256,0.00015319619773748952,0.0000027152310199807674,true,true,backward_euler_step_doubling,0.00002,1e-7,0.6,,,,,,
0.03122217163939472,V1,voltage,A,0,6,V,,0,,6,-0.005109334615746994,-0.030656007694481964,0,true,true,backward_euler_step_doubling,0.00002,,0.6,dc,5,10,0,50,2
0.03122217163939472,R2,resistor,A,B,1000,Ω,,0,,2.67199615275907,0.00267199615275907,0.0071395634403592706,0,true,true,backward_euler_step_doubling,0.00002,,0.6,,,,,,
0.03122217163939472,R3,resistor,B,0,1000,Ω,,0,,3.32800384724093,0.00332800384724093,0.011075609607250432,0,true,true,backward_euler_step_doubling,0.00002,,0.6,,,,,,
0.03122217163939472,R4,resistor,A,C,1000,Ω,,0,,2.437338462987924,0.002437338462987924,0.005940618783160335,0,true,true,backward_euler_step_doubling,0.00002,,0.6,,,,,,
0.03122217163939472,R5,resistor,C,0,2000,Ω,,0,,3.562661537012076,0.001781330768506038,0.006346278613652624,0,true,true,backward_euler_step_doubling,0.00002,,0.6,,,,,,
0.03122217163939472,C6,capacitor,B,C,100,µF,,0,V,-0.23465768977114587,-0.0006560076944818431,0.000153937250059205,0.000002753211568436567,true,true,backward_euler_step_doubling,0.00002,1e-7,0.6,,,,,,
0.03146975593219731,V1,voltage,A,0,6,V,,0,,6,-0.005109103082522461,-0.030654618495134768,0,true,true,backward_euler_step_doubling,0.00002,,0.6,dc,5,10,0,50,2
0.03146975593219731,R2,resistor,A,B,1000,Ω,,0,,2.67269075243267,0.00267269075243267,0.007143275858139113,0,true,true,backward_euler_step_doubling,0.00002,,0.6,,,,,,
0.03146975593219731,R3,resistor,B,0,1000,Ω,,0,,3.32730924756733,0.00332730924756733,0.01107098682894707,0,true,true,backward_euler_step_doubling,0.00002,,0.6,,,,,,
0.03146975593219731,R4,resistor,A,C,1000,Ω,,0,,2.43641233008979,0.00243641233008979,0.00593610504221356,0,true,true,backward_euler_step_doubling,0.00002,,0.6,,,,,,
0.03146975593219731,R5,resistor,C,0,2000,Ω,,0,,3.56358766991021,0.001781793834955105,0.006349578540568041,0,true,true,backward_euler_step_doubling,0.00002,,0.6,,,,,,
0.03146975593219731,C6,capacitor,B,C,100,µF,,0,V,-0.2362784223428802,-0.0006546184951347646,0.00015467222526691259,0.0000027913746432420232,true,true,backward_euler_step_doubling,0.00002,1e-7,0.6,,,,,,
0.03171955574756141,V1,voltage,A,0,6,V,,0,,6,-0.005108869976522116,-0.030653219859132698,0,true,true,backward_euler_step_doubling,0.00002,,0.6,dc,5,10,0,50,2
0.03171955574756141,R2,resistor,A,B,1000,Ω,,0,,2.6733900704335154,0.0026733900704335152,0.007147014468692516,0,true,true,backward_euler_step_doubling,0.00002,,0.6,,,,,,
0.03171955574756141,R3,resistor,B,0,1000,Ω,,0,,3.3266099295664846,0.0033266099295664845,0.011066333623490332,0,true,true,backward_euler_step_doubling,0.00002,,0.6,,,,,,
0.03171955574756141,R4,resistor,A,C,1000,Ω,,0,,2.4354799060885997,0.0024354799060885995,0.005931562372961334,0,true,true,backward_euler_step_doubling,0.00002,,0.6,,,,,,
0.03171955574756141,R5,resistor,C,0,2000,Ω,,0,,3.5645200939114003,0.0017822600469557,0.006352901749949069,0,true,true,backward_euler_step_doubling,0.00002,,0.6,,,,,,
0.03171955574756141,C6,capacitor,B,C,100,µF,,0,V,-0.23791016434491574,-0.0006532198591328618,0.00015540764403966186,0.0000028300623149312404,true,true,backward_euler_step_doubling,0.00002,1e-7,0.6,,,,,,
0.03196935556292551,V1,voltage,A,0,6,V,,0,,6,-0.005108637368568325,-0.030651824211409953,0,true,true,backward_euler_step_doubling,0.00002,,0.6,dc,5,10,0,50,2
0.03196935556292551,R2,resistor,A,B,1000,Ω,,0,,2.674087894294921,0.002674087894294921,0.007150746066414644,0,true,true,backward_euler_step_doubling,0.00002,,0.6,,,,,,
0.03196935556292551,R3,resistor,B,0,1000,Ω,,0,,3.325912105705079,0.003325912105705079,0.011061691334875593,0,true,true,backward_euler_step_doubling,0.00002,,0.6,,,,,,
0.03196935556292551,R4,resistor,A,C,1000,Ω,,0,,2.434549474273404,0.0024345494742734042,0.005927031142684909,0,true,true,backward_euler_step_doubling,0.00002,,0.6,,,,,,
0.03196935556292551,R5,resistor,C,0,2000,Ω,,0,,3.565450525726596,0.001782725262863298,0.006356218725702029,0,true,true,backward_euler_step_doubling,0.00002,,0.6,,,,,,
0.03196935556292551,C6,capacitor,B,C,100,µF,,0,V,-0.2395384200215167,-0.0006518242114101107,0.000156136941732949,0.000002868932733320228,true,true,backward_euler_step_doubling,0.00002,1e-7,0.6,,,,,,
0.0322213805063117,V1,voltage,A,0,6,V,,0,,6,-0.005108403194491709,-0.030650419166950257,0,true,true,backward_euler_step_doubling,0.00002,,0.6,dc,5,10,0,50,2
0.0322213805063117,R2,resistor,A,B,1000,Ω,,0,,2.6747904165252514,0.0026747904165252516,0.007154503772335328,0,true,true,backward_euler_step_doubling,0.00002,,0.6,,,,,,
0.0322213805063117,R3,resistor,B,0,1000,Ω,,0,,3.3252095834747486,0.0033252095834747485,0.01105701877403231,0,true,true,backward_euler_step_doubling,0.00002,,0.6,,,,,,
0.0322213805063117,R4,resistor,A,C,1000,Ω,,0,,2.433612777966457,0.0024336127779664572,0.005922471153081617,0,true,true,backward_euler_step_doubling,0.00002,,0.6,,,,,,
0.0322213805063117,R5,resistor,C,0,2000,Ω,,0,,3.566387222033543,0.0017831936110167714,0.0063595589087420655,0,true,true,backward_euler_step_doubling,0.00002,,0.6,,,,,,
0.0322213805063117,C6,capacitor,B,C,100,µF,,0,V,-0.24117763855879426,-0.0006504191669495531,0.00015686655875827137,0.00000290833266703982,true,true,backward_euler_step_doubling,0.00002,1e-7,0.6,,,,,,
0.032473405449697894,V1,voltage,A,0,6,V,,0,,6,-0.005108169525190598,-0.030649017151143584,0,true,true,backward_euler_step_doubling,0.00002,,0.6,dc,5,10,0,50,2
0.032473405449697894,R2,resistor,A,B,1000,Ω,,0,,2.675491424428563,0.002675491424428563,0.007158254362190781,0,true,true,backward_euler_step_doubling,0.00002,,0.6,,,,,,
0.032473405449697894,R3,resistor,B,0,1000,Ω,,0,,3.324508575571437,0.003324508575571437,0.011052357269048026,0,true,true,backward_euler_step_doubling,0.00002,,0.6,,,,,,
0.032473405449697894,R4,resistor,A,C,1000,Ω,,0,,2.432678100762034,0.002432678100762034,0.005917922741927177,0,true,true,backward_euler_step_doubling,0.00002,,0.6,,,,,,
0.032473405449697894,R5,resistor,C,0,2000,Ω,,0,,3.567321899237966,0.0017836609496189831,0.006362892766391385,0,true,true,backward_euler_step_doubling,0.00002,,0.6,,,,,,
0.032473405449697894,C6,capacitor,B,C,100,µF,,0,V,-0.24281332366652908,-0.0006490171511429985,0.00015759001158561353,0.0000029479155074993304,true,true,backward_euler_step_doubling,0.00002,1e-7,0.6,,,,,,
0.03272766525250431,V1,voltage,A,0,6,V,,0,,6,-0.005107934296451132,-0.030647605778706788,0,true,true,backward_euler_step_doubling,0.00002,,0.6,dc,5,10,0,50,2
0.03272766525250431,R2,resistor,A,B,1000,Ω,,0,,2.676197110646781,0.0026761971106467808,0.007162030975034177,0,true,true,backward_euler_step_doubling,0.00002,,0.6,,,,,,
0.03272766525250431,R3,resistor,B,0,1000,Ω,,0,,3.323802889353219,0.0033238028893532194,0.011047665647272808,0,true,true,backward_euler_step_doubling,0.00002,,0.6,,,,,,
0.03272766525250431,R4,resistor,A,C,1000,Ω,,0,,2.4317371858043497,0.0024317371858043496,0.005913345740823658,0,true,true,backward_euler_step_doubling,0.00002,,0.6,,,,,,
0.03272766525250431,R5,resistor,C,0,2000,Ω,,0,,3.5682628141956503,0.001784131407097825,0.00636624975558573,0,true,true,backward_euler_step_doubling,0.00002,,0.6,,,,,,
0.03272766525250431,C6,capacitor,B,C,100,µF,,0,V,-0.24445992484243106,-0.0006476057787064393,0.00015831365999010018,0.000002988032742698352,true,true,backward_euler_step_doubling,0.00002,1e-7,0.6,,,,,,
0.03298192505531074,V1,voltage,A,0,6,V,,0,,6,-0.005107699579247288,-0.03064619747548373,0,true,true,backward_euler_step_doubling,0.00002,,0.6,dc,5,10,0,50,2
0.03298192505531074,R2,resistor,A,B,1000,Ω,,0,,2.676901262258311,0.002676901262258311,0.0071658003678801395,0,true,true,backward_euler_step_doubling,0.00002,,0.6,,,,,,
0.03298192505531074,R3,resistor,B,0,1000,Ω,,0,,3.323098737741689,0.003323098737741689,0.011042985220780406,0,true,true,backward_euler_step_doubling,0.00002,,0.6,,,,,,
0.03298192505531074,R4,resistor,A,C,1000,Ω,,0,,2.430798316988976,0.0024307983169889764,0.00590878045787644,0,true,true,backward_euler_step_doubling,0.00002,,0.6,,,,,,
0.03298192505531074,R5,resistor,C,0,2000,Ω,,0,,3.569201683011024,0.0017846008415055119,0.006369600327004362,0,true,true,backward_euler_step_doubling,0.00002,,0.6,,,,,,
0.03298192505531074,C6,capacitor,B,C,100,µF,,0,V,-0.24610294526933485,-0.0006461974754832492,0.00015903110194203643,0.000003028332983512061,true,true,backward_euler_step_doubling,0.00002,1e-7,0.6,,,,,,
0.0332384295766715,V1,voltage,A,0,6,V,,0,,6,-0.005107463309320955,-0.03064477985592573,0,true,true,backward_euler_step_doubling,0.00002,,0.6,dc,5,10,0,50,2
0.0332384295766715,R2,resistor,A,B,1000,Ω,,0,,2.6776100720367824,0.0026776100720367823,0.007169595697872823,0,true,true,backward_euler_step_doubling,0.00002,,0.6,,,,,,
0.0332384295766715,R3,resistor,B,0,1000,Ω,,0,,3.3223899279632176,0.003322389927963218,0.011038274833431436,0,true,true,backward_euler_step_doubling,0.00002,,0.6,,,,,,
0.0332384295766715,R4,resistor,A,C,1000,Ω,,0,,2.429853237284173,0.002429853237284173,0.005904186754740375,0,true,true,backward_euler_step_doubling,0.00002,,0.6,,,,,,
0.0332384295766715,R5,resistor,C,0,2000,Ω,,0,,3.570146762715827,0.0017850733813579136,0.006372973953665151,0,true,true,backward_euler_step_doubling,0.00002,,0.6,,,,,,
0.0332384295766715,C6,capacitor,B,C,100,µF,,0,V,-0.24775683475260957,-0.0006447798559264298,0.00015974861621657587,0.000003069172458331594,true,true,backward_euler_step_doubling,0.00002,1e-7,0.6,,,,,,
0.03349493409803227,V1,voltage,A,0,6,V,,0,,6,-0.005107227557720633,-0.030643365346323802,0,true,true,backward_euler_step_doubling,0.00002,,0.6,dc,5,10,0,50,2
0.03349493409803227,R2,resistor,A,B,1000,Ω,,0,,2.678317326837717,0.002678317326837717,0.007173383703239135,0,true,true,backward_euler_step_doubling,0.00002,,0.6,,,,,,
0.03349493409803227,R3,resistor,B,0,1000,Ω,,0,,3.321682673162283,0.0033216826731622827,0.011033575781186529,0,true,true,backward_euler_step_doubling,0.00002,,0.6,,,,,,
0.03349493409803227,R4,resistor,A,C,1000,Ω,,0,,2.428910230882917,0.002428910230882917,0.005899604909687705,0,true,true,backward_euler_step_doubling,0.00002,,0.6,,,,,,
0.03349493409803227,R5,resistor,C,0,2000,Ω,,0,,3.571089769117083,0.0017855448845585415,0.00637634106954635,0,true,true,backward_euler_step_doubling,0.00002,,0.6,,,,,,
0.03349493409803227,C6,capacitor,B,C,100,µF,,0,V,-0.24940709595480026,-0.0006433653463245037,0.0001604598826647488,0.000003110194975630347,true,true,backward_euler_step_doubling,0.00002,1e-7,0.6,,,,,,
0.033753693326357956,V1,voltage,A,0,6,V,,0,,6,-0.00510699026014508,-0.030641941560870477,0,true,true,backward_euler_step_doubling,0.00002,,0.6,dc,5,10,0,50,2
0.033753693326357956,R2,resistor,A,B,1000,Ω,,0,,2.6790292195645455,0.0026790292195645457,0.007177197559280618,0,true,true,backward_euler_step_doubling,0.00002,,0.6,,,,,,
0.033753693326357956,R3,resistor,B,0,1000,Ω,,0,,3.3209707804354545,0.0033209707804354545,0.01102884692450607,0,true,true,backward_euler_step_doubling,0.00002,,0.6,,,,,,
0.033753693326357956,R4,resistor,A,C,1000,Ω,,0,,2.427961040580534,0.002427961040580534,0.005894994814576909,0,true,true,backward_euler_step_doubling,0.00002,,0.6,,,,,,
0.033753693326357956,R5,resistor,C,0,2000,Ω,,0,,3.572038959419466,0.0017860194797097331,0.006379731163805251,0,true,true,backward_euler_step_doubling,0.00002,,0.6,,,,,,
0.033753693326357956,C6,capacitor,B,C,100,µF,,0,V,-0.2510681789840117,-0.0006419415608708894,0.00016117109870200828,0.000003151761524917386,true,true,backward_euler_step_doubling,0.00002,1e-7,0.6,,,,,,
0.03401245255468365,V1,voltage,A,0,6,V,,0,,6,-0.005106753487715631,-0.03064052092629379,0,true,true,backward_euler_step_doubling,0.00002,,0.6,dc,5,10,0,50,2
0.03401245255468365,R2,resistor,A,B,1000,Ω,,0,,2.6797395368528925,0.0026797395368528924,0.007181003985372554,0,true,true,backward_euler_step_doubling,0.00002,,0.6,,,,,,
0.03401245255468365,R3,resistor,B,0,1000,Ω,,0,,3.3202604631471075,0.0033202604631471077,0.011024129543137846,0,true,true,backward_euler_step_doubling,0.00002,,0.6,,,,,,
0.03401245255468365,R4,resistor,A,C,1000,Ω,,0,,2.4270139508627375,0.0024270139508627375,0.0058903967176823545,0,true,true,backward_euler_step_doubling,0.00002,,0.6,,,,,,
0.03401245255468365,R5,resistor,C,0,2000,Ω,,0,,3.5729860491372625,0.0017864930245686313,0.006383114653664752,0,true,true,backward_euler_step_doubling,0.00002,,0.6,,,,,,
0.03401245255468365,C6,capacitor,B,C,100,µF,,0,V,-0.25272558599015493,-0.0006405209262941238,0.00016187602643663926,0.0000031935110907033594,true,true,backward_euler_step_doubling,0.00002,1e-7,0.6,,,,,,
0.03427347660966534,V1,voltage,A,0,6,V,,0,,6,-0.005106515176088429,-0.030639091056530576,0,true,true,backward_euler_step_doubling,0.00002,,0.6,dc,5,10,0,50,2
0.03427347660966534,R2,resistor,A,B,1000,Ω,,0,,2.680454471734683,0.002680454471734683,0.007184836175042459,0,true,true,backward_euler_step_doubling,0.00002,,0.6,,,,,,
0.03427347660966534,R3,resistor,B,0,1000,Ω,,0,,3.319545528265317,0.003319545528265317,0.011019382514226263,0,true,true,backward_euler_step_doubling,0.00002,,0.6,,,,,,
0.03427347660966534,R4,resistor,A,C,1000,Ω,,0,,2.4260607043537465,0.0024260607043537466,0.005885770541209397,0,true,true,backward_euler_step_doubling,0.00002,,0.6,,,,,,
0.03427347660966534,R5,resistor,C,0,2000,Ω,,0,,3.5739392956462535,0.0017869696478231268,0.006386521044482219,0,true,true,backward_euler_step_doubling,0.00002,,0.6,,,,,,
0.03427347660966534,C6,capacitor,B,C,100,µF,,0,V,-0.25439376738093644,-0.0006390910565305926,0.00016258078157028048,0.0000032358094441133,true,true,backward_euler_step_doubling,0.00002,1e-7,0.6,,,,,,
0.03453450066464704,V1,voltage,A,0,6,V,,0,,6,-0.005106277396457191,-0.030637664378743146,0,true,true,backward_euler_step_doubling,0.00002,,0.6,dc,5,10,0,50,2
0.03453450066464704,R2,resistor,A,B,1000,Ω,,0,,2.6811678106283483,0.0026811678106283482,0.00718866082874961,0,true,true,backward_euler_step_doubling,0.00002,,0.6,,,,,,
0.03453450066464704,R3,resistor,B,0,1000,Ω,,0,,3.3188321893716517,0.003318832189371652,0.011014647101209432,0,true,true,backward_euler_step_doubling,0.00002,,0.6,,,,,,
0.03453450066464704,R4,resistor,A,C,1000,Ω,,0,,2.4251095858288423,0.0024251095858288424,0.00588115650327894,0,true,true,backward_euler_step_doubling,0.00002,,0.6,,,,,,
0.03453450066464704,R5,resistor,C,0,2000,Ω,,0,,3.5748904141711577,0.0017874452070855789,0.006389920736666416,0,true,true,backward_euler_step_doubling,0.00002,,0.6,,,,,,
0.03453450066464704,C6,capacitor,B,C,100,µF,,0,V,-0.256058224799506,-0.0006376643787432928,0.00016327920883888743,0.000003278290724373718,true,true,backward_euler_step_doubling,0.00002,1e-7,0.6,,,,,,
0.034797799798780074,V1,voltage,A,0,6,V,,0,,6,-0.005106038084435934,-0.030636228506615605,0,true,true,backward_euler_step_doubling,0.00002,,0.6,dc,5,10,0,50,2
0.034797799798780074,R2,resistor,A,B,1000,Ω,,0,,2.6818857466922337,0.002681885746692234,0.00719251115831096,0,true,true,backward_euler_step_doubling,0.00002,,0.6,,,,,,
0.034797799798780074,R3,resistor,B,0,1000,Ω,,0,,3.3181142533077663,0.0033181142533077663,0.011009882198004155,0,true,true,backward_euler_step_doubling,0.00002,,0.6,,,,,,
0.034797799798780074,R4,resistor,A,C,1000,Ω,,0,,2.4241523377437013,0.0024241523377437012,0.005876514556588252,0,true,true,backward_euler_step_doubling,0.00002,,0.6,,,,,,
0.034797799798780074,R5,resistor,C,0,2000,Ω,,0,,3.5758476622562987,0.0017879238311281494,0.006393343251831918,0,true,true,backward_euler_step_doubling,0.00002,,0.6,,,,,,
0.034797799798780074,C6,capacitor,B,C,100,µF,,0,V,-0.25773340894853236,-0.0006362285066155871,0.00016397734188026915,0.000003321325504411571,true,true,backward_euler_step_doubling,0.00002,1e-7,0.6,,,,,,
0.0350610989329131,V1,voltage,A,0,6,V,,0,,6,-0.005105799311289755,-0.030634795867738526,0,true,true,backward_euler_step_doubling,0.00002,,0.6,dc,5,10,0,50,2
0.0350610989329131,R2,resistor,A,B,1000,Ω,,0,,2.6826020661307775,0.0026826020661307776,0.007196353845209116,0,true,true,backward_euler_step_doubling,0.00002,,0.6,,,,,,
0.0350610989329131,R3,resistor,B,0,1000,Ω,,0,,3.3173979338692225,0.0033173979338692225,0.011005129051639787,0,true,true,backward_euler_step_doubling,0.00002,,0.6,,,,,,
0.0350610989329131,R4,resistor,A,C,1000,Ω,,0,,2.4231972451589776,0.0024231972451589775,0.005871884888946058,0,true,true,backward_euler_step_doubling,0.00002,,0.6,,,,,,
0.0350610989329131,R5,resistor,C,0,2000,Ω,,0,,3.5768027548410224,0.0017884013774205113,0.0063967589735191635,0,true,true,backward_euler_step_doubling,0.00002,,0.6,,,,,,
0.0350610989329131,C6,capacitor,B,C,100,µF,,0,V,-0.25940482097179984,-0.0006347958677384098,0.00016466910842432054,0.0000033645430571705763,true,true,backward_euler_step_doubling,0.00002,1e-7,0.6,,,,,,
0.03532668353344659,V1,voltage,A,0,6,V,,0,,6,-0.00510555901259095,-0.0306333540755457,0,true,true,backward_euler_step_doubling,0.00002,,0.6,dc,5,10,0,50,2
0.03532668353344659,R2,resistor,A,B,1000,Ω,,0,,2.6833229622271246,0.0026833229622271245,0.007200222119615351,0,true,true,backward_euler_step_doubling,0.00002,,0.6,,,,,,
0.03532668353344659,R3,resistor,B,0,1000,Ω,,0,,3.3166770377728754,0.003316677037772875,0.011000346572889855,0,true,true,backward_euler_step_doubling,0.00002,,0.6,,,,,,
0.03532668353344659,R4,resistor,A,C,1000,Ω,,0,,2.4222360503638245,0.0024222360503638246,0.00586722748368214,0,true,true,backward_euler_step_doubling,0.00002,,0.6,,,,,,
0.03532668353344659,R5,resistor,C,0,2000,Ω,,0,,3.5777639496361755,0.0017888819748180878,0.006400197439658123,0,true,true,backward_euler_step_doubling,0.00002,,0.6,,,,,,
0.03532668353344659,C6,capacitor,B,C,100,µF,,0,V,-0.26108691186330013,-0.0006333540755455802,0.00016536045970023085,0.0000034083187773157322,true,true,backward_euler_step_doubling,0.00002,1e-7,0.6,,,,,,
0.03559226813398007,V1,voltage,A,0,6,V,,0,,6,-0.005105319259675147,-0.030631915558050886,0,true,true,backward_euler_step_doubling,0.00002,,0.6,dc,5,10,0,50,2
0.03559226813398007,R2,resistor,A,B,1000,Ω,,0,,2.6840422209745034,0.0026840422209745032,0.007204082643973745,0,true,true,backward_euler_step_doubling,0.00002,,0.6,,,,,,
0.03559226813398007,R3,resistor,B,0,1000,Ω,,0,,3.3159577790254966,0.0033159577790254965,0.010995575992279703,0,true,true,backward_euler_step_doubling,0.00002,,0.6,,,,,,
0.03559226813398007,R4,resistor,A,C,1000,Ω,,0,,2.4212770387006444,0.0024212770387006446,0.005862582498138962,0,true,true,backward_euler_step_doubling,0.00002,,0.6,,,,,,
0.03559226813398007,R5,resistor,C,0,2000,Ω,,0,,3.5787229612993556,0.0017893614806496778,0.006403629016865615,0,true,true,backward_euler_step_doubling,0.00002,,0.6,,,,,,
0.03559226813398007,C6,capacitor,B,C,100,µF,,0,V,-0.26276518227385903,-0.0006319155580510752,0.00016604540679297813,0.0000034522770507707178,true,true,backward_euler_step_doubling,0.00002,1e-7,0.6,,,,,,
0.03586014872473153,V1,voltage,A,0,6,V,,0,,6,-0.005105077988073631,-0.030630467928441787,0,true,true,backward_euler_step_doubling,0.00002,,0.6,dc,5,10,0,50,2
0.03586014872473153,R2,resistor,A,B,1000,Ω,,0,,2.6847660357793477,0.0026847660357793477,0.007207968666874354,0,true,true,backward_euler_step_doubling,0.00002,,0.6,,,,,,
0.03586014872473153,R3,resistor,B,0,1000,Ω,,0,,3.3152339642206523,0.0033152339642206524,0.010990776237522181,0,true,true,backward_euler_step_doubling,0.00002,,0.6,,,,,,
0.03586014872473153,R4,resistor,A,C,1000,Ω,,0,,2.4203119522942815,0.0024203119522942817,0.005857909946418557,0,true,true,backward_euler_step_doubling,0.00002,,0.6,,,,,,
0.03586014872473153,R5,resistor,C,0,2000,Ω,,0,,3.5796880477057185,0.0017898440238528592,0.006407083259443589,0,true,true,backward_euler_step_doubling,0.00002,,0.6,,,,,,
0.03586014872473153,C6,capacitor,B,C,100,µF,,0,V,-0.26445408348506616,-0.0006304679284413309,0.00016672981818268044,0.000003496798113596317,true,true,backward_euler_step_doubling,0.00002,1e-7,0.6,,,,,,
0.03612802931548299,V1,voltage,A,0,6,V,,0,,6,-0.005104837269191308,-0.030629023615147848,0,true,true,backward_euler_step_doubling,0.00002,,0.6,dc,5,10,0,50,2
0.03612802931548299,R2,resistor,A,B,1000,Ω,,0,,2.6854881924262983,0.002685488192426298,0.0072118468316610665,0,true,true,backward_euler_step_doubling,0.00002,,0.6,,,,,,
0.03612802931548299,R3,resistor,B,0,1000,Ω,,0,,3.3145118075737017,0.0033145118075737015,0.010985988522545486,0,true,true,backward_euler_step_doubling,0.00002,,0.6,,,,,,
0.03612802931548299,R4,resistor,A,C,1000,Ω,,0,,2.419349076765009,0.002419349076765009,0.0058532499552437015,0,true,true,backward_euler_step_doubling,0.00002,,0.6,,,,,,
0.03612802931548299,R5,resistor,C,0,2000,Ω,,0,,3.580650923234991,0.0017903254616174955,0.006410530517031797,0,true,true,backward_euler_step_doubling,0.00002,,0.6,,,,,,
0.03612802931548299,C6,capacitor,B,C,100,µF,,0,V,-0.26613911566128934,-0.00062902361514745,0.00016740778866540957,0.0000035415014442486567,true,true,backward_euler_step_doubling,0.00002,1e-7,0.6,,,,,,
0.03639821655871295,V1,voltage,A,0,6,V,,0,,6,-0.005104595038518826,-0.030627570231112955,0,true,true,backward_euler_step_doubling,0.00002,,0.6,dc,5,10,0,50,2
0.03639821655871295,R2,resistor,A,B,1000,Ω,,0,,2.6862148844434457,0.0026862148844434457,0.007215750405405515,0,true,true,backward_euler_step_doubling,0.00002,,0.6,,,,,,
0.03639821655871295,R3,resistor,B,0,1000,Ω,,0,,3.3137851155565543,0.0033137851155565544,0.010981171792084167,0,true,true,backward_euler_step_doubling,0.00002,,0.6,,,,,,
0.03639821655871295,R4,resistor,A,C,1000,Ω,,0,,2.4183801540753804,0.0024183801540753804,0.005848562569625661,0,true,true,backward_euler_step_doubling,0.00002,,0.6,,,,,,
0.03639821655871295,R5,resistor,C,0,2000,Ω,,0,,3.5816198459246196,0.0017908099229623099,0.006414000360360548,0,true,true,backward_euler_step_doubling,0.00002,,0.6,,,,,,
0.03639821655871295,C6,capacitor,B,C,100,µF,,0,V,-0.26783473036806527,-0.0006275702311129541,0.00016808510363716246,0.0000035867721395667107,true,true,backward_euler_step_doubling,0.00002,1e-7,0.6,,,,,,
0.036668403801942896,V1,voltage,A,0,6,V,,0,,6,-0.00510435336753,-0.03062612020518,0,true,true,backward_euler_step_doubling,0.00002,,0.6,dc,5,10,0,50,2
0.036668403801942896,R2,resistor,A,B,1000,Ω,,0,,2.686939897409874,0.002686939897409874,0.007219646012292985,0,true,true,backward_euler_step_doubling,0.00002,,0.6,,,,,,
0.036668403801942896,R3,resistor,B,0,1000,Ω,,0,,3.313060102590126,0.0033130601025901257,0.010976367243374495,0,true,true,backward_euler_step_doubling,0.00002,,0.6,,,,,,
0.036668403801942896,R4,resistor,A,C,1000,Ω,,0,,2.4174134701201266,0.0024174134701201266,0.005843887885518232,0,true,true,backward_euler_step_doubling,0.00002,,0.6,,,,,,
0.036668403801942896,R5,resistor,C,0,2000,Ω,,0,,3.5825865298798734,0.0017912932649399368,0.006417463122038357,0,true,true,backward_euler_step_doubling,0.00002,,0.6,,,,,,
0.036668403801942896,C6,capacitor,B,C,100,µF,,0,V,-0.2695264272897475,-0.000626120205180256,0.00016875594195615807,0.0000036322247503787774,true,true,backward_euler_step_doubling,0.00002,1e-7,0.6,,,,,,
0.036940908500248816,V1,voltage,A,0,6,V,,0,,6,-0.005104110191675415,-0.030624661150052492,0,true,true,backward_euler_step_doubling,0.00002,,0.6,dc,5,10,0,50,2
0.036940908500248816,R2,resistor,A,B,1000,Ω,,0,,2.6876694249737736,0.002687669424973774,0.007223566937938855,0,true,true,backward_euler_step_doubling,0.00002,,0.6,,,,,,
0.036940908500248816,R3,resistor,B,0,1000,Ω,,0,,3.3123305750262264,0.0033123305750262263,0.010971533838253571,0,true,true,backward_euler_step_doubling,0.00002,,0.6,,,,,,
0.036940908500248816,R4,resistor,A,C,1000,Ω,,0,,2.4164407667016414,0.0024164407667016416,0.005839185978977617,0,true,true,backward_euler_step_doubling,0.00002,,0.6,,,,,,
0.036940908500248816,R5,resistor,C,0,2000,Ω,,0,,3.5835592332983586,0.0017917796166491793,0.00642094838927896,0,true,true,backward_euler_step_doubling,0.00002,,0.6,,,,,,
0.036940908500248816,C6,capacitor,B,C,100,µF,,0,V,-0.27122865827213216,-0.0006246611500524231,0.0001694260056034457,0.000003678249253405052,true,true,backward_euler_step_doubling,0.00002,1e-7,0.6,,,,,,
0.037213413198554736,V1,voltage,A,0,6,V,,0,,6,-0.005103867582496266,-0.030623205494977598,0,true,true,backward_euler_step_doubling,0.00002,,0.6,dc,5,10,0,50,2
0.037213413198554736,R2,resistor,A,B,1000,Ω,,0,,2.688397252511157,0.002688397252511157,0.007227479787309537,0,true,true,backward_euler_step_doubling,0.00002,,0.6,,,,,,
0.037213413198554736,R3,resistor,B,0,1000,Ω,,0,,3.311602747488843,0.003311602747488843,0.010966712757175654,0,true,true,backward_euler_step_doubling,0.00002,,0.6,,,,,,
0.037213413198554736,R4,resistor,A,C,1000,Ω,,0,,2.41547032998511,0.00241547032998511,0.005834496915038376,0,true,true,backward_euler_step_doubling,0.00002,,0.6,,,,,,
0.037213413198554736,R5,resistor,C,0,2000,Ω,,0,,3.58452967001489,0.0017922648350074451,0.006424426477608529,0,true,true,backward_euler_step_doubling,0.00002,,0.6,,,,,,
0.037213413198554736,C6,capacitor,B,C,100,µF,,0,V,-0.2729269225260471,-0.0006232054949777197,0.00017008955784559093,0.000003724455251976946,true,true,backward_euler_step_doubling,0.00002,1e-7,0.6,,,,,,
0.03748824629688337,V1,voltage,A,0,6,V,,0,,6,-0.005103623475403756,-0.030621740852422537,0,true,true,backward_euler_step_doubling,0.00002,,0.6,dc,5,10,0,50,2
0.03748824629688337,R2,resistor,A,B,1000,Ω,,0,,2.6891295737890437,0.002689129573789044,0.0072314178646268445,0,true,true,backward_euler_step_doubling,0.00002,,0.6,,,,,,
0.03748824629688337,R3,resistor,B,0,1000,Ω,,0,,3.3108704262109563,0.0033108704262109563,0.01096186297915832,0,true,true,backward_euler_step_doubling,0.00002,,0.6,,,,,,
0.03748824629688337,R4,resistor,A,C,1000,Ω,,0,,2.4144939016147107,0.0024144939016147106,0.005829780800934628,0,true,true,backward_euler_step_doubling,0.00002,,0.6,,,,,,
0.03748824629688337,R5,resistor,C,0,2000,Ω,,0,,3.5855060983852893,0.0017927530491926448,0.00642792699077905,0,true,true,backward_euler_step_doubling,0.00002,,0.6,,,,,,
0.03748824629688337,C6,capacitor,B,C,100,µF,,0,V,-0.27463567217433305,-0.0006217408524219001,0.00017075221692313132,0.000003771237621532386,true,true,backward_euler_step_doubling,0.00002,1e-7,0.6,,,,,,
0.03776307939521199,V1,voltage,A,0,6,V,,0,,6,-0.005103379942005761,-0.030620279652034565,0,true,true,backward_euler_step_doubling,0.00002,,0.6,dc,5,10,0,50,2
0.03776307939521199,R2,resistor,A,B,1000,Ω,,0,,2.6898601739830394,0.0026898601739830394,0.007235347755580067,0,true,true,backward_euler_step_doubling,0.00002,,0.6,,,,,,
0.03776307939521199,R3,resistor,B,0,1000,Ω,,0,,3.3101398260169606,0.0033101398260169607,0.010957025667783594,0,true,true,backward_euler_step_doubling,0.00002,,0.6,,,,,,
0.03776307939521199,R4,resistor,A,C,1000,Ω,,0,,2.413519768022719,0.002413519768022719,0.00582507767063644,0,true,true,backward_euler_step_doubling,0.00002,,0.6,,,,,,
0.03776307939521199,R5,resistor,C,0,2000,Ω,,0,,3.586480231977281,0.0017932401159886403,0.0064314202271819046,0,true,true,backward_euler_step_doubling,0.00002,,0.6,,,,,,
0.03776307939521199,C6,capacitor,B,C,100,µF,,0,V,-0.2763404059603203,-0.0006202796520340564,0.00017140833085201734,0.00000381820099831573,true,true,backward_euler_step_doubling,0.00002,1e-7,0.6,,,,,,
0.038040251982810955,V1,voltage,A,0,6,V,,0,,6,-0.005103134917674332,-0.030618809506045994,0,true,true,backward_euler_step_doubling,0.00002,,0.6,dc,5,10,0,50,2
0.038040251982810955,R2,resistor,A,B,1000,Ω,,0,,2.6905952469774332,0.0026905952469774333,0.007239302783057555,0,true,true,backward_euler_step_doubling,0.00002,,0.6,,,,,,
0.038040251982810955,R3,resistor,B,0,1000,Ω,,0,,3.3094047530225668,0.0033094047530225668,0.010952159819328356,0,true,true,backward_euler_step_doubling,0.00002,,0.6,,,,,,
0.038040251982810955,R4,resistor,A,C,1000,Ω,,0,,2.412539670696899,0.002412539670696899,0.0058203476626863026,0,true,true,backward_euler_step_doubling,0.00002,,0.6,,,,,,
0.038040251982810955,R5,resistor,C,0,2000,Ω,,0,,3.587460329303101,0.0017937301646515505,0.006434935807161757,0,true,true,backward_euler_step_doubling,0.00002,,0.6,,,,,,
0.038040251982810955,C6,capacitor,B,C,100,µF,,0,V,-0.2780555762805341,-0.0006188095060451957,0.00017206343381126954,0.000003865745175034996,true,true,backward_euler_step_doubling,0.00002,1e-7,0.6,,,,,,
0.03831742457040992,V1,voltage,A,0,6,V,,0,,6,-0.005102890474083406,-0.030617342844500434,0,true,true,backward_euler_step_doubling,0.00002,,0.6,dc,5,10,0,50,2
0.03831742457040992,R2,resistor,A,B,1000,Ω,,0,,2.6913285777501983,0.002691328577750198,0.0072432495134149046,0,true,true,backward_euler_step_doubling,0.00002,,0.6,,,,,,
0.03831742457040992,R3,resistor,B,0,1000,Ω,,0,,3.3086714222498017,0.0033086714222498015,0.010947306580412526,0,true,true,backward_euler_step_doubling,0.00002,,0.6,,,,,,
0.03831742457040992,R4,resistor,A,C,1000,Ω,,0,,2.4115618963332075,0.0024115618963332073,0.005815630779846215,0,true,true,backward_euler_step_doubling,0.00002,,0.6,,,,,,
0.03831742457040992,R5,resistor,C,0,2000,Ω,,0,,3.5884381036667925,0.0017942190518333962,0.006438444011923863,0,true,true,backward_euler_step_doubling,0.00002,,0.6,,,,,,
0.03831742457040992,C6,capacitor,B,C,100,µF,,0,V,-0.2797666814169908,-0.0006173428444996263,0.00017271195890218582,0.0000039134698015538,true,true,backward_euler_step_doubling,0.00002,1e-7,0.6,,,,,,
0.038596947882863795,V1,voltage,A,0,6,V,,0,,6,-0.005102644546566151,-0.030615867279396906,0,true,true,backward_euler_step_doubling,0.00002,,0.6,dc,5,10,0,50,2
0.038596947882863795,R2,resistor,A,B,1000,Ω,,0,,2.6920663603014154,0.0026920663603014153,0.00724722128826651,0,true,true,backward_euler_step_doubling,0.00002,,0.6,,,,,,
0.038596947882863795,R3,resistor,B,0,1000,Ω,,0,,3.3079336396985846,0.0033079336396985843,0.010942424964649524,0,true,true,backward_euler_step_doubling,0.00002,,0.6,,,,,,
0.038596947882863795,R4,resistor,A,C,1000,Ω,,0,,2.410578186264734,0.002410578186264734,0.005810887192095375,0,true,true,backward_euler_step_doubling,0.00002,,0.6,,,,,,
0.038596947882863795,R5,resistor,C,0,2000,Ω,,0,,3.589421813735266,0.001794710906867633,0.006441974478459283,0,true,true,backward_euler_step_doubling,0.00002,,0.6,,,,,,
0.038596947882863795,C6,capacitor,B,C,100,µF,,0,V,-0.28148817403668147,-0.0006158672793972294,0.00017335935592646483,0.000003961779606125253,true,true,backward_euler_step_doubling,0.00002,1e-7,0.6,,,,,,
0.03887647119531767,V1,voltage,A,0,6,V,,0,,6,-0.005102399206861909,-0.030614395241171453,0,true,true,backward_euler_step_doubling,0.00002,,0.6,dc,5,10,0,50,2
0.03887647119531767,R2,resistor,A,B,1000,Ω,,0,,2.692802379414135,0.0026928023794141353,0.007251184654578428,0,true,true,backward_euler_step_doubling,0.00002,,0.6,,,,,,
0.03887647119531767,R3,resistor,B,0,1000,Ω,,0,,3.307197620585865,0.003307197620585865,0.010937556101608806,0,true,true,backward_euler_step_doubling,0.00002,,0.6,,,,,,
0.03887647119531767,R4,resistor,A,C,1000,Ω,,0,,2.4095968274477717,0.0024095968274477717,0.005806156870846366,0,true,true,backward_euler_step_doubling,0.00002,,0.6,,,,,,
0.03887647119531767,R5,resistor,C,0,2000,Ω,,0,,3.5904031725522283,0.0017952015862761142,0.006445497470736554,0,true,true,backward_euler_step_doubling,0.00002,,0.6,,,,,,
0.03887647119531767,C6,capacitor,B,C,100,µF,,0,V,-0.28320555196636343,-0.0006143952411716537,0.00017400014340152517,0.000004010269233228629,true,true,backward_euler_step_doubling,0.00002,1e-7,0.6,,,,,,
0.03915835661659786,V1,voltage,A,0,6,V,,0,,6,-0.005102152390265713,-0.03061291434159428,0,true,true,backward_euler_step_doubling,0.00002,,0.6,dc,5,10,0,50,2
0.03915835661659786,R2,resistor,A,B,1000,Ω,,0,,2.693542829202983,0.002693542829202983,0.00725517297275081,0,true,true,backward_euler_step_doubling,0.00002,,0.6,,,,,,
0.03915835661659786,R3,resistor,B,0,1000,Ω,,0,,3.306457170797017,0.0033064571707970168,0.010932659022315014,0,true,true,backward_euler_step_doubling,0.00002,,0.6,,,,,,
0.03915835661659786,R4,resistor,A,C,1000,Ω,,0,,2.4086095610627303,0.0024086095610627305,0.005801400017642799,0,true,true,backward_euler_step_doubling,0.00002,,0.6,,,,,,
0.03915835661659786,R5,resistor,C,0,2000,Ω,,0,,3.5913904389372697,0.0017956952194686348,0.006449042642445018,0,true,true,backward_euler_step_doubling,0.00002,,0.6,,,,,,
0.03915835661659786,C6,capacitor,B,C,100,µF,,0,V,-0.28493326814025277,-0.0006129143415941368,0.00017463968644044865,0.000004059348364654259,true,true,backward_euler_step_doubling,0.00002,1e-7,0.6,,,,,,
0.03944024203787805,V1,voltage,A,0,6,V,,0,,6,-0.005101906168580624,-0.030611437011483743,0,true,true,backward_euler_step_doubling,0.00002,,0.6,dc,5,10,0,50,2
0.03944024203787805,R2,resistor,A,B,1000,Ω,,0,,2.69428149425828,0.00269428149425828,0.0072591527703026295,0,true,true,backward_euler_step_doubling,0.00002,,0.6,,,,,,
0.03944024203787805,R3,resistor,B,0,1000,Ω,,0,,3.30571850574172,0.0033057185057417202,0.010927774839203272,0,true,true,backward_euler_step_doubling,0.00002,,0.6,,,,,,
0.03944024203787805,R4,resistor,A,C,1000,Ω,,0,,2.4076246743223435,0.0024076246743223433,0.00579665657240577,0,true,true,backward_euler_step_doubling,0.00002,,0.6,,,,,,
0.03944024203787805,R5,resistor,C,0,2000,Ω,,0,,3.5923753256776565,0.0017961876628388282,0.006452580240268824,0,true,true,backward_euler_step_doubling,0.00002,,0.6,,,,,,
0.03944024203787805,C6,capacitor,B,C,100,µF,,0,V,-0.2866568199359363,-0.0006114370114835847,0.00017527258930301695,0.00000410860662078919,true,true,backward_euler_step_doubling,0.00002,1e-7,0.6,,,,,,
0.03972450110245867,V1,voltage,A,0,6,V,,0,,6,-0.00510165847706405,-0.0306099508623843,0,true,true,backward_euler_step_doubling,0.00002,,0.6,dc,5,10,0,50,2
0.03972450110245867,R2,resistor,A,B,1000,Ω,,0,,2.695024568807901,0.002695024568807901,0.007263157426478212,0,true,true,backward_euler_step_doubling,0.00002,,0.6,,,,,,
0.03972450110245867,R3,resistor,B,0,1000,Ω,,0,,3.304975431192099,0.0033049754311920993,0.010922862600783402,0,true,true,backward_euler_step_doubling,0.00002,,0.6,,,,,,
0.03972450110245867,R4,resistor,A,C,1000,Ω,,0,,2.4066339082561496,0.0024066339082561496,0.005791886768368269,0,true,true,backward_euler_step_doubling,0.00002,,0.6,,,,,,
0.03972450110245867,R5,resistor,C,0,2000,Ω,,0,,3.5933660917438504,0.0017966830458719253,0.006456139934647237,0,true,true,backward_euler_step_doubling,0.00002,,0.6,,,,,,
0.03972450110245867,C6,capacitor,B,C,100,µF,,0,V,-0.2883906605517512,-0.0006099508623842653,0.00017590413210710857,0.000004158458654673769,true,true,backward_euler_step_doubling,0.00002,1e-7,0.6,,,,,,
0.04000876016703929,V1,voltage,A,0,6,V,,0,,6,-0.0051014113875825825,-0.030608468325495495,0,true,true,backward_euler_step_doubling,0.00002,,0.6,dc,5,10,0,50,2
0.04000876016703929,R2,resistor,A,B,1000,Ω,,0,,2.695765837252329,0.002695765837252329,0.00726715344929675,0,true,true,backward_euler_step_doubling,0.00002,,0.6,,,,,,
0.04000876016703929,R3,resistor,B,0,1000,Ω,,0,,3.304234162747671,0.003304234162747671,0.010917963402268803,0,true,true,backward_euler_step_doubling,0.00002,,0.6,,,,,,
0.04000876016703929,R4,resistor,A,C,1000,Ω,,0,,2.405645550330255,0.002405645550330255,0.005787130513823755,0,true,true,backward_euler_step_doubling,0.00002,,0.6,,,,,,
0.04000876016703929,R5,resistor,C,0,2000,Ω,,0,,3.594354449669745,0.0017971772248348726,0.006459691954930348,0,true,true,backward_euler_step_doubling,0.00002,,0.6,,,,,,
0.04000876016703929,C6,capacitor,B,C,100,µF,,0,V,-0.29012028692207403,-0.0006084683254954781,0.00017652900517574205,0.000004208489044187327,true,true,backward_euler_step_doubling,0.00002,1e-7,0.6,,,,,,
0.04029540456211542,V1,voltage,A,0,6,V,,0,,6,-0.005101162835356193,-0.03060697701213716,0,true,true,backward_euler_step_doubling,0.00002,,0.6,dc,5,10,0,50,2
0.04029540456211542,R2,resistor,A,B,1000,Ω,,0,,2.696511493931479,0.002696511493931479,0.007271174236904577,0,true,true,backward_euler_step_doubling,0.00002,,0.6,,,,,,
0.04029540456211542,R3,resistor,B,0,1000,Ω,,0,,3.303488506068521,0.003303488506068521,0.010913036309726828,0,true,true,backward_euler_step_doubling,0.00002,,0.6,,,,,,
0.04029540456211542,R4,resistor,A,C,1000,Ω,,0,,2.4046513414247133,0.0024046513414247134,0.005782348073815674,0,true,true,backward_euler_step_doubling,0.00002,,0.6,,,,,,
0.04029540456211542,R5,resistor,C,0,2000,Ω,,0,,3.5953486585752867,0.0017976743292876433,0.006463265988359557,0,true,true,backward_euler_step_doubling,0.00002,,0.6,,,,,,
0.04029540456211542,C6,capacitor,B,C,100,µF,,0,V,-0.29186015250676567,-0.0006069770121371402,0.0001771524033304467,0.0000042591174310636256,true,true,backward_euler_step_doubling,0.00002,1e-7,0.6,,,,,,
0.04058204895719154,V1,voltage,A,0,6,V,,0,,6,-0.005100914892313938,-0.030605489353883627,0,true,true,backward_euler_step_doubling,0.00002,,0.6,dc,5,10,0,50,2
0.04058204895719154,R2,resistor,A,B,1000,Ω,,0,,2.6972553230581964,0.0026972553230581965,0.007275186277765776,0,true,true,backward_euler_step_doubling,0.00002,,0.6,,,,,,
0.04058204895719154,R3,resistor,B,0,1000,Ω,,0,,3.3027446769418036,0.0033027446769418036,0.010908122401067418,0,true,true,backward_euler_step_doubling,0.00002,,0.6,,,,,,
0.04058204895719154,R4,resistor,A,C,1000,Ω,,0,,2.4036595692557405,0.0024036595692557405,0.005777579324874692,0,true,true,backward_euler_step_doubling,0.00002,,0.6,,,,,,
0.04058204895719154,R5,resistor,C,0,2000,Ω,,0,,3.5963404307442595,0.0017981702153721298,0.006466832246902903,0,true,true,backward_euler_step_doubling,0.00002,,0.6,,,,,,
0.04058204895719154,C6,capacitor,B,C,100,µF,,0,V,-0.29359575380245584,-0.000605489353883668,0.00017776910327283745,0.000004309923332541613,true,true,backward_euler_step_doubling,0.00002,1e-7,0.6,,,,,,
0.04087109052477919,V1,voltage,A,0,6,V,,0,,6,-0.0051006654936389525,-0.030603992961833713,0,true,true,backward_euler_step_doubling,0.00002,,0.6,dc,5,10,0,50,2
0.04087109052477919,R2,resistor,A,B,1000,Ω,,0,,2.698003519083205,0.002698003519083205,0.007279222988985357,0,true,true,backward_euler_step_doubling,0.00002,,0.6,,,,,,
0.04087109052477919,R3,resistor,B,0,1000,Ω,,0,,3.301996480916795,0.0033019964809167953,0.0109031807599869,0,true,true,backward_euler_step_doubling,0.00002,,0.6,,,,,,
0.04087109052477919,R4,resistor,A,C,1000,Ω,,0,,2.402661974555746,0.002402661974555746,0.005772784563976116,0,true,true,backward_euler_step_doubling,0.00002,,0.6,,,,,,
0.04087109052477919,R5,resistor,C,0,2000,Ω,,0,,3.597338025444254,0.0017986690127221269,0.0064704204346535815,0,true,true,backward_euler_step_doubling,0.00002,,0.6,,,,,,
0.04087109052477919,C6,capacitor,B,C,100,µF,,0,V,-0.29534154452745875,-0.0006039929618335844,0.00017838421423164525,0.000004361331396193245,true,true,backward_euler_step_doubling,0.00002,1e-7,0.6,,,,,,
0.04116013209236685,V1,voltage,A,0,6,V,,0,,6,-0.005100416711321919,-0.030602500267931515,0,true,true,backward_euler_step_doubling,0.00002,,0.6,dc,5,10,0,50,2
0.04116013209236685,R2,resistor,A,B,1000,Ω,,0,,2.6987498660342637,0.0026987498660342637,0.007283250839419956,0,true,true,backward_euler_step_doubling,0.00002,,0.6,,,,,,
0.04116013209236685,R3,resistor,B,0,1000,Ω,,0,,3.3012501339657363,0.0033012501339657364,0.010898252447008792,0,true,true,backward_euler_step_doubling,0.00002,,0.6,,,,,,
0.04116013209236685,R4,resistor,A,C,1000,Ω,,0,,2.4016668452876555,0.0024016668452876556,0.00576800363575396,0,true,true,backward_euler_step_doubling,0.00002,,0.6,,,,,,
0.04116013209236685,R5,resistor,C,0,2000,Ω,,0,,3.5983331547123445,0.0017991665773561722,0.006474000746151047,0,true,true,backward_euler_step_doubling,0.00002,,0.6,,,,,,
0.04116013209236685,C6,capacitor,B,C,100,µF,,0,V,-0.2970830207466082,-0.0006025002679316366,0.0001789925995977714,0.000004412916060796482,true,true,backward_euler_step_doubling,0.00002,1e-7,0.6,,,,,,
0.041451582831578355,V1,voltage,A,0,6,V,,0,,6,-0.005100166480509485,-0.03060099888305691,0,true,true,backward_euler_step_doubling,0.00002,,0.6,dc,5,10,0,50,2
0.041451582831578355,R2,resistor,A,B,1000,Ω,,0,,2.6995005584717076,0.0026995005584717078,0.007287303265189062,0,true,true,backward_euler_step_doubling,0.00002,,0.6,,,,,,
0.041451582831578355,R3,resistor,B,0,1000,Ω,,0,,3.3004994415282924,0.0033004994415282924,0.01089329656352857,0,true,true,backward_euler_step_doubling,0.00002,,0.6,,,,,,
0.041451582831578355,R4,resistor,A,C,1000,Ω,,0,,2.4006659220377777,0.002400665922037778,0.005763196869233494,0,true,true,backward_euler_step_doubling,0.00002,,0.6,,,,,,
0.041451582831578355,R5,resistor,C,0,2000,Ω,,0,,3.5993340779622223,0.0017996670389811111,0.00647760290239008,0,true,true,backward_euler_step_doubling,0.00002,,0.6,,,,,,
0.041451582831578355,C6,capacitor,B,C,100,µF,,0,V,-0.2988346364339298,-0.0006009988830566994,0.0001795992827154467,0.0000044651069966299505,true,true,backward_euler_step_doubling,0.00002,1e-7,0.6,,,,,,
0.04174303357078986,V1,voltage,A,0,6,V,,0,,6,-0.005099916873253181,-0.030599501239519086,0,true,true,backward_euler_step_doubling,0.00002,,0.6,dc,5,10,0,50,2
0.04174303357078986,R2,resistor,A,B,1000,Ω,,0,,2.7002493802406353,0.0027002493802406355,0.007291346715489935,0,true,true,backward_euler_step_doubling,0.00002,,0.6,,,,,,
0.04174303357078986,R3,resistor,B,0,1000,Ω,,0,,3.2997506197593647,0.0032997506197593647,0.01088835415260231,0,true,true,backward_euler_step_doubling,0.00002,,0.6,,,,,,
0.04174303357078986,R4,resistor,A,C,1000,Ω,,0,,2.399667493012546,0.002399667493012546,0.005758404077021117,0,true,true,backward_euler_step_doubling,0.00002,,0.6,,,,,,
0.04174303357078986,R5,resistor,C,0,2000,Ω,,0,,3.600332506987454,0.001800166253493727,0.006481197080435283,0,true,true,backward_euler_step_doubling,0.00002,,0.6,,,,,,
0.04174303357078986,C6,capacitor,B,C,100,µF,,0,V,-0.30058188722808943,-0.0005995012395187787,0.0001801992139701334,0.000004517473546479993,true,true,backward_euler_step_doubling,0.00002,1e-7,0.6,,,,,,
0.042036905640109604,V1,voltage,A,0,6,V,,0,,6,-0.005099665824663468,-0.03059799494798081,0,true,true,backward_euler_step_doubling,0.00002,,0.6,dc,5,10,0,50,2
0.042036905640109604,R2,resistor,A,B,1000,Ω,,0,,2.701002526009807,0.002701002526009807,0.007295414645511359,0,true,true,backward_euler_step_doubling,0.00002,,0.6,,,,,,
0.042036905640109604,R3,resistor,B,0,1000,Ω,,0,,3.298997473990193,0.0032989974739901927,0.010883384333393673,0,true,true,backward_euler_step_doubling,0.00002,,0.6,,,,,,
0.042036905640109604,R4,resistor,A,C,1000,Ω,,0,,2.39866329865366,0.00239866329865366,0.005753585620308058,0,true,true,backward_euler_step_doubling,0.00002,,0.6,,,,,,
0.042036905640109604,R5,resistor,C,0,2000,Ω,,0,,3.60133670134634,0.00180066835067317,0.0064848130182320685,0,true,true,backward_euler_step_doubling,0.00002,,0.6,,,,,,
0.042036905640109604,C6,capacitor,B,C,100,µF,,0,V,-0.30233922735614716,-0.0005979949479804586,0.00018079733053529126,0.0000045704504199156015,true,true,backward_euler_step_doubling,0.00002,1e-7,0.6,,,,,,
0.042330777709429356,V1,voltage,A,0,6,V,,0,,6,-0.005099415406852024,-0.030596492441112143,0,true,true,backward_euler_step_doubling,0.00002,,0.6,dc,5,10,0,50,2
0.042330777709429356,R2,resistor,A,B,1000,Ω,,0,,2.7017537794441004,0.0027017537794441003,0.00729947348474048,0,true,true,backward_euler_step_doubling,0.00002,,0.6,,,,,,
0.042330777709429356,R3,resistor,B,0,1000,Ω,,0,,3.2982462205558996,0.0032982462205558994,0.010878428131411275,0,true,true,backward_euler_step_doubling,0.00002,,0.6,,,,,,
0.042330777709429356,R4,resistor,A,C,1000,Ω,,0,,2.3976616274079223,0.002397661627407922,0.005748781279544406,0,true,true,backward_euler_step_doubling,0.00002,,0.6,,,,,,
0.042330777709429356,R5,resistor,C,0,2000,Ω,,0,,3.6023383725920777,0.0018011691862960387,0.006488420875324669,0,true,true,backward_euler_step_doubling,0.00002,,0.6,,,,,,
0.042330777709429356,C6,capacitor,B,C,100,µF,,0,V,-0.3040921520361781,-0.0005964924411117443,0.00018138867009098356,0.000004623601846499703,true,true,backward_euler_step_doubling,0.00002,1e-7,0.6,,,,,,
0.0426270834290418,V1,voltage,A,0,6,V,,0,,6,-0.005099163554893505,-0.03059498132936103,0,true,true,backward_euler_step_doubling,0.00002,,0.6,dc,5,10,0,50,2
0.0426270834290418,R2,resistor,A,B,1000,Ω,,0,,2.702509335319603,0.002702509335319603,0.007303556707489602,0,true,true,backward_euler_step_doubling,0.00002,,0.6,,,,,,
0.0426270834290418,R3,resistor,B,0,1000,Ω,,0,,3.297490664680397,0.0032974906646803972,0.010873444683654369,0,true,true,backward_euler_step_doubling,0.00002,,0.6,,,,,,
0.0426270834290418,R4,resistor,A,C,1000,Ω,,0,,2.3966542195739025,0.0023966542195739023,0.005743951448201391,0,true,true,backward_euler_step_doubling,0.00002,,0.6,,,,,,
0.0426270834290418,R5,resistor,C,0,2000,Ω,,0,,3.6033457804260975,0.0018016728902130487,0.006492050406657281,0,true,true,backward_euler_step_doubling,0.00002,,0.6,,,,,,
0.0426270834290418,C6,capacitor,B,C,100,µF,,0,V,-0.30585511574570035,-0.0005949813293608026,0.00018197808335817893,0.000004677367591390787,true,true,backward_euler_step_doubling,0.00002,1e-7,0.6,,,,,,
0.04292338914865425,V1,voltage,A,0,6,V,,0,,6,-0.005098912340958934,-0.030593474045753605,0,true,true,backward_euler_step_doubling,0.00002,,0.6,dc,5,10,0,50,2
0.04292338914865425,R2,resistor,A,B,1000,Ω,,0,,2.7032629771233085,0.0027032629771233086,0.007307630723485573,0,true,true,backward_euler_step_doubling,0.00002,,0.6,,,,,,
0.04292338914865425,R3,resistor,B,0,1000,Ω,,0,,3.2967370228766915,0.0032967370228766915,0.010868474998005872,0,true,true,backward_euler_step_doubling,0.00002,,0.6,,,,,,
0.04292338914865425,R4,resistor,A,C,1000,Ω,,0,,2.3956493638356258,0.002395649363835626,0.005739135874446038,0,true,true,backward_euler_step_doubling,0.00002,,0.6,,,,,,
0.04292338914865425,R5,resistor,C,0,2000,Ω,,0,,3.6043506361643742,0.0018021753180821872,0.006495671754209265,0,true,true,backward_euler_step_doubling,0.00002,,0.6,,,,,,
0.04292338914865425,C6,capacitor,B,C,100,µF,,0,V,-0.3076136132876828,-0.0005934740457533051,0.00018256069560663375,0.000004731306753995202,true,true,backward_euler_step_doubling,0.00002,1e-7,0.6,,,,,,
0.04322214100281542,V1,voltage,A,0,6,V,,0,,6,-0.005098659700087422,-0.030591958200524533,0,true,true,backward_euler_step_doubling,0.00002,,0.6,dc,5,10,0,50,2
0.04322214100281542,R2,resistor,A,B,1000,Ω,,0,,2.7040208997375164,0.0027040208997375164,0.007311729026217287,0,true,true,backward_euler_step_doubling,0.00002,,0.6,,,,,,
0.04322214100281542,R3,resistor,B,0,1000,Ω,,0,,3.2959791002624836,0.0032959791002624837,0.010863478229367092,0,true,true,backward_euler_step_doubling,0.00002,,0.6,,,,,,
0.04322214100281542,R4,resistor,A,C,1000,Ω,,0,,2.394638800349906,0.002394638800349906,0.005734294984141236,0,true,true,backward_euler_step_doubling,0.00002,,0.6,,,,,,
0.04322214100281542,R5,resistor,C,0,2000,Ω,,0,,3.605361199650094,0.001802680599825047,0.006499314689971183,0,true,true,backward_euler_step_doubling,0.00002,,0.6,,,,,,
0.04322214100281542,C6,capacitor,B,C,100,µF,,0,V,-0.3093820993876104,-0.0005919582005250224,0.0001831412708281435,0.000004785864171074262,true,true,backward_euler_step_doubling,0.00002,1e-7,0.6,,,,,,
0.0435208928569766,V1,voltage,A,0,6,V,,0,,6,-0.005098407704508685,-0.03059044622705211,0,true,true,backward_euler_step_doubling,0.00002,,0.6,dc,5,10,0,50,2
0.0435208928569766,R2,resistor,A,B,1000,Ω,,0,,2.70477688647372,0.0027047768864737203,0.007315818005602472,0,true,true,backward_euler_step_doubling,0.00002,,0.6,,,,,,
0.0435208928569766,R3,resistor,B,0,1000,Ω,,0,,3.29522311352628,0.00329522311352628,0.010858495367917831,0,true,true,backward_euler_step_doubling,0.00002,,0.6,,,,,,
0.0435208928569766,R4,resistor,A,C,1000,Ω,,0,,2.3936308180349655,0.0023936308180349656,0.005729468493046739,0,true,true,backward_euler_step_doubling,0.00002,,0.6,,,,,,
0.0435208928569766,R5,resistor,C,0,2000,Ω,,0,,3.6063691819650345,0.0018031845909825173,0.006502949338313576,0,true,true,backward_euler_step_doubling,0.00002,,0.6,,,,,,
0.0435208928569766,C6,capacitor,B,C,100,µF,,0,V,-0.3111460684387546,-0.0005904462270525426,0.00018371502217189484,0.000004840593795244707,true,true,backward_euler_step_doubling,0.00002,1e-7,0.6,,,,,,
0.04382210349634637,V1,voltage,A,0,6,V,,0,,6,-0.005098154289226904,-0.030588925735361427,0,true,true,backward_euler_step_doubling,0.00002,,0.6,dc,5,10,0,50,2
0.04382210349634637,R2,resistor,A,B,1000,Ω,,0,,2.705537132319277,0.002705537132319277,0.0073199311743584175,0,true,true,backward_euler_step_doubling,0.00002,,0.6,,,,,,
0.04382210349634637,R3,resistor,B,0,1000,Ω,,0,,3.294462867680723,0.003294462867680723,0.010853485586527094,0,true,true,backward_euler_step_doubling,0.00002,,0.6,,,,,,
0.04382210349634637,R4,resistor,A,C,1000,Ω,,0,,2.3926171569076273,0.002392617156907627,0.005724616859528737,0,true,true,backward_euler_step_doubling,0.00002,,0.6,,,,,,
0.04382210349634637,R5,resistor,C,0,2000,Ω,,0,,3.6073828430923727,0.0018036914215461863,0.006506605488318605,0,true,true,backward_euler_step_doubling,0.00002,,0.6,,,,,,
0.04382210349634637,C6,capacitor,B,C,100,µF,,0,V,-0.3129199754116496,-0.0005889257353613501,0.00018428662662856133,0.00000489594555058137,true,true,backward_euler_step_doubling,0.00002,1e-7,0.6,,,,,,
0.044123314135716137,V1,voltage,A,0,6,V,,0,,6,-0.005097901526529186,-0.030587409159175113,0,true,true,backward_euler_step_doubling,0.00002,,0.6,dc,5,10,0,50,2
0.044123314135716137,R2,resistor,A,B,1000,Ω,,0,,2.7062954204124514,0.0027062954204124514,0.0073240349025454074,0,true,true,backward_euler_step_doubling,0.00002,,0.6,,,,,,
0.044123314135716137,R3,resistor,B,0,1000,Ω,,0,,3.2937045795875486,0.0032937045795875487,0.01084848985759599,0,true,true,backward_euler_step_doubling,0.00002,,0.6,,,,,,
0.044123314135716137,R4,resistor,A,C,1000,Ω,,0,,2.391606106116734,0.002391606106116734,0.005719779766814846,0,true,true,backward_euler_step_doubling,0.00002,,0.6,,,,,,
0.044123314135716137,R5,resistor,C,0,2000,Ω,,0,,3.608393893883266,0.001804196946941633,0.00651025324670702,0,true,true,backward_euler_step_doubling,0.00002,,0.6,,,,,,
0.044123314135716137,C6,capacitor,B,C,100,µF,,0,V,-0.31468931429571745,-0.0005874091591750759,0.00018485138551182858,0.000004951468226595441,true,true,backward_euler_step_doubling,0.00002,1e-7,0.6,,,,,,
0.04442699638004349,V1,voltage,A,0,6,V,,0,,6,-0.005097647351384973,-0.030585884108309834,0,true,true,backward_euler_step_doubling,0.00002,,0.6,dc,5,10,0,50,2
0.04442699638004349,R2,resistor,A,B,1000,Ω,,0,,2.707057945844982,0.0027070579458449823,0.007328162722162455,0,true,true,backward_euler_step_doubling,0.00002,,0.6,,,,,,
0.04442699638004349,R3,resistor,B,0,1000,Ω,,0,,3.292942054155018,0.003292942054155018,0.010843467372022669,0,true,true,backward_euler_step_doubling,0.00002,,0.6,,,,,,
0.04442699638004349,R4,resistor,A,C,1000,Ω,,0,,2.3905894055399917,0.0023905894055399916,0.0057149177058800505,0,true,true,backward_euler_step_doubling,0.00002,,0.6,,,,,,
0.04442699638004349,R5,resistor,C,0,2000,Ω,,0,,3.6094105944600083,0.0018047052972300043,0.006513922419700076,0,true,true,backward_euler_step_doubling,0.00002,,0.6,,,,,,
0.04442699638004349,C6,capacitor,B,C,100,µF,,0,V,-0.3164685403049905,-0.0005858841083099807,0.00018541388854475055,0.000005007616850138569,true,true,backward_euler_step_doubling,0.00002,1e-7,0.6,,,,,,
0.04473067862437084,V1,voltage,A,0,6,V,,0,,6,-0.005097393836138617,-0.030584363016831703,0,true,true,backward_euler_step_doubling,0.00002,,0.6,dc,5,10,0,50,2
0.04473067862437084,R2,resistor,A,B,1000,Ω,,0,,2.707818491584071,0.002707818491584071,0.007332280983364634,0,true,true,backward_euler_step_doubling,0.00002,,0.6,,,,,,
0.04473067862437084,R3,resistor,B,0,1000,Ω,,0,,3.292181508415929,0.003292181508415929,0.010838459084355783,0,true,true,backward_euler_step_doubling,0.00002,,0.6,,,,,,
0.04473067862437084,R4,resistor,A,C,1000,Ω,,0,,2.389575344554547,0.002389575344554547,0.005710070327302982,0,true,true,backward_euler_step_doubling,0.00002,,0.6,,,,,,
0.04473067862437084,R5,resistor,C,0,2000,Ω,,0,,3.610424655445453,0.0018052123277227266,0.006517583096324209,0,true,true,backward_euler_step_doubling,0.00002,,0.6,,,,,,
0.04473067862437084,C6,capacitor,B,C,100,µF,,0,V,-0.31824314702952394,-0.0005843630168316706,0.00018596952548417751,0.000005063935031562759,true,true,backward_euler_step_doubling,0.00002,1e-7,0.6,,,,,,
0.0450368454647834,V1,voltage,A,0,6,V,,0,,6,-0.005097138915725161,-0.030582833494350967,0,true,true,backward_euler_step_doubling,0.00002,,0.6,dc,5,10,0,50,2
0.0450368454647834,R2,resistor,A,B,1000,Ω,,0,,2.7085832528246025,0.0027085832528246025,0.007336423237481905,0,true,true,backward_euler_step_doubling,0.00002,,0.6,,,,,,
0.0450368454647834,R3,resistor,B,0,1000,Ω,,0,,3.2914167471753975,0.0032914167471753976,0.010833424203586675,0,true,true,backward_euler_step_doubling,0.00002,,0.6,,,,,,
0.0450368454647834,R4,resistor,A,C,1000,Ω,,0,,2.3885556629005587,0.0023885556629005588,0.005705198154774328,0,true,true,backward_euler_step_doubling,0.00002,,0.6,,,,,,
0.0450368454647834,R5,resistor,C,0,2000,Ω,,0,,3.6114443370994413,0.0018057221685497207,0.006521265099983812,0,true,true,backward_euler_step_doubling,0.00002,,0.6,,,,,,
0.0450368454647834,C6,capacitor,B,C,100,µF,,0,V,-0.3200275899240439,-0.0005828334943508065,0.00018652279852409746,0.000005120882915629599,true,true,backward_euler_step_doubling,0.00002,1e-7,0.6,,,,,,
0.045343012305195954,V1,voltage,A,0,6,V,,0,,6,-0.005096884662545024,-0.030581307975270144,0,true,true,backward_euler_step_doubling,0.00002,,0.6,dc,5,10,0,50,2
0.045343012305195954,R2,resistor,A,B,1000,Ω,,0,,2.7093460123650086,0.002709346012365009,0.007340555814718174,0,true,true,backward_euler_step_doubling,0.00002,,0.6,,,,,,
0.045343012305195954,R3,resistor,B,0,1000,Ω,,0,,3.2906539876349914,0.0032906539876349913,0.01082840366633807,0,true,true,backward_euler_step_doubling,0.00002,,0.6,,,,,,
0.045343012305195954,R4,resistor,A,C,1000,Ω,,0,,2.3875386501800144,0.0023875386501800142,0.005700340806103405,0,true,true,backward_euler_step_doubling,0.00002,,0.6,,,,,,
0.045343012305195954,R5,resistor,C,0,2000,Ω,,0,,3.6124613498199856,0.0018062306749099927,0.006524938501971616,0,true,true,backward_euler_step_doubling,0.00002,,0.6,,,,,,
0.045343012305195954,C6,capacitor,B,C,100,µF,,0,V,-0.3218073621849942,-0.0005813079752699722,0.0001870691861387296,0.0000051779989178232,true,true,backward_euler_step_doubling,0.00002,1e-7,0.6,,,,,,
0.045651676906824604,V1,voltage,A,0,6,V,,0,,6,-0.005096629011499204,-0.030579774068995223,0,true,true,backward_euler_step_doubling,0.00002,,0.6,dc,5,10,0,50,2
0.045651676906824604,R2,resistor,A,B,1000,Ω,,0,,2.7101129655023044,0.0027101129655023046,0.007344712285783695,0,true,true,backward_euler_step_doubling,0.00002,,0.6,,,,,,
0.045651676906824604,R3,resistor,B,0,1000,Ω,,0,,3.2898870344976956,0.0032898870344976955,0.010823356699756042,0,true,true,backward_euler_step_doubling,0.00002,,0.6,,,,,,
0.045651676906824604,R4,resistor,A,C,1000,Ω,,0,,2.3865160459968995,0.0023865160459968994,0.005695458837800675,0,true,true,backward_euler_step_doubling,0.00002,,0.6,,,,,,
0.045651676906824604,R5,resistor,C,0,2000,Ω,,0,,3.6134839540031005,0.0018067419770015504,0.006528633142918941,0,true,true,backward_euler_step_doubling,0.00002,,0.6,,,,,,
0.045651676906824604,C6,capacitor,B,C,100,µF,,0,V,-0.3235969195054049,-0.0005797740689953629,0.00018761310273601354,0.000005235748315669376,true,true,backward_euler_step_doubling,0.00002,1e-7,0.6,,,,,,
0.045960341508453254,V1,voltage,A,0,6,V,,0,,6,-0.005096374035043771,-0.030578244210262624,0,true,true,backward_euler_step_doubling,0.00002,,0.6,dc,5,10,0,50,2
0.045960341508453254,R2,resistor,A,B,1000,Ω,,0,,2.710877894868612,0.002710877894868612,0.0073488589608872775,0,true,true,backward_euler_step_doubling,0.00002,,0.6,,,,,,
0.045960341508453254,R3,resistor,B,0,1000,Ω,,0,,3.289122105131388,0.0032891221051313878,0.010818324222463932,0,true,true,backward_euler_step_doubling,0.00002,,0.6,,,,,,
0.045960341508453254,R4,resistor,A,C,1000,Ω,,0,,2.3854961401751593,0.002385496140175159,0.005690591834790583,0,true,true,backward_euler_step_doubling,0.00002,,0.6,,,,,,
0.045960341508453254,R5,resistor,C,0,2000,Ω,,0,,3.6145038598248407,0.0018072519299124202,0.006532319076344335,0,true,true,backward_euler_step_doubling,0.00002,,0.6,,,,,,
0.045960341508453254,C6,capacitor,B,C,100,µF,,0,V,-0.32538175469345276,-0.0005782442102626171,0.0001881501157765802,0.000005293664314369513,true,true,backward_euler_step_doubling,0.00002,1e-7,0.6,,,,,,
0.0462715172131616,V1,voltage,A,0,6,V,,0,,6,-0.0050961176680458745,-0.030576706008275247,0,true,true,backward_euler_step_doubling,0.00002,,0.6,dc,5,10,0,50,2
0.0462715172131616,R2,resistor,A,B,1000,Ω,,0,,2.711646995862336,0.002711646995862336,0.007353029430169232,0,true,true,backward_euler_step_doubling,0.00002,,0.6,,,,,,
0.0462715172131616,R3,resistor,B,0,1000,Ω,,0,,3.288353004137664,0.0032883530041376637,0.010813265479821197,0,true,true,backward_euler_step_doubling,0.00002,,0.6,,,,,,
0.0462715172131616,R4,resistor,A,C,1000,Ω,,0,,2.3844706721835376,0.0023844706721835376,0.005685700386503412,0,true,true,backward_euler_step_doubling,0.00002,,0.6,,,,,,
0.0462715172131616,R5,resistor,C,0,2000,Ω,,0,,3.6155293278164624,0.0018077646639082312,0.00653602616015048,0,true,true,backward_euler_step_doubling,0.00002,,0.6,,,,,,
0.0462715172131616,C6,capacitor,B,C,100,µF,,0,V,-0.32717632367879856,-0.0005767060082752342,0.0001886845516309659,0.000005352217338798698,true,true,backward_euler_step_doubling,0.00002,1e-7,0.6,,,,,,
0.046582692917869935,V1,voltage,A,0,6,V,,0,,6,-0.0050958619830162736,-0.030575171898097643,0,true,true,backward_euler_step_doubling,0.00002,,0.6,dc,5,10,0,50,2
0.046582692917869935,R2,resistor,A,B,1000,Ω,,0,,2.7124140509511303,0.0027124140509511303,0.007357189983797121,0,true,true,backward_euler_step_doubling,0.00002,,0.6,,,,,,
0.046582692917869935,R3,resistor,B,0,1000,Ω,,0,,3.2875859490488697,0.00328758594904887,0.010808221372383558,0,true,true,backward_euler_step_doubling,0.00002,,0.6,,,,,,
0.046582692917869935,R4,resistor,A,C,1000,Ω,,0,,2.3834479320651423,0.0023834479320651424,0.0056808240448656035,0,true,true,backward_euler_step_doubling,0.00002,,0.6,,,,,,
0.046582692917869935,R5,resistor,C,0,2000,Ω,,0,,3.6165520679348577,0.0018082760339674289,0.006539724430041948,0,true,true,backward_euler_step_doubling,0.00002,,0.6,,,,,,
0.046582692917869935,C6,capacitor,B,C,100,µF,,0,V,-0.32896611888598803,-0.0005751718980975759,0.00018921206700944654,0.0000054109353687455005,true,true,backward_euler_step_doubling,0.00002,1e-7,0.6,,,,,,
0.04689639324680199,V1,voltage,A,0,6,V,,0,,6,-0.005095604914788734,-0.0305736294887324,0,true,true,backward_euler_step_doubling,0.00002,,0.6,dc,5,10,0,50,2
0.04689639324680199,R2,resistor,A,B,1000,Ω,,0,,2.7131852556338627,0.0027131852556338625,0.007361374231388988,0,true,true,backward_euler_step_doubling,0.00002,,0.6,,,,,,
0.04689639324680199,R3,resistor,B,0,1000,Ω,,0,,3.2868147443661373,0.003286814744366137,0.010803151163782635,0,true,true,backward_euler_step_doubling,0.00002,,0.6,,,,,,
0.04689639324680199,R4,resistor,A,C,1000,Ω,,0,,2.3824196591548703,0.00238241965915487,0.005675923432327608,0,true,true,backward_euler_step_doubling,0.00002,,0.6,,,,,,
0.04689639324680199,R5,resistor,C,0,2000,Ω,,0,,3.6175803408451297,0.0018087901704225647,0.006543443761234582,0,true,true,backward_euler_step_doubling,0.00002,,0.6,,,,,,
0.04689639324680199,C6,capacitor,B,C,100,µF,,0,V,-0.3307655964789924,-0.000573629488732252,0.0001897368999984628,0.000005470293990705181,true,true,backward_euler_step_doubling,0.00002,1e-7,0.6,,,,,,
0.04721009357573405,V1,voltage,A,0,6,V,,0,,6,-0.005095348535928017,-0.0305720912155681,0,true,true,backward_euler_step_doubling,0.00002,,0.6,dc,5,10,0,50,2
0.04721009357573405,R2,resistor,A,B,1000,Ω,,0,,2.713954392216018,0.002713954392216018,0.007365548443028616,0,true,true,backward_euler_step_doubling,0.00002,,0.6,,,,,,
0.04721009357573405,R3,resistor,B,0,1000,Ω,,0,,3.286045607783982,0.003286045607783982,0.0107980957364364,0,true,true,backward_euler_step_doubling,0.00002,,0.6,,,,,,
0.04721009357573405,R4,resistor,A,C,1000,Ω,,0,,2.3813941437119976,0.002381394143711998,0.005671038067705799,0,true,true,backward_euler_step_doubling,0.00002,,0.6,,,,,,
0.04721009357573405,R5,resistor,C,0,2000,Ω,,0,,3.6186058562880024,0.0018093029281440012,0.006547154171580913,0,true,true,backward_euler_step_doubling,0.00002,,0.6,,,,,,
0.04721009357573405,C6,capacitor,B,C,100,µF,,0,V,-0.33256024850402044,-0.0005720912155679405,0.00019025479681624143,0.0000055298159442527904,true,true,backward_euler_step_doubling,0.00002,1e-7,0.6,,,,,,
0.04752633223205324,V1,voltage,A,0,6,V,,0,,6,-0.005095090781234642,-0.03057054468740785,0,true,true,backward_euler_step_doubling,0.00002,,0.6,dc,5,10,0,50,2
0.04752633223205324,R2,resistor,A,B,1000,Ω,,0,,2.714727656295911,0.002714727656295911,0.0073697462478578895,0,true,true,backward_euler_step_doubling,0.00002,,0.6,,,,,,
0.04752633223205324,R3,resistor,B,0,1000,Ω,,0,,3.285272343704089,0.003285272343704089,0.01079301437230696,0,true,true,backward_euler_step_doubling,0.00002,,0.6,,,,,,
0.04752633223205324,R4,resistor,A,C,1000,Ω,,0,,2.3803631249387305,0.0023803631249387303,0.005666128606568078,0,true,true,backward_euler_step_doubling,0.00002,,0.6,,,,,,
0.04752633223205324,R5,resistor,C,0,2000,Ω,,0,,3.6196368750612695,0.0018098184375306347,0.006550885553651656,0,true,true,backward_euler_step_doubling,0.00002,,0.6,,,,,,
0.04752633223205324,C6,capacitor,B,C,100,µF,,0,V,-0.33436453135718036,-0.0005705446874081076,0.00019076990702354086,0.000005589981991485342,true,true,backward_euler_step_doubling,0.00002,1e-7,0.6,,,,,,
0.04784257088837243,V1,voltage,A,0,6,V,,0,,6,-0.005094833723326894,-0.030569002339961363,0,true,true,backward_euler_step_doubling,0.00002,,0.6,dc,5,10,0,50,2
0.04784257088837243,R2,resistor,A,B,1000,Ω,,0,,2.715498830019196,0.002715498830019196,0.007373933895835622,0,true,true,backward_euler_step_doubling,0.00002,,0.6,,,,,,
0.04784257088837243,R3,resistor,B,0,1000,Ω,,0,,3.284501169980804,0.003284501169980804,0.010787947935605271,0,true,true,backward_euler_step_doubling,0.00002,,0.6,,,,,,
0.04784257088837243,R4,resistor,A,C,1000,Ω,,0,,2.3793348933076963,0.0023793348933076964,0.005661234534511546,0,true,true,backward_euler_step_doubling,0.00002,,0.6,,,,,,
0.04784257088837243,R5,resistor,C,0,2000,Ω,,0,,3.6206651066923037,0.0018103325533461519,0.006554607907409596,0,true,true,backward_euler_step_doubling,0.00002,,0.6,,,,,,
0.04784257088837243,C6,capacitor,B,C,100,µF,,0,V,-0.33616393671149947,-0.0005690023399615345,0.0001912780665995244,0.0000056503096172686505,true,true,backward_euler_step_doubling,0.00002,1e-7,0.6,,,,,,
0.048161361760095486,V1,voltage,A,0,6,V,,0,,6,-0.00509457529697241,-0.03056745178183446,0,true,true,backward_euler_step_doubling,0.00002,,0.6,dc,5,10,0,50,2
0.048161361760095486,R2,resistor,A,B,1000,Ω,,0,,2.716274109082913,0.0027162741090829127,0.007378145035674171,0,true,true,backward_euler_step_doubling,0.00002,,0.6,,,,,,
0.048161361760095486,R3,resistor,B,0,1000,Ω,,0,,3.283725890917087,0.0032837258909170874,0.01078285572667922,0,true,true,backward_euler_step_doubling,0.00002,,0.6,,,,,,
0.048161361760095486,R4,resistor,A,C,1000,Ω,,0,,2.378301187889496,0.002378301187889496,0.005656316540316587,0,true,true,backward_euler_step_doubling,0.00002,,0.6,,,,,,
0.048161361760095486,R5,resistor,C,0,2000,Ω,,0,,3.621698812110504,0.001810849406055252,0.006558351142821318,0,true,true,backward_euler_step_doubling,0.00002,,0.6,,,,,,
0.048161361760095486,C6,capacitor,B,C,100,µF,,0,V,-0.3379729211934168,-0.0005674517818342322,0.0001917833363429249,0.000005711284773000576,true,true,backward_euler_step_doubling,0.00002,1e-7,0.6,,,,,,
0.04848015263181854,V1,voltage,A,0,6,V,,0,,6,-0.005094317574841817,-0.030565905449050898,0,true,true,backward_euler_step_doubling,0.00002,,0.6,dc,5,10,0,50,2
0.04848015263181854,R2,resistor,A,B,1000,Ω,,0,,2.7170472754746946,0.0027170472754746945,0.007382345897164461,0,true,true,backward_euler_step_doubling,0.00002,,0.6,,,,,,
0.04848015263181854,R3,resistor,B,0,1000,Ω,,0,,3.2829527245253054,0.003282952724525305,0.010777778591468124,0,true,true,backward_euler_step_doubling,0.00002,,0.6,,,,,,
0.04848015263181854,R4,resistor,A,C,1000,Ω,,0,,2.377270299367121,0.0023772702993671213,0.005651414076253042,0,true,true,backward_euler_step_doubling,0.00002,,0.6,,,,,,
0.04848015263181854,R5,resistor,C,0,2000,Ω,,0,,3.622729700632879,0.0018113648503164394,0.006562085241923794,0,true,true,backward_euler_step_doubling,0.00002,,0.6,,,,,,
0.04848015263181854,C6,capacitor,B,C,100,µF,,0,V,-0.3397769761075735,-0.0005659054490506068,0.0001922816422412137,0.000005772419674640328,true,true,backward_euler_step_doubling,0.00002,1e-7,0.6,,,,,,
0.04880150979463472,V1,voltage,A,0,6,V,,0,,6,-0.005094058491670175,-0.030564350950021052,0,true,true,backward_euler_step_doubling,0.00002,,0.6,dc,5,10,0,50,2
0.04880150979463472,R2,resistor,A,B,1000,Ω,,0,,2.7178245249895308,0.0027178245249895308,0.0073865701486345685,0,true,true,backward_euler_step_doubling,0.00002,,0.6,,,,,,
0.04880150979463472,R3,resistor,B,0,1000,Ω,,0,,3.2821754750104692,0.0032821754750104693,0.0107726758487602,0,true,true,backward_euler_step_doubling,0.00002,,0.6,,,,,,
0.04880150979463472,R4,resistor,A,C,1000,Ω,,0,,2.3762339666806436,0.0023762339666806437,0.005646487864406826,0,true,true,backward_euler_step_doubling,0.00002,,0.6,,,,,,
0.04880150979463472,R5,resistor,C,0,2000,Ω,,0,,3.6237660333193564,0.0018118830166596782,0.006565840132119551,0,true,true,backward_euler_step_doubling,0.00002,,0.6,,,,,,
0.04880150979463472,C6,capacitor,B,C,100,µF,,0,V,-0.3415905583088872,-0.0005643509500210102,0.00019277695609982778,0.000005834205476288863,true,true,backward_euler_step_doubling,0.00002,1e-7,0.6,,,,,,
0.0491228669574509,V1,voltage,A,0,6,V,,0,,6,-0.0050938001201802354,-0.03056280072108141,0,true,true,backward_euler_step_doubling,0.00002,,0.6,dc,5,10,0,50,2
0.0491228669574509,R2,resistor,A,B,1000,Ω,,0,,2.7185996394593483,0.0027185996394593482,0.007390783999668499,0,true,true,backward_euler_step_doubling,0.00002,,0.6,,,,,,
0.0491228669574509,R3,resistor,B,0,1000,Ω,,0,,3.2814003605406517,0.0032814003605406514,0.010767588326156319,0,true,true,backward_euler_step_doubling,0.00002,,0.6,,,,,,
0.0491228669574509,R4,resistor,A,C,1000,Ω,,0,,2.3752004807208853,0.0023752004807208855,0.005641577323616725,0,true,true,backward_euler_step_doubling,0.00002,,0.6,,,,,,
0.0491228669574509,R5,resistor,C,0,2000,Ω,,0,,3.6247995192791147,0.0018123997596395573,0.00656958577748305,0,true,true,backward_euler_step_doubling,0.00002,,0.6,,,,,,
0.0491228669574509,C6,capacitor,B,C,100,µF,,0,V,-0.34339915873846305,-0.0005628007210813027,0.0001932652941567197,0.000005896149111114207,true,true,backward_euler_step_doubling,0.00002,1e-7,0.6,,,,,,
0.04944680467760593,V1,voltage,A,0,6,V,,0,,6,-0.005093540395074646,-0.030561242370447876,0,true,true,backward_euler_step_doubling,0.00002,,0.6,dc,5,10,0,50,2
0.04944680467760593,R2,resistor,A,B,1000,Ω,,0,,2.719378814776241,0.002719378814776241,0.007395021138253834,0,true,true,backward_euler_step_doubling,0.00002,,0.6,,,,,,
0.04944680467760593,R3,resistor,B,0,1000,Ω,,0,,3.280621185223759,0.003280621185223759,0.010762475360938942,0,true,true,backward_euler_step_doubling,0.00002,,0.6,,,,,,
0.04944680467760593,R4,resistor,A,C,1000,Ω,,0,,2.3741615802984057,0.0023741615802984057,0.005636643209365023,0,true,true,backward_euler_step_doubling,0.00002,,0.6,,,,,,
0.04944680467760593,R5,resistor,C,0,2000,Ω,,0,,3.6258384197015943,0.0018129192098507972,0.006573352122892078,0,true,true,backward_euler_step_doubling,0.00002,,0.6,,,,,,
0.04944680467760593,C6,capacitor,B,C,100,µF,,0,V,-0.34521723447783526,-0.0005612423704476576,0.00019375053899772508,0.000005958746949026234,true,true,backward_euler_step_doubling,0.00002,1e-7,0.6,,,,,,
0.04977074239776096,V1,voltage,A,0,6,V,,0,,6,-0.005093281389127278,-0.03055968833476367,0,true,true,backward_euler_step_doubling,0.00002,,0.6,dc,5,10,0,50,2
0.04977074239776096,R2,resistor,A,B,1000,Ω,,0,,2.7201558326183597,0.00272015583261836,0.007399247753727682,0,true,true,backward_euler_step_doubling,0.00002,,0.6,,,,,,
0.04977074239776096,R3,resistor,B,0,1000,Ω,,0,,3.2798441673816403,0.0032798441673816403,0.010757377762307365,0,true,true,backward_euler_step_doubling,0.00002,,0.6,,,,,,
0.04977074239776096,R4,resistor,A,C,1000,Ω,,0,,2.3731255565089184,0.0023731255565089186,0.005631724906955764,0,true,true,backward_euler_step_doubling,0.00002,,0.6,,,,,,
0.04977074239776096,R5,resistor,C,0,2000,Ω,,0,,3.6268744434910816,0.0018134372217455408,0.006577109114424371,0,true,true,backward_euler_step_doubling,0.00002,,0.6,,,,,,
0.04977074239776096,C6,capacitor,B,C,100,µF,,0,V,-0.34703027610944126,-0.000559688334763332,0.0001942287973481525,0.000006021500626829752,true,true,backward_euler_step_doubling,0.00002,1e-7,0.6,,,,,,
0.05009727513502678,V1,voltage,A,0,6,V,,0,,6,-0.005093021037008633,-0.0305581262220518,0,true,true,backward_euler_step_doubling,0.00002,,0.6,dc,5,10,0,50,2
0.05009727513502678,R2,resistor,A,B,1000,Ω,,0,,2.7209368889741685,0.0027209368889741683,0.007403497553780426,0,true,true,backward_euler_step_doubling,0.00002,,0.6,,,,,,
0.05009727513502678,R3,resistor,B,0,1000,Ω,,0,,3.2790631110258315,0.0032790631110258314,0.010752254886090403,0,true,true,backward_euler_step_doubling,0.00002,,0.6,,,,,,
0.05009727513502678,R4,resistor,A,C,1000,Ω,,0,,2.372084148034464,0.002372084148034464,0.005626783205356389,0,true,true,backward_euler_step_doubling,0.00002,,0.6,,,,,,
0.05009727513502678,R5,resistor,C,0,2000,Ω,,0,,3.627915851965536,0.001813957925982768,0.006580886714471411,0,true,true,backward_euler_step_doubling,0.00002,,0.6,,,,,,
0.05009727513502678,C6,capacitor,B,C,100,µF,,0,V,-0.34885274093970464,-0.0005581262220515971,0.00019470386235302187,0.000006084911743057234,true,true,backward_euler_step_doubling,0.00002,1e-7,0.6,,,,,,
0.0504238078722926,V1,voltage,A,0,6,V,,0,,6,-0.005092761411543281,-0.030556568469259686,0,true,true,backward_euler_step_doubling,0.00002,,0.6,dc,5,10,0,50,2
0.0504238078722926,R2,resistor,A,B,1000,Ω,,0,,2.721715765370208,0.002721715765370208,0.0074077367074647385,0,true,true,backward_euler_step_doubling,0.00002,,0.6,,,,,,
0.0504238078722926,R3,resistor,B,0,1000,Ω,,0,,3.278284234629792,0.003278284234629792,0.01074714752302224,0,true,true,backward_euler_step_doubling,0.00002,,0.6,,,,,,
0.0504238078722926,R4,resistor,A,C,1000,Ω,,0,,2.3710456461730716,0.0023710456461730717,0.005621857456236279,0,true,true,backward_euler_step_doubling,0.00002,,0.6,,,,,,
0.0504238078722926,R5,resistor,C,0,2000,Ω,,0,,3.6289543538269284,0.0018144771769134642,0.00658465485107971,0,true,true,backward_euler_step_doubling,0.00002,,0.6,,,,,,
0.0504238078722926,C6,capacitor,B,C,100,µF,,0,V,-0.35067011919713664,-0.0005565684692596496,0.0001951719314566492,0.0000061484766248867,true,true,backward_euler_step_doubling,0.00002,1e-7,0.6,,,,,,
0.05075295028297171,V1,voltage,A,0,6,V,,0,,6,-0.005092500447369764,-0.030555002684218586,0,true,true,backward_euler_step_doubling,0.00002,,0.6,dc,5,10,0,50,2
0.05075295028297171,R2,resistor,A,B,1000,Ω,,0,,2.722498657890536,0.002722498657890536,0.00741199894221577,0,true,true,backward_euler_step_doubling,0.00002,,0.6,,,,,,
0.05075295028297171,R3,resistor,B,0,1000,Ω,,0,,3.277501342109464,0.003277501342109464,0.010742015047529337,0,true,true,backward_euler_step_doubling,0.00002,,0.6,,,,,,
0.05075295028297171,R4,resistor,A,C,1000,Ω,,0,,2.370001789479228,0.002370001789479228,0.005616908482134743,0,true,true,backward_euler_step_doubling,0.00002,,0.6,,,,,,
0.05075295028297171,R5,resistor,C,0,2000,Ω,,0,,3.629998210520772,0.001814999105260386,0.0065884435041920035,0,true,true,backward_euler_step_doubling,0.00002,,0.6,,,,,,
0.05075295028297171,C6,capacitor,B,C,100,µF,,0,V,-0.3524968684113081,-0.0005550026842187962,0.00019563670814699578,0.000006212702111988952,true,true,backward_euler_step_doubling,0.00002,1e-7,0.6,,,,,,
0.051082092693650806,V1,voltage,A,0,6,V,,0,,6,-0.005092240217362583,-0.030553441304175498,0,true,true,backward_euler_step_doubling,0.00002,,0.6,dc,5,10,0,50,2
0.051082092693650806,R2,resistor,A,B,1000,Ω,,0,,2.723279347912075,0.002723279347912075,0.007416250406764416,0,true,true,backward_euler_step_doubling,0.00002,,0.6,,,,,,
0.051082092693650806,R3,resistor,B,0,1000,Ω,,0,,3.276720652087925,0.003276720652087925,0.010736898231819517,0,true,true,backward_euler_step_doubling,0.00002,,0.6,,,,,,
0.051082092693650806,R4,resistor,A,C,1000,Ω,,0,,2.368960869450509,0.002368960869450509,0.005611975600987711,0,true,true,backward_euler_step_doubling,0.00002,,0.6,,,,,,
0.051082092693650806,R5,resistor,C,0,2000,Ω,,0,,3.631039130549491,0.0018155195652747457,0.006592222583790802,0,true,true,backward_euler_step_doubling,0.00002,,0.6,,,,,,
0.051082092693650806,C6,capacitor,B,C,100,µF,,0,V,-0.35431847846156606,-0.0005534413041757524,0.00019609448081333737,0.000006277079208965962,true,true,backward_euler_step_doubling,0.00002,1e-7,0.6,,,,,,
0.05141385963366529,V1,voltage,A,0,6,V,,0,,6,-0.005091978656128694,-0.030551871936772168,0,true,true,backward_euler_step_doubling,0.00002,,0.6,dc,5,10,0,50,2
0.05141385963366529,R2,resistor,A,B,1000,Ω,,0,,2.7240640316138443,0.0027240640316138444,0.007420524848332271,0,true,true,backward_euler_step_doubling,0.00002,,0.6,,,,,,
0.05141385963366529,R3,resistor,B,0,1000,Ω,,0,,3.2759359683861557,0.0032759359683861558,0.01073175646896614,0,true,true,backward_euler_step_doubling,0.00002,,0.6,,,,,,
0.05141385963366529,R4,resistor,A,C,1000,Ω,,0,,2.36791462451485,0.00236791462451485,0.005607019668991303,0,true,true,backward_euler_step_doubling,0.00002,,0.6,,,,,,
0.05141385963366529,R5,resistor,C,0,2000,Ω,,0,,3.63208537548515,0.001816042687742575,0.006596022087406552,0,true,true,backward_euler_step_doubling,0.00002,,0.6,,,,,,
0.05141385963366529,C6,capacitor,B,C,100,µF,,0,V,-0.35614940709899434,-0.0005518719367723426,0.00019654886307604352,0.00000634212000884826,true,true,backward_euler_step_doubling,0.00002,1e-7,0.6,,,,,,
0.05174562657367978,V1,voltage,A,0,6,V,,0,,6,-0.005091717836591632,-0.03055030701954979,0,true,true,backward_euler_step_doubling,0.00002,,0.6,dc,5,10,0,50,2
0.05174562657367978,R2,resistor,A,B,1000,Ω,,0,,2.7248464902250356,0.0027248464902250354,0.007424788395291694,0,true,true,backward_euler_step_doubling,0.00002,,0.6,,,,,,
0.05174562657367978,R3,resistor,B,0,1000,Ω,,0,,3.2751535097749644,0.0032751535097749643,0.010726630512591267,0,true,true,backward_euler_step_doubling,0.00002,,0.6,,,,,,
0.05174562657367978,R4,resistor,A,C,1000,Ω,,0,,2.3668713463665956,0.0023668713463665956,0.005602079970251221,0,true,true,backward_euler_step_doubling,0.00002,,0.6,,,,,,
0.05174562657367978,R5,resistor,C,0,2000,Ω,,0,,3.6331286536334044,0.0018165643268167023,0.0065998119069260374,0,true,true,backward_euler_step_doubling,0.00002,,0.6,,,,,,
0.05174562657367978,C6,capacitor,B,C,100,µF,,0,V,-0.35797514385844,-0.0005503070195499034,0.000196996234489686,0.000006407310181023539,true,true,backward_euler_step_doubling,0.00002,1e-7,0.6,,,,,,
0.05208003310167984,V1,voltage,A,0,6,V,,0,,6,-0.005091455693327081,-0.030548734159962482,0,true,true,backward_euler_step_doubling,0.00002,,0.6,dc,5,10,0,50,2
0.05208003310167984,R2,resistor,A,B,1000,Ω,,0,,2.7256329200189002,0.0027256329200189004,0.0074290748146907575,0,true,true,backward_euler_step_doubling,0.00002,,0.6,,,,,,
0.05208003310167984,R3,resistor,B,0,1000,Ω,,0,,3.2743670799810998,0.0032743670799810997,0.010721479774463954,0,true,true,backward_euler_step_doubling,0.00002,,0.6,,,,,,
0.05208003310167984,R4,resistor,A,C,1000,Ω,,0,,2.3658227733081802,0.00236582277330818,0.005597117394703609,0,true,true,backward_euler_step_doubling,0.00002,,0.6,,,,,,
0.05208003310167984,R5,resistor,C,0,2000,Ω,,0,,3.6341772266918198,0.0018170886133459098,0.006603622057502723,0,true,true,backward_euler_step_doubling,0.00002,,0.6,,,,,,
0.05208003310167984,C6,capacitor,B,C,100,µF,,0,V,-0.35981014671072,-0.0005487341599622285,0.00019744011860119314,0.000006473167083799491,true,true,backward_euler_step_doubling,0.00002,1e-7,0.6,,,,,,
0.052414439629679906,V1,voltage,A,0,6,V,,0,,6,-0.0050911942993070395,-0.030547165795842237,0,true,true,backward_euler_step_doubling,0.00002,,0.6,dc,5,10,0,50,2
0.052414439629679906,R2,resistor,A,B,1000,Ω,,0,,2.726417102079019,0.002726417102079019,0.007433350214508956,0,true,true,backward_euler_step_doubling,0.00002,,0.6,,,,,,
0.052414439629679906,R3,resistor,B,0,1000,Ω,,0,,3.273582897920981,0.0032735828979209808,0.010716344989560726,0,true,true,backward_euler_step_doubling,0.00002,,0.6,,,,,,
0.052414439629679906,R4,resistor,A,C,1000,Ω,,0,,2.3647771972280203,0.00236477719722802,0.005592171192529611,0,true,true,backward_euler_step_doubling,0.00002,,0.6,,,,,,
0.052414439629679906,R5,resistor,C,0,2000,Ω,,0,,3.6352228027719797,0.0018176114013859898,0.006607422412896684,0,true,true,backward_euler_step_doubling,0.00002,,0.6,,,,,,
0.052414439629679906,C6,capacitor,B,C,100,µF,,0,V,-0.36163990485099884,-0.0005471657958419148,0.00019787698634599112,0.000006539171039031974,true,true,backward_euler_step_doubling,0.00002,1e-7,0.6,,,,,,
0.0527515010103364,V1,voltage,A,0,6,V,,0,,6,-0.005090931589075864,-0.030545589534455186,0,true,true,backward_euler_step_doubling,0.00002,,0.6,dc,5,10,0,50,2
0.0527515010103364,R2,resistor,A,B,1000,Ω,,0,,2.7272052327722087,0.0027272052327722085,0.0074376483816601165,0,true,true,backward_euler_step_doubling,0.00002,,0.6,,,,,,
0.0527515010103364,R3,resistor,B,0,1000,Ω,,0,,3.2727947672277913,0.003272794767227791,0.010711185588393611,0,true,true,backward_euler_step_doubling,0.00002,,0.6,,,,,,
0.0527515010103364,R4,resistor,A,C,1000,Ω,,0,,2.363726356303657,0.002363726356303657,0.005587202287484563,0,true,true,backward_euler_step_doubling,0.00002,,0.6,,,,,,
0.0527515010103364,R5,resistor,C,0,2000,Ω,,0,,3.636273643696343,0.0018181368218481715,0.006611243005920339,0,true,true,backward_euler_step_doubling,0.00002,,0.6,,,,,,
0.0527515010103364,C6,capacitor,B,C,100,µF,,0,V,-0.3634788764685517,-0.0005455895344554493,0.0001983102709968669,0.000006605844681942032,true,true,backward_euler_step_doubling,0.00002,1e-7,0.6,,,,,,
0.05308856239099289,V1,voltage,A,0,6,V,,0,,6,-0.0050906696356537735,-0.03054401781392264,0,true,true,backward_euler_step_doubling,0.00002,,0.6,dc,5,10,0,50,2
0.05308856239099289,R2,resistor,A,B,1000,Ω,,0,,2.727991093038476,0.0027279910930384757,0.007441935403697258,0,true,true,backward_euler_step_doubling,0.00002,,0.6,,,,,,
0.05308856239099289,R3,resistor,B,0,1000,Ω,,0,,3.272008906961524,0.003272008906961524,0.010706042287235547,0,true,true,backward_euler_step_doubling,0.00002,,0.6,,,,,,
0.05308856239099289,R4,resistor,A,C,1000,Ω,,0,,2.362678542615298,0.0023626785426152977,0.005582249895734748,0,true,true,backward_euler_step_doubling,0.00002,,0.6,,,,,,
0.05308856239099289,R5,resistor,C,0,2000,Ω,,0,,3.637321457384702,0.001818660728692351,0.006615053692175586,0,true,true,backward_euler_step_doubling,0.00002,,0.6,,,,,,
0.05308856239099289,C6,capacitor,B,C,100,µF,,0,V,-0.365312550423178,-0.0005440178139230513,0.00019873653507987174,0.000006672662974834348,true,true,backward_euler_step_doubling,0.00002,1e-7,0.6,,,,,,
0.053428294098165824,V1,voltage,A,0,6,V,,0,,6,-0.005090406373554175,-0.03054243824132505,0,true,true,backward_euler_step_doubling,0.00002,,0.6,dc,5,10,0,50,2
0.053428294098165824,R2,resistor,A,B,1000,Ω,,0,,2.728780879337483,0.0027287808793374827,0.007446245087437846,0,true,true,backward_euler_step_doubling,0.00002,,0.6,,,,,,
0.053428294098165824,R3,resistor,B,0,1000,Ω,,0,,3.271219120662517,0.003271219120662517,0.01070087453538805,0,true,true,backward_euler_step_doubling,0.00002,,0.6,,,,,,
0.053428294098165824,R4,resistor,A,C,1000,Ω,,0,,2.361625494216692,0.002361625494216692,0.005577274974934235,0,true,true,backward_euler_step_doubling,0.00002,,0.6,,,,,,
0.053428294098165824,R5,resistor,C,0,2000,Ω,,0,,3.638374505783308,0.001819187252891654,0.006618884522166964,0,true,true,backward_euler_step_doubling,0.00002,,0.6,,,,,,
0.053428294098165824,C6,capacitor,B,C,100,µF,,0,V,-0.3671553851207907,-0.0005424382413251246,0.00019915912139797053,0.000006740153841159807,true,true,backward_euler_step_doubling,0.00002,1e-7,0.6,,,,,,
0.053768025805338765,V1,voltage,A,0,6,V,,0,,6,-0.0050901438758441915,-0.03054086325506515,0,true,true,backward_euler_step_doubling,0.00002,,0.6,dc,5,10,0,50,2
0.053768025805338765,R2,resistor,A,B,1000,Ω,,0,,2.7295683724674427,0.0027295683724674427,0.007450543499974564,0,true,true,backward_euler_step_doubling,0.00002,,0.6,,,,,,
0.053768025805338765,R3,resistor,B,0,1000,Ω,,0,,3.2704316275325573,0.0032704316275325575,0.010695723030365253,0,true,true,backward_euler_step_doubling,0.00002,,0.6,,,,,,
0.053768025805338765,R4,resistor,A,C,1000,Ω,,0,,2.360575503376748,0.002360575503376748,0.005572316707142388,0,true,true,backward_euler_step_doubling,0.00002,,0.6,,,,,,
0.053768025805338765,R5,resistor,C,0,2000,Ω,,0,,3.639424496623252,0.0018197122483116258,0.006622705333310705,0,true,true,backward_euler_step_doubling,0.00002,,0.6,,,,,,
0.053768025805338765,C6,capacitor,B,C,100,µF,,0,V,-0.3689928690906945,-0.0005408632550651037,0.00019957468427220473,0.00000680778687198912,true,true,backward_euler_step_doubling,0.00002,1e-7,0.6,,,,,,
0.05411044352554302,V1,voltage,A,0,6,V,,0,,6,-0.005089880077006519,-0.030539280462039114,0,true,true,backward_euler_step_doubling,0.00002,,0.6,dc,5,10,0,50,2
0.05411044352554302,R2,resistor,A,B,1000,Ω,,0,,2.7303597689804175,0.0027303597689804174,0.007454864468066799,0,true,true,backward_euler_step_doubling,0.00002,,0.6,,,,,,
0.05411044352554302,R3,resistor,B,0,1000,Ω,,0,,3.2696402310195825,0.0032696402310195822,0.010690547240301787,0,true,true,backward_euler_step_doubling,0.00002,,0.6,,,,,,
0.05411044352554302,R4,resistor,A,C,1000,Ω,,0,,2.359520308026102,0.002359520308026102,0.00556733608398759,0,true,true,backward_euler_step_doubling,0.00002,,0.6,,,,,,
0.05411044352554302,R5,resistor,C,0,2000,Ω,,0,,3.640479691973898,0.001820239845986949,0.006626546193837185,0,true,true,backward_euler_step_doubling,0.00002,,0.6,,,,,,
0.05411044352554302,C6,capacitor,B,C,100,µF,,0,V,-0.37083946095431575,-0.000539280462039094,0.00019998647584577194,0.0000068760952900443724,true,true,backward_euler_step_doubling,0.00002,1e-7,0.6,,,,,,
0.054452861245747275,V1,voltage,A,0,6,V,,0,,6,-0.005089617050155044,-0.03053770230093026,0,true,true,backward_euler_step_doubling,0.00002,,0.6,dc,5,10,0,50,2
0.054452861245747275,R2,resistor,A,B,1000,Ω,,0,,2.7311488495348453,0.0027311488495348453,0.0074591740383155095,0,true,true,backward_euler_step_doubling,0.00002,,0.6,,,,,,
0.054452861245747275,R3,resistor,B,0,1000,Ω,,0,,3.2688511504651547,0.003268851150465155,0.010685387843897366,0,true,true,backward_euler_step_doubling,0.00002,,0.6,,,,,,
0.054452861245747275,R4,resistor,A,C,1000,Ω,,0,,2.358468200620198,0.002358468200620198,0.005562372253336674,0,true,true,backward_euler_step_doubling,0.00002,,0.6,,,,,,
0.054452861245747275,R5,resistor,C,0,2000,Ω,,0,,3.641531799379802,0.001820765899689901,0.006630376922947149,0,true,true,backward_euler_step_doubling,0.00002,,0.6,,,,,,
0.054452861245747275,C6,capacitor,B,C,100,µF,,0,V,-0.37268064891464725,-0.0005377023009303429,0.00020039124243361912,0.0000069445433037721275,true,true,backward_euler_step_doubling,0.00002,1e-7,0.6,,,,,,
0.05479798088149451,V1,voltage,A,0,6,V,,0,,6,-0.005089352729741812,-0.030536116378450873,0,true,true,backward_euler_step_doubling,0.00002,,0.6,dc,5,10,0,50,2
0.05479798088149451,R2,resistor,A,B,1000,Ω,,0,,2.731941810774475,0.0027319418107744752,0.007463506057457718,0,true,true,backward_euler_step_doubling,0.00002,,0.6,,,,,,
0.05479798088149451,R3,resistor,B,0,1000,Ω,,0,,3.268058189225525,0.003268058189225525,0.010680204328164017,0,true,true,backward_euler_step_doubling,0.00002,,0.6,,,,,,
0.05479798088149451,R4,resistor,A,C,1000,Ω,,0,,2.3574109189673367,0.0023574109189673366,0.005557386240866422,0,true,true,backward_euler_step_doubling,0.00002,,0.6,,,,,,
0.05479798088149451,R5,resistor,C,0,2000,Ω,,0,,3.6425890810326633,0.0018212945405163316,0.006634227606629191,0,true,true,backward_euler_step_doubling,0.00002,,0.6,,,,,,
0.05479798088149451,C6,capacitor,B,C,100,µF,,0,V,-0.3745308918071384,-0.0005361163784509268,0.00020079214533363893,0.000007013669445892519,true,true,backward_euler_step_doubling,0.00002,1e-7,0.6,,,,,,
0.05514310051724176,V1,voltage,A,0,6,V,,0,,6,-0.005089089188926677,-0.03053453513356006,0,true,true,backward_euler_step_doubling,0.00002,,0.6,dc,5,10,0,50,2
0.05514310051724176,R2,resistor,A,B,1000,Ω,,0,,2.73273243321985,0.00273273243321985,0.007467826551571683,0,true,true,backward_euler_step_doubling,0.00002,,0.6,,,,,,
0.05514310051724176,R3,resistor,B,0,1000,Ω,,0,,3.26726756678015,0.0032672675667801496,0.01067503735293348,0,true,true,backward_euler_step_doubling,0.00002,,0.6,,,,,,
0.05514310051724176,R4,resistor,A,C,1000,Ω,,0,,2.3563567557068277,0.002356356755706828,0.005552417160165207,0,true,true,backward_euler_step_doubling,0.00002,,0.6,,,,,,
0.05514310051724176,R5,resistor,C,0,2000,Ω,,0,,3.6436432442931723,0.0018218216221465861,0.006638068045841637,0,true,true,backward_euler_step_doubling,0.00002,,0.6,,,,,,
0.05514310051724176,C6,capacitor,B,C,100,µF,,0,V,-0.3763756775130225,-0.0005345351335602286,0.000201186023048245,0.000007082932531169334,true,true,backward_euler_step_doubling,0.00002,1e-7,0.6,,,,,,
0.05549093819055034,V1,voltage,A,0,6,V,,0,,6,-0.005088824362131355,-0.03053294617278813,0,true,true,backward_euler_step_doubling,0.00002,,0.6,dc,5,10,0,50,2
0.05549093819055034,R2,resistor,A,B,1000,Ω,,0,,2.7335269136058953,0.0027335269136058954,0.0074721693874077715,0,true,true,backward_euler_step_doubling,0.00002,,0.6,,,,,,
0.05549093819055034,R3,resistor,B,0,1000,Ω,,0,,3.2664730863941047,0.0032664730863941048,0.010669846424137028,0,true,true,backward_euler_step_doubling,0.00002,,0.6,,,,,,
0.05549093819055034,R4,resistor,A,C,1000,Ω,,0,,2.355297448525459,0.002355297448525459,0.005547426071030538,0,true,true,backward_euler_step_doubling,0.00002,,0.6,,,,,,
0.05549093819055034,R5,resistor,C,0,2000,Ω,,0,,3.644702551474541,0.0018223512757372703,0.006641928344362513,0,true,true,backward_euler_step_doubling,0.00002,,0.6,,,,,,
0.05549093819055034,C6,capacitor,B,C,100,µF,,0,V,-0.3782294650804361,-0.0005329461727881994,0.00020157594585034632,0.00000715287641275164,true,true,backward_euler_step_doubling,0.00002,1e-7,0.6,,,,,,
0.05583877586385892,V1,voltage,A,0,6,V,,0,,6,-0.0050885603225609526,-0.030531361935365715,0,true,true,backward_euler_step_doubling,0.00002,,0.6,dc,5,10,0,50,2
0.05583877586385892,R2,resistor,A,B,1000,Ω,,0,,2.7343190323171056,0.0027343190323171054,0.007476500570491552,0,true,true,backward_euler_step_doubling,0.00002,,0.6,,,,,,
0.05583877586385892,R3,resistor,B,0,1000,Ω,,0,,3.2656809676828944,0.0032656809676828943,0.010664672182686285,0,true,true,backward_euler_step_doubling,0.00002,,0.6,,,,,,
0.05583877586385892,R4,resistor,A,C,1000,Ω,,0,,2.354241290243846,0.002354241290243846,0.005542452052689008,0,true,true,backward_euler_step_doubling,0.00002,,0.6,,,,,,
0.05583877586385892,R5,resistor,C,0,2000,Ω,,0,,3.645758709756154,0.0018228793548780771,0.006645778284881429,0,true,true,backward_euler_step_doubling,0.00002,,0.6,,,,,,
0.05583877586385892,C6,capacitor,B,C,100,µF,,0,V,-0.38007774207325973,-0.0005313619353657381,0.00020195884461748714,0.000007222954500975368,true,true,backward_euler_step_doubling,0.00002,1e-7,0.6,,,,,,
0.056189347919782306,V1,voltage,A,0,6,V,,0,,6,-0.0050882950046069915,-0.03052977002764195,0,true,true,backward_euler_step_doubling,0.00002,,0.6,dc,5,10,0,50,2
0.056189347919782306,R2,resistor,A,B,1000,Ω,,0,,2.735114986178911,0.002735114986178911,0.007480853987620464,0,true,true,backward_euler_step_doubling,0.00002,,0.6,,,,,,
0.056189347919782306,R3,resistor,B,0,1000,Ω,,0,,3.264885013821089,0.003264885013821089,0.010659474153473533,0,true,true,backward_euler_step_doubling,0.00002,,0.6,,,,,,
0.056189347919782306,R4,resistor,A,C,1000,Ω,,0,,2.35318001842808,0.00235318001842808,0.005537456199129179,0,true,true,backward_euler_step_doubling,0.00002,,0.6,,,,,,
0.056189347919782306,R5,resistor,C,0,2000,Ω,,0,,3.64681998157192,0.00182340999078596,0.00664964798899611,0,true,true,backward_euler_step_doubling,0.00002,,0.6,,,,,,
0.056189347919782306,C6,capacitor,B,C,100,µF,,0,V,-0.3819349677508308,-0.0005297700276421749,0.00020233769842287083,0.000007293715979541408,true,true,backward_euler_step_doubling,0.00002,1e-7,0.6,,,,,,
0.0565399199757057,V1,voltage,A,0,6,V,,0,,6,-0.005088030481519359,-0.03052818288911615,0,true,true,backward_euler_step_doubling,0.00002,,0.6,dc,5,10,0,50,2
0.0565399199757057,R2,resistor,A,B,1000,Ω,,0,,2.7359085554417995,0.0027359085554417993,0.007485195623739634,0,true,true,backward_euler_step_doubling,0.00002,,0.6,,,,,,
0.0565399199757057,R3,resistor,B,0,1000,Ω,,0,,3.2640914445582005,0.0032640914445582004,0.01065429295843804,0,true,true,backward_euler_step_doubling,0.00002,,0.6,,,,,,
0.0565399199757057,R4,resistor,A,C,1000,Ω,,0,,2.3521219260775577,0.0023521219260775575,0.005532477555134799,0,true,true,backward_euler_step_doubling,0.00002,,0.6,,,,,,
0.0565399199757057,R5,resistor,C,0,2000,Ω,,0,,3.6478780739224423,0.001823939036961221,0.006653507221102054,0,true,true,backward_euler_step_doubling,0.00002,,0.6,,,,,,
0.0565399199757057,C6,capacitor,B,C,100,µF,,0,V,-0.3837866293642418,-0.0005281828891164233,0.00020270953070185917,0.0000073646088439382946,true,true,backward_euler_step_doubling,0.00002,1e-7,0.6,,,,,,
0.056893242986042356,V1,voltage,A,0,6,V,,0,,6,-0.0050877646876595455,-0.030526588125957273,0,true,true,backward_euler_step_doubling,0.00002,,0.6,dc,5,10,0,50,2
0.056893242986042356,R2,resistor,A,B,1000,Ω,,0,,2.7367059370212483,0.0027367059370212482,0.007489559385727348,0,true,true,backward_euler_step_doubling,0.00002,,0.6,,,,,,
0.056893242986042356,R3,resistor,B,0,1000,Ω,,0,,3.2632940629787517,0.0032632940629787515,0.010649088141472368,0,true,true,backward_euler_step_doubling,0.00002,,0.6,,,,,,
0.056893242986042356,R4,resistor,A,C,1000,Ω,,0,,2.351058750638298,0.0023510587506382977,0.005527477248952913,0,true,true,backward_euler_step_doubling,0.00002,,0.6,,,,,,
0.056893242986042356,R5,resistor,C,0,2000,Ω,,0,,3.648941249361702,0.001824470624680851,0.00665738612064667,0,true,true,backward_euler_step_doubling,0.00002,,0.6,,,,,,
0.056893242986042356,C6,capacitor,B,C,100,µF,,0,V,-0.3856471863829505,-0.0005265881259575776,0.00020307722915821055,0.000007436187618254306,true,true,backward_euler_step_doubling,0.00002,1e-7,0.6,,,,,,
0.057246565996379006,V1,voltage,A,0,6,V,,0,,6,-0.00508749969632147,-0.03052499817792882,0,true,true,backward_euler_step_doubling,0.00002,,0.6,dc,5,10,0,50,2
0.057246565996379006,R2,resistor,A,B,1000,Ω,,0,,2.737500911035446,0.0027375009110354462,0.007493911237919897,0,true,true,backward_euler_step_doubling,0.00002,,0.6,,,,,,
0.057246565996379006,R3,resistor,B,0,1000,Ω,,0,,3.262499088964554,0.003262499088964554,0.010643900305494544,0,true,true,backward_euler_step_doubling,0.00002,,0.6,,,,,,
0.057246565996379006,R4,resistor,A,C,1000,Ω,,0,,2.349998785286024,0.002349998785286024,0.005522494290845789,0,true,true,backward_euler_step_doubling,0.00002,,0.6,,,,,,
0.057246565996379006,R5,resistor,C,0,2000,Ω,,0,,3.650001214713976,0.001825000607356988,0.00666125443370675,0,true,true,backward_euler_step_doubling,0.00002,,0.6,,,,,,
0.057246565996379006,C6,capacitor,B,C,100,µF,,0,V,-0.387502125749422,-0.0005249981779290545,0.0002034379099620819,0.000007507894873016042,true,true,backward_euler_step_doubling,0.00002,1e-7,0.6,,,,,,
0.05760265676338697,V1,voltage,A,0,6,V,,0,,6,-0.0050872334418367825,-0.030523400651020695,0,true,true,backward_euler_step_doubling,0.00002,,0.6,dc,5,10,0,50,2
0.05760265676338697,R2,resistor,A,B,1000,Ω,,0,,2.7382996744894754,0.0027382996744894756,0.007498285107309167,0,true,true,backward_euler_step_doubling,0.00002,,0.6,,,,,,
0.05760265676338697,R3,resistor,B,0,1000,Ω,,0,,3.2617003255105246,0.0032617003255105245,0.010638689013435463,0,true,true,backward_euler_step_doubling,0.00002,,0.6,,,,,,
0.05760265676338697,R4,resistor,A,C,1000,Ω,,0,,2.348933767347308,0.002348933767347308,0.005517489843384418,0,true,true,backward_euler_step_doubling,0.00002,,0.6,,,,,,
0.05760265676338697,R5,resistor,C,0,2000,Ω,,0,,3.651066232652692,0.001825533116326346,0.00666514231760836,0,true,true,backward_euler_step_doubling,0.00002,,0.6,,,,,,
0.05760265676338697,C6,capacitor,B,C,100,µF,,0,V,-0.38936590714216734,-0.0005234006510210072,0.00020379436928359544,0.000007580290482232144,true,true,backward_euler_step_doubling,0.00002,1e-7,0.6,,,,,,
0.05795874753039492,V1,voltage,A,0,6,V,,0,,6,-0.005086967997542922,-0.030521807985257533,0,true,true,backward_euler_step_doubling,0.00002,,0.6,dc,5,10,0,50,2
0.05795874753039492,R2,resistor,A,B,1000,Ω,,0,,2.7390960073710517,0.0027390960073710516,0.007502646937596036,0,true,true,backward_euler_step_doubling,0.00002,,0.6,,,,,,
0.05795874753039492,R3,resistor,B,0,1000,Ω,,0,,3.2609039926289483,0.003260903992628948,0.010633494849143416,0,true,true,backward_euler_step_doubling,0.00002,,0.6,,,,,,
0.05795874753039492,R4,resistor,A,C,1000,Ω,,0,,2.3478719901718708,0.002347871990171871,0.005512502882233621,0,true,true,backward_euler_step_doubling,0.00002,,0.6,,,,,,
0.05795874753039492,R5,resistor,C,0,2000,Ω,,0,,3.6521280098281292,0.0018260640049140647,0.006669019500085587,0,true,true,backward_euler_step_doubling,0.00002,,0.6,,,,,,
0.05795874753039492,C6,capacitor,B,C,100,µF,,0,V,-0.391224017199181,-0.0005218079852579047,0.00020414381619920848,0.000007652811581673252,true,true,backward_euler_step_doubling,0.00002,1e-7,0.6,,,,,,
0.05831762309051819,V1,voltage,A,0,6,V,,0,,6,-0.005086701297741881,-0.030520207786451287,0,true,true,backward_euler_step_doubling,0.00002,,0.6,dc,5,10,0,50,2
0.05831762309051819,R2,resistor,A,B,1000,Ω,,0,,2.739896106774247,0.002739896106774247,0.0075070306759166755,0,true,true,backward_euler_step_doubling,0.00002,,0.6,,,,,,
0.05831762309051819,R3,resistor,B,0,1000,Ω,,0,,3.260103893225753,0.003260103893225753,0.01062827739462571,0,true,true,backward_euler_step_doubling,0.00002,,0.6,,,,,,
0.05831762309051819,R4,resistor,A,C,1000,Ω,,0,,2.3468051909676335,0.0023468051909676336,0.005507494604352631,0,true,true,backward_euler_step_doubling,0.00002,,0.6,,,,,,
0.05831762309051819,R5,resistor,C,0,2000,Ω,,0,,3.6531948090323665,0.0018265974045161833,0.006672916156370515,0,true,true,backward_euler_step_doubling,0.00002,,0.6,,,,,,
0.05831762309051819,C6,capacitor,B,C,100,µF,,0,V,-0.3930909158066136,-0.0005202077864514808,0.0002044889551859439,0.000007726023404484107,true,true,backward_euler_step_doubling,0.00002,1e-7,0.6,,,,,,
0.05867649865064146,V1,voltage,A,0,6,V,,0,,6,-0.005086435415813903,-0.030518612494883416,0,true,true,backward_euler_step_doubling,0.00002,,0.6,dc,5,10,0,50,2
0.05867649865064146,R2,resistor,A,B,1000,Ω,,0,,2.7406937525581987,0.0027406937525581987,0.0075114022453115405,0,true,true,backward_euler_step_doubling,0.00002,,0.6,,,,,,
0.05867649865064146,R3,resistor,B,0,1000,Ω,,0,,3.2593062474418013,0.0032593062474418014,0.010623077214613157,0,true,true,backward_euler_step_doubling,0.00002,,0.6,,,,,,
0.05867649865064146,R4,resistor,A,C,1000,Ω,,0,,2.3457416632557027,0.0023457416632557027,0.0055025039507336304,0,true,true,backward_euler_step_doubling,0.00002,,0.6,,,,,,
0.05867649865064146,R5,resistor,C,0,2000,Ω,,0,,3.6542583367442973,0.0018271291683721487,0.006676801995832599,0,true,true,backward_euler_step_doubling,0.00002,,0.6,,,,,,
0.05867649865064146,C6,capacitor,B,C,100,µF,,0,V,-0.39495208930249603,-0.0005186124948835058,0.00020482708839262065,0.00000779935764222034,true,true,backward_euler_step_doubling,0.00002,1e-7,0.6,,,,,,
0.05903817627849501,V1,voltage,A,0,6,V,,0,,6,-0.005086168286031439,-0.030517009716188634,0,true,true,backward_euler_step_doubling,0.00002,,0.6,dc,5,10,0,50,2
0.05903817627849501,R2,resistor,A,B,1000,Ω,,0,,2.7414951419056095,0.0027414951419056097,0.0075157956130920585,0,true,true,backward_euler_step_doubling,0.00002,,0.6,,,,,,
0.05903817627849501,R3,resistor,B,0,1000,Ω,,0,,3.2585048580943905,0.0032585048580943904,0.010617853910224745,0,true,true,backward_euler_step_doubling,0.00002,,0.6,,,,,,
0.05903817627849501,R4,resistor,A,C,1000,Ω,,0,,2.3446731441258297,0.0023446731441258296,0.005497492152784903,0,true,true,backward_euler_step_doubling,0.00002,,0.6,,,,,,
0.05903817627849501,R5,resistor,C,0,2000,Ω,,0,,3.6553268558741703,0.001827663427937085,0.006680707211637473,0,true,true,backward_euler_step_doubling,0.00002,,0.6,,,,,,
0.05903817627849501,C6,capacitor,B,C,100,µF,,0,V,-0.3968219977797798,-0.0005170097161887203,0.00020516082844956497,0.000007873384896096776,true,true,backward_euler_step_doubling,0.00002,1e-7,0.6,,,,,,
0.05939985390634856,V1,voltage,A,0,6,V,,0,,6,-0.005085901981817058,-0.030515411890902344,0,true,true,backward_euler_step_doubling,0.00002,,0.6,dc,5,10,0,50,2
0.05939985390634856,R2,resistor,A,B,1000,Ω,,0,,2.742294054548764,0.002742294054548764,0.0075201766816135,0,true,true,backward_euler_step_doubling,0.00002,,0.6,,,,,,
0.05939985390634856,R3,resistor,B,0,1000,Ω,,0,,3.257705945451236,0.003257705945451236,0.010612648027028332,0,true,true,backward_euler_step_doubling,0.00002,,0.6,,,,,,
0.05939985390634856,R4,resistor,A,C,1000,Ω,,0,,2.3436079272682933,0.002343607927268293,0.005492498116754786,0,true,true,backward_euler_step_doubling,0.00002,,0.6,,,,,,
0.05939985390634856,R5,resistor,C,0,2000,Ω,,0,,3.6563920727317067,0.0018281960363658533,0.006684601494767633,0,true,true,backward_euler_step_doubling,0.00002,,0.6,,,,,,
0.05939985390634856,C6,capacitor,B,C,100,µF,,0,V,-0.3986861272804707,-0.000515411890902397,0.00020548757073818113,0.000007947531404294983,true,true,backward_euler_step_doubling,0.00002,1e-7,0.6,,,,,,
0.059764351118560884,V1,voltage,A,0,6,V,,0,,6,-0.005085634437413922,-0.030513806624483532,0,true,true,backward_euler_step_doubling,0.00002,,0.6,dc,5,10,0,50,2
0.059764351118560884,R2,resistor,A,B,1000,Ω,,0,,2.7430966877583978,0.002743096687758398,0.007524579438391093,0,true,true,backward_euler_step_doubling,0.00002,,0.6,,,,,,
0.059764351118560884,R3,resistor,B,0,1000,Ω,,0,,3.2569033122416022,0.003256903312241602,0.01060741918529032,0,true,true,backward_euler_step_doubling,0.00002,,0.6,,,,,,
0.059764351118560884,R4,resistor,A,C,1000,Ω,,0,,2.3425377496555235,0.0023425377496555234,0.005487483108561164,0,true,true,backward_euler_step_doubling,0.00002,,0.6,,,,,,
0.059764351118560884,R5,resistor,C,0,2000,Ω,,0,,3.6574622503444765,0.0018287311251722381,0.0066885150563474405,0,true,true,backward_euler_step_doubling,0.00002,,0.6,,,,,,
0.059764351118560884,C6,capacitor,B,C,100,µF,,0,V,-0.40055893810287424,-0.0005138066244832099,0.00020580983589321683,0.000008022373144705112,true,true,backward_euler_step_doubling,0.00002,1e-7,0.6,,,,,,
0.060128848330773206,V1,voltage,A,0,6,V,,0,,6,-0.005085367726286112,-0.030512206357716676,0,true,true,backward_euler_step_doubling,0.00002,,0.6,dc,5,10,0,50,2
0.060128848330773206,R2,resistor,A,B,1000,Ω,,0,,2.7438968211418184,0.0027438968211418186,0.0075289697650721766,0,true,true,backward_euler_step_doubling,0.00002,,0.6,,,,,,
0.060128848330773206,R3,resistor,B,0,1000,Ω,,0,,3.2561031788581816,0.0032561031788581815,0.010602207911370355,0,true,true,backward_euler_step_doubling,0.00002,,0.6,,,,,,
0.060128848330773206,R4,resistor,A,C,1000,Ω,,0,,2.341470905144294,0.0023414709051442937,0.005482485999637239,0,true,true,backward_euler_step_doubling,0.00002,,0.6,,,,,,
0.060128848330773206,R5,resistor,C,0,2000,Ω,,0,,3.658529094855706,0.001829264547427853,0.006692417568952856,0,true,true,backward_euler_step_doubling,0.00002,,0.6,,,,,,
0.060128848330773206,C6,capacitor,B,C,100,µF,,0,V,-0.40242591599752453,-0.0005122063577163276,0.00020612511268374884,0.000008097330893322332,true,true,backward_euler_step_doubling,0.00002,1e-7,0.6,,,,,,
0.06049618289018555,V1,voltage,A,0,6,V,,0,,6,-0.005085099782647537,-0.030510598695885224,0,true,true,backward_euler_step_doubling,0.00002,,0.6,dc,5,10,0,50,2
0.06049618289018555,R2,resistor,A,B,1000,Ω,,0,,2.744700652057478,0.002744700652057478,0.007533381669404746,0,true,true,backward_euler_step_doubling,0.00002,,0.6,,,,,,
0.06049618289018555,R3,resistor,B,0,1000,Ω,,0,,3.255299347942522,0.0032552993479425217,0.010596973844715007,0,true,true,backward_euler_step_doubling,0.00002,,0.6,,,,,,
0.06049618289018555,R4,resistor,A,C,1000,Ω,,0,,2.340399130590059,0.0023403991305900587,0.005477468090466703,0,true,true,backward_euler_step_doubling,0.00002,,0.6,,,,,,
0.06049618289018555,R5,resistor,C,0,2000,Ω,,0,,3.659600869409941,0.0018298004347049705,0.006696339261692998,0,true,true,backward_euler_step_doubling,0.00002,,0.6,,,,,,
0.06049618289018555,C6,capacitor,B,C,100,µF,,0,V,-0.40430152146741927,-0.0005105986958851044,0.00020643582960562783,0.000008172986013043504,true,true,backward_euler_step_doubling,0.00002,1e-7,0.6,,,,,,
0.0608635174495979,V1,voltage,A,0,6,V,,0,,6,-0.005084832680003538,-0.03050899608002123,0,true,true,backward_euler_step_doubling,0.00002,,0.6,dc,5,10,0,50,2
0.0608635174495979,R2,resistor,A,B,1000,Ω,,0,,2.745501959989464,0.002745501959989464,0.007537781012305987,0,true,true,backward_euler_step_doubling,0.00002,,0.6,,,,,,
0.0608635174495979,R3,resistor,B,0,1000,Ω,,0,,3.254498040010536,0.0032544980400105363,0.010591757492432421,0,true,true,backward_euler_step_doubling,0.00002,,0.6,,,,,,
0.0608635174495979,R4,resistor,A,C,1000,Ω,,0,,2.339330720014073,0.0023393307200140732,0.005472468217601562,0,true,true,backward_euler_step_doubling,0.00002,,0.6,,,,,,
0.0608635174495979,R5,resistor,C,0,2000,Ω,,0,,3.660669279985927,0.0018303346399929634,0.006700249788716342,0,true,true,backward_euler_step_doubling,0.00002,,0.6,,,,,,
0.0608635174495979,C6,capacitor,B,C,100,µF,,0,V,-0.40617123997539073,-0.0005089960800210564,0.00020673956896476566,0.000008248753809157321,true,true,backward_euler_step_doubling,0.00002,1e-7,0.6,,,,,,
0.06123370736928033,V1,voltage,A,0,6,V,,0,,6,-0.0050845643525389275,-0.030507386115233563,0,true,true,backward_euler_step_doubling,0.00002,,0.6,dc,5,10,0,50,2
0.06123370736928033,R2,resistor,A,B,1000,Ω,,0,,2.74630694238339,0.00274630694238339,0.007542201821783205,0,true,true,backward_euler_step_doubling,0.00002,,0.6,,,,,,
0.06123370736928033,R3,resistor,B,0,1000,Ω,,0,,3.25369305761661,0.00325369305761661,0.010586518513182524,0,true,true,backward_euler_step_doubling,0.00002,,0.6,,,,,,
0.06123370736928033,R4,resistor,A,C,1000,Ω,,0,,2.3382574101555376,0.0023382574101555374,0.0054674477161472815,0,true,true,backward_euler_step_doubling,0.00002,,0.6,,,,,,
0.06123370736928033,R5,resistor,C,0,2000,Ω,,0,,3.6617425898444624,0.0018308712949222311,0.006704179397140415,0,true,true,backward_euler_step_doubling,0.00002,,0.6,,,,,,
0.06123370736928033,C6,capacitor,B,C,100,µF,,0,V,-0.40804953222785256,-0.0005073861152332753,0.00020703866697984526,0.000008325221037568464,true,true,backward_euler_step_doubling,0.00002,1e-7,0.6,,,,,,
0.06160389728896275,V1,voltage,A,0,6,V,,0,,6,-0.005084296873799427,-0.030505781242796563,0,true,true,backward_euler_step_doubling,0.00002,,0.6,dc,5,10,0,50,2
0.06160389728896275,R2,resistor,A,B,1000,Ω,,0,,2.7471093786018788,0.0027471093786018788,0.007546609938002401,0,true,true,backward_euler_step_doubling,0.00002,,0.6,,,,,,
0.06160389728896275,R3,resistor,B,0,1000,Ω,,0,,3.2528906213981212,0.0032528906213981214,0.010581297394779856,0,true,true,backward_euler_step_doubling,0.00002,,0.6,,,,,,
0.06160389728896275,R4,resistor,A,C,1000,Ω,,0,,2.3371874951975498,0.0023371874951975498,0.005462445387707796,0,true,true,backward_euler_step_doubling,0.00002,,0.6,,,,,,
0.06160389728896275,R5,resistor,C,0,2000,Ω,,0,,3.6628125048024502,0.0018314062524012252,0.0067080977226686,0,true,true,backward_euler_step_doubling,0.00002,,0.6,,,,,,
0.06160389728896275,C6,capacitor,B,C,100,µF,,0,V,-0.409921883404329,-0.0005057812427963136,0.0002073307996376471,0.000008401797524687615,true,true,backward_euler_step_doubling,0.00002,1e-7,0.6,,,,,,
0.06197696083653059,V1,voltage,A,0,6,V,,0,,6,-0.005084028177940844,-0.030504169067645068,0,true,true,backward_euler_step_doubling,0.00002,,0.6,dc,5,10,0,50,2
0.06197696083653059,R2,resistor,A,B,1000,Ω,,0,,2.7479154661773353,0.002747915466177335,0.0075510394092566015,0,true,true,backward_euler_step_doubling,0.00002,,0.6,,,,,,
0.06197696083653059,R3,resistor,B,0,1000,Ω,,0,,3.2520845338226647,0.0032520845338226646,0.010576053815128578,0,true,true,backward_euler_step_doubling,0.00002,,0.6,,,,,,
0.06197696083653059,R4,resistor,A,C,1000,Ω,,0,,2.336112711763509,0.002336112711763509,0.005457422602063056,0,true,true,backward_euler_step_doubling,0.00002,,0.6,,,,,,
0.06197696083653059,R5,resistor,C,0,2000,Ω,,0,,3.663887288236491,0.0018319436441182454,0.006712035030450474,0,true,true,backward_euler_step_doubling,0.00002,,0.6,,,,,,
0.06197696083653059,C6,capacitor,B,C,100,µF,,0,V,-0.4118027544138263,-0.0005041690676453081,0.0002076182107465886,0.000008479075427140707,true,true,backward_euler_step_doubling,0.00002,1e-7,0.6,,,,,,
0.06235002438409843,V1,voltage,A,0,6,V,,0,,6,-0.005083760338549035,-0.030502562031294207,0,true,true,backward_euler_step_doubling,0.00002,,0.6,dc,5,10,0,50,2
0.06235002438409843,R2,resistor,A,B,1000,Ω,,0,,2.748718984352769,0.002748718984352769,0.0075554560549413174,0,true,true,backward_euler_step_doubling,0.00002,,0.6,,,,,,
0.06235002438409843,R3,resistor,B,0,1000,Ω,,0,,3.251281015647231,0.0032512810156472313,0.01057082824270809,0,true,true,backward_euler_step_doubling,0.00002,,0.6,,,,,,
0.06235002438409843,R4,resistor,A,C,1000,Ω,,0,,2.3350413541962665,0.0023350413541962664,0.005452418125806734,0,true,true,backward_euler_step_doubling,0.00002,,0.6,,,,,,
0.06235002438409843,R5,resistor,C,0,2000,Ω,,0,,3.6649586458037335,0.0018324793229018668,0.0067159609377257685,0,true,true,backward_euler_step_doubling,0.00002,,0.6,,,,,,
0.06235002438409843,C6,capacitor,B,C,100,µF,,0,V,-0.4136776301565024,-0.000502562031294451,0.00020789867011252648,0.000008556459084594998,true,true,backward_euler_step_doubling,0.00002,1e-7,0.6,,,,,,
0.06272598008601493,V1,voltage,A,0,6,V,,0,,6,-0.005083491289750977,-0.030500947738505865,0,true,true,backward_euler_step_doubling,0.00002,,0.6,dc,5,10,0,50,2
0.06272598008601493,R2,resistor,A,B,1000,Ω,,0,,2.749526130747007,0.002749526130747007,0.007559893943660607,0,true,true,backward_euler_step_doubling,0.00002,,0.6,,,,,,
0.06272598008601493,R3,resistor,B,0,1000,Ω,,0,,3.250473869252993,0.003250473869252993,0.010565580374696524,0,true,true,backward_euler_step_doubling,0.00002,,0.6,,,,,,
0.06272598008601493,R4,resistor,A,C,1000,Ω,,0,,2.3339651590039696,0.0023339651590039696,0.005447393363444425,0,true,true,backward_euler_step_doubling,0.00002,,0.6,,,,,,
0.06272598008601493,R5,resistor,C,0,2000,Ω,,0,,3.6660348409960304,0.0018330174204980153,0.0067199057276983954,0,true,true,backward_euler_step_doubling,0.00002,,0.6,,,,,,
0.06272598008601493,C6,capacitor,B,C,100,µF,,0,V,-0.4155609717430373,-0.0005009477385059626,0.00020817432900601478,0.000008634546061800872,true,true,backward_euler_step_doubling,0.00002,1e-7,0.6,,,,,,
0.06310193578793143,V1,voltage,A,0,6,V,,0,,6,-0.005083223105171679,-0.030499338631030076,0,true,true,backward_euler_step_doubling,0.00002,,0.6,dc,5,10,0,50,2
0.06310193578793143,R2,resistor,A,B,1000,Ω,,0,,2.7503306844849726,0.0027503306844849727,0.0075643188740195785,0,true,true,backward_euler_step_doubling,0.00002,,0.6,,,,,,
0.06310193578793143,R3,resistor,B,0,1000,Ω,,0,,3.2496693155150274,0.0032496693155150275,0.010560350660199906,0,true,true,backward_euler_step_doubling,0.00002,,0.6,,,,,,
0.06310193578793143,R4,resistor,A,C,1000,Ω,,0,,2.332892420686706,0.002332892420686706,0.005442387046497479,0,true,true,backward_euler_step_doubling,0.00002,,0.6,,,,,,
0.06310193578793143,R5,resistor,C,0,2000,Ω,,0,,3.667107579313294,0.0018335537896566468,0.006723838999128502,0,true,true,backward_euler_step_doubling,0.00002,,0.6,,,,,,
0.06310193578793143,C6,capacitor,B,C,100,µF,,0,V,-0.41743826379826654,-0.0004993386310300458,0.00020844305118458554,0.000008712735204145558,true,true,backward_euler_step_doubling,0.00002,1e-7,0.6,,,,,,
0.06348080243395762,V1,voltage,A,0,6,V,,0,,6,-0.005082953718909469,-0.030497722313456814,0,true,true,backward_euler_step_doubling,0.00002,,0.6,dc,5,10,0,50,2
0.06348080243395762,R2,resistor,A,B,1000,Ω,,0,,2.7511388432716264,0.0027511388432716263,0.007568764934957942,0,true,true,backward_euler_step_doubling,0.00002,,0.6,,,,,,
0.06348080243395762,R3,resistor,B,0,1000,Ω,,0,,3.2488611567283736,0.003248861156728374,0.010555098815698426,0,true,true,backward_euler_step_doubling,0.00002,,0.6,,,,,,
0.06348080243395762,R4,resistor,A,C,1000,Ω,,0,,2.331814875637842,0.002331814875637842,0.005437360614245924,0,true,true,backward_euler_step_doubling,0.00002,,0.6,,,,,,
0.06348080243395762,R5,resistor,C,0,2000,Ω,,0,,3.668185124362158,0.001834092562181079,0.0067277910532959105,0,true,true,backward_euler_step_doubling,0.00002,,0.6,,,,,,
0.06348080243395762,C6,capacitor,B,C,100,µF,,0,V,-0.41932396763378454,-0.0004977223134568528,0.00020870689525859373,0.000008791629491606959,true,true,backward_euler_step_doubling,0.00002,1e-7,0.6,,,,,,
0.06385966907998383,V1,voltage,A,0,6,V,,0,,6,-0.00508268520462815,-0.0304961112277689,0,true,true,backward_euler_step_doubling,0.00002,,0.6,dc,5,10,0,50,2
0.06385966907998383,R2,resistor,A,B,1000,Ω,,0,,2.7519443861155715,0.0027519443861155715,0.007573197904273009,0,true,true,backward_euler_step_doubling,0.00002,,0.6,,,,,,
0.06385966907998383,R3,resistor,B,0,1000,Ω,,0,,3.2480556138844285,0.0032480556138844287,0.010549865270886152,0,true,true,backward_euler_step_doubling,0.00002,,0.6,,,,,,
0.06385966907998383,R4,resistor,A,C,1000,Ω,,0,,2.330740818512579,0.002330740818512579,0.005432352763080687,0,true,true,backward_euler_step_doubling,0.00002,,0.6,,,,,,
0.06385966907998383,R5,resistor,C,0,2000,Ω,,0,,3.669259181487421,0.0018346295907437104,0.006731731470464869,0,true,true,backward_euler_step_doubling,0.00002,,0.6,,,,,,
0.06385966907998383,C6,capacitor,B,C,100,µF,,0,V,-0.4212035676029924,-0.0004961112277690016,0.0002089638190642042,0.000008870622268074428,true,true,backward_euler_step_doubling,0.00002,1e-7,0.6,,,,,,
0.06424146572758782,V1,voltage,A,0,6,V,,0,,6,-0.005082415496397581,-0.030494492978385485,0,true,true,backward_euler_step_doubling,0.00002,,0.6,dc,5,10,0,50,2
0.06424146572758782,R2,resistor,A,B,1000,Ω,,0,,2.7527535108073424,0.0027527535108073423,0.0075776518912621495,0,true,true,backward_euler_step_doubling,0.00002,,0.6,,,,,,
0.06424146572758782,R3,resistor,B,0,1000,Ω,,0,,3.2472464891926576,0.0032472464891926574,0.01054460976157404,0,true,true,backward_euler_step_doubling,0.00002,,0.6,,,,,,
0.06424146572758782,R4,resistor,A,C,1000,Ω,,0,,2.329661985590238,0.002329661985590238,0.005427324967104251,0,true,true,backward_euler_step_doubling,0.00002,,0.6,,,,,,
0.06424146572758782,R5,resistor,C,0,2000,Ω,,0,,3.670338014409762,0.001835169007204881,0.006735690570010697,0,true,true,backward_euler_step_doubling,0.00002,,0.6,,,,,,
0.06424146572758782,C6,capacitor,B,C,100,µF,,0,V,-0.42309152521710436,-0.0004944929783852451,0.000209215788434162,0.000008950321935526783,true,true,backward_euler_step_doubling,0.00002,1e-7,0.6,,,,,,
0.06462326237519181,V1,voltage,A,0,6,V,,0,,6,-0.005082146667919655,-0.03049288000751793,0,true,true,backward_euler_step_doubling,0.00002,,0.6,dc,5,10,0,50,2
0.06462326237519181,R2,resistor,A,B,1000,Ω,,0,,2.753559996241087,0.002753559996241087,0.007582092652899215,0,true,true,backward_euler_step_doubling,0.00002,,0.6,,,,,,
0.06462326237519181,R3,resistor,B,0,1000,Ω,,0,,3.246440003758913,0.003246440003758913,0.010539372698006172,0,true,true,backward_euler_step_doubling,0.00002,,0.6,,,,,,
0.06462326237519181,R4,resistor,A,C,1000,Ω,,0,,2.3285866716785693,0.002328586671678569,0.005422315887519077,0,true,true,backward_euler_step_doubling,0.00002,,0.6,,,,,,
0.06462326237519181,R5,resistor,C,0,2000,Ω,,0,,3.6714133283214307,0.0018357066641607155,0.006739637913688123,0,true,true,backward_euler_step_doubling,0.00002,,0.6,,,,,,
0.06462326237519181,C6,capacitor,B,C,100,µF,,0,V,-0.4249733245625178,-0.0004928800075178505,0.0002094608554052597,0.000009030116329485954,true,true,backward_euler_step_doubling,0.00002,1e-7,0.6,,,,,,
0.06500800835442672,V1,voltage,A,0,6,V,,0,,6,-0.0050818766532356495,-0.0304912599194139,0,true,true,backward_euler_step_doubling,0.00002,,0.6,dc,5,10,0,50,2
0.06500800835442672,R2,resistor,A,B,1000,Ω,,0,,2.754370040292853,0.0027543700402928527,0.007586554318862852,0,true,true,backward_euler_step_doubling,0.00002,,0.6,,,,,,
0.06500800835442672,R3,resistor,B,0,1000,Ω,,0,,3.245629959707147,0.0032456299597071474,0.010534113835348618,0,true,true,backward_euler_step_doubling,0.00002,,0.6,,,,,,
0.06500800835442672,R4,resistor,A,C,1000,Ω,,0,,2.327506612942796,0.0023275066129427964,0.005417287033292448,0,true,true,backward_euler_step_doubling,0.00002,,0.6,,,,,,
0.06500800835442672,R5,resistor,C,0,2000,Ω,,0,,3.672493387057204,0.0018362466935286019,0.006743603838989446,0,true,true,backward_euler_step_doubling,0.00002,,0.6,,,,,,
0.06500800835442672,C6,capacitor,B,C,100,µF,,0,V,-0.42686342735005667,-0.0004912599194142326,0.00020970089292087198,0.000009110619280451854,true,true,backward_euler_step_doubling,0.00002,1e-7,0.6,,,,,,
0.06539275433366161,V1,voltage,A,0,6,V,,0,,6,-0.005081607526085336,-0.030489645156512014,0,true,true,backward_euler_step_doubling,0.00002,,0.6,dc,5,10,0,50,2
0.06539275433366161,R2,resistor,A,B,1000,Ω,,0,,2.755177421743796,0.0027551774217437963,0.007591002625286792,0,true,true,backward_euler_step_doubling,0.00002,,0.6,,,,,,
0.06539275433366161,R3,resistor,B,0,1000,Ω,,0,,3.244822578256204,0.003244822578256204,0.010528873564361238,0,true,true,backward_euler_step_doubling,0.00002,,0.6,,,,,,
0.06539275433366161,R4,resistor,A,C,1000,Ω,,0,,2.326430104341539,0.0023264301043415393,0.005412277030386585,0,true,true,backward_euler_step_doubling,0.00002,,0.6,,,,,,
0.06539275433366161,R5,resistor,C,0,2000,Ω,,0,,3.673569895658461,0.0018367849478292304,0.006747557889144057,0,true,true,backward_euler_step_doubling,0.00002,,0.6,,,,,,
0.06539275433366161,C6,capacitor,B,C,100,µF,,0,V,-0.4287473174022569,-0.0004896451565124907,0.00020993404733373863,0.000009191213108981581,true,true,backward_euler_step_doubling,0.00002,1e-7,0.6,,,,,,
0.06578046925155952,V1,voltage,A,0,6,V,,0,,6,-0.0050813372204816885,-0.03048802332289013,0,true,true,backward_euler_step_doubling,0.00002,,0.6,dc,5,10,0,50,2
0.06578046925155952,R2,resistor,A,B,1000,Ω,,0,,2.7559883385548063,0.002755988338554806,0.007595471722250081,0,true,true,backward_euler_step_doubling,0.00002,,0.6,,,,,,
0.06578046925155952,R3,resistor,B,0,1000,Ω,,0,,3.2440116614451937,0.0032440116614451935,0.010523611659592405,0,true,true,backward_euler_step_doubling,0.00002,,0.6,,,,,,
0.06578046925155952,R4,resistor,A,C,1000,Ω,,0,,2.325348881926882,0.0023253488819268823,0.005407247422678601,0,true,true,backward_euler_step_doubling,0.00002,,0.6,,,,,,
0.06578046925155952,R5,resistor,C,0,2000,Ω,,0,,3.674651118073118,0.001837325559036559,0.006751530419778008,0,true,true,backward_euler_step_doubling,0.00002,,0.6,,,,,,
0.06578046925155952,C6,capacitor,B,C,100,µF,,0,V,-0.43063945662792413,-0.000488023322890417,0.00021016209859128315,0.000009272517080239686,true,true,backward_euler_step_doubling,0.00002,1e-7,0.6,,,,,,
0.06616818416945743,V1,voltage,A,0,6,V,,0,,6,-0.005081067810201326,-0.030486406861207956,0,true,true,backward_euler_step_doubling,0.00002,,0.6,dc,5,10,0,50,2
0.06616818416945743,R2,resistor,A,B,1000,Ω,,0,,2.7567965693959167,0.002756796569395917,0.007599927325033095,0,true,true,backward_euler_step_doubling,0.00002,,0.6,,,,,,
0.06616818416945743,R3,resistor,B,0,1000,Ω,,0,,3.2432034306040833,0.0032432034306040833,0.010518368492282095,0,true,true,backward_euler_step_doubling,0.00002,,0.6,,,,,,
0.06616818416945743,R4,resistor,A,C,1000,Ω,,0,,2.3242712408054094,0.002324271240805409,0.0054022368008351165,0,true,true,backward_euler_step_doubling,0.00002,,0.6,,,,,,
0.06616818416945743,R5,resistor,C,0,2000,Ω,,0,,3.6757287591945906,0.0018378643795972953,0.006755490955585102,0,true,true,backward_euler_step_doubling,0.00002,,0.6,,,,,,
0.06616818416945743,C6,capacitor,B,C,100,µF,,0,V,-0.4325253285905073,-0.0004864068612082,0.00021038328747275398,0.000009353907993616315,true,true,backward_euler_step_doubling,0.00002,1e-7,0.6,,,,,,
0.06655888791514245,V1,voltage,A,0,6,V,,0,,6,-0.005080797229229068,-0.030484783375374407,0,true,true,backward_euler_step_doubling,0.00002,,0.6,dc,5,10,0,50,2
0.06655888791514245,R2,resistor,A,B,1000,Ω,,0,,2.75760831231281,0.00275760831231281,0.007604403604136705,0,true,true,backward_euler_step_doubling,0.00002,,0.6,,,,,,
0.06655888791514245,R3,resistor,B,0,1000,Ω,,0,,3.24239168768719,0.00324239168768719,0.010513103856382985,0,true,true,backward_euler_step_doubling,0.00002,,0.6,,,,,,
0.06655888791514245,R4,resistor,A,C,1000,Ω,,0,,2.323188916916257,0.0023231889169162572,0.005397206743682532,0,true,true,backward_euler_step_doubling,0.00002,,0.6,,,,,,
0.06655888791514245,R5,resistor,C,0,2000,Ω,,0,,3.676811083083743,0.0018384055415418714,0.006759469870343723,0,true,true,backward_euler_step_doubling,0.00002,,0.6,,,,,,
0.06655888791514245,C6,capacitor,B,C,100,µF,,0,V,-0.43441939539655294,-0.0004847833753742879,0.0002105993008283983,0.000009436010554835329,true,true,backward_euler_step_doubling,0.00002,1e-7,0.6,,,,,,
0.06694959166082748,V1,voltage,A,0,6,V,,0,,6,-0.005080527551378033,-0.0304831653082682,0,true,true,backward_euler_step_doubling,0.00002,,0.6,dc,5,10,0,50,2
0.06694959166082748,R2,resistor,A,B,1000,Ω,,0,,2.75841734586592,0.00275841734586592,0.0076088662539739865,0,true,true,backward_euler_step_doubling,0.00002,,0.6,,,,,,
0.06694959166082748,R3,resistor,B,0,1000,Ω,,0,,3.24158265413408,0.00324158265413408,0.010507858103582946,0,true,true,backward_euler_step_doubling,0.00002,,0.6,,,,,,
0.06694959166082748,R4,resistor,A,C,1000,Ω,,0,,2.322110205512113,0.002322110205512113,0.005392195806543508,0,true,true,backward_euler_step_doubling,0.00002,,0.6,,,,,,
0.06694959166082748,R5,resistor,C,0,2000,Ω,,0,,3.677889794487887,0.0018389448972439435,0.006763436670199076,0,true,true,backward_euler_step_doubling,0.00002,,0.6,,,,,,
0.06694959166082748,C6,capacitor,B,C,100,µF,,0,V,-0.436307140353807,-0.0004831653082681013,0.0002108084739686209,0.00000951819603618583,true,true,backward_euler_step_doubling,0.00002,1e-7,0.6,,,,,,
0.06734330441037008,V1,voltage,A,0,6,V,,0,,6,-0.005080256710604828,-0.030481540263628967,0,true,true,backward_euler_step_doubling,0.00002,,0.6,dc,5,10,0,50,2
0.06734330441037008,R2,resistor,A,B,1000,Ω,,0,,2.7592298681853618,0.002759229868185362,0.00761334946548621,0,true,true,backward_euler_step_doubling,0.00002,,0.6,,,,,,
0.06734330441037008,R3,resistor,B,0,1000,Ω,,0,,3.2407701318146382,0.0032407701318146382,0.010502591047261868,0,true,true,backward_euler_step_doubling,0.00002,,0.6,,,,,,
0.06734330441037008,R4,resistor,A,C,1000,Ω,,0,,2.3210268424194656,0.0023210268424194657,0.005387165603231675,0,true,true,backward_euler_step_doubling,0.00002,,0.6,,,,,,
0.06734330441037008,R5,resistor,C,0,2000,Ω,,0,,3.6789731575805344,0.0018394865787902672,0.006767421747099044,0,true,true,backward_euler_step_doubling,0.00002,,0.6,,,,,,
0.06734330441037008,C6,capacitor,B,C,100,µF,,0,V,-0.4382030257658962,-0.0004815402636291945,0.00021101240055042037,0.000009601094589519333,true,true,backward_euler_step_doubling,0.00002,1e-7,0.6,,,,,,
0.06773701715991268,V1,voltage,A,0,6,V,,0,,6,-0.005079986780758719,-0.03047992068455231,0,true,true,backward_euler_step_doubling,0.00002,,0.6,dc,5,10,0,50,2
0.06773701715991268,R2,resistor,A,B,1000,Ω,,0,,2.760039657723695,0.002760039657723695,0.007617818912207532,0,true,true,backward_euler_step_doubling,0.00002,,0.6,,,,,,
0.06773701715991268,R3,resistor,B,0,1000,Ω,,0,,3.239960342276305,0.003239960342276305,0.010497343019523191,0,true,true,backward_euler_step_doubling,0.00002,,0.6,,,,,,
0.06773701715991268,R4,resistor,A,C,1000,Ω,,0,,2.319947123035023,0.002319947123035023,0.0053821546536784795,0,true,true,backward_euler_step_doubling,0.00002,,0.6,,,,,,
0.06773701715991268,R5,resistor,C,0,2000,Ω,,0,,3.680052876964977,0.0018400264384824884,0.006771394588629102,0,true,true,backward_euler_step_doubling,0.00002,,0.6,,,,,,
0.06773701715991268,C6,capacitor,B,C,100,µF,,0,V,-0.44009253468867193,-0.000479920684552606,0.00021120951051427893,0.000009684071954434995,true,true,backward_euler_step_doubling,0.00002,1e-7,0.6,,,,,,
0.06813375938129335,V1,voltage,A,0,6,V,,0,,6,-0.0050797156957682905,-0.030478294174609743,0,true,true,backward_euler_step_doubling,0.00002,,0.6,dc,5,10,0,50,2
0.06813375938129335,R2,resistor,A,B,1000,Ω,,0,,2.760852912695022,0.0027608529126950223,0.0076223088055365875,0,true,true,backward_euler_step_doubling,0.00002,,0.6,,,,,,
0.06813375938129335,R3,resistor,B,0,1000,Ω,,0,,3.239147087304978,0.003239147087304978,0.010492073853196322,0,true,true,backward_euler_step_doubling,0.00002,,0.6,,,,,,
0.06813375938129335,R4,resistor,A,C,1000,Ω,,0,,2.318862783073268,0.002318862783073268,0.005377124606722303,0,true,true,backward_euler_step_doubling,0.00002,,0.6,,,,,,
0.06813375938129335,R5,resistor,C,0,2000,Ω,,0,,3.681137216926732,0.001840568608463366,0.006775385604921543,0,true,true,backward_euler_step_doubling,0.00002,,0.6,,,,,,
0.06813375938129335,C6,capacitor,B,C,100,µF,,0,V,-0.4419901296217539,-0.0004782941746099822,0.00021140130423319582,0.000009767763734152738,true,true,backward_euler_step_doubling,0.00002,1e-7,0.6,,,,,,
0.068530501602674,V1,voltage,A,0,6,V,,0,,6,-0.005079445529518064,-0.030476673177108386,0,true,true,backward_euler_step_doubling,0.00002,,0.6,dc,5,10,0,50,2
0.068530501602674,R2,resistor,A,B,1000,Ω,,0,,2.761663411445702,0.002761663411445702,0.007626784798117912,0,true,true,backward_euler_step_doubling,0.00002,,0.6,,,,,,
0.068530501602674,R3,resistor,B,0,1000,Ω,,0,,3.238336588554298,0.0032383365885542983,0.01048682386076949,0,true,true,backward_euler_step_doubling,0.00002,,0.6,,,,,,
0.068530501602674,R4,resistor,A,C,1000,Ω,,0,,2.317782118072362,0.002317782118072362,0.005372113946856004,0,true,true,backward_euler_step_doubling,0.00002,,0.6,,,,,,
0.068530501602674,R5,resistor,C,0,2000,Ω,,0,,3.682217881927638,0.001841108940963819,0.00677936426499383,0,true,true,backward_euler_step_doubling,0.00002,,0.6,,,,,,
0.068530501602674,C6,capacitor,B,C,100,µF,,0,V,-0.44388129337334004,-0.0004766731771085287,0.00021158630637131288,0.000009851530130339457,true,true,backward_euler_step_doubling,0.00002,1e-7,0.6,,,,,,
0.0689302940611139,V1,voltage,A,0,6,V,,0,,6,-0.0050791742159087645,-0.030475045295452585,0,true,true,backward_euler_step_doubling,0.00002,,0.6,dc,5,10,0,50,2
0.0689302940611139,R2,resistor,A,B,1000,Ω,,0,,2.762477352273749,0.002762477352273749,0.007631281121825382,0,true,true,backward_euler_step_doubling,0.00002,,0.6,,,,,,
0.0689302940611139,R3,resistor,B,0,1000,Ω,,0,,3.237522647726251,0.003237522647726251,0.010481552894540395,0,true,true,backward_euler_step_doubling,0.00002,,0.6,,,,,,
0.0689302940611139,R4,resistor,A,C,1000,Ω,,0,,2.3166968636350163,0.0023166968636350164,0.005367084357976322,0,true,true,backward_euler_step_doubling,0.00002,,0.6,,,,,,
0.0689302940611139,R5,resistor,C,0,2000,Ω,,0,,3.6833031363649837,0.0018416515681824919,0.006783360997178063,0,true,true,backward_euler_step_doubling,0.00002,,0.6,,,,,,
0.0689302940611139,C6,capacitor,B,C,100,µF,,0,V,-0.44578048863873265,-0.000475045295452495,0.00021176592393234433,0.000009936012202549361,true,true,backward_euler_step_doubling,0.00002,1e-7,0.6,,,,,,
0.0693300865195538,V1,voltage,A,0,6,V,,0,,6,-0.005078903828859731,-0.030473422973158387,0,true,true,backward_euler_step_doubling,0.00002,,0.6,dc,5,10,0,50,2
0.0693300865195538,R2,resistor,A,B,1000,Ω,,0,,2.763288513420836,0.002763288513420836,0.007635763408403533,0,true,true,backward_euler_step_doubling,0.00002,,0.6,,,,,,
0.0693300865195538,R3,resistor,B,0,1000,Ω,,0,,3.236711486579164,0.0032367114865791643,0.010476301247353503,0,true,true,backward_euler_step_doubling,0.00002,,0.6,,,,,,
0.0693300865195538,R4,resistor,A,C,1000,Ω,,0,,2.3156153154388943,0.0023156153154388942,0.00536207428909517,0,true,true,backward_euler_step_doubling,0.00002,,0.6,,,,,,
0.0693300865195538,R5,resistor,C,0,2000,Ω,,0,,3.6843846845611057,0.0018421923422805527,0.006787345251914219,0,true,true,backward_euler_step_doubling,0.00002,,0.6,,,,,,
0.0693300865195538,C6,capacitor,B,C,100,µF,,0,V,-0.4476731979819415,-0.0004734229731583016,0.0002119387763918957,0.000010020564609568928,true,true,backward_euler_step_doubling,0.00002,1e-7,0.6,,,,,,
0.06973295028273595,V1,voltage,A,0,6,V,,0,,6,-0.005078632302243867,-0.0304717938134632,0,true,true,backward_euler_step_doubling,0.00002,,0.6,dc,5,10,0,50,2
0.06973295028273595,R2,resistor,A,B,1000,Ω,,0,,2.764103093268593,0.002764103093268593,0.007640265910217004,0,true,true,backward_euler_step_doubling,0.00002,,0.6,,,,,,
0.06973295028273595,R3,resistor,B,0,1000,Ω,,0,,3.235896906731407,0.0032358969067314072,0.010471028790993889,0,true,true,backward_euler_step_doubling,0.00002,,0.6,,,,,,
0.06973295028273595,R4,resistor,A,C,1000,Ω,,0,,2.3145292089752743,0.002314529208975274,0.005357045459199709,0,true,true,backward_euler_step_doubling,0.00002,,0.6,,,,,,
0.06973295028273595,R5,resistor,C,0,2000,Ω,,0,,3.6854707910247257,0.001842735395512363,0.00679134747574821,0,true,true,backward_euler_step_doubling,0.00002,,0.6,,,,,,
0.06973295028273595,C6,capacitor,B,C,100,µF,,0,V,-0.44957388429331857,-0.000471793813462871,0.0002121061773040603,0.000010105833871929108,true,true,backward_euler_step_doubling,0.00002,1e-7,0.6,,,,,,
0.0701358140459181,V1,voltage,A,0,6,V,,0,,6,-0.005078361710014847,-0.030470170260089083,0,true,true,backward_euler_step_doubling,0.00002,,0.6,dc,5,10,0,50,2
0.0701358140459181,R2,resistor,A,B,1000,Ω,,0,,2.764914869955661,0.0027649148699556607,0.007644754238101929,0,true,true,backward_euler_step_doubling,0.00002,,0.6,,,,,,
0.0701358140459181,R3,resistor,B,0,1000,Ω,,0,,3.235085130044339,0.003235085130044339,0.010465775798633998,0,true,true,backward_euler_step_doubling,0.00002,,0.6,,,,,,
0.0701358140459181,R4,resistor,A,C,1000,Ω,,0,,2.3134468400591857,0.0023134468400591857,0.005352036281779831,0,true,true,backward_euler_step_doubling,0.00002,,0.6,,,,,,
0.0701358140459181,R5,resistor,C,0,2000,Ω,,0,,3.6865531599408143,0.0018432765799704072,0.006795337100534802,0,true,true,backward_euler_step_doubling,0.00002,,0.6,,,,,,
0.0701358140459181,C6,capacitor,B,C,100,µF,,0,V,-0.4514680298964753,-0.00047017026008872124,0.00021226684103816835,0.000010191169100930234,true,true,backward_euler_step_doubling,0.00002,1e-7,0.6,,,,,,
0.0705417704893557,V1,voltage,A,0,6,V,,0,,6,-0.005078089986017716,-0.030468539916106298,0,true,true,backward_euler_step_doubling,0.00002,,0.6,dc,5,10,0,50,2
0.0705417704893557,R2,resistor,A,B,1000,Ω,,0,,2.7657300419468513,0.0027657300419468515,0.007649262664927332,0,true,true,backward_euler_step_doubling,0.00002,,0.6,,,,,,
0.0705417704893557,R3,resistor,B,0,1000,Ω,,0,,3.2342699580531487,0.0032342699580531487,0.010460502161565115,0,true,true,backward_euler_step_doubling,0.00002,,0.6,,,,,,
0.0705417704893557,R4,resistor,A,C,1000,Ω,,0,,2.3123599440708658,0.0023123599440708657,0.005347008510943417,0,true,true,backward_euler_step_doubling,0.00002,,0.6,,,,,,
0.0705417704893557,R5,resistor,C,0,2000,Ω,,0,,3.6876400559291342,0.0018438200279645672,0.006799344591046514,0,true,true,backward_euler_step_doubling,0.00002,,0.6,,,,,,
0.0705417704893557,C6,capacitor,B,C,100,µF,,0,V,-0.4533700978759856,-0.00046853991610621917,0.00021242198762388265,0.000010277222282404038,true,true,backward_euler_step_doubling,0.00002,1e-7,0.6,,,,,,
0.07094772693279329,V1,voltage,A,0,6,V,,0,,6,-0.005077819204240128,-0.030466915225440767,0,true,true,backward_euler_step_doubling,0.00002,,0.6,dc,5,10,0,50,2
0.07094772693279329,R2,resistor,A,B,1000,Ω,,0,,2.766542387279591,0.002766542387279591,0.007653756780614658,0,true,true,backward_euler_step_doubling,0.00002,,0.6,,,,,,
0.07094772693279329,R3,resistor,B,0,1000,Ω,,0,,3.233457612720409,0.003233457612720409,0.010455248133259567,0,true,true,backward_euler_step_doubling,0.00002,,0.6,,,,,,
0.07094772693279329,R4,resistor,A,C,1000,Ω,,0,,2.3112768169605373,0.0023112768169605375,0.005342000524619234,0,true,true,backward_euler_step_doubling,0.00002,,0.6,,,,,,
0.07094772693279329,R5,resistor,C,0,2000,Ω,,0,,3.6887231830394627,0.0018443615915197313,0.0068033393605463925,0,true,true,backward_euler_step_doubling,0.00002,,0.6,,,,,,
0.07094772693279329,C6,capacitor,B,C,100,µF,,0,V,-0.45526557031905357,-0.0004669152254407668,0.00021257042640094017,0.000010363336975896655,true,true,backward_euler_step_doubling,0.00002,1e-7,0.6,,,,,,
0.07135679774549201,V1,voltage,A,0,6,V,,0,,6,-0.005077547298499365,-0.030465283790996188,0,true,true,backward_euler_step_doubling,0.00002,,0.6,dc,5,10,0,50,2
0.07135679774549201,R2,resistor,A,B,1000,Ω,,0,,2.7673581045018016,0.0027673581045018015,0.007658270878551804,0,true,true,backward_euler_step_doubling,0.00002,,0.6,,,,,,
0.07135679774549201,R3,resistor,B,0,1000,Ω,,0,,3.2326418954981984,0.0032326418954981982,0.010449973624530184,0,true,true,backward_euler_step_doubling,0.00002,,0.6,,,,,,
0.07135679774549201,R4,resistor,A,C,1000,Ω,,0,,2.3101891939975636,0.0023101891939975635,0.005336974112063113,0,true,true,backward_euler_step_doubling,0.00002,,0.6,,,,,,
0.07135679774549201,R5,resistor,C,0,2000,Ω,,0,,3.6898108060024364,0.001844905403001218,0.0068073518920461745,0,true,true,backward_euler_step_doubling,0.00002,,0.6,,,,,,
0.07135679774549201,C6,capacitor,B,C,100,µF,,0,V,-0.457168910504238,-0.00046528379099641044,0.00021271328380511055,0.0000104501706365816,true,true,backward_euler_step_doubling,0.00002,1e-7,0.6,,,,,,
0.07176586855819074,V1,voltage,A,0,6,V,,0,,6,-0.005077276342816297,-0.030463658056897783,0,true,true,backward_euler_step_doubling,0.00002,,0.6,dc,5,10,0,50,2
0.07176586855819074,R2,resistor,A,B,1000,Ω,,0,,2.768170971551015,0.0027681709715510153,0.007662770527737691,0,true,true,backward_euler_step_doubling,0.00002,,0.6,,,,,,
0.07176586855819074,R3,resistor,B,0,1000,Ω,,0,,3.231829028448985,0.003231829028448985,0.010444718869125508,0,true,true,backward_euler_step_doubling,0.00002,,0.6,,,,,,
0.07176586855819074,R4,resistor,A,C,1000,Ω,,0,,2.3091053712652814,0.002309105371265281,0.005331967615606173,0,true,true,backward_euler_step_doubling,0.00002,,0.6,,,,,,
0.07176586855819074,R5,resistor,C,0,2000,Ω,,0,,3.6908946287347186,0.0018454473143673592,0.006811351580211398,0,true,true,backward_euler_step_doubling,0.00002,,0.6,,,,,,
0.07176586855819074,C6,capacitor,B,C,100,µF,,0,V,-0.45906560028573384,-0.0004636580568980129,0.00021284946421720323,0.000010537061268285056,true,true,backward_euler_step_doubling,0.00002,1e-7,0.6,,,,,,
0.07217807574817095,V1,voltage,A,0,6,V,,0,,6,-0.005077004270980647,-0.030462025625883883,0,true,true,backward_euler_step_doubling,0.00002,,0.6,dc,5,10,0,50,2
0.07217807574817095,R2,resistor,A,B,1000,Ω,,0,,2.768987187057913,0.0027689871870579127,0.007667290042090893,0,true,true,backward_euler_step_doubling,0.00002,,0.6,,,,,,
0.07217807574817095,R3,resistor,B,0,1000,Ω,,0,,3.231012812942087,0.003231012812942087,0.010439443797395939,0,true,true,backward_euler_step_doubling,0.00002,,0.6,,,,,,
0.07217807574817095,R4,resistor,A,C,1000,Ω,,0,,2.3080170839227336,0.0023080170839227337,0.005326942859679199,0,true,true,backward_euler_step_doubling,0.00002,,0.6,,,,,,
0.07217807574817095,R5,resistor,C,0,2000,Ω,,0,,3.6919829160772664,0.0018459914580386332,0.006815368926303198,0,true,true,backward_euler_step_doubling,0.00002,,0.6,,,,,,
0.07217807574817095,C6,capacitor,B,C,100,µF,,0,V,-0.46097010313517917,-0.000462025625884099,0.00021298000041488884,0.000010624671799222885,true,true,backward_euler_step_doubling,0.00002,1e-7,0.6,,,,,,
0.07259028293815116,V1,voltage,A,0,6,V,,0,,6,-0.005076733157045983,-0.030460398942275896,0,true,true,backward_euler_step_doubling,0.00002,,0.6,dc,5,10,0,50,2
0.07259028293815116,R2,resistor,A,B,1000,Ω,,0,,2.769800528861909,0.002769800528861909,0.00767179496968371,0,true,true,backward_euler_step_doubling,0.00002,,0.6,,,,,,
0.07259028293815116,R3,resistor,B,0,1000,Ω,,0,,3.230199471138091,0.0032301994711380912,0.010434188623340803,0,true,true,backward_euler_step_doubling,0.00002,,0.6,,,,,,
0.07259028293815116,R4,resistor,A,C,1000,Ω,,0,,2.3069326281840747,0.002306932628184075,0.005321938150980283,0,true,true,backward_euler_step_doubling,0.00002,,0.6,,,,,,
0.07259028293815116,R5,resistor,C,0,2000,Ω,,0,,3.6930673718159253,0.0018465336859079626,0.006819373306385693,0,true,true,backward_euler_step_doubling,0.00002,,0.6,,,,,,
0.07259028293815116,C6,capacitor,B,C,100,µF,,0,V,-0.46286790067783423,-0.0004603989422761354,0.00021310389188565018,0.00001071233467389527,true,true,backward_euler_step_doubling,0.00002,1e-7,0.6,,,,,,
0.07300564883843212,V1,voltage,A,0,6,V,,0,,6,-0.005076460934774529,-0.030458765608647173,0,true,true,backward_euler_step_doubling,0.00002,,0.6,dc,5,10,0,50,2
0.07300564883843212,R2,resistor,A,B,1000,Ω,,0,,2.77061719567645,0.00277061719567645,0.007676319644978035,0,true,true,backward_euler_step_doubling,0.00002,,0.6,,,,,,
0.07300564883843212,R3,resistor,B,0,1000,Ω,,0,,3.22938280432355,0.0032293828043235503,0.010428913296860638,0,true,true,backward_euler_step_doubling,0.00002,,0.6,,,,,,
0.07300564883843212,R4,resistor,A,C,1000,Ω,,0,,2.305843739098079,0.002305843739098079,0.00531691534913781,0,true,true,backward_euler_step_doubling,0.00002,,0.6,,,,,,
0.07300564883843212,R5,resistor,C,0,2000,Ω,,0,,3.694156260901921,0.0018470781304509604,0.006823395239980431,0,true,true,backward_euler_step_doubling,0.00002,,0.6,,,,,,
0.07300564883843212,C6,capacitor,B,C,100,µF,,0,V,-0.46477345657837077,-0.0004587656086471184,0.00021322207769020133,0.000010800718296990333,true,true,backward_euler_step_doubling,0.00002,1e-7,0.6,,,,,,
0.07342101473871308,V1,voltage,A,0,6,V,,0,,6,-0.005076189678251959,-0.030457138069511752,0,true,true,backward_euler_step_doubling,0.00002,,0.6,dc,5,10,0,50,2
0.07342101473871308,R2,resistor,A,B,1000,Ω,,0,,2.771430965244142,0.002771430965244142,0.007680829595114077,0,true,true,backward_euler_step_doubling,0.00002,,0.6,,,,,,
0.07342101473871308,R3,resistor,B,0,1000,Ω,,0,,3.228569034755858,0.003228569034755858,0.010423658012184372,0,true,true,backward_euler_step_doubling,0.00002,,0.6,,,,,,
0.07342101473871308,R4,resistor,A,C,1000,Ω,,0,,2.304758713007817,0.002304758713007817,0.005311912725185448,0,true,true,backward_euler_step_doubling,0.00002,,0.6,,,,,,
0.07342101473871308,R5,resistor,C,0,2000,Ω,,0,,3.695241286992183,0.0018476206434960916,0.006827404084545823,0,true,true,backward_euler_step_doubling,0.00002,,0.6,,,,,,
0.07342101473871308,C6,capacitor,B,C,100,µF,,0,V,-0.46667225223632514,-0.0004571380695117204,0.0002133336524820003,0.000010889149550366213,true,true,backward_euler_step_doubling,0.00002,1e-7,0.6,,,,,,
0.07383956201307776,V1,voltage,A,0,6,V,,0,,6,-0.005075917321213064,-0.030455503927278384,0,true,true,backward_euler_step_doubling,0.00002,,0.6,dc,5,10,0,50,2
0.07383956201307776,R2,resistor,A,B,1000,Ω,,0,,2.772248036360818,0.002772248036360818,0.007685359175106412,0,true,true,backward_euler_step_doubling,0.00002,,0.6,,,,,,
0.07383956201307776,R3,resistor,B,0,1000,Ω,,0,,3.227751963639182,0.003227751963639182,0.010418382738776594,0,true,true,backward_euler_step_doubling,0.00002,,0.6,,,,,,
0.07383956201307776,R4,resistor,A,C,1000,Ω,,0,,2.303669284852245,0.002303669284852245,0.0053068921739716545,0,true,true,backward_euler_step_doubling,0.00002,,0.6,,,,,,
0.07383956201307776,R5,resistor,C,0,2000,Ω,,0,,3.696330715147755,0.0018481653575738775,0.006831430377872357,0,true,true,backward_euler_step_doubling,0.00002,,0.6,,,,,,
0.07383956201307776,C6,capacitor,B,C,100,µF,,0,V,-0.4685787515085731,-0.0004555039272784376,0.00021343946155138216,0.000010978302318266653,true,true,backward_euler_step_doubling,0.00002,1e-7,0.6,,,,,,
0.07425810928744243,V1,voltage,A,0,6,V,,0,,6,-0.005075645937775299,-0.030453875626651798,0,true,true,backward_euler_step_doubling,0.00002,,0.6,dc,5,10,0,50,2
0.07425810928744243,R2,resistor,A,B,1000,Ω,,0,,2.773062186674114,0.002773062186674114,0.007689873891161818,0,true,true,backward_euler_step_doubling,0.00002,,0.6,,,,,,
0.07425810928744243,R3,resistor,B,0,1000,Ω,,0,,3.226937813325886,0.0032269378133258863,0.010413127651072452,0,true,true,backward_euler_step_doubling,0.00002,,0.6,,,,,,
0.07425810928744243,R4,resistor,A,C,1000,Ω,,0,,2.302583751101184,0.0023025837511011843,0.0053018919308352,0,true,true,backward_euler_step_doubling,0.00002,,0.6,,,,,,
0.07425810928744243,R5,resistor,C,0,2000,Ω,,0,,3.697416248898816,0.001848708124449408,0.006835443458810495,0,true,true,backward_euler_step_doubling,0.00002,,0.6,,,,,,
0.07425810928744243,C6,capacitor,B,C,100,µF,,0,V,-0.4704784355729297,-0.0004538756266517738,0.00021353869477180962,0.000011067497916957567,true,true,backward_euler_step_doubling,0.00002,1e-7,0.6,,,,,,
0.07467986093661155,V1,voltage,A,0,6,V,,0,,6,-0.005075373461645942,-0.030452240769875655,0,true,true,backward_euler_step_doubling,0.00002,,0.6,dc,5,10,0,50,2
0.07467986093661155,R2,resistor,A,B,1000,Ω,,0,,2.773879615062019,0.002773879615062019,0.007694408118856615,0,true,true,backward_euler_step_doubling,0.00002,,0.6,,,,,,
0.07467986093661155,R3,resistor,B,0,1000,Ω,,0,,3.226120384937981,0.003226120384937981,0.010407852738112386,0,true,true,backward_euler_step_doubling,0.00002,,0.6,,,,,,
0.07467986093661155,R4,resistor,A,C,1000,Ω,,0,,2.3014938465839223,0.0023014938465839223,0.005296873925863659,0,true,true,backward_euler_step_doubling,0.00002,,0.6,,,,,,
0.07467986093661155,R5,resistor,C,0,2000,Ω,,0,,3.6985061534160777,0.001849253076708039,0.006839473883428296,0,true,true,backward_euler_step_doubling,0.00002,,0.6,,,,,,
0.07467986093661155,C6,capacitor,B,C,100,µF,,0,V,-0.47238576847809677,-0.00045224076987597836,0.00021363210361499015,0.0000111574157130321,true,true,backward_euler_step_doubling,0.00002,1e-7,0.6,,,,,,
0.07510161258578069,V1,voltage,A,0,6,V,,0,,6,-0.005075101966973711,-0.03045061180184226,0,true,true,backward_euler_step_doubling,0.00002,,0.6,dc,5,10,0,50,2
0.07510161258578069,R2,resistor,A,B,1000,Ω,,0,,2.7746940990787143,0.0027746940990787143,0.007698927343462238,0,true,true,backward_euler_step_doubling,0.00002,,0.6,,,,,,
0.07510161258578069,R3,resistor,B,0,1000,Ω,,0,,3.2253059009212857,0.003225305900921286,0.010402598154517667,0,true,true,backward_euler_step_doubling,0.00002,,0.6,,,,,,
0.07510161258578069,R4,resistor,A,C,1000,Ω,,0,,2.3004078678949957,0.002300407867894996,0.0052918763586732006,0,true,true,backward_euler_step_doubling,0.00002,,0.6,,,,,,
0.07510161258578069,R5,resistor,C,0,2000,Ω,,0,,3.6995921321050043,0.0018497960660525021,0.006843490971966626,0,true,true,backward_euler_step_doubling,0.00002,,0.6,,,,,,
0.07510161258578069,C6,capacitor,B,C,100,µF,,0,V,-0.4742862311837186,-0.0004506118018425881,0.00021371897322282574,0.000011247371454522788,true,true,backward_euler_step_doubling,0.00002,1e-7,0.6,,,,,,
0.07552659195361924,V1,voltage,A,0,6,V,,0,,6,-0.005074829387438587,-0.03044897632463152,0,true,true,backward_euler_step_doubling,0.00002,,0.6,dc,5,10,0,50,2
0.07552659195361924,R2,resistor,A,B,1000,Ω,,0,,2.775511837684234,0.0027755118376842336,0.007703465961125313,0,true,true,backward_euler_step_doubling,0.00002,,0.6,,,,,,
0.07552659195361924,R3,resistor,B,0,1000,Ω,,0,,3.224488162315766,0.003224488162315766,0.010397323908914506,0,true,true,backward_euler_step_doubling,0.00002,,0.6,,,,,,
0.07552659195361924,R4,resistor,A,C,1000,Ω,,0,,2.2993175497543517,0.002299317549754352,0.005286861194608356,0,true,true,backward_euler_step_doubling,0.00002,,0.6,,,,,,
0.07552659195361924,R5,resistor,C,0,2000,Ω,,0,,3.7006824502456483,0.0018503412251228242,0.0068475252987780675,0,true,true,backward_euler_step_doubling,0.00002,,0.6,,,,,,
0.07552659195361924,C6,capacitor,B,C,100,µF,,0,V,-0.47619428792988217,-0.00044897632463146723,0.00021379996120525716,0.000011338049992852374,true,true,backward_euler_step_doubling,0.00002,1e-7,0.6,,,,,,
0.07595157132145779,V1,voltage,A,0,6,V,,0,,6,-0.005074557797219759,-0.030447346783318556,0,true,true,backward_euler_step_doubling,0.00002,,0.6,dc,5,10,0,50,2
0.07595157132145779,R2,resistor,A,B,1000,Ω,,0,,2.776326608340717,0.002776326608340717,0.00770798943618067,0,true,true,backward_euler_step_doubling,0.00002,,0.6,,,,,,
0.07595157132145779,R3,resistor,B,0,1000,Ω,,0,,3.223673391659283,0.003223673391659283,0.010392070136092064,0,true,true,backward_euler_step_doubling,0.00002,,0.6,,,,,,
0.07595157132145779,R4,resistor,A,C,1000,Ω,,0,,2.2982311888790417,0.0022982311888790417,0.005281866597536373,0,true,true,backward_euler_step_doubling,0.00002,,0.6,,,,,,
0.07595157132145779,R5,resistor,C,0,2000,Ω,,0,,3.7017688111209583,0.0018508844055604792,0.006851546165493937,0,true,true,backward_euler_step_doubling,0.00002,,0.6,,,,,,
0.07595157132145779,C6,capacitor,B,C,100,µF,,0,V,-0.47809541946167533,-0.00044734678331852706,0.00021387444801550237,0.000011428761505511763,true,true,backward_euler_step_doubling,0.00002,1e-7,0.6,,,,,,
0.07637980210140166,V1,voltage,A,0,6,V,,0,,6,-0.005074285129969932,-0.03044571077981959,0,true,true,backward_euler_step_doubling,0.00002,,0.6,dc,5,10,0,50,2
0.07637980210140166,R2,resistor,A,B,1000,Ω,,0,,2.7771446100901613,0.002777144610090161,0.007712532185352834,0,true,true,backward_euler_step_doubling,0.00002,,0.6,,,,,,
0.07637980210140166,R3,resistor,B,0,1000,Ω,,0,,3.2228553899098387,0.0032228553899098385,0.010386796864270898,0,true,true,backward_euler_step_doubling,0.00002,,0.6,,,,,,
0.07637980210140166,R4,resistor,A,C,1000,Ω,,0,,2.29714051987977,0.00229714051987977,0.0052768545680735,0,true,true,backward_euler_step_doubling,0.00002,,0.6,,,,,,
0.07637980210140166,R5,resistor,C,0,2000,Ω,,0,,3.70285948012023,0.0018514297400601149,0.0068555841647581295,0,true,true,backward_euler_step_doubling,0.00002,,0.6,,,,,,
0.07637980210140166,C6,capacitor,B,C,100,µF,,0,V,-0.48000409021039125,-0.00044571077981972934,0.0002139429973643332,0.00001152019633093527,true,true,backward_euler_step_doubling,0.00002,1e-7,0.6,,,,,,
0.07680803288134552,V1,voltage,A,0,6,V,,0,,6,-0.005074013459898579,-0.03044408075939147,0,true,true,backward_euler_step_doubling,0.00002,,0.6,dc,5,10,0,50,2
0.07680803288134552,R2,resistor,A,B,1000,Ω,,0,,2.7779596203042463,0.0027779596203042463,0.007717059652040912,0,true,true,backward_euler_step_doubling,0.00002,,0.6,,,,,,
0.07680803288134552,R3,resistor,B,0,1000,Ω,,0,,3.2220403796957537,0.003222040379695754,0.010381544208389958,0,true,true,backward_euler_step_doubling,0.00002,,0.6,,,,,,
0.07680803288134552,R4,resistor,A,C,1000,Ω,,0,,2.2960538395943324,0.0022960538395943326,0.0052718632343158765,0,true,true,backward_euler_step_doubling,0.00002,,0.6,,,,,,
0.07680803288134552,R5,resistor,C,0,2000,Ω,,0,,3.7039461604056676,0.0018519730802028338,0.0068596085795919436,0,true,true,backward_euler_step_doubling,0.00002,,0.6,,,,,,
0.07680803288134552,C6,capacitor,B,C,100,µF,,0,V,-0.48190578070991386,-0.0004440807593914366,0.00021400508505278165,0.000011611659074081578,true,true,backward_euler_step_doubling,0.00002,1e-7,0.6,,,,,,
0.07723953912279517,V1,voltage,A,0,6,V,,0,,6,-0.005073740720631137,-0.030442444323786823,0,true,true,backward_euler_step_doubling,0.00002,,0.6,dc,5,10,0,50,2
0.07723953912279517,R2,resistor,A,B,1000,Ω,,0,,2.7787778381065653,0.002778777838106565,0.007721606273552196,0,true,true,backward_euler_step_doubling,0.00002,,0.6,,,,,,
0.07723953912279517,R3,resistor,B,0,1000,Ω,,0,,3.2212221618934347,0.0032212221618934346,0.010376272216273413,0,true,true,backward_euler_step_doubling,0.00002,,0.6,,,,,,
0.07723953912279517,R4,resistor,A,C,1000,Ω,,0,,2.2949628825245716,0.0022949628825245714,0.005266854632165491,0,true,true,backward_euler_step_doubling,0.00002,,0.6,,,,,,
0.07723953912279517,R5,resistor,C,0,2000,Ω,,0,,3.7050371174754284,0.0018525185587377141,0.006863650020935316,0,true,true,backward_euler_step_doubling,0.00002,,0.6,,,,,,
0.07723953912279517,C6,capacitor,B,C,100,µF,,0,V,-0.4838149555819937,-0.000442444323786829,0.0002140611808604299,0.000011703845562240326,true,true,backward_euler_step_doubling,0.00002,1e-7,0.6,,,,,,
0.07767104536424482,V1,voltage,A,0,6,V,,0,,6,-0.005073468986406672,-0.03044081391844003,0,true,true,backward_euler_step_doubling,0.00002,,0.6,dc,5,10,0,50,2
0.07767104536424482,R2,resistor,A,B,1000,Ω,,0,,2.7795930407799565,0.0027795930407799566,0.007726137472352365,0,true,true,backward_euler_step_doubling,0.00002,,0.6,,,,,,
0.07767104536424482,R3,resistor,B,0,1000,Ω,,0,,3.2204069592200435,0.0032204069592200435,0.010371020982992887,0,true,true,backward_euler_step_doubling,0.00002,,0.6,,,,,,
0.07767104536424482,R4,resistor,A,C,1000,Ω,,0,,2.293875945626715,0.002293875945626715,0.005261866853924856,0,true,true,backward_euler_step_doubling,0.00002,,0.6,,,,,,
0.07767104536424482,R5,resistor,C,0,2000,Ω,,0,,3.706124054373285,0.0018530620271866424,0.006867677753202138,0,true,true,backward_euler_step_doubling,0.00002,,0.6,,,,,,
0.07767104536424482,C6,capacitor,B,C,100,µF,,0,V,-0.48571709515324146,-0.00044081391844008583,0.0002141108559678364,0.00001179605482620515,true,true,backward_euler_step_doubling,0.00002,1e-7,0.6,,,,,,
0.07810585147938937,V1,voltage,A,0,6,V,,0,,6,-0.005073196190823495,-0.030439177144940974,0,true,true,backward_euler_step_doubling,0.00002,,0.6,dc,5,10,0,50,2
0.07810585147938937,R2,resistor,A,B,1000,Ω,,0,,2.7804114275296286,0.0027804114275296284,0.007730687706337346,0,true,true,backward_euler_step_doubling,0.00002,,0.6,,,,,,
0.07810585147938937,R3,resistor,B,0,1000,Ω,,0,,3.2195885724703714,0.0032195885724703712,0.010365750575981804,0,true,true,backward_euler_step_doubling,0.00002,,0.6,,,,,,
0.07810585147938937,R4,resistor,A,C,1000,Ω,,0,,2.2927847632938674,0.0022927847632938673,0.005256861970792516,0,true,true,backward_euler_step_doubling,0.00002,,0.6,,,,,,
0.07810585147938937,R5,resistor,C,0,2000,Ω,,0,,3.7072152367061326,0.0018536076183530664,0.0068717224056330534,0,true,true,backward_euler_step_doubling,0.00002,,0.6,,,,,,
0.07810585147938937,C6,capacitor,B,C,100,µF,,0,V,-0.4876266642357612,-0.0004391771449407848,0.00021415448619606028,0.000011888988183684786,true,true,backward_euler_step_doubling,0.00002,1e-7,0.6,,,,,,
0.0785406575945339,V1,voltage,A,0,6,V,,0,,6,-0.005072924408149713,-0.03043754644889828,0,true,true,backward_euler_step_doubling,0.00002,,0.6,dc,5,10,0,50,2
0.0785406575945339,R2,resistor,A,B,1000,Ω,,0,,2.7812267755509414,0.0027812267755509415,0.007735222377041487,0,true,true,backward_euler_step_doubling,0.00002,,0.6,,,,,,
0.0785406575945339,R3,resistor,B,0,1000,Ω,,0,,3.2187732244490586,0.0032187732244490586,0.010360501070430189,0,true,true,backward_euler_step_doubling,0.00002,,0.6,,,,,,
0.0785406575945339,R4,resistor,A,C,1000,Ω,,0,,2.291697632598773,0.002291697632598773,0.005251878039258821,0,true,true,backward_euler_step_doubling,0.00002,,0.6,,,,,,
0.0785406575945339,R5,resistor,C,0,2000,Ω,,0,,3.708302367401227,0.0018541511837006136,0.006875753224036773,0,true,true,backward_euler_step_doubling,0.00002,,0.6,,,,,,
0.0785406575945339,C6,capacitor,B,C,100,µF,,0,V,-0.48952914295216843,-0.00043754644889822705,0.00021419173813091384,0.000011981939089974226,true,true,backward_euler_step_doubling,0.00002,1e-7,0.6,,,,,,
0.07897878836507788,V1,voltage,A,0,6,V,,0,,6,-0.005072651571956545,-0.030435909431739266,0,true,true,backward_euler_step_doubling,0.00002,,0.6,dc,5,10,0,50,2
0.07897878836507788,R2,resistor,A,B,1000,Ω,,0,,2.7820452841304326,0.0027820452841304326,0.007739775962952379,0,true,true,backward_euler_step_doubling,0.00002,,0.6,,,,,,
0.07897878836507788,R3,resistor,B,0,1000,Ω,,0,,3.2179547158695674,0.0032179547158695675,0.01035523255338719,0,true,true,backward_euler_step_doubling,0.00002,,0.6,,,,,,
0.07897878836507788,R4,resistor,A,C,1000,Ω,,0,,2.2906062878261118,0.0022906062878261116,0.00524687716582852,0,true,true,backward_euler_step_doubling,0.00002,,0.6,,,,,,
0.07897878836507788,R5,resistor,C,0,2000,Ω,,0,,3.7093937121738882,0.001854696856086944,0.006879800855957589,0,true,true,backward_euler_step_doubling,0.00002,,0.6,,,,,,
0.07897878836507788,C6,capacitor,B,C,100,µF,,0,V,-0.49143899630432086,-0.00043590943173910264,0.00021422289361345146,0.000012075614354429914,true,true,backward_euler_step_doubling,0.00002,1e-7,0.6,,,,,,
0.07941691913562186,V1,voltage,A,0,6,V,,0,,6,-0.005072379756540793,-0.030434278539244755,0,true,true,backward_euler_step_doubling,0.00002,,0.6,dc,5,10,0,50,2
0.07941691913562186,R2,resistor,A,B,1000,Ω,,0,,2.782860730377706,0.002782860730377706,0.00774431384467834,0,true,true,backward_euler_step_doubling,0.00002,,0.6,,,,,,
0.07941691913562186,R3,resistor,B,0,1000,Ω,,0,,3.217139269622294,0.0032171392696222936,0.010349985080145865,0,true,true,backward_euler_step_doubling,0.00002,,0.6,,,,,,
0.07941691913562186,R4,resistor,A,C,1000,Ω,,0,,2.289519026163086,0.002289519026163086,0.005241897371162765,0,true,true,backward_euler_step_doubling,0.00002,,0.6,,,,,,
0.07941691913562186,R5,resistor,C,0,2000,Ω,,0,,3.710480973836914,0.0018552404869184571,0.006883834528602867,0,true,true,backward_euler_step_doubling,0.00002,,0.6,,,,,,
0.07941691913562186,C6,capacitor,B,C,100,µF,,0,V,-0.4933417042146204,-0.00043427853924460786,0.00021424771465477076,0.0000121693018558693,true,true,backward_euler_step_doubling,0.00002,1e-7,0.6,,,,,,
0.07985839971994707,V1,voltage,A,0,6,V,,0,,6,-0.005072106895446489,-0.030432641372678936,0,true,true,backward_euler_step_doubling,0.00002,,0.6,dc,5,10,0,50,2
0.07985839971994707,R2,resistor,A,B,1000,Ω,,0,,2.783679313660623,0.002783679313660623,0.007748870521302077,0,true,true,backward_euler_step_doubling,0.00002,,0.6,,,,,,
0.07985839971994707,R3,resistor,B,0,1000,Ω,,0,,3.216320686339377,0.0032163206863393768,0.0103447187573746,0,true,true,backward_euler_step_doubling,0.00002,,0.6,,,,,,
0.07985839971994707,R4,resistor,A,C,1000,Ω,,0,,2.288427581785868,0.0022884275817858677,0.005236900797078315,0,true,true,backward_euler_step_doubling,0.00002,,0.6,,,,,,
0.07985839971994707,R5,resistor,C,0,2000,Ω,,0,,3.711572418214132,0.001855786209107066,0.00688788490782395,0,true,true,backward_euler_step_doubling,0.00002,,0.6,,,,,,
0.07985839971994707,C6,capacitor,B,C,100,µF,,0,V,-0.49525173187475513,-0.0004326413726787414,0.00021426638909981802,0.000012263713896247216,true,true,backward_euler_step_doubling,0.00002,1e-7,0.6,,,,,,
0.08029988030427228,V1,voltage,A,0,6,V,,0,,6,-0.0050718350629986066,-0.03043101037799164,0,true,true,backward_euler_step_doubling,0.00002,,0.6,dc,5,10,0,50,2
0.08029988030427228,R2,resistor,A,B,1000,Ω,,0,,2.784494811004311,0.002784494811004311,0.007753411352509933,0,true,true,backward_euler_step_doubling,0.00002,,0.6,,,,,,
0.08029988030427228,R3,resistor,B,0,1000,Ω,,0,,3.215505188995689,0.0032155051889956893,0.010339473620458204,0,true,true,backward_euler_step_doubling,0.00002,,0.6,,,,,,
0.08029988030427228,R4,resistor,A,C,1000,Ω,,0,,2.287340251994297,0.002287340251994297,0.005231925428393334,0,true,true,backward_euler_step_doubling,0.00002,,0.6,,,,,,
0.08029988030427228,R5,resistor,C,0,2000,Ω,,0,,3.712659748005703,0.0018563298740028515,0.006891921202230885,0,true,true,backward_euler_step_doubling,0.00002,,0.6,,,,,,
0.08029988030427228,C6,capacitor,B,C,100,µF,,0,V,-0.49715455901001393,-0.00043101037799141866,0.00021427877439906317,0.00001235813277722207,true,true,backward_euler_step_doubling,0.00002,1e-7,0.6,,,,,,
0.08074473624445186,V1,voltage,A,0,6,V,,0,,6,-0.005071562192714138,-0.030429373156284828,0,true,true,backward_euler_step_doubling,0.00002,,0.6,dc,5,10,0,50,2
0.08074473624445186,R2,resistor,A,B,1000,Ω,,0,,2.7853134218577105,0.0027853134218577104,0.0077579708579807085,0,true,true,backward_euler_step_doubling,0.00002,,0.6,,,,,,
0.08074473624445186,R3,resistor,B,0,1000,Ω,,0,,3.2146865781422895,0.0032146865781422897,0.010334209795688182,0,true,true,backward_euler_step_doubling,0.00002,,0.6,,,,,,
0.08074473624445186,R4,resistor,A,C,1000,Ω,,0,,2.286248770856428,0.002286248770856428,0.005226933442242528,0,true,true,backward_euler_step_doubling,0.00002,,0.6,,,,,,
0.08074473624445186,R5,resistor,C,0,2000,Ω,,0,,3.713751229143572,0.001856875614571786,0.006895974095982696,0,true,true,backward_euler_step_doubling,0.00002,,0.6,,,,,,
0.08074473624445186,C6,capacitor,B,C,100,µF,,0,V,-0.4990646510012824,-0.0004293731562845685,0.00021428496439047725,0.000012453276293951589,true,true,backward_euler_step_doubling,0.00002,1e-7,0.6,,,,,,
0.08118959218463144,V1,voltage,A,0,6,V,,0,,6,-0.005071290358945675,-0.030427742153674053,0,true,true,backward_euler_step_doubling,0.00002,,0.6,dc,5,10,0,50,2
0.08118959218463144,R2,resistor,A,B,1000,Ω,,0,,2.7861289231631137,0.002786128923163114,0.007762514376486051,0,true,true,backward_euler_step_doubling,0.00002,,0.6,,,,,,
0.08118959218463144,R3,resistor,B,0,1000,Ω,,0,,3.2138710768368863,0.0032138710768368863,0.010328967298528688,0,true,true,backward_euler_step_doubling,0.00002,,0.6,,,,,,
0.08118959218463144,R4,resistor,A,C,1000,Ω,,0,,2.2851614357825616,0.0022851614357825615,0.005221962787587818,0,true,true,backward_euler_step_doubling,0.00002,,0.6,,,,,,
0.08118959218463144,R5,resistor,C,0,2000,Ω,,0,,3.7148385642174384,0.001857419282108719,0.00690001277909854,0,true,true,backward_euler_step_doubling,0.00002,,0.6,,,,,,
0.08118959218463144,C6,capacitor,B,C,100,µF,,0,V,-0.5009674873805521,-0.0004277421536737368,0.00021428491197267793,0.000012548421170619179,true,true,backward_euler_step_doubling,0.00002,1e-7,0.6,,,,,,
0.08163784941391108,V1,voltage,A,0,6,V,,0,,6,-0.005071017495183156,-0.03042610497109894,0,true,true,backward_euler_step_doubling,0.00002,,0.6,dc,5,10,0,50,2
0.08163784941391108,R2,resistor,A,B,1000,Ω,,0,,2.78694751445049,0.0027869475144504897,0.007767076448301763,0,true,true,backward_euler_step_doubling,0.00002,,0.6,,,,,,
0.08163784941391108,R3,resistor,B,0,1000,Ω,,0,,3.21305248554951,0.00321305248554951,0.010323706274895884,0,true,true,backward_euler_step_doubling,0.00002,,0.6,,,,,,
0.08163784941391108,R4,resistor,A,C,1000,Ω,,0,,2.2840699807326663,0.002284069980732666,0.005216975676884122,0,true,true,backward_euler_step_doubling,0.00002,,0.6,,,,,,
0.08163784941391108,R5,resistor,C,0,2000,Ω,,0,,3.7159300192673337,0.0018579650096336667,0.006904067954046063,0,true,true,backward_euler_step_doubling,0.00002,,0.6,,,,,,
0.08163784941391108,C6,capacitor,B,C,100,µF,,0,V,-0.5028775337178235,-0.0004261049710990501,0.00021427861697119477,0.000012644290695906035,true,true,backward_euler_step_doubling,0.00002,1e-7,0.6,,,,,,
0.08208610664319073,V1,voltage,A,0,6,V,,0,,6,-0.00507074567580642,-0.030424474054838523,0,true,true,backward_euler_step_doubling,0.00002,,0.6,dc,5,10,0,50,2
0.08208610664319073,R2,resistor,A,B,1000,Ω,,0,,2.7877629725807362,0.002787762972580736,0.007771622391292182,0,true,true,backward_euler_step_doubling,0.00002,,0.6,,,,,,
0.08208610664319073,R3,resistor,B,0,1000,Ω,,0,,3.2122370274192638,0.0032122370274192636,0.010318466720323348,0,true,true,backward_euler_step_doubling,0.00002,,0.6,,,,,,
0.08208610664319073,R4,resistor,A,C,1000,Ω,,0,,2.2829827032256826,0.002282982703225683,0.005212010023227646,0,true,true,backward_euler_step_doubling,0.00002,,0.6,,,,,,
0.08208610664319073,R5,resistor,C,0,2000,Ω,,0,,3.7170172967743174,0.0018585086483871587,0.006908108792259727,0,true,true,backward_euler_step_doubling,0.00002,,0.6,,,,,,
0.08208610664319073,C6,capacitor,B,C,100,µF,,0,V,-0.5047802693550536,-0.0004244740548385161,0.00021426612773561794,0.000012740156016508022,true,true,backward_euler_step_doubling,0.00002,1e-7,0.6,,,,,,
0.08253779149339617,V1,voltage,A,0,6,V,,0,,6,-0.005070472834278465,-0.03042283700567079,0,true,true,backward_euler_step_doubling,0.00002,,0.6,dc,5,10,0,50,2
0.08253779149339617,R2,resistor,A,B,1000,Ω,,0,,2.788581497164598,0.002788581497164598,0.007776186766328751,0,true,true,backward_euler_step_doubling,0.00002,,0.6,,,,,,
0.08253779149339617,R3,resistor,B,0,1000,Ω,,0,,3.211418502835402,0.003211418502835402,0.010313208800353574,0,true,true,backward_euler_step_doubling,0.00002,,0.6,,,,,,
0.08253779149339617,R4,resistor,A,C,1000,Ω,,0,,2.2818913371138674,0.0022818913371138675,0.0052070280743953135,0,true,true,backward_euler_step_doubling,0.00002,,0.6,,,,,,
0.08253779149339617,R5,resistor,C,0,2000,Ω,,0,,3.7181086628861326,0.0018590543314430663,0.006912166014514452,0,true,true,backward_euler_step_doubling,0.00002,,0.6,,,,,,
0.08253779149339617,C6,capacitor,B,C,100,µF,,0,V,-0.5066901600507308,-0.00042283700567076113,0.0002142473500786897,0.000012836745914611757,true,true,backward_euler_step_doubling,0.00002,1e-7,0.6,,,,,,
0.08298947634360161,V1,voltage,A,0,6,V,,0,,6,-0.0050702010450056284,-0.030421206270033772,0,true,true,backward_euler_step_doubling,0.00002,,0.6,dc,5,10,0,50,2
0.08298947634360161,R2,resistor,A,B,1000,Ω,,0,,2.789396864983109,0.002789396864983109,0.007780734870377597,0,true,true,backward_euler_step_doubling,0.00002,,0.6,,,,,,
0.08298947634360161,R3,resistor,B,0,1000,Ω,,0,,3.210603135016891,0.0032106031350168907,0.010307972490580287,0,true,true,backward_euler_step_doubling,0.00002,,0.6,,,,,,
0.08298947634360161,R4,resistor,A,C,1000,Ω,,0,,2.2808041800225203,0.0022808041800225203,0.0052020677076082015,0,true,true,backward_euler_step_doubling,0.00002,,0.6,,,,,,
0.08298947634360161,R5,resistor,C,0,2000,Ω,,0,,3.7191958199774797,0.00185959790998874,0.006916208773668979,0,true,true,backward_euler_step_doubling,0.00002,,0.6,,,,,,
0.08298947634360161,C6,capacitor,B,C,100,µF,,0,V,-0.5085926849605888,-0.0004212062700337993,0.0002142224277987248,0.000012933325959771037,true,true,backward_euler_step_doubling,0.00002,1e-7,0.6,,,,,,
0.08344461555307414,V1,voltage,A,0,6,V,,0,,6,-0.005069928241424051,-0.030419569448544306,0,true,true,backward_euler_step_doubling,0.00002,,0.6,dc,5,10,0,50,2
0.08344461555307414,R2,resistor,A,B,1000,Ω,,0,,2.7902152757279657,0.0027902152757279656,0.007785301284905687,0,true,true,backward_euler_step_doubling,0.00002,,0.6,,,,,,
0.08344461555307414,R3,resistor,B,0,1000,Ω,,0,,3.2097847242720343,0.0032097847242720345,0.0103027179761701,0,true,true,backward_euler_step_doubling,0.00002,,0.6,,,,,,
0.08344461555307414,R4,resistor,A,C,1000,Ω,,0,,2.279712965696085,0.002279712965696085,0.005197091205962839,0,true,true,backward_euler_step_doubling,0.00002,,0.6,,,,,,
0.08344461555307414,R5,resistor,C,0,2000,Ω,,0,,3.720287034303915,0.0018601435171519576,0.00692026780880491,0,true,true,backward_euler_step_doubling,0.00002,,0.6,,,,,,
0.08344461555307414,C6,capacitor,B,C,100,µF,,0,V,-0.5105023100318808,-0.00041956944854412183,0.00021419117270057655,0.000013030630427394328,true,true,backward_euler_step_doubling,0.00002,1e-7,0.6,,,,,,
0.08389975476254669,V1,voltage,A,0,6,V,,0,,6,-0.005069656497966177,-0.030417938987797058,0,true,true,backward_euler_step_doubling,0.00002,,0.6,dc,5,10,0,50,2
0.08389975476254669,R2,resistor,A,B,1000,Ω,,0,,2.7910305061015968,0.0027910305061015967,0.007789851285989735,0,true,true,backward_euler_step_doubling,0.00002,,0.6,,,,,,
0.08389975476254669,R3,resistor,B,0,1000,Ω,,0,,3.2089694938984032,0.0032089694938984034,0.010297485212770574,0,true,true,backward_euler_step_doubling,0.00002,,0.6,,,,,,
0.08389975476254669,R4,resistor,A,C,1000,Ω,,0,,2.2786259918645797,0.00227862599186458,0.00519213641080084,0,true,true,backward_euler_step_doubling,0.00002,,0.6,,,,,,
0.08389975476254669,R5,resistor,C,0,2000,Ω,,0,,3.7213740081354203,0.0018606870040677101,0.006924312254212942,0,true,true,backward_euler_step_doubling,0.00002,,0.6,,,,,,
0.08389975476254669,C6,capacitor,B,C,100,µF,,0,V,-0.512404514237017,-0.0004179389877968718,0.00021415382402276668,0.00001312791931052367,true,true,backward_euler_step_doubling,0.00002,1e-7,0.6,,,,,,
0.0843583754838458,V1,voltage,A,0,6,V,,0,,6,-0.005069383748041264,-0.03041630248824758,0,true,true,backward_euler_step_doubling,0.00002,,0.6,dc,5,10,0,50,2
0.0843583754838458,R2,resistor,A,B,1000,Ω,,0,,2.791848755876334,0.0027918487558763337,0.007794419475688233,0,true,true,backward_euler_step_doubling,0.00002,,0.6,,,,,,
0.0843583754838458,R3,resistor,B,0,1000,Ω,,0,,3.208151244123666,0.003208151244123666,0.010292234405172226,0,true,true,backward_euler_step_doubling,0.00002,,0.6,,,,,,
0.0843583754838458,R4,resistor,A,C,1000,Ω,,0,,2.277534992164931,0.002277534992164931,0.005187165640535712,0,true,true,backward_euler_step_doubling,0.00002,,0.6,,,,,,
0.0843583754838458,R5,resistor,C,0,2000,Ω,,0,,3.722465007835069,0.0018612325039175346,0.006928372867278271,0,true,true,backward_euler_step_doubling,0.00002,,0.6,,,,,,
0.0843583754838458,C6,capacitor,B,C,100,µF,,0,V,-0.514313763711403,-0.000416302488247314,0.0002141100995728982,0.000013225932377149444,true,true,backward_euler_step_doubling,0.00002,1e-7,0.6,,,,,,
0.0848169962051449,V1,voltage,A,0,6,V,,0,,6,-0.005069112066107477,-0.03041467239664486,0,true,true,backward_euler_step_doubling,0.00002,,0.6,dc,5,10,0,50,2
0.0848169962051449,R2,resistor,A,B,1000,Ω,,0,,2.7926638016777003,0.0027926638016777003,0.007798971109200946,0,true,true,backward_euler_step_doubling,0.00002,,0.6,,,,,,
0.0848169962051449,R3,resistor,B,0,1000,Ω,,0,,3.2073361983222997,0.0032073361983223,0.010287005489068543,0,true,true,backward_euler_step_doubling,0.00002,,0.6,,,,,,
0.0848169962051449,R4,resistor,A,C,1000,Ω,,0,,2.2764482644297774,0.0022764482644297775,0.005182216700625346,0,true,true,backward_euler_step_doubling,0.00002,,0.6,,,,,,
0.0848169962051449,R5,resistor,C,0,2000,Ω,,0,,3.7235517355702226,0.0018617758677851113,0.006932418763734008,0,true,true,backward_euler_step_doubling,0.00002,,0.6,,,,,,
0.0848169962051449,C6,capacitor,B,C,100,µF,,0,V,-0.5162155372479229,-0.0004146723966446231,0.0002140603340157879,0.000013323924044808084,true,true,backward_euler_step_doubling,0.00002,1e-7,0.6,,,,,,
0.0852791260133258,V1,voltage,A,0,6,V,,0,,6,-0.00506883938554711,-0.03041303631328266,0,true,true,backward_euler_step_doubling,0.00002,,0.6,dc,5,10,0,50,2
0.0852791260133258,R2,resistor,A,B,1000,Ω,,0,,2.7934818433586615,0.0027934818433586616,0.0078035408091745055,0,true,true,backward_euler_step_doubling,0.00002,,0.6,,,,,,
0.0852791260133258,R3,resistor,B,0,1000,Ω,,0,,3.2065181566413385,0.0032065181566413386,0.010281758688870568,0,true,true,backward_euler_step_doubling,0.00002,,0.6,,,,,,
0.0852791260133258,R4,resistor,A,C,1000,Ω,,0,,2.275357542188448,0.002275357542188448,0.005177251944793855,0,true,true,backward_euler_step_doubling,0.00002,,0.6,,,,,,
0.0852791260133258,R5,resistor,C,0,2000,Ω,,0,,3.724642457811552,0.001862321228905776,0.0069364807192662395,0,true,true,backward_euler_step_doubling,0.00002,,0.6,,,,,,
0.0852791260133258,C6,capacitor,B,C,100,µF,,0,V,-0.5181243011702135,-0.0004130363132826568,0.0002140041511774979,0.000013422639573156102,true,true,backward_euler_step_doubling,0.00002,1e-7,0.6,,,,,,
0.08574125582150668,V1,voltage,A,0,6,V,,0,,6,-0.005068567780843616,-0.030411406685061697,0,true,true,backward_euler_step_doubling,0.00002,,0.6,dc,5,10,0,50,2
0.08574125582150668,R2,resistor,A,B,1000,Ω,,0,,2.7942966574691734,0.0027942966574691737,0.007808093809943396,0,true,true,backward_euler_step_doubling,0.00002,,0.6,,,,,,
0.08574125582150668,R3,resistor,B,0,1000,Ω,,0,,3.2057033425308266,0.0032057033425308265,0.010276533920313314,0,true,true,backward_euler_step_doubling,0.00002,,0.6,,,,,,
0.08574125582150668,R4,resistor,A,C,1000,Ω,,0,,2.2742711233744415,0.0022742711233744413,0.0051723091426148435,0,true,true,backward_euler_step_doubling,0.00002,,0.6,,,,,,
0.08574125582150668,R5,resistor,C,0,2000,Ω,,0,,3.7257288766255585,0.0018628644383127792,0.0069405278310607724,0,true,true,backward_euler_step_doubling,0.00002,,0.6,,,,,,
0.08574125582150668,C6,capacitor,B,C,100,µF,,0,V,-0.520025534094732,-0.00041140668506159275,0.00021394198112929794,0.00001352132780552556,true,true,backward_euler_step_doubling,0.00002,1e-7,0.6,,,,,,
0.08620692272230884,V1,voltage,A,0,6,V,,0,,6,-0.005068295185352465,-0.03040977111211479,0,true,true,backward_euler_step_doubling,0.00002,,0.6,dc,5,10,0,50,2
0.08620692272230884,R2,resistor,A,B,1000,Ω,,0,,2.7951144439426816,0.0027951144439426817,0.007812664754737006,0,true,true,backward_euler_step_doubling,0.00002,,0.6,,,,,,
0.08620692272230884,R3,resistor,B,0,1000,Ω,,0,,3.2048855560573184,0.0032048855560573184,0.010271291427424827,0,true,true,backward_euler_step_doubling,0.00002,,0.6,,,,,,
0.08620692272230884,R4,resistor,A,C,1000,Ω,,0,,2.273180741409783,0.002273180741409783,0.00516735068311633,0,true,true,backward_euler_step_doubling,0.00002,,0.6,,,,,,
0.08620692272230884,R5,resistor,C,0,2000,Ω,,0,,3.726819258590217,0.0018634096292951085,0.006944590893099468,0,true,true,backward_euler_step_doubling,0.00002,,0.6,,,,,,
0.08620692272230884,C6,capacitor,B,C,100,µF,,0,V,-0.5219337025328987,-0.00040977111211463086,0.00021387335373701283,0.00001362073949198502,true,true,backward_euler_step_doubling,0.00002,1e-7,0.6,,,,,,
0.08667258962311102,V1,voltage,A,0,6,V,,0,,6,-0.005068023673581675,-0.030408142041490054,0,true,true,backward_euler_step_doubling,0.00002,,0.6,dc,5,10,0,50,2
0.08667258962311102,R2,resistor,A,B,1000,Ω,,0,,2.795928979255026,0.002795928979255026,0.007817218857038052,0,true,true,backward_euler_step_doubling,0.00002,,0.6,,,,,,
0.08667258962311102,R3,resistor,B,0,1000,Ω,,0,,3.204071020744974,0.003204071020744974,0.01026607110597774,0,true,true,backward_euler_step_doubling,0.00002,,0.6,,,,,,
0.08667258962311102,R4,resistor,A,C,1000,Ω,,0,,2.27209469432665,0.00227209469432665,0.005162414299987313,0,true,true,backward_euler_step_doubling,0.00002,,0.6,,,,,,
0.08667258962311102,R5,resistor,C,0,2000,Ω,,0,,3.72790530567335,0.001863952652836675,0.006948638984033756,0,true,true,backward_euler_step_doubling,0.00002,,0.6,,,,,,
0.08667258962311102,C6,capacitor,B,C,100,µF,,0,V,-0.5238342849283759,-0.0004081420414900041,0.00021379879445312383,0.000013720117903321145,true,true,backward_euler_step_doubling,0.00002,1e-7,0.6,,,,,,
0.08714182206156329,V1,voltage,A,0,6,V,,0,,6,-0.005067751178859967,-0.030406507073159804,0,true,true,backward_euler_step_doubling,0.00002,,0.6,dc,5,10,0,50,2
0.08714182206156329,R2,resistor,A,B,1000,Ω,,0,,2.7967464634201065,0.0027967464634201067,0.007821790780652874,0,true,true,backward_euler_step_doubling,0.00002,,0.6,,,,,,
0.08714182206156329,R3,resistor,B,0,1000,Ω,,0,,3.2032535365798935,0.0032032535365798935,0.010260833219611595,0,true,true,backward_euler_step_doubling,0.00002,,0.6,,,,,,
0.08714182206156329,R4,resistor,A,C,1000,Ω,,0,,2.2710047154398616,0.0022710047154398615,0.005157462417550086,0,true,true,backward_euler_step_doubling,0.00002,,0.6,,,,,,
0.08714182206156329,R5,resistor,C,0,2000,Ω,,0,,3.7289952845601384,0.0018644976422800693,0.0069527029161358745,0,true,true,backward_euler_step_doubling,0.00002,,0.6,,,,,,
0.08714182206156329,C6,capacitor,B,C,100,µF,,0,V,-0.5257417479802449,-0.0004065070731598474,0.00021371773920939144,0.000013820219278466163,true,true,backward_euler_step_doubling,0.00002,1e-7,0.6,,,,,,
0.08761105450001558,V1,voltage,A,0,6,V,,0,,6,-0.005067479775719641,-0.030404878654317846,0,true,true,backward_euler_step_doubling,0.00002,,0.6,dc,5,10,0,50,2
0.08761105450001558,R2,resistor,A,B,1000,Ω,,0,,2.7975606728411564,0.002797560672841156,0.007826345718227464,0,true,true,backward_euler_step_doubling,0.00002,,0.6,,,,,,
0.08761105450001558,R3,resistor,B,0,1000,Ω,,0,,3.2024393271588436,0.0032024393271588435,0.010255617644133587,0,true,true,backward_euler_step_doubling,0.00002,,0.6,,,,,,
0.08761105450001558,R4,resistor,A,C,1000,Ω,,0,,2.2699191028784838,0.002269919102878484,0.005152532733612661,0,true,true,backward_euler_step_doubling,0.00002,,0.6,,,,,,
0.08761105450001558,R5,resistor,C,0,2000,Ω,,0,,3.7300808971215162,0.001865040448560758,0.006956751749535427,0,true,true,backward_euler_step_doubling,0.00002,,0.6,,,,,,
0.08761105450001558,C6,capacitor,B,C,100,µF,,0,V,-0.5276415699626726,-0.00040487865431771,0.00021363080880857074,0.000013920281317633699,true,true,backward_euler_step_doubling,0.00002,1e-7,0.6,,,,,,
0.08808388136917963,V1,voltage,A,0,6,V,,0,,6,-0.005067207397462536,-0.030403244384775215,0,true,true,backward_euler_step_doubling,0.00002,,0.6,dc,5,10,0,50,2
0.08808388136917963,R2,resistor,A,B,1000,Ω,,0,,2.79837780761241,0.00279837780761241,0.007830918354137639,0,true,true,backward_euler_step_doubling,0.00002,,0.6,,,,,,
0.08808388136917963,R3,resistor,B,0,1000,Ω,,0,,3.20162219238759,0.0032016221923875897,0.010250384662788718,0,true,true,backward_euler_step_doubling,0.00002,,0.6,,,,,,
0.08808388136917963,R4,resistor,A,C,1000,Ω,,0,,2.268829589850125,0.002268829589850125,0.005147587707779486,0,true,true,backward_euler_step_doubling,0.00002,,0.6,,,,,,
0.08808388136917963,R5,resistor,C,0,2000,Ω,,0,,3.731170410149875,0.0018655852050749376,0.006960816314788993,0,true,true,backward_euler_step_doubling,0.00002,,0.6,,,,,,
0.08808388136917963,C6,capacitor,B,C,100,µF,,0,V,-0.5295482177622852,-0.00040324438477523064,0.00021353734528037257,0.000014021065746760631,true,true,backward_euler_step_doubling,0.00002,1e-7,0.6,,,,,,
0.08855670823834369,V1,voltage,A,0,6,V,,0,,6,-0.005066936118644714,-0.030401616711868286,0,true,true,backward_euler_step_doubling,0.00002,,0.6,dc,5,10,0,50,2
0.08855670823834369,R2,resistor,A,B,1000,Ω,,0,,2.7991916440658824,0.0027991916440658826,0.007835473860208258,0,true,true,backward_euler_step_doubling,0.00002,,0.6,,,,,,
0.08855670823834369,R3,resistor,B,0,1000,Ω,,0,,3.2008083559341176,0.0032008083559341175,0.01024517413141767,0,true,true,backward_euler_step_doubling,0.00002,,0.6,,,,,,
0.08855670823834369,R4,resistor,A,C,1000,Ω,,0,,2.267744474578831,0.002267744474578831,0.005142665001982818,0,true,true,backward_euler_step_doubling,0.00002,,0.6,,,,,,
0.08855670823834369,R5,resistor,C,0,2000,Ω,,0,,3.732255525421169,0.0018661277627105846,0.006964865653518423,0,true,true,backward_euler_step_doubling,0.00002,,0.6,,,,,,
0.08855670823834369,C6,capacitor,B,C,100,µF,,0,V,-0.5314471694870515,-0.0004016167118682523,0.00021343806474107943,0.000014121804697789942,true,true,backward_euler_step_doubling,0.00002,1e-7,0.6,,,,,,
0.08903315888826122,V1,voltage,A,0,6,V,,0,,6,-0.005066663872541245,-0.03039998323524747,0,true,true,backward_euler_step_doubling,0.00002,,0.6,dc,5,10,0,50,2
0.08903315888826122,R2,resistor,A,B,1000,Ω,,0,,2.800008382376097,0.002800008382376097,0.007840046941376407,0,true,true,backward_euler_step_doubling,0.00002,,0.6,,,,,,
0.08903315888826122,R3,resistor,B,0,1000,Ω,,0,,3.199991617623903,0.003199991617623903,0.010239946352863244,0,true,true,backward_euler_step_doubling,0.00002,,0.6,,,,,,
0.08903315888826122,R4,resistor,A,C,1000,Ω,,0,,2.2666554901651463,0.0022666554901651466,0.0051377271110958,0,true,true,backward_euler_step_doubling,0.00002,,0.6,,,,,,
0.08903315888826122,R5,resistor,C,0,2000,Ω,,0,,3.7333445098348537,0.0018666722549174268,0.0069689306145570215,0,true,true,backward_euler_step_doubling,0.00002,,0.6,,,,,,
0.08903315888826122,C6,capacitor,B,C,100,µF,,0,V,-0.5333528922109507,-0.00039998323524779056,0.0002133322153553022,0.0000142232653814893,true,true,backward_euler_step_doubling,0.00002,1e-7,0.6,,,,,,
0.08950960953817873,V1,voltage,A,0,6,V,,0,,6,-0.005066392733731504,-0.030398356402389023,0,true,true,backward_euler_step_doubling,0.00002,,0.6,dc,5,10,0,50,2
0.08950960953817873,R2,resistor,A,B,1000,Ω,,0,,2.800821798805313,0.002800821798805313,0.007844602748663028,0,true,true,backward_euler_step_doubling,0.00002,,0.6,,,,,,
0.08950960953817873,R3,resistor,B,0,1000,Ω,,0,,3.199178201194687,0.003199178201194687,0.010234741162999272,0,true,true,backward_euler_step_doubling,0.00002,,0.6,,,,,,
0.08950960953817873,R4,resistor,A,C,1000,Ω,,0,,2.26557093492619,0.00226557093492619,0.005132811661182331,0,true,true,backward_euler_step_doubling,0.00002,,0.6,,,,,,
0.08950960953817873,R5,resistor,C,0,2000,Ω,,0,,3.73442906507381,0.001867214532536905,0.0069729802210340254,0,true,true,backward_euler_step_doubling,0.00002,,0.6,,,,,,
0.08950960953817873,C6,capacitor,B,C,100,µF,,0,V,-0.5352508638791229,-0.0003983564023893663,0.0002132206085106878,0.000014324674364167366,true,true,backward_euler_step_doubling,0.00002,1e-7,0.6,,,,,,
0.08998971378511618,V1,voltage,A,0,6,V,,0,,6,-0.005066120635463867,-0.030396723812783202,0,true,true,backward_euler_step_doubling,0.00002,,0.6,dc,5,10,0,50,2
0.08998971378511618,R2,resistor,A,B,1000,Ω,,0,,2.801638093608387,0.002801638093608387,0.007849176007557636,0,true,true,backward_euler_step_doubling,0.00002,,0.6,,,,,,
0.08998971378511618,R3,resistor,B,0,1000,Ω,,0,,3.198361906391613,0.003198361906391613,0.010229518884256994,0,true,true,backward_euler_step_doubling,0.00002,,0.6,,,,,,
0.08998971378511618,R4,resistor,A,C,1000,Ω,,0,,2.2644825418554793,0.0022644825418554793,0.005127881182368252,0,true,true,backward_euler_step_doubling,0.00002,,0.6,,,,,,
0.08998971378511618,R5,resistor,C,0,2000,Ω,,0,,3.7355174581445207,0.0018677587290722604,0.0069770453400512505,0,true,true,backward_euler_step_doubling,0.00002,,0.6,,,,,,
0.08998971378511618,C6,capacitor,B,C,100,µF,,0,V,-0.5371555517529076,-0.0003967238127832831,0.00021310239854912166,0.000014426804338948531,true,true,backward_euler_step_doubling,0.00002,1e-7,0.6,,,,,,
0.09046981803205363,V1,voltage,A,0,6,V,,0,,6,-0.005065849652340301,-0.030395097914041803,0,true,true,backward_euler_step_doubling,0.00002,,0.6,dc,5,10,0,50,2
0.09046981803205363,R2,resistor,A,B,1000,Ω,,0,,2.8024510429790417,0.002802451042979042,0.00785373184829432,0,true,true,backward_euler_step_doubling,0.00002,,0.6,,,,,,
0.09046981803205363,R3,resistor,B,0,1000,Ω,,0,,3.1975489570209583,0.0031975489570209583,0.010224319332545818,0,true,true,backward_euler_step_doubling,0.00002,,0.6,,,,,,
0.09046981803205363,R4,resistor,A,C,1000,Ω,,0,,2.2633986093612575,0.0022633986093612574,0.005122973264858474,0,true,true,backward_euler_step_doubling,0.00002,,0.6,,,,,,
0.09046981803205363,R5,resistor,C,0,2000,Ω,,0,,3.7366013906387425,0.0018683006953193713,0.006981094976261692,0,true,true,backward_euler_step_doubling,0.00002,,0.6,,,,,,
0.09046981803205363,C6,capacitor,B,C,100,µF,,0,V,-0.5390524336177842,-0.00039509791404192745,0.00021297849208161111,0.000014528876309462781,true,true,backward_euler_step_doubling,0.00002,1e-7,0.6,,,,,,
0.09095360616784835,V1,voltage,A,0,6,V,,0,,6,-0.005065577717582555,-0.03039346630549533,0,true,true,backward_euler_step_doubling,0.00002,,0.6,dc,5,10,0,50,2
0.09095360616784835,R2,resistor,A,B,1000,Ω,,0,,2.8032668472523374,0.0028032668472523373,0.00785830501690406,0,true,true,backward_euler_step_doubling,0.00002,,0.6,,,,,,
0.09095360616784835,R3,resistor,B,0,1000,Ω,,0,,3.1967331527476626,0.0031967331527476624,0.01021910284987601,0,true,true,backward_euler_step_doubling,0.00002,,0.6,,,,,,
0.09095360616784835,R4,resistor,A,C,1000,Ω,,0,,2.2623108703302166,0.0022623108703302168,0.005118050474014263,0,true,true,backward_euler_step_doubling,0.00002,,0.6,,,,,,
0.09095360616784835,R5,resistor,C,0,2000,Ω,,0,,3.7376891296697834,0.0018688445648348917,0.006985160015025831,0,true,true,backward_euler_step_doubling,0.00002,,0.6,,,,,,
0.09095360616784835,C6,capacitor,B,C,100,µF,,0,V,-0.5409559769221208,-0.0003934663054954122,0.00021284794967520835,0.000014631668448388305,true,true,backward_euler_step_doubling,0.00002,1e-7,0.6,,,,,,
0.09143739430364307,V1,voltage,A,0,6,V,,0,,6,-0.005065306905814965,-0.03039184143488979,0,true,true,backward_euler_step_doubling,0.00002,,0.6,dc,5,10,0,50,2
0.09143739430364307,R2,resistor,A,B,1000,Ω,,0,,2.8040792825551044,0.0028040792825551044,0.00786286062285475,0,true,true,backward_euler_step_doubling,0.00002,,0.6,,,,,,
0.09143739430364307,R3,resistor,B,0,1000,Ω,,0,,3.1959207174448956,0.0031959207174448957,0.010213909232193497,0,true,true,backward_euler_step_doubling,0.00002,,0.6,,,,,,
0.09143739430364307,R4,resistor,A,C,1000,Ω,,0,,2.261227623259859,0.0022612276232598593,0.005113150364193432,0,true,true,backward_euler_step_doubling,0.00002,,0.6,,,,,,
0.09143739430364307,R5,resistor,C,0,2000,Ω,,0,,3.738772376740141,0.0018693861883700704,0.006989209442537561,0,true,true,backward_euler_step_doubling,0.00002,,0.6,,,,,,
0.09143739430364307,C6,capacitor,B,C,100,µF,,0,V,-0.5428516592952453,-0.00039184143488975423,0.0002127117731105329,0.00001473439619998005,true,true,backward_euler_step_doubling,0.00002,1e-7,0.6,,,,,,
0.09192489710546561,V1,voltage,A,0,6,V,,0,,6,-0.005065035150232542,-0.030390210901395254,0,true,true,backward_euler_step_doubling,0.00002,,0.6,dc,5,10,0,50,2
0.09192489710546561,R2,resistor,A,B,1000,Ω,,0,,2.8048945493025528,0.0028048945493025527,0.00786743343270717,0,true,true,backward_euler_step_doubling,0.00002,,0.6,,,,,,
0.09192489710546561,R3,resistor,B,0,1000,Ω,,0,,3.1951054506974472,0.0031951054506974474,0.010208698841076539,0,true,true,backward_euler_step_doubling,0.00002,,0.6,,,,,,
0.09192489710546561,R4,resistor,A,C,1000,Ω,,0,,2.26014060092999,0.00226014060092999,0.005108235535972176,0,true,true,backward_euler_step_doubling,0.00002,,0.6,,,,,,
0.09192489710546561,R5,resistor,C,0,2000,Ω,,0,,3.73985939907001,0.001869929699535005,0.006993274162406148,0,true,true,backward_euler_step_doubling,0.00002,,0.6,,,,,,
0.09192489710546561,C6,capacitor,B,C,100,µF,,0,V,-0.5447539483725627,-0.0003902109013949798,0.000212568929232932,0.000014837843213374836,true,true,backward_euler_step_doubling,0.00002,1e-7,0.6,,,,,,
0.09241239990728814,V1,voltage,A,0,6,V,,0,,6,-0.005064764525481428,-0.030388587152888565,0,true,true,backward_euler_step_doubling,0.00002,,0.6,dc,5,10,0,50,2
0.09241239990728814,R2,resistor,A,B,1000,Ω,,0,,2.8057064235559213,0.002805706423555921,0.007871988535182959,0,true,true,backward_euler_step_doubling,0.00002,,0.6,,,,,,
0.09241239990728814,R3,resistor,B,0,1000,Ω,,0,,3.1942935764440787,0.0031942935764440786,0.010203511452511903,0,true,true,backward_euler_step_doubling,0.00002,,0.6,,,,,,
0.09241239990728814,R4,resistor,A,C,1000,Ω,,0,,2.2590581019255063,0.002259058101925506,0.005103343507875271,0,true,true,backward_euler_step_doubling,0.00002,,0.6,,,,,,
0.09241239990728814,R5,resistor,C,0,2000,Ω,,0,,3.7409418980744937,0.001870470949037247,0.006997323142384599,0,true,true,backward_euler_step_doubling,0.00002,,0.6,,,,,,
0.09241239990728814,C6,capacitor,B,C,100,µF,,0,V,-0.546648321630415,-0.00038858715288817133,0.00021242051493346032,0.000014941219377067481,true,true,backward_euler_step_doubling,0.00002,1e-7,0.6,,,,,,
0.09290364864752884,V1,voltage,A,0,6,V,,0,,6,-0.005064492964729899,-0.030386957788379392,0,true,true,backward_euler_step_doubling,0.00002,,0.6,dc,5,10,0,50,2
0.09290364864752884,R2,resistor,A,B,1000,Ω,,0,,2.806521105810495,0.002806521105810495,0.007876560717359765,0,true,true,backward_euler_step_doubling,0.00002,,0.6,,,,,,
0.09290364864752884,R3,resistor,B,0,1000,Ω,,0,,3.193478894189505,0.003193478894189505,0.010198307447633824,0,true,true,backward_euler_step_doubling,0.00002,,0.6,,,,,,
0.09290364864752884,R4,resistor,A,C,1000,Ω,,0,,2.257971858919405,0.002257971858919405,0.005098436915671953,0,true,true,backward_euler_step_doubling,0.00002,,0.6,,,,,,
0.09290364864752884,R5,resistor,C,0,2000,Ω,,0,,3.742028141080595,0.0018710140705402976,0.007001387304319547,0,true,true,backward_euler_step_doubling,0.00002,,0.6,,,,,,
0.09290364864752884,C6,capacitor,B,C,100,µF,,0,V,-0.5485492468910902,-0.0003869577883790169,0.00021226540339395157,0.00001504531381323911,true,true,backward_euler_step_doubling,0.00002,1e-7,0.6,,,,,,
0.09339489738776954,V1,voltage,A,0,6,V,,0,,6,-0.005064222542645578,-0.030385335255873468,0,true,true,backward_euler_step_doubling,0.00002,,0.6,dc,5,10,0,50,2
0.09339489738776954,R2,resistor,A,B,1000,Ω,,0,,2.807332372063425,0.0028073323720634253,0.007881115047235258,0,true,true,backward_euler_step_doubling,0.00002,,0.6,,,,,,
0.09339489738776954,R3,resistor,B,0,1000,Ω,,0,,3.192667627936575,0.003192667627936575,0.010193126582474156,0,true,true,backward_euler_step_doubling,0.00002,,0.6,,,,,,
0.09339489738776954,R4,resistor,A,C,1000,Ω,,0,,2.2568901705821545,0.0022568901705821544,0.005093553242070346,0,true,true,backward_euler_step_doubling,0.00002,,0.6,,,,,,
0.09339489738776954,R5,resistor,C,0,2000,Ω,,0,,3.7431098294178455,0.0018715549147089229,0.0070054355975422465,0,true,true,backward_euler_step_doubling,0.00002,,0.6,,,,,,
0.09339489738776954,C6,capacitor,B,C,100,µF,,0,V,-0.5504422014812707,-0.0003853352558732168,0.0002121047865512022,0.000015149330858577386,true,true,backward_euler_step_doubling,0.00002,1e-7,0.6,,,,,,
0.09388992384428202,V1,voltage,A,0,6,V,,0,,6,-0.005063951192370035,-0.030383707154220212,0,true,true,backward_euler_step_doubling,0.00002,,0.6,dc,5,10,0,50,2
0.09388992384428202,R2,resistor,A,B,1000,Ω,,0,,2.8081464228901134,0.002808146422890113,0.00788568633239054,0,true,true,backward_euler_step_doubling,0.00002,,0.6,,,,,,
0.09388992384428202,R3,resistor,B,0,1000,Ω,,0,,3.1918535771098866,0.0031918535771098865,0.010187929257709179,0,true,true,backward_euler_step_doubling,0.00002,,0.6,,,,,,
0.09388992384428202,R4,resistor,A,C,1000,Ω,,0,,2.2558047694799237,0.0022558047694799235,0.005088655158008371,0,true,true,backward_euler_step_doubling,0.00002,,0.6,,,,,,
0.09388992384428202,R5,resistor,C,0,2000,Ω,,0,,3.7441952305200763,0.001872097615260038,0.007009498962124643,0,true,true,backward_euler_step_doubling,0.00002,,0.6,,,,,,
0.09388992384428202,C6,capacitor,B,C,100,µF,,0,V,-0.5523416534101897,-0.00038370715421978734,0.000211937443987076,0.000015254065104595106,true,true,backward_euler_step_doubling,0.00002,1e-7,0.6,,,,,,
0.09438495030079448,V1,voltage,A,0,6,V,,0,,6,-0.005063680988591772,-0.03038208593155063,0,true,true,backward_euler_step_doubling,0.00002,,0.6,dc,5,10,0,50,2
0.09438495030079448,R2,resistor,A,B,1000,Ω,,0,,2.808957034224874,0.002808957034224874,0.0078902396201214,0,true,true,backward_euler_step_doubling,0.00002,,0.6,,,,,,
0.09438495030079448,R3,resistor,B,0,1000,Ω,,0,,3.191042965775126,0.003191042965775126,0.010182755209422911,0,true,true,backward_euler_step_doubling,0.00002,,0.6,,,,,,
0.09438495030079448,R4,resistor,A,C,1000,Ω,,0,,2.254723954366898,0.002254723954366898,0.005083780110395902,0,true,true,backward_euler_step_doubling,0.00002,,0.6,,,,,,
0.09438495030079448,R5,resistor,C,0,2000,Ω,,0,,3.745276045633102,0.001872638022816551,0.0070135463289965625,0,true,true,backward_euler_step_doubling,0.00002,,0.6,,,,,,
0.09438495030079448,C6,capacitor,B,C,100,µF,,0,V,-0.5542330798579758,-0.00038208593155029003,0.00021176466261352096,0.000015358715340442867,true,true,backward_euler_step_doubling,0.00002,1e-7,0.6,,,,,,
0.0948837867672307,V1,voltage,A,0,6,V,,0,,6,-0.005063409864425702,-0.030380459186554208,0,true,true,backward_euler_step_doubling,0.00002,,0.6,dc,5,10,0,50,2
0.0948837867672307,R2,resistor,A,B,1000,Ω,,0,,2.8097704067230573,0.002809770406723057,0.007894809738496655,0,true,true,backward_euler_step_doubling,0.00002,,0.6,,,,,,
0.0948837867672307,R3,resistor,B,0,1000,Ω,,0,,3.1902295932769427,0.0031902295932769425,0.010177564857819966,0,true,true,backward_euler_step_doubling,0.00002,,0.6,,,,,,
0.0948837867672307,R4,resistor,A,C,1000,Ω,,0,,2.253639457702644,0.002253639457702644,0.0050788908053142675,0,true,true,backward_euler_step_doubling,0.00002,,0.6,,,,,,
0.0948837867672307,R5,resistor,C,0,2000,Ω,,0,,3.746360542297356,0.001873180271148678,0.00701760865644127,0,true,true,backward_euler_step_doubling,0.00002,,0.6,,,,,,
0.0948837867672307,C6,capacitor,B,C,100,µF,,0,V,-0.5561309490204134,-0.00038045918655393206,0.00021158512848177275,0.00001546408162291728,true,true,backward_euler_step_doubling,0.00002,1e-7,0.6,,,,,,
0.09538262323366692,V1,voltage,A,0,6,V,,0,,6,-0.0050631398945807995,-0.030378839367484797,0,true,true,backward_euler_step_doubling,0.00002,,0.6,dc,5,10,0,50,2
0.09538262323366692,R2,resistor,A,B,1000,Ω,,0,,2.810580316257721,0.002810580316257721,0.007899361714135352,0,true,true,backward_euler_step_doubling,0.00002,,0.6,,,,,,
0.09538262323366692,R3,resistor,B,0,1000,Ω,,0,,3.189419683742279,0.0031894196837422787,0.010172397919042698,0,true,true,backward_euler_step_doubling,0.00002,,0.6,,,,,,
0.09538262323366692,R4,resistor,A,C,1000,Ω,,0,,2.2525595783230785,0.0022525595783230786,0.005074024653895046,0,true,true,backward_euler_step_doubling,0.00002,,0.6,,,,,,
0.09538262323366692,R5,resistor,C,0,2000,Ω,,0,,3.7474404216769215,0.0018737202108384608,0.007021654857009052,0,true,true,backward_euler_step_doubling,0.00002,,0.6,,,,,,
0.09538262323366692,C6,capacitor,B,C,100,µF,,0,V,-0.5580207379346427,-0.0003788393674845614,0.00021140022340242825,0.00001556935719825616,true,true,backward_euler_step_doubling,0.00002,1e-7,0.6,,,,,,
0.09588530253035948,V1,voltage,A,0,6,V,,0,,6,-0.005062869012145281,-0.030377214072871684,0,true,true,backward_euler_step_doubling,0.00002,,0.6,dc,5,10,0,50,2
0.09588530253035948,R2,resistor,A,B,1000,Ω,,0,,2.81139296356423,0.00281139296356423,0.007903930395578464,0,true,true,backward_euler_step_doubling,0.00002,,0.6,,,,,,
0.09588530253035948,R3,resistor,B,0,1000,Ω,,0,,3.18860703643577,0.00318860703643577,0.010167214832807706,0,true,true,backward_euler_step_doubling,0.00002,,0.6,,,,,,
0.09588530253035948,R4,resistor,A,C,1000,Ω,,0,,2.251476048581051,0.002251476048581051,0.005069144397334143,0,true,true,backward_euler_step_doubling,0.00002,,0.6,,,,,,
0.09588530253035948,R5,resistor,C,0,2000,Ω,,0,,3.748523951418949,0.0018742619757094745,0.0070257159071807655,0,true,true,backward_euler_step_doubling,0.00002,,0.6,,,,,,
0.09588530253035948,C6,capacitor,B,C,100,µF,,0,V,-0.5599169149831789,-0.000377214072871567,0.00021120853997048784,0.000015675347584214017,true,true,backward_euler_step_doubling,0.00002,1e-7,0.6,,,,,,
0.09638798182705205,V1,voltage,A,0,6,V,,0,,6,-0.00506259929184814,-0.030375595751088842,0,true,true,backward_euler_step_doubling,0.00002,,0.6,dc,5,10,0,50,2
0.09638798182705205,R2,resistor,A,B,1000,Ω,,0,,2.8122021244556494,0.0028122021244556495,0.007908480788792869,0,true,true,backward_euler_step_doubling,0.00002,,0.6,,,,,,
0.09638798182705205,R3,resistor,B,0,1000,Ω,,0,,3.1877978755443506,0.0031877978755443506,0.010162055295325075,0,true,true,backward_euler_step_doubling,0.00002,,0.6,,,,,,
0.09638798182705205,R4,resistor,A,C,1000,Ω,,0,,2.2503971673924905,0.0022503971673924904,0.005064287411008145,0,true,true,backward_euler_step_doubling,0.00002,,0.6,,,,,,
0.09638798182705205,R5,resistor,C,0,2000,Ω,,0,,3.7496028326075095,0.0018748014163037546,0.007029760701149129,0,true,true,backward_euler_step_doubling,0.00002,,0.6,,,,,,
0.09638798182705205,C6,capacitor,B,C,100,µF,,0,V,-0.5618049570631589,-0.00037559575108874404,0.00021101155481351676,0.00001578124048903689,true,true,backward_euler_step_doubling,0.00002,1e-7,0.6,,,,,,
0.09689453731194379,V1,voltage,A,0,6,V,,0,,6,-0.00506232866675092,-0.03037397200050552,0,true,true,backward_euler_step_doubling,0.00002,,0.6,dc,5,10,0,50,2
0.09689453731194379,R2,resistor,A,B,1000,Ω,,0,,2.8130139997472994,0.0028130139997472993,0.0079130477627743,0,true,true,backward_euler_step_doubling,0.00002,,0.6,,,,,,
0.09689453731194379,R3,resistor,B,0,1000,Ω,,0,,3.1869860002527006,0.003186986000252701,0.010156879765806707,0,true,true,backward_euler_step_doubling,0.00002,,0.6,,,,,,
0.09689453731194379,R4,resistor,A,C,1000,Ω,,0,,2.249314667003621,0.002249314667003621,0.005059416471197609,0,true,true,backward_euler_step_doubling,0.00002,,0.6,,,,,,
0.09689453731194379,R5,resistor,C,0,2000,Ω,,0,,3.750685332996379,0.0018753426664981896,0.00703382023357708,0,true,true,backward_euler_step_doubling,0.00002,,0.6,,,,,,
0.09689453731194379,C6,capacitor,B,C,100,µF,,0,V,-0.5636993327436786,-0.00037397200050543183,0.00021080776714973054,0.00001588784688678342,true,true,backward_euler_step_doubling,0.00002,1e-7,0.6,,,,,,
0.09740109279683554,V1,voltage,A,0,6,V,,0,,6,-0.0050620592116021376,-0.030372355269612825,0,true,true,backward_euler_step_doubling,0.00002,,0.6,dc,5,10,0,50,2
0.09740109279683554,R2,resistor,A,B,1000,Ω,,0,,2.8138223651936616,0.0028138223651936614,0.007917596302864052,0,true,true,backward_euler_step_doubling,0.00002,,0.6,,,,,,
0.09740109279683554,R3,resistor,B,0,1000,Ω,,0,,3.1861776348063384,0.0031861776348063382,0.010151727920540112,0,true,true,backward_euler_step_doubling,0.00002,,0.6,,,,,,
0.09740109279683554,R4,resistor,A,C,1000,Ω,,0,,2.2482368464084765,0.0022482368464084765,0.005054568917548732,0,true,true,backward_euler_step_doubling,0.00002,,0.6,,,,,,
0.09740109279683554,R5,resistor,C,0,2000,Ω,,0,,3.7517631535915235,0.0018758815767957618,0.007037863380323507,0,true,true,backward_euler_step_doubling,0.00002,,0.6,,,,,,
0.09740109279683554,C6,capacitor,B,C,100,µF,,0,V,-0.565585518785185,-0.0003723552696126812,0.00021059874833628573,0.000015994348952975344,true,true,backward_euler_step_doubling,0.00002,1e-7,0.6,,,,,,
0.09791155837682883,V1,voltage,A,0,6,V,,0,,6,-0.005061788859436686,-0.030370733156620117,0,true,true,backward_euler_step_doubling,0.00002,,0.6,dc,5,10,0,50,2
0.09791155837682883,R2,resistor,A,B,1000,Ω,,0,,2.814633421690019,0.0028146334216900193,0.007922161298494466,0,true,true,backward_euler_step_doubling,0.00002,,0.6,,,,,,
0.09791155837682883,R3,resistor,B,0,1000,Ω,,0,,3.185366578309981,0.003185366578309981,0.010146560238214235,0,true,true,backward_euler_step_doubling,0.00002,,0.6,,,,,,
0.09791155837682883,R4,resistor,A,C,1000,Ω,,0,,2.2471554377466667,0.002247155437746667,0.005049707561394413,0,true,true,backward_euler_step_doubling,0.00002,,0.6,,,,,,
0.09791155837682883,R5,resistor,C,0,2000,Ω,,0,,3.7528445622533333,0.0018764222811266666,0.007041921154217206,0,true,true,backward_euler_step_doubling,0.00002,,0.6,,,,,,
0.09791155837682883,C6,capacitor,B,C,100,µF,,0,V,-0.5674779839433524,-0.00037073315661991717,0.0002103829042996257,0.000016101563113020583,true,true,backward_euler_step_doubling,0.00002,1e-7,0.6,,,,,,
0.09842202395682213,V1,voltage,A,0,6,V,,0,,6,-0.005061519685022154,-0.030369118110132924,0,true,true,backward_euler_step_doubling,0.00002,,0.6,dc,5,10,0,50,2
0.09842202395682213,R2,resistor,A,B,1000,Ω,,0,,2.815440944933628,0.002815440944933628,0.00792670771440876,0,true,true,backward_euler_step_doubling,0.00002,,0.6,,,,,,
0.09842202395682213,R3,resistor,B,0,1000,Ω,,0,,3.184559055066372,0.003184559055066372,0.010141416375205225,0,true,true,backward_euler_step_doubling,0.00002,,0.6,,,,,,
0.09842202395682213,R4,resistor,A,C,1000,Ω,,0,,2.2460787400885263,0.0022460787400885264,0.005044869706677662,0,true,true,backward_euler_step_doubling,0.00002,,0.6,,,,,,
0.09842202395682213,R5,resistor,C,0,2000,Ω,,0,,3.7539212599114737,0.0018769606299557369,0.007045962412807673,0,true,true,backward_euler_step_doubling,0.00002,,0.6,,,,,,
0.09842202395682213,C6,capacitor,B,C,100,µF,,0,V,-0.5693622048451017,-0.0003691181101327286,0.00021016190103342744,0.000016208666015303774,true,true,backward_euler_step_doubling,0.00002,1e-7,0.6,,,,,,
0.09893643409936695,V1,voltage,A,0,6,V,,0,,6,-0.005061249621366747,-0.030367497728200486,0,true,true,backward_euler_step_doubling,0.00002,,0.6,dc,5,10,0,50,2
0.09893643409936695,R2,resistor,A,B,1000,Ω,,0,,2.816251135899667,0.002816251135899667,0.007931270460456165,0,true,true,backward_euler_step_doubling,0.00002,,0.6,,,,,,
0.09893643409936695,R3,resistor,B,0,1000,Ω,,0,,3.183748864100333,0.003183748864100333,0.010136256829660161,0,true,true,backward_euler_step_doubling,0.00002,,0.6,,,,,,
0.09893643409936695,R4,resistor,A,C,1000,Ω,,0,,2.2449984854670793,0.002244998485467079,0.005040018199749479,0,true,true,backward_euler_step_doubling,0.00002,,0.6,,,,,,
0.09893643409936695,R5,resistor,C,0,2000,Ω,,0,,3.7550015145329207,0.0018775007572664603,0.007050018187072264,0,true,true,backward_euler_step_doubling,0.00002,,0.6,,,,,,
0.09893643409936695,C6,capacitor,B,C,100,µF,,0,V,-0.5712526504325877,-0.00036749772820066323,0.0002099340512625836,0.00001631647953131281,true,true,backward_euler_step_doubling,0.00002,1e-7,0.6,,,,,,
0.09945084424191175,V1,voltage,A,0,6,V,,0,,6,-0.005060980743256767,-0.030365884459540603,0,true,true,backward_euler_step_doubling,0.00002,,0.6,dc,5,10,0,50,2
0.09945084424191175,R2,resistor,A,B,1000,Ω,,0,,2.817057770229613,0.002817057770229613,0.00793581448081104,0,true,true,backward_euler_step_doubling,0.00002,,0.6,,,,,,
0.09945084424191175,R3,resistor,B,0,1000,Ω,,0,,3.182942229770387,0.003182942229770387,0.010131121238055683,0,true,true,backward_euler_step_doubling,0.00002,,0.6,,,,,,
0.09945084424191175,R4,resistor,A,C,1000,Ω,,0,,2.2439229730271526,0.0022439229730271525,0.005035190308879015,0,true,true,backward_euler_step_doubling,0.00002,,0.6,,,,,,
0.09945084424191175,R5,resistor,C,0,2000,Ω,,0,,3.7560770269728474,0.0018780385134864238,0.0070540573162765925,0,true,true,backward_euler_step_doubling,0.00002,,0.6,,,,,,
0.09945084424191175,C6,capacitor,B,C,100,µF,,0,V,-0.5731347972024605,-0.00036588445954074695,0.00020970111551841787,0.000016424174788215277,true,true,backward_euler_step_doubling,0.00002,1e-7,0.6,,,,,,
0.09996923398694252,V1,voltage,A,0,6,V,,0,,6,-0.0050607109836737964,-0.03036426590204278,0,true,true,backward_euler_step_doubling,0.00002,,0.6,dc,5,10,0,50,2
0.09996923398694252,R2,resistor,A,B,1000,Ω,,0,,2.817867048978546,0.002817867048978546,0.007940374705719058,0,true,true,backward_euler_step_doubling,0.00002,,0.6,,,,,,
0.09996923398694252,R3,resistor,B,0,1000,Ω,,0,,3.182132951021454,0.003182132951021454,0.010125970117976509,0,true,true,backward_euler_step_doubling,0.00002,,0.6,,,,,,
0.09996923398694252,R4,resistor,A,C,1000,Ω,,0,,2.242843934695251,0.0022428439346952513,0.005030348915399276,0,true,true,backward_euler_step_doubling,0.00002,,0.6,,,,,,
0.09996923398694252,R5,resistor,C,0,2000,Ω,,0,,3.757156065304749,0.0018785780326523744,0.007058110849528131,0,true,true,backward_euler_step_doubling,0.00002,,0.6,,,,,,
0.09996923398694252,C6,capacitor,B,C,100,µF,,0,V,-0.5750231142832947,-0.0003642659020428819,0.0002094613134199115,0.000016532579098002946,true,true,backward_euler_step_doubling,0.00002,1e-7,0.6,,,,,,
0.1004876237319733,V1,voltage,A,0,6,V,,0,,6,-0.0050604424174221715,-0.03036265450453303,0,true,true,backward_euler_step_doubling,0.00002,,0.6,dc,5,10,0,50,2
0.1004876237319733,R2,resistor,A,B,1000,Ω,,0,,2.8186727477334292,0.0028186727477334294,0.007944916058815121,0,true,true,backward_euler_step_doubling,0.00002,,0.6,,,,,,
0.1004876237319733,R3,resistor,B,0,1000,Ω,,0,,3.1813272522665708,0.0031813272522665708,0.01012084308601397,0,true,true,backward_euler_step_doubling,0.00002,,0.6,,,,,,
0.1004876237319733,R4,resistor,A,C,1000,Ω,,0,,2.241769669688743,0.0022417696696887426,0.005025531251936374,0,true,true,backward_euler_step_doubling,0.00002,,0.6,,,,,,
0.1004876237319733,R5,resistor,C,0,2000,Ω,,0,,3.758230330311257,0.0018791151651556285,0.00706214760783573,0,true,true,backward_euler_step_doubling,0.00002,,0.6,,,,,,
0.1004876237319733,C6,capacitor,B,C,100,µF,,0,V,-0.5769030780446864,-0.00036265450453310243,0.00020921649993191748,0.000016640858072871678,true,true,backward_euler_step_doubling,0.00002,1e-7,0.6,,,,,,
0.10101002870420885,V1,voltage,A,0,6,V,,0,,6,-0.0050601729774568975,-0.030361037864741383,0,true,true,backward_euler_step_doubling,0.00002,,0.6,dc,5,10,0,50,2
0.10101002870420885,R2,resistor,A,B,1000,Ω,,0,,2.819481067629323,0.002819481067629323,0.007949473490720187,0,true,true,backward_euler_step_doubling,0.00002,,0.6,,,,,,
0.10101002870420885,R3,resistor,B,0,1000,Ω,,0,,3.180518932370677,0.003180518932370677,0.01011570067916831,0,true,true,backward_euler_step_doubling,0.00002,,0.6,,,,,,
0.10101002870420885,R4,resistor,A,C,1000,Ω,,0,,2.2406919098275746,0.0022406919098275748,0.005020700234766744,0,true,true,backward_euler_step_doubling,0.00002,,0.6,,,,,,
0.10101002870420885,R5,resistor,C,0,2000,Ω,,0,,3.7593080901724254,0.0018796540450862127,0.0070661986584179244,0,true,true,backward_euler_step_doubling,0.00002,,0.6,,,,,,
0.10101002870420885,C6,capacitor,B,C,100,µF,,0,V,-0.5787891578017486,-0.0003610378647414001,0.00020896480166821658,0.00001674984445944287,true,true,backward_euler_step_doubling,0.00002,1e-7,0.6,,,,,,
0.10153243367644439,V1,voltage,A,0,6,V,,0,,6,-0.005059904738600003,-0.030359428431600017,0,true,true,backward_euler_step_doubling,0.00002,,0.6,dc,5,10,0,50,2
0.10153243367644439,R2,resistor,A,B,1000,Ω,,0,,2.820285784200028,0.0028202857842000283,0.007954011904560769,0,true,true,backward_euler_step_doubling,0.00002,,0.6,,,,,,
0.10153243367644439,R3,resistor,B,0,1000,Ω,,0,,3.179714215799972,0.003179714215799972,0.01011058249416043,0,true,true,backward_euler_step_doubling,0.00002,,0.6,,,,,,
0.10153243367644439,R4,resistor,A,C,1000,Ω,,0,,2.2396189543999734,0.002239618954399973,0.005015893060907629,0,true,true,backward_euler_step_doubling,0.00002,,0.6,,,,,,
0.10153243367644439,R5,resistor,C,0,2000,Ω,,0,,3.7603810456000266,0.0018801905228000132,0.0070702328040539745,0,true,true,backward_euler_step_doubling,0.00002,,0.6,,,,,,
0.10153243367644439,C6,capacitor,B,C,100,µF,,0,V,-0.5806668298000548,-0.00035942843159992373,0.00020870816791713356,0.000016858698361502288,true,true,backward_euler_step_doubling,0.00002,1e-7,0.6,,,,,,
0.10205889009788277,V1,voltage,A,0,6,V,,0,,6,-0.00505963563377984,-0.03035781380267904,0,true,true,backward_euler_step_doubling,0.00002,,0.6,dc,5,10,0,50,2
0.10205889009788277,R2,resistor,A,B,1000,Ω,,0,,2.8210930986604463,0.0028210930986604463,0.007958566271309598,0,true,true,backward_euler_step_doubling,0.00002,,0.6,,,,,,
0.10205889009788277,R3,resistor,B,0,1000,Ω,,0,,3.1789069013395537,0.0031789069013395538,0.010105449087384243,0,true,true,backward_euler_step_doubling,0.00002,,0.6,,,,,,
0.10205889009788277,R4,resistor,A,C,1000,Ω,,0,,2.2385425351193944,0.0022385425351193946,0.005011072681538766,0,true,true,backward_euler_step_doubling,0.00002,,0.6,,,,,,
0.10205889009788277,R5,resistor,C,0,2000,Ω,,0,,3.7614574648806056,0.0018807287324403028,0.007074281130053016,0,true,true,backward_euler_step_doubling,0.00002,,0.6,,,,,,
0.10205889009788277,C6,capacitor,B,C,100,µF,,0,V,-0.582550563541052,-0.00035781380267912934,0.00020844463239349357,0.000016968257954099857,true,true,backward_euler_step_doubling,0.00002,1e-7,0.6,,,,,,
0.10258534651932116,V1,voltage,A,0,6,V,,0,,6,-0.005059367737835764,-0.030356206427014587,0,true,true,backward_euler_step_doubling,0.00002,,0.6,dc,5,10,0,50,2
0.10258534651932116,R2,resistor,A,B,1000,Ω,,0,,2.821896786492705,0.002821896786492705,0.007963101473617855,0,true,true,backward_euler_step_doubling,0.00002,,0.6,,,,,,
0.10258534651932116,R3,resistor,B,0,1000,Ω,,0,,3.178103213507295,0.003178103213507295,0.010100340035705395,0,true,true,backward_euler_step_doubling,0.00002,,0.6,,,,,,
0.10258534651932116,R4,resistor,A,C,1000,Ω,,0,,2.2374709513430586,0.0022374709513430587,0.005006276258104012,0,true,true,backward_euler_step_doubling,0.00002,,0.6,,,,,,
0.10258534651932116,R5,resistor,C,0,2000,Ω,,0,,3.7625290486569414,0.0018812645243284707,0.007078312420993655,0,true,true,backward_euler_step_doubling,0.00002,,0.6,,,,,,
0.10258534651932116,C6,capacitor,B,C,100,µF,,0,V,-0.5844258351496463,-0.0003562064270145534,0.0002081762385936519,0.000017077677839518076,true,true,backward_euler_step_doubling,0.00002,1e-7,0.6,,,,,,
0.10311589122223654,V1,voltage,A,0,6,V,,0,,6,-0.005059098983669443,-0.030354593902016662,0,true,true,backward_euler_step_doubling,0.00002,,0.6,dc,5,10,0,50,2
0.10311589122223654,R2,resistor,A,B,1000,Ω,,0,,2.82270304899155,0.00282270304899155,0.007967652502786193,0,true,true,backward_euler_step_doubling,0.00002,,0.6,,,,,,
0.10311589122223654,R3,resistor,B,0,1000,Ω,,0,,3.17729695100845,0.00317729695100845,0.010095215914887592,0,true,true,backward_euler_step_doubling,0.00002,,0.6,,,,,,
0.10311589122223654,R4,resistor,A,C,1000,Ω,,0,,2.2363959346778923,0.0022363959346778923,0.0050014667766438035,0,true,true,backward_euler_step_doubling,0.00002,,0.6,,,,,,
0.10311589122223654,R5,resistor,C,0,2000,Ω,,0,,3.7636040653221077,0.001881802032661054,0.007082357780254548,0,true,true,backward_euler_step_doubling,0.00002,,0.6,,,,,,
0.10311589122223654,C6,capacitor,B,C,100,µF,,0,V,-0.5863071143136578,-0.0003545939020168802,0.00020790092744473693,0.000017187801614740427,true,true,backward_euler_step_doubling,0.00002,1e-7,0.6,,,,,,
0.10364643592515191,V1,voltage,A,0,6,V,,0,,6,-0.005058831446137059,-0.030352988676822356,0,true,true,backward_euler_step_doubling,0.00002,,0.6,dc,5,10,0,50,2
0.10364643592515191,R2,resistor,A,B,1000,Ω,,0,,2.823505661588745,0.002823505661588745,0.007972184221023698,0,true,true,backward_euler_step_doubling,0.00002,,0.6,,,,,,
0.10364643592515191,R3,resistor,B,0,1000,Ω,,0,,3.176494338411255,0.003176494338411255,0.010090116281958756,0,true,true,backward_euler_step_doubling,0.00002,,0.6,,,,,,
0.10364643592515191,R4,resistor,A,C,1000,Ω,,0,,2.2353257845483143,0.002235325784548314,0.004996681363066536,0,true,true,backward_euler_step_doubling,0.00002,,0.6,,,,,,
0.10364643592515191,R5,resistor,C,0,2000,Ω,,0,,3.7646742154516857,0.0018823371077258428,0.007086385974243382,0,true,true,backward_euler_step_doubling,0.00002,,0.6,,,,,,
0.10364643592515191,C6,capacitor,B,C,100,µF,,0,V,-0.5881798770404307,-0.00035298867682252076,0.0002076208365301346,0.00001729777838776481,true,true,backward_euler_step_doubling,0.00002,1e-7,0.6,,,,,,
0.1041811063653851,V1,voltage,A,0,6,V,,0,,6,-0.005058563058113739,-0.030351378348682435,0,true,true,backward_euler_step_doubling,0.00002,,0.6,dc,5,10,0,50,2
0.1041811063653851,R2,resistor,A,B,1000,Ω,,0,,2.8243108256589755,0.0028243108256589757,0.007976731639934485,0,true,true,backward_euler_step_doubling,0.00002,,0.6,,,,,,
0.1041811063653851,R3,resistor,B,0,1000,Ω,,0,,3.1756891743410245,0.0031756891743410245,0.010085001732026777,0,true,true,backward_euler_step_doubling,0.00002,,0.6,,,,,,
0.1041811063653851,R4,resistor,A,C,1000,Ω,,0,,2.2342522324547622,0.0022342522324547624,0.004991883038229089,0,true,true,backward_euler_step_doubling,0.00002,,0.6,,,,,,
0.1041811063653851,R5,resistor,C,0,2000,Ω,,0,,3.7657477675452378,0.0018828738837726189,0.007090428124385971,0,true,true,backward_euler_step_doubling,0.00002,,0.6,,,,,,
0.1041811063653851,C6,capacitor,B,C,100,µF,,0,V,-0.5900585932042133,-0.0003513783486820708,0.00020733381410576222,0.00001740845717070676,true,true,backward_euler_step_doubling,0.00002,1e-7,0.6,,,,,,
0.10471577680561829,V1,voltage,A,0,6,V,,0,,6,-0.005058295894471784,-0.030349775366830704,0,true,true,backward_euler_step_doubling,0.00002,,0.6,dc,5,10,0,50,2
0.10471577680561829,R2,resistor,A,B,1000,Ω,,0,,2.8251123165848275,0.0028251123165848276,0.00798125960131929,0,true,true,backward_euler_step_doubling,0.00002,,0.6,,,,,,
0.10471577680561829,R3,resistor,B,0,1000,Ω,,0,,3.1748876834151725,0.0031748876834151725,0.010079911802301361,0,true,true,backward_euler_step_doubling,0.00002,,0.6,,,,,,
0.10471577680561829,R4,resistor,A,C,1000,Ω,,0,,2.233183577886955,0.002233183577886955,0.004987108892543982,0,true,true,backward_euler_step_doubling,0.00002,,0.6,,,,,,
0.10471577680561829,R5,resistor,C,0,2000,Ω,,0,,3.766816422113045,0.0018834082110565223,0.00709445297895026,0,true,true,backward_euler_step_doubling,0.00002,,0.6,,,,,,
0.10471577680561829,C6,capacitor,B,C,100,µF,,0,V,-0.5919287386978724,-0.00034977536683036256,0.00020704209171548216,0.000017518981584822705,true,true,backward_euler_step_doubling,0.00002,1e-7,0.6,,,,,,
0.10525461107618919,V1,voltage,A,0,6,V,,0,,6,-0.005058027888059728,-0.030348167328358367,0,true,true,backward_euler_step_doubling,0.00002,,0.6,dc,5,10,0,50,2
0.10525461107618919,R2,resistor,A,B,1000,Ω,,0,,2.825916335820863,0.002825916335820863,0.007985803137059213,0,true,true,backward_euler_step_doubling,0.00002,,0.6,,,,,,
0.10525461107618919,R3,resistor,B,0,1000,Ω,,0,,3.174083664179137,0.003174083664179137,0.010074807107208856,0,true,true,backward_euler_step_doubling,0.00002,,0.6,,,,,,
0.10525461107618919,R4,resistor,A,C,1000,Ω,,0,,2.232111552238865,0.002232111552238865,0.004982321981638196,0,true,true,backward_euler_step_doubling,0.00002,,0.6,,,,,,
0.10525461107618919,R5,resistor,C,0,2000,Ω,,0,,3.767888447761135,0.0018839442238805675,0.007098491677385908,0,true,true,backward_euler_step_doubling,0.00002,,0.6,,,,,,
0.10525461107618919,C6,capacitor,B,C,100,µF,,0,V,-0.593804783581998,-0.0003481673283582726,0.00020674342506610648,0.000017630206050243168,true,true,backward_euler_step_doubling,0.00002,1e-7,0.6,,,,,,
0.1057934453467601,V1,voltage,A,0,6,V,,0,,6,-0.005057761113765981,-0.030346566682595888,0,true,true,backward_euler_step_doubling,0.00002,,0.6,dc,5,10,0,50,2
0.1057934453467601,R2,resistor,A,B,1000,Ω,,0,,2.826716658702092,0.0028267166587020924,0.007990327068583922,0,true,true,backward_euler_step_doubling,0.00002,,0.6,,,,,,
0.1057934453467601,R3,resistor,B,0,1000,Ω,,0,,3.173283341297908,0.0031732833412979077,0.010069727164158814,0,true,true,backward_euler_step_doubling,0.00002,,0.6,,,,,,
0.1057934453467601,R4,resistor,A,C,1000,Ω,,0,,2.2310444550638873,0.0022310444550638873,0.004977559360471318,0,true,true,backward_euler_step_doubling,0.00002,,0.6,,,,,,
0.1057934453467601,R5,resistor,C,0,2000,Ω,,0,,3.7689555449361127,0.0018844777724680564,0.007102512949852336,0,true,true,backward_euler_step_doubling,0.00002,,0.6,,,,,,
0.1057934453467601,C6,capacitor,B,C,100,µF,,0,V,-0.595672203638205,-0.0003465666825958222,0.00020644013952943573,0.000017741268709359754,true,true,backward_euler_step_doubling,0.00002,1e-7,0.6,,,,,,
0.10633648219191494,V1,voltage,A,0,6,V,,0,,6,-0.005057493504412396,-0.030344961026474375,0,true,true,backward_euler_step_doubling,0.00002,,0.6,dc,5,10,0,50,2
0.10633648219191494,R2,resistor,A,B,1000,Ω,,0,,2.82751948676289,0.00282751948676289,0.007994866448023878,0,true,true,backward_euler_step_doubling,0.00002,,0.6,,,,,,
0.10633648219191494,R3,resistor,B,0,1000,Ω,,0,,3.17248051323711,0.00317248051323711,0.010064632606869196,0,true,true,backward_euler_step_doubling,0.00002,,0.6,,,,,,
0.10633648219191494,R4,resistor,A,C,1000,Ω,,0,,2.2299740176495053,0.002229974017649505,0.004972784119391876,0,true,true,backward_euler_step_doubling,0.00002,,0.6,,,,,,
0.10633648219191494,R5,resistor,C,0,2000,Ω,,0,,3.7700259823504947,0.0018850129911752473,0.007106547953798906,0,true,true,backward_euler_step_doubling,0.00002,,0.6,,,,,,
0.10633648219191494,C6,capacitor,B,C,100,µF,,0,V,-0.5975454691133848,-0.0003449610264743122,0.00020612989839042763,0.000017853029382896754,true,true,backward_euler_step_doubling,0.00002,1e-7,0.6,,,,,,
0.10687951903706978,V1,voltage,A,0,6,V,,0,,6,-0.0050572271349027306,-0.030343362809416383,0,true,true,backward_euler_step_doubling,0.00002,,0.6,dc,5,10,0,50,2
0.10687951903706978,R2,resistor,A,B,1000,Ω,,0,,2.828318595291902,0.002828318595291902,0.007999386076473958,0,true,true,backward_euler_step_doubling,0.00002,,0.6,,,,,,
0.10687951903706978,R3,resistor,B,0,1000,Ω,,0,,3.171681404708098,0.003171681404708098,0.010059562932971135,0,true,true,backward_euler_step_doubling,0.00002,,0.6,,,,,,
0.10687951903706978,R4,resistor,A,C,1000,Ω,,0,,2.228908539610828,0.002228908539610828,0.004968033277950075,0,true,true,backward_euler_step_doubling,0.00002,,0.6,,,,,,
0.10687951903706978,R5,resistor,C,0,2000,Ω,,0,,3.771091460389172,0.001885545730194586,0.007110565401310069,0,true,true,backward_euler_step_doubling,0.00002,,0.6,,,,,,
0.10687951903706978,C6,capacitor,B,C,100,µF,,0,V,-0.5994100556810738,-0.0003433628094162366,0.0002058151207109963,0.000017964620742579394,true,true,backward_euler_step_doubling,0.00002,1e-7,0.6,,,,,,
0.10742679786673724,V1,voltage,A,0,6,V,,0,,6,-0.005056959938032252,-0.030341759628193514,0,true,true,backward_euler_step_doubling,0.00002,,0.6,dc,5,10,0,50,2
0.10742679786673724,R2,resistor,A,B,1000,Ω,,0,,2.8291201859033883,0.0028291201859033882,0.008003921026286023,0,true,true,backward_euler_step_doubling,0.00002,,0.6,,,,,,
0.10742679786673724,R3,resistor,B,0,1000,Ω,,0,,3.1708798140966117,0.003170879814096612,0.010054478795445363,0,true,true,backward_euler_step_doubling,0.00002,,0.6,,,,,,
0.10742679786673724,R4,resistor,A,C,1000,Ω,,0,,2.2278397521288626,0.002227839752128863,0.004963269961165593,0,true,true,backward_euler_step_doubling,0.00002,,0.6,,,,,,
0.10742679786673724,R5,resistor,C,0,2000,Ω,,0,,3.7721602478711374,0.0018860801239355687,0.00711459646780962,0,true,true,backward_euler_step_doubling,0.00002,,0.6,,,,,,
0.10742679786673724,C6,capacitor,B,C,100,µF,,0,V,-0.6012804337745257,-0.00034175962819325806,0.0002054933774866628,0.000018076908002004085,true,true,backward_euler_step_doubling,0.00002,1e-7,0.6,,,,,,
0.1079740766964047,V1,voltage,A,0,6,V,,0,,6,-0.005056693988719693,-0.030340163932318157,0,true,true,backward_euler_step_doubling,0.00002,,0.6,dc,5,10,0,50,2
0.1079740766964047,R2,resistor,A,B,1000,Ω,,0,,2.8299180338409795,0.0028299180338409793,0.008008436078258395,0,true,true,backward_euler_step_doubling,0.00002,,0.6,,,,,,
0.1079740766964047,R3,resistor,B,0,1000,Ω,,0,,3.1700819661590205,0.0031700819661590204,0.01004941967216664,0,true,true,backward_euler_step_doubling,0.00002,,0.6,,,,,,
0.1079740766964047,R4,resistor,A,C,1000,Ω,,0,,2.226775954878713,0.002226775954878713,0.0049585311532260035,0,true,true,backward_euler_step_doubling,0.00002,,0.6,,,,,,
0.1079740766964047,R5,resistor,C,0,2000,Ω,,0,,3.773224045121287,0.0018866120225606434,0.007118609847340724,0,true,true,backward_euler_step_doubling,0.00002,,0.6,,,,,,
0.1079740766964047,C6,capacitor,B,C,100,µF,,0,V,-0.6031420789622666,-0.0003401639323180268,0.0002051671813262744,0.00001818901837074625,true,true,backward_euler_step_doubling,0.00002,1e-7,0.6,,,,,,
0.10852563760103486,V1,voltage,A,0,6,V,,0,,6,-0.005056427219733735,-0.03033856331840241,0,true,true,backward_euler_step_doubling,0.00002,,0.6,dc,5,10,0,50,2
0.10852563760103486,R2,resistor,A,B,1000,Ω,,0,,2.8307183407988643,0.0028307183407988643,0.008012966324935075,0,true,true,backward_euler_step_doubling,0.00002,,0.6,,,,,,
0.10852563760103486,R3,resistor,B,0,1000,Ω,,0,,3.1692816592011357,0.003169281659201136,0.010044346235348705,0,true,true,backward_euler_step_doubling,0.00002,,0.6,,,,,,
0.10852563760103486,R4,resistor,A,C,1000,Ω,,0,,2.2257088789348725,0.0022257088789348727,0.004953780013769527,0,true,true,backward_euler_step_doubling,0.00002,,0.6,,,,,,
0.10852563760103486,R5,resistor,C,0,2000,Ω,,0,,3.7742911210651275,0.0018871455605325637,0.007122636733275529,0,true,true,backward_euler_step_doubling,0.00002,,0.6,,,,,,
0.10852563760103486,C6,capacitor,B,C,100,µF,,0,V,-0.6050094618639918,-0.000338563318402242,0.00020483401107342778,0.000018301822447247848,true,true,backward_euler_step_doubling,0.00002,1e-7,0.6,,,,,,
0.10907719850566501,V1,voltage,A,0,6,V,,0,,6,-0.005056161706007698,-0.030336970236046187,0,true,true,backward_euler_step_doubling,0.00002,,0.6,dc,5,10,0,50,2
0.10907719850566501,R2,resistor,A,B,1000,Ω,,0,,2.8315148819769806,0.002831514881976981,0.008017476526857116,0,true,true,backward_euler_step_doubling,0.00002,,0.6,,,,,,
0.10907719850566501,R3,resistor,B,0,1000,Ω,,0,,3.1684851180230194,0.0031684851180230193,0.010039297943133347,0,true,true,backward_euler_step_doubling,0.00002,,0.6,,,,,,
0.10907719850566501,R4,resistor,A,C,1000,Ω,,0,,2.2246468240307187,0.0022246468240307185,0.004949053491669963,0,true,true,backward_euler_step_doubling,0.00002,,0.6,,,,,,
0.10907719850566501,R5,resistor,C,0,2000,Ω,,0,,3.7753531759692813,0.0018876765879846406,0.0071266458016506695,0,true,true,backward_euler_step_doubling,0.00002,,0.6,,,,,,
0.10907719850566501,C6,capacitor,B,C,100,µF,,0,V,-0.606868057946262,-0.0003369702360460795,0.00020449647273497777,0.000018414441987773377,true,true,backward_euler_step_doubling,0.00002,1e-7,0.6,,,,,,
0.10963308227139609,V1,voltage,A,0,6,V,,0,,6,-0.005055895380283598,-0.030335372281701592,0,true,true,backward_euler_step_doubling,0.00002,,0.6,dc,5,10,0,50,2
0.10963308227139609,R2,resistor,A,B,1000,Ω,,0,,2.8323138591493002,0.0028323138591493002,0.008022001796729203,0,true,true,backward_euler_step_doubling,0.00002,,0.6,,,,,,
0.10963308227139609,R3,resistor,B,0,1000,Ω,,0,,3.1676861408506998,0.0031676861408507,0.0100342354869376,0,true,true,backward_euler_step_doubling,0.00002,,0.6,,,,,,
0.10963308227139609,R4,resistor,A,C,1000,Ω,,0,,2.223581521134298,0.002223581521134298,0.004944314781129919,0,true,true,backward_euler_step_doubling,0.00002,,0.6,,,,,,
0.10963308227139609,R5,resistor,C,0,2000,Ω,,0,,3.776418478865702,0.001888209239432851,0.007130668263759171,0,true,true,backward_euler_step_doubling,0.00002,,0.6,,,,,,
0.10963308227139609,C6,capacitor,B,C,100,µF,,0,V,-0.608732338015002,-0.00033537228170141216,0.0002041519531455265,0.000018527752967260534,true,true,backward_euler_step_doubling,0.00002,1e-7,0.6,,,,,,
0.11018896603712718,V1,voltage,A,0,6,V,,0,,6,-0.005055630317508866,-0.030333781905053196,0,true,true,backward_euler_step_doubling,0.00002,,0.6,dc,5,10,0,50,2
0.11018896603712718,R2,resistor,A,B,1000,Ω,,0,,2.833109047473503,0.002833109047473503,0.00802650687487622,0,true,true,backward_euler_step_doubling,0.00002,,0.6,,,,,,
0.11018896603712718,R3,resistor,B,0,1000,Ω,,0,,3.166890952526497,0.0031668909525264972,0.010029198305194185,0,true,true,backward_euler_step_doubling,0.00002,,0.6,,,,,,
0.11018896603712718,R4,resistor,A,C,1000,Ω,,0,,2.222521270035363,0.002222521270035363,0.004939600795759603,0,true,true,backward_euler_step_doubling,0.00002,,0.6,,,,,,
0.11018896603712718,R5,resistor,C,0,2000,Ω,,0,,3.777478729964637,0.0018887393649823186,0.007134672777667624,0,true,true,backward_euler_step_doubling,0.00002,,0.6,,,,,,
0.11018896603712718,C6,capacitor,B,C,100,µF,,0,V,-0.6105877774381399,-0.00033378190505304554,0.0002038031515554073,0.000018640871697842368,true,true,backward_euler_step_doubling,0.00002,1e-7,0.6,,,,,,
0.11074921416156511,V1,voltage,A,0,6,V,,0,,6,-0.0050553644503988785,-0.030332186702393273,0,true,true,backward_euler_step_doubling,0.00002,,0.6,dc,5,10,0,50,2
0.11074921416156511,R2,resistor,A,B,1000,Ω,,0,,2.8339066488034037,0.0028339066488034035,0.008031026894132138,0,true,true,backward_euler_step_doubling,0.00002,,0.6,,,,,,
0.11074921416156511,R3,resistor,B,0,1000,Ω,,0,,3.1660933511965963,0.003166093351196596,0.010024147108491293,0,true,true,backward_euler_step_doubling,0.00002,,0.6,,,,,,
0.11074921416156511,R4,resistor,A,C,1000,Ω,,0,,2.2214578015954736,0.0022214578015954736,0.004934874764269395,0,true,true,backward_euler_step_doubling,0.00002,,0.6,,,,,,
0.11074921416156511,R5,resistor,C,0,2000,Ω,,0,,3.7785421984045264,0.0018892710992022633,0.007138690572561856,0,true,true,backward_euler_step_doubling,0.00002,,0.6,,,,,,
0.11074921416156511,C6,capacitor,B,C,100,µF,,0,V,-0.6124488472079301,-0.0003321867023932333,0.0002034473629385395,0.000018754679522316126,true,true,backward_euler_step_doubling,0.00002,1e-7,0.6,,,,,,
0.11130946228600302,V1,voltage,A,0,6,V,,0,,6,-0.0050550998539147796,-0.030330599123488677,0,true,true,backward_euler_step_doubling,0.00002,,0.6,dc,5,10,0,50,2
0.11130946228600302,R2,resistor,A,B,1000,Ω,,0,,2.834700438255731,0.002834700438255731,0.008035526574647234,0,true,true,backward_euler_step_doubling,0.00002,,0.6,,,,,,
0.11130946228600302,R3,resistor,B,0,1000,Ω,,0,,3.165299561744269,0.003165299561744269,0.010019121315578462,0,true,true,backward_euler_step_doubling,0.00002,,0.6,,,,,,
0.11130946228600302,R4,resistor,A,C,1000,Ω,,0,,2.220399415659048,0.002220399415659048,0.0049301735650590425,0,true,true,backward_euler_step_doubling,0.00002,,0.6,,,,,,
0.11130946228600302,R5,resistor,C,0,2000,Ω,,0,,3.779600584340952,0.001889800292170476,0.007142690288575233,0,true,true,backward_euler_step_doubling,0.00002,,0.6,,,,,,
0.11130946228600302,C6,capacitor,B,C,100,µF,,0,V,-0.614301022596683,-0.0003305991234885499,0.00020308737962858328,0.00001886828731816652,true,true,backward_euler_step_doubling,0.00002,1e-7,0.6,,,,,,
0.11187411699434958,V1,voltage,A,0,6,V,,0,,6,-0.005054834460745255,-0.030329006764471526,0,true,true,backward_euler_step_doubling,0.00002,,0.6,dc,5,10,0,50,2
0.11187411699434958,R2,resistor,A,B,1000,Ω,,0,,2.835496617764153,0.002835496617764153,0.008040041069351953,0,true,true,backward_euler_step_doubling,0.00002,,0.6,,,,,,
0.11187411699434958,R3,resistor,B,0,1000,Ω,,0,,3.164503382235847,0.0031645033822358466,0.010014081656182113,0,true,true,backward_euler_step_doubling,0.00002,,0.6,,,,,,
0.11187411699434958,R4,resistor,A,C,1000,Ω,,0,,2.219337842981102,0.002219337842981102,0.004925460461288011,0,true,true,backward_euler_step_doubling,0.00002,,0.6,,,,,,
0.11187411699434958,R5,resistor,C,0,2000,Ω,,0,,3.780662157018898,0.001890331078509449,0.007146703172757393,0,true,true,backward_euler_step_doubling,0.00002,,0.6,,,,,,
0.11187411699434958,C6,capacitor,B,C,100,µF,,0,V,-0.616158774783051,-0.00032900676447169066,0.00020272040489221276,0.00001898258178710753,true,true,backward_euler_step_doubling,0.00002,1e-7,0.6,,,,,,
0.11243877170269614,V1,voltage,A,0,6,V,,0,,6,-0.00505457034586473,-0.030327422075188376,0,true,true,backward_euler_step_doubling,0.00002,,0.6,dc,5,10,0,50,2
0.11243877170269614,R2,resistor,A,B,1000,Ω,,0,,2.836288962405749,0.002836288962405749,0.00804453507826468,0,true,true,backward_euler_step_doubling,0.00002,,0.6,,,,,,
0.11243877170269614,R3,resistor,B,0,1000,Ω,,0,,3.163711037594251,0.003163711037594251,0.010009067529395692,0,true,true,backward_euler_step_doubling,0.00002,,0.6,,,,,,
0.11243877170269614,R4,resistor,A,C,1000,Ω,,0,,2.2182813834589803,0.00221828138345898,0.004920772296200688,0,true,true,backward_euler_step_doubling,0.00002,,0.6,,,,,,
0.11243877170269614,R5,resistor,C,0,2000,Ω,,0,,3.7817186165410197,0.0018908593082705098,0.007150697847346461,0,true,true,backward_euler_step_doubling,0.00002,,0.6,,,,,,
0.11243877170269614,C6,capacitor,B,C,100,µF,,0,V,-0.6180075789467687,-0.00032742207518846625,0.0002023493239809509,0.000019096668381782326,true,true,backward_euler_step_doubling,0.00002,1e-7,0.6,,,,,,
0.11300787596429893,V1,voltage,A,0,6,V,,0,,6,-0.005054305441935305,-0.030325832651611827,0,true,true,backward_euler_step_doubling,0.00002,,0.6,dc,5,10,0,50,2
0.11300787596429893,R2,resistor,A,B,1000,Ω,,0,,2.8370836741940457,0.002837083674194046,0.008049043774378387,0,true,true,backward_euler_step_doubling,0.00002,,0.6,,,,,,
0.11300787596429893,R3,resistor,B,0,1000,Ω,,0,,3.1629163258059543,0.0031629163258059543,0.010004039684049837,0,true,true,backward_euler_step_doubling,0.00002,,0.6,,,,,,
0.11300787596429893,R4,resistor,A,C,1000,Ω,,0,,2.2172217677412602,0.0022172217677412604,0.0049160723673456795,0,true,true,backward_euler_step_doubling,0.00002,,0.6,,,,,,
0.11300787596429893,R5,resistor,C,0,2000,Ω,,0,,3.7827782322587398,0.0018913891161293698,0.007154705577225278,0,true,true,backward_euler_step_doubling,0.00002,,0.6,,,,,,
0.11300787596429893,C6,capacitor,B,C,100,µF,,0,V,-0.6198619064527855,-0.0003258326516119144,0.00020197124861272753,0.00001921143915356409,true,true,backward_euler_step_doubling,0.00002,1e-7,0.6,,,,,,
0.11357698022590172,V1,voltage,A,0,6,V,,0,,6,-0.005054041823944066,-0.030324250943664397,0,true,true,backward_euler_step_doubling,0.00002,,0.6,dc,5,10,0,50,2
0.11357698022590172,R2,resistor,A,B,1000,Ω,,0,,2.8378745281677675,0.0028378745281677675,0.00805353183762343,0,true,true,backward_euler_step_doubling,0.00002,,0.6,,,,,,
0.11357698022590172,R3,resistor,B,0,1000,Ω,,0,,3.1621254718322325,0.0031621254718322326,0.009999037499610218,0,true,true,backward_euler_step_doubling,0.00002,,0.6,,,,,,
0.11357698022590172,R4,resistor,A,C,1000,Ω,,0,,2.2161672957763,0.0022161672957763,0.004911397482868438,0,true,true,backward_euler_step_doubling,0.00002,,0.6,,,,,,
0.11357698022590172,R5,resistor,C,0,2000,Ω,,0,,3.7838327042237,0.00189191635211185,0.0071586949667764195,0,true,true,backward_euler_step_doubling,0.00002,,0.6,,,,,,
0.11357698022590172,C6,capacitor,B,C,100,µF,,0,V,-0.6217072323914676,-0.00032425094366453746,0.00020158915678600127,0.000019325994140392917,true,true,backward_euler_step_doubling,0.00002,1e-7,0.6,,,,,,
0.11415057777138596,V1,voltage,A,0,6,V,,0,,6,-0.00505377742452657,-0.03032266454715942,0,true,true,backward_euler_step_doubling,0.00002,,0.6,dc,5,10,0,50,2
0.11415057777138596,R2,resistor,A,B,1000,Ω,,0,,2.838667726420346,0.002838667726420346,0.008058034461020457,0,true,true,backward_euler_step_doubling,0.00002,,0.6,,,,,,
0.11415057777138596,R3,resistor,B,0,1000,Ω,,0,,3.161332273579654,0.003161332273579654,0.009994021743976303,0,true,true,backward_euler_step_doubling,0.00002,,0.6,,,,,,
0.11415057777138596,R4,resistor,A,C,1000,Ω,,0,,2.2151096981062244,0.0022151096981062246,0.004906710974644249,0,true,true,backward_euler_step_doubling,0.00002,,0.6,,,,,,
0.11415057777138596,R5,resistor,C,0,2000,Ω,,0,,3.7848903018937756,0.0018924451509468878,0.007162697298684778,0,true,true,backward_euler_step_doubling,0.00002,,0.6,,,,,,
0.11415057777138596,C6,capacitor,B,C,100,µF,,0,V,-0.6235580283141218,-0.00032266454715939853,0.0002012000688335835,0.000019441230733749753,true,true,backward_euler_step_doubling,0.00002,1e-7,0.6,,,,,,
0.1147241753168702,V1,voltage,A,0,6,V,,0,,6,-0.005053514318682183,-0.0303210859120931,0,true,true,backward_euler_step_doubling,0.00002,,0.6,dc,5,10,0,50,2
0.1147241753168702,R2,resistor,A,B,1000,Ω,,0,,2.839457043953483,0.002839457043953483,0.008062516304457052,0,true,true,backward_euler_step_doubling,0.00002,,0.6,,,,,,
0.1147241753168702,R3,resistor,B,0,1000,Ω,,0,,3.160542956046517,0.003160542956046517,0.009989031777015255,0,true,true,backward_euler_step_doubling,0.00002,,0.6,,,,,,
0.1147241753168702,R4,resistor,A,C,1000,Ω,,0,,2.2140572747286997,0.0022140572747286996,0.0049020496157790765,0,true,true,backward_euler_step_doubling,0.00002,,0.6,,,,,,
0.1147241753168702,R5,resistor,C,0,2000,Ω,,0,,3.7859427252713003,0.00189297136263565,0.00716668115951734,0,true,true,backward_euler_step_doubling,0.00002,,0.6,,,,,,
0.1147241753168702,C6,capacitor,B,C,100,µF,,0,V,-0.6253997692247832,-0.00032108591209306116,0.00020080705532432949,0.000019556243567320603,true,true,backward_euler_step_doubling,0.00002,1e-7,0.6,,,,,,
0.11530231065570136,V1,voltage,A,0,6,V,,0,,6,-0.005053250439019874,-0.03031950263411924,0,true,true,backward_euler_step_doubling,0.00002,,0.6,dc,5,10,0,50,2
0.11530231065570136,R2,resistor,A,B,1000,Ω,,0,,2.8402486829404987,0.0028402486829404985,0.008067012580945237,0,true,true,backward_euler_step_doubling,0.00002,,0.6,,,,,,
0.11530231065570136,R3,resistor,B,0,1000,Ω,,0,,3.1597513170595013,0.003159751317059501,0.009984028385659253,0,true,true,backward_euler_step_doubling,0.00002,,0.6,,,,,,
0.11530231065570136,R4,resistor,A,C,1000,Ω,,0,,2.2130017560793767,0.0022130017560793767,0.004897376772410405,0,true,true,backward_euler_step_doubling,0.00002,,0.6,,,,,,
0.11530231065570136,R5,resistor,C,0,2000,Ω,,0,,3.7869982439206233,0.0018934991219603117,0.007170677849728943,0,true,true,backward_euler_step_doubling,0.00002,,0.6,,,,,,
0.11530231065570136,C6,capacitor,B,C,100,µF,,0,V,-0.627246926861122,-0.00031950263411907354,0.00020040704537522235,0.000019671935362836087,true,true,backward_euler_step_doubling,0.00002,1e-7,0.6,,,,,,
0.11588044599453252,V1,voltage,A,0,6,V,,0,,6,-0.005052987860550918,-0.03031792716330551,0,true,true,backward_euler_step_doubling,0.00002,,0.6,dc,5,10,0,50,2
0.11588044599453252,R2,resistor,A,B,1000,Ω,,0,,2.841036418347426,0.002841036418347426,0.00807148793037637,0,true,true,backward_euler_step_doubling,0.00002,,0.6,,,,,,
0.11588044599453252,R3,resistor,B,0,1000,Ω,,0,,3.158963581652574,0.003158963581652574,0.009979050910207258,0,true,true,backward_euler_step_doubling,0.00002,,0.6,,,,,,
0.11588044599453252,R4,resistor,A,C,1000,Ω,,0,,2.211951442203493,0.0022119514422034928,0.004892729182666112,0,true,true,backward_euler_step_doubling,0.00002,,0.6,,,,,,
0.11588044599453252,R5,resistor,C,0,2000,Ω,,0,,3.788048557796507,0.0018940242788982535,0.007174655938112099,0,true,true,backward_euler_step_doubling,0.00002,,0.6,,,,,,
0.11588044599453252,C6,capacitor,B,C,100,µF,,0,V,-0.629084976143933,-0.0003179271633052208,0.00020000320194337313,0.000019787395360500637,true,true,backward_euler_step_doubling,0.00002,1e-7,0.6,,,,,,
0.11646316443309962,V1,voltage,A,0,6,V,,0,,6,-0.005052724515857584,-0.030316347095145503,0,true,true,backward_euler_step_doubling,0.00002,,0.6,dc,5,10,0,50,2
0.11646316443309962,R2,resistor,A,B,1000,Ω,,0,,2.8418264524273993,0.0028418264524273994,0.008075977585716097,0,true,true,backward_euler_step_doubling,0.00002,,0.6,,,,,,
0.11646316443309962,R3,resistor,B,0,1000,Ω,,0,,3.1581735475726007,0.0031581735475726008,0.009974060156587305,0,true,true,backward_euler_step_doubling,0.00002,,0.6,,,,,,
0.11646316443309962,R4,resistor,A,C,1000,Ω,,0,,2.2108980634301836,0.0022108980634301836,0.004888070246879336,0,true,true,backward_euler_step_doubling,0.00002,,0.6,,,,,,
0.11646316443309962,R5,resistor,C,0,2000,Ω,,0,,3.7891019365698164,0.0018945509682849083,0.007178646742858567,0,true,true,backward_euler_step_doubling,0.00002,,0.6,,,,,,
0.11646316443309962,C6,capacitor,B,C,100,µF,,0,V,-0.6309283889972157,-0.0003163470951452371,0.00019959236310393335,0.000019903531602131095,true,true,backward_euler_step_doubling,0.00002,1e-7,0.6,,,,,,
0.11704588287166673,V1,voltage,A,0,6,V,,0,,6,-0.005052462479962669,-0.030314774879776015,0,true,true,backward_euler_step_doubling,0.00002,,0.6,dc,5,10,0,50,2
0.11704588287166673,R2,resistor,A,B,1000,Ω,,0,,2.8426125601121583,0.0028426125601121585,0.0080804461669074,0,true,true,backward_euler_step_doubling,0.00002,,0.6,,,,,,
0.11704588287166673,R3,resistor,B,0,1000,Ω,,0,,3.1573874398878417,0.0031573874398878416,0.009969095445561498,0,true,true,backward_euler_step_doubling,0.00002,,0.6,,,,,,
0.11704588287166673,R4,resistor,A,C,1000,Ω,,0,,2.209849919850512,0.002209849919850512,0.004883436668263314,0,true,true,backward_euler_step_doubling,0.00002,,0.6,,,,,,
0.11704588287166673,R5,resistor,C,0,2000,Ω,,0,,3.790150080149488,0.001895075040074744,0.007182618815028585,0,true,true,backward_euler_step_doubling,0.00002,,0.6,,,,,,
0.11704588287166673,C6,capacitor,B,C,100,µF,,0,V,-0.6327626402616464,-0.0003147748797757474,0.00019917778401494426,0.00002001942794554449,true,true,backward_euler_step_doubling,0.00002,1e-7,0.6,,,,,,
0.11763323053193488,V1,voltage,A,0,6,V,,0,,6,-0.005052199685421807,-0.030313198112530845,0,true,true,backward_euler_step_doubling,0.00002,,0.6,dc,5,10,0,50,2
0.11763323053193488,R2,resistor,A,B,1000,Ω,,0,,2.843400943734703,0.002843400943734703,0.0080849289268314,0,true,true,backward_euler_step_doubling,0.00002,,0.6,,,,,,
0.11763323053193488,R3,resistor,B,0,1000,Ω,,0,,3.156599056265297,0.0031565990562652966,0.009964117602014962,0,true,true,backward_euler_step_doubling,0.00002,,0.6,,,,,,
0.11763323053193488,R4,resistor,A,C,1000,Ω,,0,,2.208798741687104,0.002208798741687104,0.004878791881278534,0,true,true,backward_euler_step_doubling,0.00002,,0.6,,,,,,
0.11763323053193488,R5,resistor,C,0,2000,Ω,,0,,3.791201258312896,0.001895600629156448,0.007186603490516643,0,true,true,backward_euler_step_doubling,0.00002,,0.6,,,,,,
0.11763323053193488,C6,capacitor,B,C,100,µF,,0,V,-0.6346022020475992,-0.00031319811253065324,0.00019875621188910432,0.000020135997742183093,true,true,backward_euler_step_doubling,0.00002,1e-7,0.6,,,,,,
0.11822057819220302,V1,voltage,A,0,6,V,,0,,6,-0.005051938207268803,-0.03031162924361282,0,true,true,backward_euler_step_doubling,0.00002,,0.6,dc,5,10,0,50,2
0.11822057819220302,R2,resistor,A,B,1000,Ω,,0,,2.844185378193736,0.002844185378193736,0.008089390465531044,0,true,true,backward_euler_step_doubling,0.00002,,0.6,,,,,,
0.11822057819220302,R3,resistor,B,0,1000,Ω,,0,,3.155814621806264,0.0031558146218062643,0.009959165927206215,0,true,true,backward_euler_step_doubling,0.00002,,0.6,,,,,,
0.11822057819220302,R4,resistor,A,C,1000,Ω,,0,,2.207752829075067,0.002207752829075067,0.004874172554288962,0,true,true,backward_euler_step_doubling,0.00002,,0.6,,,,,,
0.11822057819220302,R5,resistor,C,0,2000,Ω,,0,,3.792247170924933,0.0018961235854624665,0.007190569302694079,0,true,true,backward_euler_step_doubling,0.00002,,0.6,,,,,,
0.11822057819220302,C6,capacitor,B,C,100,µF,,0,V,-0.6364325491186689,-0.00031162924361255364,0.00019833099389226017,0.000020252319478884342,true,true,backward_euler_step_doubling,0.00002,1e-7,0.6,,,,,,
0.11881260203084129,V1,voltage,A,0,6,V,,0,,6,-0.005051675978032624,-0.030310055868195743,0,true,true,backward_euler_step_doubling,0.00002,,0.6,dc,5,10,0,50,2
0.11881260203084129,R2,resistor,A,B,1000,Ω,,0,,2.8449720659020543,0.0028449720659020545,0.008093866055763003,0,true,true,backward_euler_step_doubling,0.00002,,0.6,,,,,,
0.11881260203084129,R3,resistor,B,0,1000,Ω,,0,,3.1550279340979457,0.0031550279340979456,0.00995420126493835,0,true,true,backward_euler_step_doubling,0.00002,,0.6,,,,,,
0.11881260203084129,R4,resistor,A,C,1000,Ω,,0,,2.2067039121305694,0.0022067039121305694,0.00486954215581236,0,true,true,backward_euler_step_doubling,0.00002,,0.6,,,,,,
0.11881260203084129,R5,resistor,C,0,2000,Ω,,0,,3.7932960878694306,0.0018966480439347154,0.0071945476051227635,0,true,true,backward_euler_step_doubling,0.00002,,0.6,,,,,,
0.11881260203084129,C6,capacitor,B,C,100,µF,,0,V,-0.6382681537714849,-0.0003100558681958186,0.00019789878655936002,0.000020369311805942994,true,true,backward_euler_step_doubling,0.00002,1e-7,0.6,,,,,,
0.11940462586947954,V1,voltage,A,0,6,V,,0,,6,-0.005051415072757728,-0.03030849043654637,0,true,true,backward_euler_step_doubling,0.00002,,0.6,dc,5,10,0,50,2
0.11940462586947954,R2,resistor,A,B,1000,Ω,,0,,2.845754781726744,0.002845754781726744,0.008098320277720629,0,true,true,backward_euler_step_doubling,0.00002,,0.6,,,,,,
0.11940462586947954,R3,resistor,B,0,1000,Ω,,0,,3.154245218273256,0.0031542452182732558,0.009949262896999699,0,true,true,backward_euler_step_doubling,0.00002,,0.6,,,,,,
0.11940462586947954,R4,resistor,A,C,1000,Ω,,0,,2.2056602910309846,0.002205660291030985,0.004864937319430888,0,true,true,backward_euler_step_doubling,0.00002,,0.6,,,,,,
0.11940462586947954,R5,resistor,C,0,2000,Ω,,0,,3.7943397089690154,0.0018971698544845077,0.007198506913529536,0,true,true,backward_euler_step_doubling,0.00002,,0.6,,,,,,
0.11940462586947954,C6,capacitor,B,C,100,µF,,0,V,-0.6400944906957595,-0.0003084904365465118,0.00019746302886575198,0.000020486047850953187,true,true,backward_euler_step_doubling,0.00002,1e-7,0.6,,,,,,
0.12000137369767133,V1,voltage,A,0,6,V,,0,,6,-0.005051153423946513,-0.030306920543679082,0,true,true,backward_euler_step_doubling,0.00002,,0.6,dc,5,10,0,50,2
0.12000137369767133,R2,resistor,A,B,1000,Ω,,0,,2.846539728160476,0.002846539728160476,0.008102788423995916,0,true,true,backward_euler_step_doubling,0.00002,,0.6,,,,,,
0.12000137369767133,R3,resistor,B,0,1000,Ω,,0,,3.153460271839524,0.0031534602718395243,0.009944311686070207,0,true,true,backward_euler_step_doubling,0.00002,,0.6,,,,,,
0.12000137369767133,R4,resistor,A,C,1000,Ω,,0,,2.2046136957860374,0.0022046136957860375,0.004860321547647371,0,true,true,backward_euler_step_doubling,0.00002,,0.6,,,,,,
0.12000137369767133,R5,resistor,C,0,2000,Ω,,0,,3.7953863042139626,0.0018976931521069813,0.007202478599107461,0,true,true,backward_euler_step_doubling,0.00002,,0.6,,,,,,
0.12000137369767133,C6,capacitor,B,C,100,µF,,0,V,-0.6419260323744385,-0.0003069205436790132,0.00019702028685807447,0.000020603451551999428,true,true,backward_euler_step_doubling,0.00002,1e-7,0.6,,,,,,
0.12059812152586312,V1,voltage,A,0,6,V,,0,,6,-0.005050893106653392,-0.03030535863992035,0,true,true,backward_euler_step_doubling,0.00002,,0.6,dc,5,10,0,50,2
0.12059812152586312,R2,resistor,A,B,1000,Ω,,0,,2.847320680039876,0.002847320680039876,0.008107235054982741,0,true,true,backward_euler_step_doubling,0.00002,,0.6,,,,,,
0.12059812152586312,R3,resistor,B,0,1000,Ω,,0,,3.152679319960124,0.003152679319960124,0.00993938689450423,0,true,true,backward_euler_step_doubling,0.00002,,0.6,,,,,,
0.12059812152586312,R4,resistor,A,C,1000,Ω,,0,,2.203572426613517,0.0022035724266135166,0.004855731439331382,0,true,true,backward_euler_step_doubling,0.00002,,0.6,,,,,,
0.12059812152586312,R5,resistor,C,0,2000,Ω,,0,,3.796427573386483,0.0018982137866932415,0.00720643115998459,0,true,true,backward_euler_step_doubling,0.00002,,0.6,,,,,,
0.12059812152586312,C6,capacitor,B,C,100,µF,,0,V,-0.643748253426359,-0.0003053586399203276,0.00019657409111735935,0.000020720590689474386,true,true,backward_euler_step_doubling,0.00002,1e-7,0.6,,,,,,
0.12119964202960608,V1,voltage,A,0,6,V,,0,,6,-0.005050632053354199,-0.030303792320125193,0,true,true,backward_euler_step_doubling,0.00002,,0.6,dc,5,10,0,50,2
0.12119964202960608,R2,resistor,A,B,1000,Ω,,0,,2.848103839937454,0.002848103839937454,0.008111695483066471,0,true,true,backward_euler_step_doubling,0.00002,,0.6,,,,,,
0.12119964202960608,R3,resistor,B,0,1000,Ω,,0,,3.151896160062546,0.003151896160062546,0.009934449403817023,0,true,true,backward_euler_step_doubling,0.00002,,0.6,,,,,,
0.12119964202960608,R4,resistor,A,C,1000,Ω,,0,,2.2025282134167457,0.0022025282134167457,0.004851130530896762,0,true,true,backward_euler_step_doubling,0.00002,,0.6,,,,,,
0.12119964202960608,R5,resistor,C,0,2000,Ω,,0,,3.7974717865832543,0.0018987358932916272,0.007210395984947907,0,true,true,backward_euler_step_doubling,0.00002,,0.6,,,,,,
0.12119964202960608,C6,capacitor,B,C,100,µF,,0,V,-0.6455756265207082,-0.0003037923201251489,0.00019612091739697253,0.000020838394477880248,true,true,backward_euler_step_doubling,0.00002,1e-7,0.6,,,,,,
0.12180116253334904,V1,voltage,A,0,6,V,,0,,6,-0.005050372339113069,-0.030302234034678417,0,true,true,backward_euler_step_doubling,0.00002,,0.6,dc,5,10,0,50,2
0.12180116253334904,R2,resistor,A,B,1000,Ω,,0,,2.848882982660829,0.0028488829826608286,0.00811613424889446,0,true,true,backward_euler_step_doubling,0.00002,,0.6,,,,,,
0.12180116253334904,R3,resistor,B,0,1000,Ω,,0,,3.151117017339171,0.003151117017339171,0.009929538456964515,0,true,true,backward_euler_step_doubling,0.00002,,0.6,,,,,,
0.12180116253334904,R4,resistor,A,C,1000,Ω,,0,,2.2014893564522406,0.0022014893564522406,0.0048465553865725,0,true,true,backward_euler_step_doubling,0.00002,,0.6,,,,,,
0.12180116253334904,R5,resistor,C,0,2000,Ω,,0,,3.7985106435477594,0.0018992553217738798,0.007214341554572807,0,true,true,backward_euler_step_doubling,0.00002,,0.6,,,,,,
0.12180116253334904,C6,capacitor,B,C,100,µF,,0,V,-0.6473936262085882,-0.0003022340346783685,0.00019566438767408117,0.00002095592536277526,true,true,backward_euler_step_doubling,0.00002,1e-7,0.6,,,,,,
0.12240750529443886,V1,voltage,A,0,6,V,,0,,6,-0.005050111896379217,-0.0303006713782753,0,true,true,backward_euler_step_doubling,0.00002,,0.6,dc,5,10,0,50,2
0.12240750529443886,R2,resistor,A,B,1000,Ω,,0,,2.849664310862323,0.0028496643108623233,0.00812058668460244,0,true,true,backward_euler_step_doubling,0.00002,,0.6,,,,,,
0.12240750529443886,R3,resistor,B,0,1000,Ω,,0,,3.150335689137677,0.003150335689137677,0.00992461495425456,0,true,true,backward_euler_step_doubling,0.00002,,0.6,,,,,,
0.12240750529443886,R4,resistor,A,C,1000,Ω,,0,,2.2004475855168932,0.002200447585516893,0.004841969576607125,0,true,true,backward_euler_step_doubling,0.00002,,0.6,,,,,,
0.12240750529443886,R5,resistor,C,0,2000,Ω,,0,,3.7995524144831068,0.0018997762072415533,0.007218299275202203,0,true,true,backward_euler_step_doubling,0.00002,,0.6,,,,,,
0.12240750529443886,C6,capacitor,B,C,100,µF,,0,V,-0.64921672534543,-0.0003006713782753768,0.0001952008876090372,0.000021074117823412168,true,true,backward_euler_step_doubling,0.00002,1e-7,0.6,,,,,,
0.12301384805552869,V1,voltage,A,0,6,V,,0,,6,-0.005049852800226035,-0.03029911680135621,0,true,true,backward_euler_step_doubling,0.00002,,0.6,dc,5,10,0,50,2
0.12301384805552869,R2,resistor,A,B,1000,Ω,,0,,2.8504415993218464,0.0028504415993218465,0.008125017311144485,0,true,true,backward_euler_step_doubling,0.00002,,0.6,,,,,,
0.12301384805552869,R3,resistor,B,0,1000,Ω,,0,,3.1495584006781536,0.0031495584006781536,0.00991971811928233,0,true,true,backward_euler_step_doubling,0.00002,,0.6,,,,,,
0.12301384805552869,R4,resistor,A,C,1000,Ω,,0,,2.1994112009041893,0.002199411200904189,0.0048374096306628075,0,true,true,backward_euler_step_doubling,0.00002,,0.6,,,,,,
0.12301384805552869,R5,resistor,C,0,2000,Ω,,0,,3.8005887990958107,0.0019002943995479052,0.007222237609906268,0,true,true,backward_euler_step_doubling,0.00002,,0.6,,,,,,
0.12301384805552869,C6,capacitor,B,C,100,µF,,0,V,-0.6510303984176571,-0.000299116801356262,0.00019473413036038244,0.000021192028983192663,true,true,backward_euler_step_doubling,0.00002,1e-7,0.6,,,,,,
0.12362506357316429,V1,voltage,A,0,6,V,,0,,6,-0.0050495929830761755,-0.030297557898457055,0,true,true,backward_euler_step_doubling,0.00002,,0.6,dc,5,10,0,50,2
0.12362506357316429,R2,resistor,A,B,1000,Ω,,0,,2.851221050771576,0.002851221050771576,0.00812946148036297,0,true,true,backward_euler_step_doubling,0.00002,,0.6,,,,,,
0.12362506357316429,R3,resistor,B,0,1000,Ω,,0,,3.148778949228424,0.003148778949228424,0.009914808871104058,0,true,true,backward_euler_step_doubling,0.00002,,0.6,,,,,,
0.12362506357316429,R4,resistor,A,C,1000,Ω,,0,,2.1983719323046,0.0021983719323046,0.004832839152744661,0,true,true,backward_euler_step_doubling,0.00002,,0.6,,,,,,
0.12362506357316429,R5,resistor,C,0,2000,Ω,,0,,3.8016280676954,0.0019008140338477,0.007226187982544731,0,true,true,backward_euler_step_doubling,0.00002,,0.6,,,,,,
0.12362506357316429,C6,capacitor,B,C,100,µF,,0,V,-0.652849118466976,-0.00029755789845689693,0.00019426041170047113,0.000021310598574155385,true,true,backward_euler_step_doubling,0.00002,1e-7,0.6,,,,,,
0.12423627909079989,V1,voltage,A,0,6,V,,0,,6,-0.005049334520011715,-0.03029600712007029,0,true,true,backward_euler_step_doubling,0.00002,,0.6,dc,5,10,0,50,2
0.12423627909079989,R2,resistor,A,B,1000,Ω,,0,,2.8519964399649327,0.002851996439964933,0.00813388369357265,0,true,true,backward_euler_step_doubling,0.00002,,0.6,,,,,,
0.12423627909079989,R3,resistor,B,0,1000,Ω,,0,,3.1480035600350673,0.0031480035600350673,0.009909926413993457,0,true,true,backward_euler_step_doubling,0.00002,,0.6,,,,,,
0.12423627909079989,R4,resistor,A,C,1000,Ω,,0,,2.1973380800467814,0.0021973380800467813,0.004828294638023675,0,true,true,backward_euler_step_doubling,0.00002,,0.6,,,,,,
0.12423627909079989,R5,resistor,C,0,2000,Ω,,0,,3.8026619199532186,0.0019013309599766092,0.0072301188387311486,0,true,true,backward_euler_step_doubling,0.00002,,0.6,,,,,,
0.12423627909079989,C6,capacitor,B,C,100,µF,,0,V,-0.6546583599181512,-0.00029600712007018723,0.00019378353574924404,0.000021428878410536182,true,true,backward_euler_step_doubling,0.00002,1e-7,0.6,,,,,,
0.12485241880378986,V1,voltage,A,0,6,V,,0,,6,-0.005049075343428721,-0.030294452060572328,0,true,true,backward_euler_step_doubling,0.00002,,0.6,dc,5,10,0,50,2
0.12485241880378986,R2,resistor,A,B,1000,Ω,,0,,2.8527739697138883,0.0028527739697138885,0.008138319322277137,0,true,true,backward_euler_step_doubling,0.00002,,0.6,,,,,,
0.12485241880378986,R3,resistor,B,0,1000,Ω,,0,,3.1472260302861117,0.0031472260302861117,0.009905031685710478,0,true,true,backward_euler_step_doubling,0.00002,,0.6,,,,,,
0.12485241880378986,R4,resistor,A,C,1000,Ω,,0,,2.1963013737148342,0.002196301373714834,0.004823739724181667,0,true,true,backward_euler_step_doubling,0.00002,,0.6,,,,,,
0.12485241880378986,R5,resistor,C,0,2000,Ω,,0,,3.8036986262851658,0.0019018493131425828,0.007234061619801828,0,true,true,backward_euler_step_doubling,0.00002,,0.6,,,,,,
0.12485241880378986,C6,capacitor,B,C,100,µF,,0,V,-0.656472595999054,-0.00029445206057223425,0.00019329970860112533,0.000021547813464886863,true,true,backward_euler_step_doubling,0.00002,1e-7,0.6,,,,,,
0.12546855851677982,V1,voltage,A,0,6,V,,0,,6,-0.005048817528417762,-0.030292905170506576,0,true,true,backward_euler_step_doubling,0.00002,,0.6,dc,5,10,0,50,2
0.12546855851677982,R2,resistor,A,B,1000,Ω,,0,,2.8535474147468545,0.0028535474147468546,0.008142732848208456,0,true,true,backward_euler_step_doubling,0.00002,,0.6,,,,,,
0.12546855851677982,R3,resistor,B,0,1000,Ω,,0,,3.1464525852531455,0.0031464525852531455,0.009900163871246204,0,true,true,backward_euler_step_doubling,0.00002,,0.6,,,,,,
0.12546855851677982,R4,resistor,A,C,1000,Ω,,0,,2.19527011367091,0.00219527011367091,0.00481921087197669,0,true,true,backward_euler_step_doubling,0.00002,,0.6,,,,,,
0.12546855851677982,R5,resistor,C,0,2000,Ω,,0,,3.80472988632909,0.001902364943164545,0.0072379847539628854,0,true,true,backward_euler_step_doubling,0.00002,,0.6,,,,,,
0.12546855851677982,C6,capacitor,B,C,100,µF,,0,V,-0.6582773010759446,-0.00029290517050634476,0.000192812825112106,0.000021666450255591487,true,true,backward_euler_step_doubling,0.00002,1e-7,0.6,,,,,,
0.12608967482651984,V1,voltage,A,0,6,V,,0,,6,-0.005048559007348172,-0.03029135404408903,0,true,true,backward_euler_step_doubling,0.00002,,0.6,dc,5,10,0,50,2
0.12608967482651984,R2,resistor,A,B,1000,Ω,,0,,2.854322977955521,0.0028543229779555207,0.008147159662484872,0,true,true,backward_euler_step_doubling,0.00002,,0.6,,,,,,
0.12608967482651984,R3,resistor,B,0,1000,Ω,,0,,3.145677022044479,0.003145677022044479,0.009895283927018623,0,true,true,backward_euler_step_doubling,0.00002,,0.6,,,,,,
0.12608967482651984,R4,resistor,A,C,1000,Ω,,0,,2.1942360293926524,0.0021942360293926524,0.004814671752684833,0,true,true,backward_euler_step_doubling,0.00002,,0.6,,,,,,
0.12608967482651984,R5,resistor,C,0,2000,Ω,,0,,3.8057639706073476,0.0019028819853036739,0.007241919699986502,0,true,true,backward_euler_step_doubling,0.00002,,0.6,,,,,,
0.12608967482651984,C6,capacitor,B,C,100,µF,,0,V,-0.6600869485628684,-0.0002913540440889786,0.00019231900191414531,0.000021785738983151943,true,true,backward_euler_step_doubling,0.00002,1e-7,0.6,,,,,,
0.12671079113625988,V1,voltage,A,0,6,V,,0,,6,-0.005048301855318496,-0.03028981113191098,0,true,true,backward_euler_step_doubling,0.00002,,0.6,dc,5,10,0,50,2
0.12671079113625988,R2,resistor,A,B,1000,Ω,,0,,2.855094434044553,0.002855094434044553,0.008151564227312186,0,true,true,backward_euler_step_doubling,0.00002,,0.6,,,,,,
0.12671079113625988,R3,resistor,B,0,1000,Ω,,0,,3.144905565955447,0.003144905565955447,0.00989043101877755,0,true,true,backward_euler_step_doubling,0.00002,,0.6,,,,,,
0.12671079113625988,R4,resistor,A,C,1000,Ω,,0,,2.193207421273944,0.0021932074212739436,0.004810158792731102,0,true,true,backward_euler_step_doubling,0.00002,,0.6,,,,,,
0.12671079113625988,R5,resistor,C,0,2000,Ω,,0,,3.806792578726056,0.001903396289363028,0.007245834868721888,0,true,true,backward_euler_step_doubling,0.00002,,0.6,,,,,,
0.12671079113625988,C6,capacitor,B,C,100,µF,,0,V,-0.6618870127706091,-0.00028981113191088554,0.000191822224368165,0.00002190472088372002,true,true,backward_euler_step_doubling,0.00002,1e-7,0.6,,,,,,
0.12733693743033275,V1,voltage,A,0,6,V,,0,,6,-0.005048044004671533,-0.0302882640280292,0,true,true,backward_euler_step_doubling,0.00002,,0.6,dc,5,10,0,50,2
0.12733693743033275,R2,resistor,A,B,1000,Ω,,0,,2.855867985985396,0.002855867985985396,0.008155981953376282,0,true,true,backward_euler_step_doubling,0.00002,,0.6,,,,,,
0.12733693743033275,R3,resistor,B,0,1000,Ω,,0,,3.144132014014604,0.003144132014014604,0.009885566121551531,0,true,true,backward_euler_step_doubling,0.00002,,0.6,,,,,,
0.12733693743033275,R4,resistor,A,C,1000,Ω,,0,,2.1921760186861365,0.0021921760186861365,0.004805635696902601,0,true,true,backward_euler_step_doubling,0.00002,,0.6,,,,,,
0.12733693743033275,R5,resistor,C,0,2000,Ω,,0,,3.8078239813138635,0.0019039119906569318,0.007249761736334482,0,true,true,backward_euler_step_doubling,0.00002,,0.6,,,,,,
0.12733693743033275,C6,capacitor,B,C,100,µF,,0,V,-0.6636919672992594,-0.00028826402802923853,0.00019131851986433417,0.000022024351372878057,true,true,backward_euler_step_doubling,0.00002,1e-7,0.6,,,,,,
0.12796308372440562,V1,voltage,A,0,6,V,,0,,6,-0.005047787530513246,-0.030286725183079476,0,true,true,backward_euler_step_doubling,0.00002,,0.6,dc,5,10,0,50,2
0.12796308372440562,R2,resistor,A,B,1000,Ω,,0,,2.8566374084602657,0.0028566374084602656,0.008160377283414583,0,true,true,backward_euler_step_doubling,0.00002,,0.6,,,,,,
0.12796308372440562,R3,resistor,B,0,1000,Ω,,0,,3.1433625915397343,0.003143362591539734,0.009880728381891394,0,true,true,backward_euler_step_doubling,0.00002,,0.6,,,,,,
0.12796308372440562,R4,resistor,A,C,1000,Ω,,0,,2.1911501220529805,0.0021911501220529804,0.004801138857372791,0,true,true,backward_euler_step_doubling,0.00002,,0.6,,,,,,
0.12796308372440562,R5,resistor,C,0,2000,Ω,,0,,3.8088498779470195,0.0019044249389735097,0.007253668696368512,0,true,true,backward_euler_step_doubling,0.00002,,0.6,,,,,,
0.12796308372440562,C6,capacitor,B,C,100,µF,,0,V,-0.6654872864072852,-0.00028672518307947247,0.00019081196403219016,0.0000221436664184866,true,true,backward_euler_step_doubling,0.00002,1e-7,0.6,,,,,,
0.1285943144009753,V1,voltage,A,0,6,V,,0,,6,-0.005047530365159917,-0.0302851821909595,0,true,true,backward_euler_step_doubling,0.00002,,0.6,dc,5,10,0,50,2
0.1285943144009753,R2,resistor,A,B,1000,Ω,,0,,2.8574089045203253,0.002857408904520325,0.008164785647632044,0,true,true,backward_euler_step_doubling,0.00002,,0.6,,,,,,
0.1285943144009753,R3,resistor,B,0,1000,Ω,,0,,3.1425910954796747,0.0031425910954796746,0.009875878793388141,0,true,true,backward_euler_step_doubling,0.00002,,0.6,,,,,,
0.1285943144009753,R4,resistor,A,C,1000,Ω,,0,,2.190121460639591,0.002190121460639591,0.004796632012354095,0,true,true,backward_euler_step_doubling,0.00002,,0.6,,,,,,
0.1285943144009753,R5,resistor,C,0,2000,Ω,,0,,3.809878539360409,0.0019049392696802046,0.007257587242339503,0,true,true,backward_euler_step_doubling,0.00002,,0.6,,,,,,
0.1285943144009753,C6,capacitor,B,C,100,µF,,0,V,-0.6672874438807344,-0.0002851821909593935,0.00019029849524560116,0.000022263626638044206,true,true,backward_euler_step_doubling,0.00002,1e-7,0.6,,,,,,
0.12922554507754497,V1,voltage,A,0,6,V,,0,,6,-0.005047274583724466,-0.0302836475023468,0,true,true,backward_euler_step_doubling,0.00002,,0.6,dc,5,10,0,50,2
0.12922554507754497,R2,resistor,A,B,1000,Ω,,0,,2.858176248826668,0.002858176248826668,0.008169171469356883,0,true,true,backward_euler_step_doubling,0.00002,,0.6,,,,,,
0.12922554507754497,R3,resistor,B,0,1000,Ω,,0,,3.141823751173332,0.003141823751173332,0.009871056483436868,0,true,true,backward_euler_step_doubling,0.00002,,0.6,,,,,,
0.12922554507754497,R4,resistor,A,C,1000,Ω,,0,,2.1890983348977975,0.0021890983348977974,0.004792151519852309,0,true,true,backward_euler_step_doubling,0.00002,,0.6,,,,,,
0.12922554507754497,R5,resistor,C,0,2000,Ω,,0,,3.8109016651022025,0.0019054508325511013,0.00726148575053937,0,true,true,backward_euler_step_doubling,0.00002,,0.6,,,,,,
0.12922554507754497,C6,capacitor,B,C,100,µF,,0,V,-0.6690779139288705,-0.0002836475023467158,0.000189782279161275,0.00002238326274537045,true,true,backward_euler_step_doubling,0.00002,1e-7,0.6,,,,,,
0.12986191557052928,V1,voltage,A,0,6,V,,0,,6,-0.0050470181184965966,-0.03028210871097958,0,true,true,backward_euler_step_doubling,0.00002,,0.6,dc,5,10,0,50,2
0.12986191557052928,R2,resistor,A,B,1000,Ω,,0,,2.85894564451014,0.00285894564451014,0.008173570198263501,0,true,true,backward_euler_step_doubling,0.00002,,0.6,,,,,,
0.12986191557052928,R3,resistor,B,0,1000,Ω,,0,,3.14105435548986,0.0031410543554898597,0.009866222464141818,0,true,true,backward_euler_step_doubling,0.00002,,0.6,,,,,,
0.12986191557052928,R4,resistor,A,C,1000,Ω,,0,,2.1880724739864563,0.0021880724739864565,0.0047876611514172124,0,true,true,backward_euler_step_doubling,0.00002,,0.6,,,,,,
0.12986191557052928,R5,resistor,C,0,2000,Ω,,0,,3.8119275260135437,0.0019059637630067718,0.007265395731789867,0,true,true,backward_euler_step_doubling,0.00002,,0.6,,,,,,
0.12986191557052928,C6,capacitor,B,C,100,µF,,0,V,-0.6708731705236839,-0.0002821087109797203,0.00018925916536731454,0.00002250354054642499,true,true,backward_euler_step_doubling,0.00002,1e-7,0.6,,,,,,
0.13049828606351363,V1,voltage,A,0,6,V,,0,,6,-0.005046763044595948,-0.030280578267575686,0,true,true,backward_euler_step_doubling,0.00002,,0.6,dc,5,10,0,50,2
0.13049828606351363,R2,resistor,A,B,1000,Ω,,0,,2.859710866212105,0.0028597108662121048,0.008177946238331587,0,true,true,backward_euler_step_doubling,0.00002,,0.6,,,,,,
0.13049828606351363,R3,resistor,B,0,1000,Ω,,0,,3.140289133787895,0.003140289133787895,0.009861415843786327,0,true,true,backward_euler_step_doubling,0.00002,,0.6,,,,,,
0.13049828606351363,R4,resistor,A,C,1000,Ω,,0,,2.187052178383842,0.002187052178383842,0.004783197230973509,0,true,true,backward_euler_step_doubling,0.00002,,0.6,,,,,,
0.13049828606351363,R5,resistor,C,0,2000,Ω,,0,,3.812947821616158,0.001906473910808079,0.007269285545183702,0,true,true,backward_euler_step_doubling,0.00002,,0.6,,,,,,
0.13049828606351363,C6,capacitor,B,C,100,µF,,0,V,-0.672658687828263,-0.0002805782675758132,0.00018873340930067377,0.000022623485515542026,true,true,backward_euler_step_doubling,0.00002,1e-7,0.6,,,,,,
0.13113985286849061,V1,voltage,A,0,6,V,,0,,6,-0.005046507294285669,-0.030279043765714015,0,true,true,backward_euler_step_doubling,0.00002,,0.6,dc,5,10,0,50,2
0.13113985286849061,R2,resistor,A,B,1000,Ω,,0,,2.8604781171430558,0.0028604781171430557,0.008182335058654282,0,true,true,backward_euler_step_doubling,0.00002,,0.6,,,,,,
0.13113985286849061,R3,resistor,B,0,1000,Ω,,0,,3.1395218828569442,0.0031395218828569444,0.009856597652937612,0,true,true,backward_euler_step_doubling,0.00002,,0.6,,,,,,
0.13113985286849061,R4,resistor,A,C,1000,Ω,,0,,2.1860291771426144,0.0021860291771426143,0.0047787235633188156,0,true,true,backward_euler_step_doubling,0.00002,,0.6,,,,,,
0.13113985286849061,R5,resistor,C,0,2000,Ω,,0,,3.8139708228573856,0.001906985411428693,0.007273186718803722,0,true,true,backward_euler_step_doubling,0.00002,,0.6,,,,,,
0.13113985286849061,C6,capacitor,B,C,100,µF,,0,V,-0.6744489400004414,-0.0002790437657139469,0.00018820077199950303,0.00002274406863338595,true,true,backward_euler_step_doubling,0.00002,1e-7,0.6,,,,,,
0.1317814196734676,V1,voltage,A,0,6,V,,0,,6,-0.005046252942691412,-0.030277517656148473,0,true,true,backward_euler_step_doubling,0.00002,,0.6,dc,5,10,0,50,2
0.1317814196734676,R2,resistor,A,B,1000,Ω,,0,,2.861241171925826,0.002861241171925826,0.008186701043923475,0,true,true,backward_euler_step_doubling,0.00002,,0.6,,,,,,
0.1317814196734676,R3,resistor,B,0,1000,Ω,,0,,3.138758828074174,0.0031387588280741736,0.00985180698081356,0,true,true,backward_euler_step_doubling,0.00002,,0.6,,,,,,
0.1317814196734676,R4,resistor,A,C,1000,Ω,,0,,2.1850117707655867,0.002185011770765587,0.004774276438384165,0,true,true,backward_euler_step_doubling,0.00002,,0.6,,,,,,
0.1317814196734676,R5,resistor,C,0,2000,Ω,,0,,3.8149882292344133,0.0019074941146172066,0.007277067594598562,0,true,true,backward_euler_step_doubling,0.00002,,0.6,,,,,,
0.1317814196734676,C6,capacitor,B,C,100,µF,,0,V,-0.6762294011602394,-0.0002775176561483558,0.00018766559842859588,0.0000228643101496768,true,true,backward_euler_step_doubling,0.00002,1e-7,0.6,,,,,,
0.1324282403744618,V1,voltage,A,0,6,V,,0,,6,-0.0050459979220497855,-0.030275987532298713,0,true,true,backward_euler_step_doubling,0.00002,,0.6,dc,5,10,0,50,2
0.1324282403744618,R2,resistor,A,B,1000,Ω,,0,,2.8620062338505488,0.0028620062338505486,0.008191079682599401,0,true,true,backward_euler_step_doubling,0.00002,,0.6,,,,,,
0.1324282403744618,R3,resistor,B,0,1000,Ω,,0,,3.1379937661494512,0.003137993766149451,0.009847004876392817,0,true,true,backward_euler_step_doubling,0.00002,,0.6,,,,,,
0.1324282403744618,R4,resistor,A,C,1000,Ω,,0,,2.183991688199237,0.002183991688199237,0.004769819694123353,0,true,true,backward_euler_step_doubling,0.00002,,0.6,,,,,,
0.1324282403744618,R5,resistor,C,0,2000,Ω,,0,,3.816008311800763,0.0019080041559003816,0.007280959717866255,0,true,true,backward_euler_step_doubling,0.00002,,0.6,,,,,,
0.1324282403744618,C6,capacitor,B,C,100,µF,,0,V,-0.6780145456513118,-0.0002759875322989043,0.00018712356131706832,0.00002298518620573774,true,true,backward_euler_step_doubling,0.00002,1e-7,0.6,,,,,,
0.133075061075456,V1,voltage,A,0,6,V,,0,,6,-0.0050457443074923124,-0.030274465844953875,0,true,true,backward_euler_step_doubling,0.00002,,0.6,dc,5,10,0,50,2
0.133075061075456,R2,resistor,A,B,1000,Ω,,0,,2.8627670775229728,0.002862767077522973,0.008195435340149423,0,true,true,backward_euler_step_doubling,0.00002,,0.6,,,,,,
0.133075061075456,R3,resistor,B,0,1000,Ω,,0,,3.1372329224770272,0.0031372329224770273,0.00984223040987375,0,true,true,backward_euler_step_doubling,0.00002,,0.6,,,,,,
0.133075061075456,R4,resistor,A,C,1000,Ω,,0,,2.1829772299693393,0.002182977229969339,0.0047653895865646095,0,true,true,backward_euler_step_doubling,0.00002,,0.6,,,,,,
0.133075061075456,R5,resistor,C,0,2000,Ω,,0,,3.8170227700306607,0.0019085113850153303,0.0072848314134662685,0,true,true,backward_euler_step_doubling,0.00002,,0.6,,,,,,
0.133075061075456,C6,capacitor,B,C,100,µF,,0,V,-0.6797898475536335,-0.0002744658449540855,0.00018657909490001697,0.000023105711841849612,true,true,backward_euler_step_doubling,0.00002,1e-7,0.6,,,,,,
0.13372719437244374,V1,voltage,A,0,6,V,,0,,6,-0.005045490031229104,-0.030272940187374624,0,true,true,backward_euler_step_doubling,0.00002,,0.6,dc,5,10,0,50,2
0.13372719437244374,R2,resistor,A,B,1000,Ω,,0,,2.8635299063127335,0.0028635299063127337,0.008199803524347413,0,true,true,backward_euler_step_doubling,0.00002,,0.6,,,,,,
0.13372719437244374,R3,resistor,B,0,1000,Ω,,0,,3.1364700936872665,0.0031364700936872664,0.00983744464859461,0,true,true,backward_euler_step_doubling,0.00002,,0.6,,,,,,
0.13372719437244374,R4,resistor,A,C,1000,Ω,,0,,2.18196012491637,0.00218196012491637,0.004760949986725061,0,true,true,backward_euler_step_doubling,0.00002,,0.6,,,,,,
0.13372719437244374,R5,resistor,C,0,2000,Ω,,0,,3.81803987508363,0.001909019937541815,0.0072887142438643115,0,true,true,backward_euler_step_doubling,0.00002,,0.6,,,,,,
0.13372719437244374,C6,capacitor,B,C,100,µF,,0,V,-0.6815697813963637,-0.0002729401873745541,0.00018602778384315736,0.000023226868345634347,true,true,backward_euler_step_doubling,0.00002,1e-7,0.6,,,,,,
0.1343793276694315,V1,voltage,A,0,6,V,,0,,6,-0.005045237168396769,-0.03027142301038061,0,true,true,backward_euler_step_doubling,0.00002,,0.6,dc,5,10,0,50,2
0.1343793276694315,R2,resistor,A,B,1000,Ω,,0,,2.8642884948097542,0.0028642884948097544,0.008204148581499527,0,true,true,backward_euler_step_doubling,0.00002,,0.6,,,,,,
0.1343793276694315,R3,resistor,B,0,1000,Ω,,0,,3.1357115051902458,0.0031357115051902458,0.009832686643782477,0,true,true,backward_euler_step_doubling,0.00002,,0.6,,,,,,
0.1343793276694315,R4,resistor,A,C,1000,Ω,,0,,2.1809486735870127,0.002180948673587013,0.00475653711682095,0,true,true,backward_euler_step_doubling,0.00002,,0.6,,,,,,
0.1343793276694315,R5,resistor,C,0,2000,Ω,,0,,3.8190513264129873,0.0019095256632064937,0.007292576516888399,0,true,true,backward_euler_step_doubling,0.00002,,0.6,,,,,,
0.1343793276694315,C6,capacitor,B,C,100,µF,,0,V,-0.6833398212227415,-0.00027142301038050534,0.00018547415138915282,0.000023347665563436414,true,true,backward_euler_step_doubling,0.00002,1e-7,0.6,,,,,,
0.13503683340701084,V1,voltage,A,0,6,V,,0,,6,-0.005044983651178924,-0.030269901907073547,0,true,true,backward_euler_step_doubling,0.00002,,0.6,dc,5,10,0,50,2
0.13503683340701084,R2,resistor,A,B,1000,Ω,,0,,2.8650490464632545,0.0028650490464632544,0.008208506038640003,0,true,true,backward_euler_step_doubling,0.00002,,0.6,,,,,,
0.13503683340701084,R3,resistor,B,0,1000,Ω,,0,,3.1349509535367455,0.0031349509535367453,0.00982791748108095,0,true,true,backward_euler_step_doubling,0.00002,,0.6,,,,,,
0.13503683340701084,R4,resistor,A,C,1000,Ω,,0,,2.179934604715669,0.0021799346047156687,0.004752114880836859,0,true,true,backward_euler_step_doubling,0.00002,,0.6,,,,,,
0.13503683340701084,R5,resistor,C,0,2000,Ω,,0,,3.820065395284331,0.0019100326976421655,0.007296449812124416,0,true,true,backward_euler_step_doubling,0.00002,,0.6,,,,,,
0.13503683340701084,C6,capacitor,B,C,100,µF,,0,V,-0.6851144417475856,-0.0002699019070734716,0.0001849136943912502,0.000023469089914555295,true,true,backward_euler_step_doubling,0.00002,1e-7,0.6,,,,,,
0.13569433914459017,V1,voltage,A,0,6,V,,0,,6,-0.005044731554717112,-0.03026838932830267,0,true,true,backward_euler_step_doubling,0.00002,,0.6,dc,5,10,0,50,2
0.13569433914459017,R2,resistor,A,B,1000,Ω,,0,,2.865805335848669,0.0028658053358486687,0.0082128402229787,0,true,true,backward_euler_step_doubling,0.00002,,0.6,,,,,,
0.13569433914459017,R3,resistor,B,0,1000,Ω,,0,,3.134194664151331,0.003134194664151331,0.009823176192794675,0,true,true,backward_euler_step_doubling,0.00002,,0.6,,,,,,
0.13569433914459017,R4,resistor,A,C,1000,Ω,,0,,2.1789262188684426,0.0021789262188684428,0.0047477194672723285,0,true,true,backward_euler_step_doubling,0.00002,,0.6,,,,,,
0.13569433914459017,R5,resistor,C,0,2000,Ω,,0,,3.8210737811315574,0.0019105368905657787,0.0073003024204255085,0,true,true,backward_euler_step_doubling,0.00002,,0.6,,,,,,
0.13569433914459017,C6,capacitor,B,C,100,µF,,0,V,-0.6868791169802262,-0.0002683893283026513,0.00018435102483144115,0.00002359014606717676,true,true,backward_euler_step_doubling,0.00002,1e-7,0.6,,,,,,
0.13635727834121175,V1,voltage,A,0,6,V,,0,,6,-0.00504447881116848,-0.03026687286701088,0,true,true,backward_euler_step_doubling,0.00002,,0.6,dc,5,10,0,50,2
0.13635727834121175,R2,resistor,A,B,1000,Ω,,0,,2.8665635664946336,0.0028665635664946337,0.008217186680754433,0,true,true,backward_euler_step_doubling,0.00002,,0.6,,,,,,
0.13635727834121175,R3,resistor,B,0,1000,Ω,,0,,3.1334364335053664,0.0031334364335053664,0.00981842388281883,0,true,true,backward_euler_step_doubling,0.00002,,0.6,,,,,,
0.13635727834121175,R4,resistor,A,C,1000,Ω,,0,,2.1779152446738457,0.0021779152446738457,0.004743314812982737,0,true,true,backward_euler_step_doubling,0.00002,,0.6,,,,,,
0.13635727834121175,R5,resistor,C,0,2000,Ω,,0,,3.8220847553261543,0.0019110423776630772,0.007304165938448294,0,true,true,backward_euler_step_doubling,0.00002,,0.6,,,,,,
0.13635727834121175,C6,capacitor,B,C,100,µF,,0,V,-0.688648321820788,-0.00026687286701070593,0.00018378155200642497,0.000023711825557329374,true,true,backward_euler_step_doubling,0.00002,1e-7,0.6,,,,,,
0.13702021753783333,V1,voltage,A,0,6,V,,0,,6,-0.00504422749567888,-0.03026536497407328,0,true,true,backward_euler_step_doubling,0.00002,,0.6,dc,5,10,0,50,2
0.13702021753783333,R2,resistor,A,B,1000,Ω,,0,,2.867317512963452,0.002867317512963452,0.008221509720146916,0,true,true,backward_euler_step_doubling,0.00002,,0.6,,,,,,
0.13702021753783333,R3,resistor,B,0,1000,Ω,,0,,3.132682487036548,0.003132682487036548,0.009813699564585492,0,true,true,backward_euler_step_doubling,0.00002,,0.6,,,,,,
0.13702021753783333,R4,resistor,A,C,1000,Ω,,0,,2.1769099827154283,0.0021769099827154284,0.004738937072846087,0,true,true,backward_euler_step_doubling,0.00002,,0.6,,,,,,
0.13702021753783333,R5,resistor,C,0,2000,Ω,,0,,3.8230900172845717,0.0019115450086422858,0.007308008640130473,0,true,true,backward_euler_step_doubling,0.00002,,0.6,,,,,,
0.13702021753783333,C6,capacitor,B,C,100,µF,,0,V,-0.6904075302480237,-0.0002653649740731727,0.00018320997636419,0.000023833127891158784,true,true,backward_euler_step_doubling,0.00002,1e-7,0.6,,,,,,
0.13768865241626316,V1,voltage,A,0,6,V,,0,,6,-0.005043975540378965,-0.030263853242273788,0,true,true,backward_euler_step_doubling,0.00002,,0.6,dc,5,10,0,50,2
0.13768865241626316,R2,resistor,A,B,1000,Ω,,0,,2.8680733788631083,0.0028680733788631085,0.008225844906543248,0,true,true,backward_euler_step_doubling,0.00002,,0.6,,,,,,
0.13768865241626316,R3,resistor,B,0,1000,Ω,,0,,3.1319266211368917,0.0031319266211368916,0.009808964360185947,0,true,true,backward_euler_step_doubling,0.00002,,0.6,,,,,,
0.13768865241626316,R4,resistor,A,C,1000,Ω,,0,,2.1759021615158587,0.002175902161515859,0.004734550216489386,0,true,true,backward_euler_step_doubling,0.00002,,0.6,,,,,,
0.13768865241626316,R5,resistor,C,0,2000,Ω,,0,,3.8240978384841413,0.0019120489192420707,0.0073118621391495406,0,true,true,backward_euler_step_doubling,0.00002,,0.6,,,,,,
0.13768865241626316,C6,capacitor,B,C,100,µF,,0,V,-0.6921712173472496,-0.0002638532422737896,0.00018263161990566775,0.000023955049706198674,true,true,backward_euler_step_doubling,0.00002,1e-7,0.6,,,,,,
0.13835708729469295,V1,voltage,A,0,6,V,,0,,6,-0.005043725020418609,-0.030262350122511654,0,true,true,backward_euler_step_doubling,0.00002,,0.6,dc,5,10,0,50,2
0.13835708729469295,R2,resistor,A,B,1000,Ω,,0,,2.868824938744165,0.002868824938744165,0.008230156529160463,0,true,true,backward_euler_step_doubling,0.00002,,0.6,,,,,,
0.13835708729469295,R3,resistor,B,0,1000,Ω,,0,,3.131175061255835,0.003131175061255835,0.009804257264230481,0,true,true,backward_euler_step_doubling,0.00002,,0.6,,,,,,
0.13835708729469295,R4,resistor,A,C,1000,Ω,,0,,2.1749000816744446,0.0021749000816744446,0.004730190365267506,0,true,true,backward_euler_step_doubling,0.00002,,0.6,,,,,,
0.13835708729469295,R5,resistor,C,0,2000,Ω,,0,,3.8250999183255554,0.0019125499591627778,0.007315694692587086,0,true,true,backward_euler_step_doubling,0.00002,,0.6,,,,,,
0.13835708729469295,C6,capacitor,B,C,100,µF,,0,V,-0.6939248570697205,-0.0002623501225116026,0.0001820512712660875,0.0000240765853629616,true,true,backward_euler_step_doubling,0.00002,1e-7,0.6,,,,,,
0.13903108131335723,V1,voltage,A,0,6,V,,0,,6,-0.005043473867902032,-0.030260843207412194,0,true,true,backward_euler_step_doubling,0.00002,,0.6,dc,5,10,0,50,2
0.13903108131335723,R2,resistor,A,B,1000,Ω,,0,,2.8695783962939014,0.0028695783962939016,0.00823448017247668,0,true,true,backward_euler_step_doubling,0.00002,,0.6,,,,,,
0.13903108131335723,R3,resistor,B,0,1000,Ω,,0,,3.1304216037060986,0.0031304216037060986,0.009799539416949861,0,true,true,backward_euler_step_doubling,0.00002,,0.6,,,,,,
0.13903108131335723,R4,resistor,A,C,1000,Ω,,0,,2.1738954716081307,0.0021738954716081305,0.004725821521478337,0,true,true,backward_euler_step_doubling,0.00002,,0.6,,,,,,
0.13903108131335723,R5,resistor,C,0,2000,Ω,,0,,3.8261045283918693,0.0019130522641959346,0.007319537931090384,0,true,true,backward_euler_step_doubling,0.00002,,0.6,,,,,,
0.13903108131335723,C6,capacitor,B,C,100,µF,,0,V,-0.6956829246857708,-0.0002608432074121943,0.00018146416541693245,0.00002419873658496739,true,true,backward_euler_step_doubling,0.00002,1e-7,0.6,,,,,,
0.1397050753320215,V1,voltage,A,0,6,V,,0,,6,-0.005043224157982534,-0.030259344947895204,0,true,true,backward_euler_step_doubling,0.00002,,0.6,dc,5,10,0,50,2
0.1397050753320215,R2,resistor,A,B,1000,Ω,,0,,2.870327526052413,0.0028703275260524128,0.008238780106814165,0,true,true,backward_euler_step_doubling,0.00002,,0.6,,,,,,
0.1397050753320215,R3,resistor,B,0,1000,Ω,,0,,3.129672473947587,0.0031296724739475873,0.009794849794185212,0,true,true,backward_euler_step_doubling,0.00002,,0.6,,,,,,
0.1397050753320215,R4,resistor,A,C,1000,Ω,,0,,2.172896631930121,0.0021728966319301208,0.004721479773053263,0,true,true,backward_euler_step_doubling,0.00002,,0.6,,,,,,
0.1397050753320215,R5,resistor,C,0,2000,Ω,,0,,3.827103368069879,0.0019135516840349397,0.007323360094945907,0,true,true,backward_euler_step_doubling,0.00002,,0.6,,,,,,
0.1397050753320215,C6,capacitor,B,C,100,µF,,0,V,-0.697430894122292,-0.00025934494789513966,0.00018087517889660648,0.00002432049260381098,true,true,backward_euler_step_doubling,0.00002,1e-7,0.6,,,,,,
0.14038469321743438,V1,voltage,A,0,6,V,,0,,6,-0.005042973822737928,-0.030257842936427568,0,true,true,backward_euler_step_doubling,0.00002,,0.6,dc,5,10,0,50,2
0.14038469321743438,R2,resistor,A,B,1000,Ω,,0,,2.8710785317862277,0.002871078531786228,0.008243091935683762,0,true,true,backward_euler_step_doubling,0.00002,,0.6,,,,,,
0.14038469321743438,R3,resistor,B,0,1000,Ω,,0,,3.1289214682137723,0.0031289214682137722,0.009790149554249028,0,true,true,backward_euler_step_doubling,0.00002,,0.6,,,,,,
0.14038469321743438,R4,resistor,A,C,1000,Ω,,0,,2.1718952909517,0.0021718952909517003,0.004717129154858171,0,true,true,backward_euler_step_doubling,0.00002,,0.6,,,,,,
0.14038469321743438,R5,resistor,C,0,2000,Ω,,0,,3.8281047090483,0.00191405235452415,0.0073271928317188845,0,true,true,backward_euler_step_doubling,0.00002,,0.6,,,,,,
0.14038469321743438,C6,capacitor,B,C,100,µF,,0,V,-0.6991832408345275,-0.00025784293642757707,0.0001802794599177244,0.000024442860213193643,true,true,backward_euler_step_doubling,0.00002,1e-7,0.6,,,,,,
0.14106431110284726,V1,voltage,A,0,6,V,,0,,6,-0.005042724937324554,-0.030256349623947326,0,true,true,backward_euler_step_doubling,0.00002,,0.6,dc,5,10,0,50,2
0.14106431110284726,R2,resistor,A,B,1000,Ω,,0,,2.8718251880263086,0.0028718251880263087,0.008247379910582343,0,true,true,backward_euler_step_doubling,0.00002,,0.6,,,,,,
0.14106431110284726,R3,resistor,B,0,1000,Ω,,0,,3.1281748119736914,0.0031281748119736915,0.00978547765426664,0,true,true,backward_euler_step_doubling,0.00002,,0.6,,,,,,
0.14106431110284726,R4,resistor,A,C,1000,Ω,,0,,2.170899749298246,0.002170899749298246,0.004712805721503187,0,true,true,backward_euler_step_doubling,0.00002,,0.6,,,,,,
0.14106431110284726,R5,resistor,C,0,2000,Ω,,0,,3.829100250701754,0.001914550125350877,0.007331004364962117,0,true,true,backward_euler_step_doubling,0.00002,,0.6,,,,,,
0.14106431110284726,C6,capacitor,B,C,100,µF,,0,V,-0.7009254387280626,-0.00025634962394737744,0.0001796819726330894,0.00002456482353280635,true,true,backward_euler_step_doubling,0.00002,1e-7,0.6,,,,,,
0.14174961888299376,V1,voltage,A,0,6,V,,0,,6,-0.005042475433793905,-0.030254852602763428,0,true,true,backward_euler_step_doubling,0.00002,,0.6,dc,5,10,0,50,2
0.14174961888299376,R2,resistor,A,B,1000,Ω,,0,,2.8725736986183055,0.0028725736986183054,0.00825167965399365,0,true,true,backward_euler_step_doubling,0.00002,,0.6,,,,,,
0.14174961888299376,R3,resistor,B,0,1000,Ω,,0,,3.1274263013816945,0.0031274263013816943,0.009780795270573985,0,true,true,backward_euler_step_doubling,0.00002,,0.6,,,,,,
0.14174961888299376,R4,resistor,A,C,1000,Ω,,0,,2.1699017351756,0.0021699017351755998,0.004708473540318079,0,true,true,backward_euler_step_doubling,0.00002,,0.6,,,,,,
0.14174961888299376,R5,resistor,C,0,2000,Ω,,0,,3.8300982648244,0.0019150491324122002,0.007334826359105441,0,true,true,backward_euler_step_doubling,0.00002,,0.6,,,,,,
0.14174961888299376,C6,capacitor,B,C,100,µF,,0,V,-0.7026719634427057,-0.00025485260276335585,0.00017907777877221117,0.000024687394410421355,true,true,backward_euler_step_doubling,0.00002,1e-7,0.6,,,,,,
0.14243492666314023,V1,voltage,A,0,6,V,,0,,6,-0.005042227387304864,-0.030253364323829184,0,true,true,backward_euler_step_doubling,0.00002,,0.6,dc,5,10,0,50,2
0.14243492666314023,R2,resistor,A,B,1000,Ω,,0,,2.873317838085443,0.002873317838085443,0.008255955398660003,0,true,true,backward_euler_step_doubling,0.00002,,0.6,,,,,,
0.14243492666314023,R3,resistor,B,0,1000,Ω,,0,,3.126682161914557,0.0031266821619145573,0.00977614134163469,0,true,true,backward_euler_step_doubling,0.00002,,0.6,,,,,,
0.14243492666314023,R4,resistor,A,C,1000,Ω,,0,,2.168909549219421,0.002168909549219421,0.004704168632695191,0,true,true,backward_euler_step_doubling,0.00002,,0.6,,,,,,
0.14243492666314023,R5,resistor,C,0,2000,Ω,,0,,3.831090450780579,0.0019155452253902896,0.0073386270210310705,0,true,true,backward_euler_step_doubling,0.00002,,0.6,,,,,,
0.14243492666314023,C6,capacitor,B,C,100,µF,,0,V,-0.7044082888660221,-0.0002533643238291173,0.00017847192980816523,0.00002480955187115786,true,true,backward_euler_step_doubling,0.00002,1e-7,0.6,,,,,,
0.14312599170217077,V1,voltage,A,0,6,V,,0,,6,-0.005041978729882534,-0.030251872379295202,0,true,true,backward_euler_step_doubling,0.00002,,0.6,dc,5,10,0,50,2
0.14312599170217077,R2,resistor,A,B,1000,Ω,,0,,2.8740638103524194,0.0028740638103524193,0.008260242785977468,0,true,true,backward_euler_step_doubling,0.00002,,0.6,,,,,,
0.14312599170217077,R3,resistor,B,0,1000,Ω,,0,,3.1259361896475806,0.003125936189647581,0.009771477061748435,0,true,true,backward_euler_step_doubling,0.00002,,0.6,,,,,,
0.14312599170217077,R4,resistor,A,C,1000,Ω,,0,,2.167914919530114,0.002167914919530114,0.00469985509832126,0,true,true,backward_euler_step_doubling,0.00002,,0.6,,,,,,
0.14312599170217077,R5,resistor,C,0,2000,Ω,,0,,3.832085080469886,0.0019160425402349431,0.007342438031979947,0,true,true,backward_euler_step_doubling,0.00002,,0.6,,,,,,
0.14312599170217077,C6,capacitor,B,C,100,µF,,0,V,-0.7061488908223055,-0.0002518723792951756,0.00017785940126806328,0.000024932312800478612,true,true,backward_euler_step_doubling,0.00002,1e-7,0.6,,,,,,
0.1438170567412013,V1,voltage,A,0,6,V,,0,,6,-0.005041731536687986,-0.03025038922012792,0,true,true,backward_euler_step_doubling,0.00002,,0.6,dc,5,10,0,50,2
0.1438170567412013,R2,resistor,A,B,1000,Ω,,0,,2.874805389936049,0.002874805389936049,0.008264506030005359,0,true,true,backward_euler_step_doubling,0.00002,,0.6,,,,,,
0.1438170567412013,R3,resistor,B,0,1000,Ω,,0,,3.125194610063951,0.003125194610063951,0.00976684135077277,0,true,true,backward_euler_step_doubling,0.00002,,0.6,,,,,,
0.1438170567412013,R4,resistor,A,C,1000,Ω,,0,,2.1669261467519383,0.0021669261467519383,0.0046955689254772025,0,true,true,backward_euler_step_doubling,0.00002,,0.6,,,,,,
0.1438170567412013,R5,resistor,C,0,2000,Ω,,0,,3.8330738532480617,0.001916536926624031,0.007346227582226972,0,true,true,backward_euler_step_doubling,0.00002,,0.6,,,,,,
0.1438170567412013,C6,capacitor,B,C,100,µF,,0,V,-0.7078792431841108,-0.0002503892201279257,0.00017724533164561576,0.00002505465114654547,true,true,backward_euler_step_doubling,0.00002,1e-7,0.6,,,,,,
0.1445139477750722,V1,voltage,A,0,6,V,,0,,6,-0.005041483739720021,-0.030248902438320124,0,true,true,backward_euler_step_doubling,0.00002,,0.6,dc,5,10,0,50,2
0.1445139477750722,R2,resistor,A,B,1000,Ω,,0,,2.875548780839935,0.002875548780839935,0.008268780790990037,0,true,true,backward_euler_step_doubling,0.00002,,0.6,,,,,,
0.1445139477750722,R3,resistor,B,0,1000,Ω,,0,,3.124451219160065,0.003124451219160065,0.009762195420910816,0,true,true,backward_euler_step_doubling,0.00002,,0.6,,,,,,
0.1445139477750722,R4,resistor,A,C,1000,Ω,,0,,2.1659349588800856,0.0021659349588800856,0.004691274246098878,0,true,true,backward_euler_step_doubling,0.00002,,0.6,,,,,,
0.1445139477750722,R5,resistor,C,0,2000,Ω,,0,,3.8340650411199144,0.0019170325205599573,0.007350027369768926,0,true,true,backward_euler_step_doubling,0.00002,,0.6,,,,,,
0.1445139477750722,C6,capacitor,B,C,100,µF,,0,V,-0.7096138219598496,-0.0002489024383200866,0.0001766246105514424,0.00002517758881582325,true,true,backward_euler_step_doubling,0.00002,1e-7,0.6,,,,,,
0.14521083880894314,V1,voltage,A,0,6,V,,0,,6,-0.00504123741414137,-0.03024742448484822,0,true,true,backward_euler_step_doubling,0.00002,,0.6,dc,5,10,0,50,2
0.14521083880894314,R2,resistor,A,B,1000,Ω,,0,,2.876287757575864,0.002876287757575864,0.008273031264380792,0,true,true,backward_euler_step_doubling,0.00002,,0.6,,,,,,
0.14521083880894314,R3,resistor,B,0,1000,Ω,,0,,3.123712242424136,0.003123712242424136,0.009757578173470425,0,true,true,backward_euler_step_doubling,0.00002,,0.6,,,,,,
0.14521083880894314,R4,resistor,A,C,1000,Ω,,0,,2.1649496565655055,0.0021649496565655057,0.0046870070154631,0,true,true,backward_euler_step_doubling,0.00002,,0.6,,,,,,
0.14521083880894314,R5,resistor,C,0,2000,Ω,,0,,3.8350503434344945,0.0019175251717172472,0.007353805568338517,0,true,true,backward_euler_step_doubling,0.00002,,0.6,,,,,,
0.14521083880894314,C6,capacitor,B,C,100,µF,,0,V,-0.7113381010103583,-0.00024742448484824705,0.00017600246319541825,0.000025300094697451136,true,true,backward_euler_step_doubling,0.00002,1e-7,0.6,,,,,,
0.14591362598245422,V1,voltage,A,0,6,V,,0,,6,-0.005040990491924569,-0.030245942951547415,0,true,true,backward_euler_step_doubling,0.00002,,0.6,dc,5,10,0,50,2
0.14591362598245422,R2,resistor,A,B,1000,Ω,,0,,2.8770285242262794,0.0028770285242262794,0.008277293129211643,0,true,true,backward_euler_step_doubling,0.00002,,0.6,,,,,,
0.14591362598245422,R3,resistor,B,0,1000,Ω,,0,,3.1229714757737206,0.0031229714757737208,0.009752950838496291,0,true,true,backward_euler_step_doubling,0.00002,,0.6,,,,,,
0.14591362598245422,R4,resistor,A,C,1000,Ω,,0,,2.163961967698291,0.0021639619676982907,0.004682731397644658,0,true,true,backward_euler_step_doubling,0.00002,,0.6,,,,,,
0.14591362598245422,R5,resistor,C,0,2000,Ω,,0,,3.836038032301709,0.0019180190161508545,0.007357593892632584,0,true,true,backward_euler_step_doubling,0.00002,,0.6,,,,,,
0.14591362598245422,C6,capacitor,B,C,100,µF,,0,V,-0.7130665565279886,-0.00024594295154747257,0.0001753736935622862,0.000025423195701934154,true,true,backward_euler_step_doubling,0.00002,1e-7,0.6,,,,,,
0.14661641315596532,V1,voltage,A,0,6,V,,0,,6,-0.005040745048233581,-0.030244470289401488,0,true,true,backward_euler_step_doubling,0.00002,,0.6,dc,5,10,0,50,2
0.14661641315596532,R2,resistor,A,B,1000,Ω,,0,,2.8777648552992643,0.0028777648552992642,0.008281530562395596,0,true,true,backward_euler_step_doubling,0.00002,,0.6,,,,,,
0.14661641315596532,R3,resistor,B,0,1000,Ω,,0,,3.1222351447007357,0.003122235144700736,0.009748352298804424,0,true,true,backward_euler_step_doubling,0.00002,,0.6,,,,,,
0.14661641315596532,R4,resistor,A,C,1000,Ω,,0,,2.1629801929343166,0.0021629801929343166,0.004678483315026173,0,true,true,backward_euler_step_doubling,0.00002,,0.6,,,,,,
0.14661641315596532,R5,resistor,C,0,2000,Ω,,0,,3.8370198070656834,0.0019185099035328417,0.007361360499907187,0,true,true,backward_euler_step_doubling,0.00002,,0.6,,,,,,
0.14661641315596532,C6,capacitor,B,C,100,µF,,0,V,-0.7147846623649476,-0.00024447028940148536,0.00017474361326810174,0.00002554585567760861,true,true,backward_euler_step_doubling,0.00002,1e-7,0.6,,,,,,
0.14732516806087523,V1,voltage,A,0,6,V,,0,,6,-0.005040499015014704,-0.030242994090088224,0,true,true,backward_euler_step_doubling,0.00002,,0.6,dc,5,10,0,50,2
0.14732516806087523,R2,resistor,A,B,1000,Ω,,0,,2.8785029549558967,0.0028785029549558967,0.00828577926168983,0,true,true,backward_euler_step_doubling,0.00002,,0.6,,,,,,
0.14732516806087523,R3,resistor,B,0,1000,Ω,,0,,3.1214970450441033,0.0031214970450441034,0.00974374380221907,0,true,true,backward_euler_step_doubling,0.00002,,0.6,,,,,,
0.14732516806087523,R4,resistor,A,C,1000,Ω,,0,,2.161996060058808,0.002161996060058808,0.004674226963709809,0,true,true,backward_euler_step_doubling,0.00002,,0.6,,,,,,
0.14732516806087523,R5,resistor,C,0,2000,Ω,,0,,3.838003939941192,0.001919001969970596,0.007365137121502057,0,true,true,backward_euler_step_doubling,0.00002,,0.6,,,,,,
0.14732516806087523,C6,capacitor,B,C,100,µF,,0,V,-0.7165068948970887,-0.00024299409008817085,0.00017410694096741875,0.000025669106521753384,true,true,backward_euler_step_doubling,0.00002,1e-7,0.6,,,,,,
0.14803392296578513,V1,voltage,A,0,6,V,,0,,6,-0.005040254467432676,-0.030241526804596054,0,true,true,backward_euler_step_doubling,0.00002,,0.6,dc,5,10,0,50,2
0.14803392296578513,R2,resistor,A,B,1000,Ω,,0,,2.879236597702006,0.002879236597702006,0.008290003385546621,0,true,true,backward_euler_step_doubling,0.00002,,0.6,,,,,,
0.14803392296578513,R3,resistor,B,0,1000,Ω,,0,,3.120763402297994,0.0031207634022979943,0.009739164213122552,0,true,true,backward_euler_step_doubling,0.00002,,0.6,,,,,,
0.14803392296578513,R4,resistor,A,C,1000,Ω,,0,,2.161017869730671,0.0021610178697306706,0.004669998233295286,0,true,true,backward_euler_step_doubling,0.00002,,0.6,,,,,,
0.14803392296578513,R5,resistor,C,0,2000,Ω,,0,,3.838982130269329,0.0019194910651346645,0.007368891898263618,0,true,true,backward_euler_step_doubling,0.00002,,0.6,,,,,,
0.14803392296578513,C6,capacitor,B,C,100,µF,,0,V,-0.718218727971335,-0.00024152680459599505,0.00017346907436791676,0.000025791907060438124,true,true,backward_euler_step_doubling,0.00002,1e-7,0.6,,,,,,
0.14874871868049444,V1,voltage,A,0,6,V,,0,,6,-0.005040009337407581,-0.030240056024445485,0,true,true,backward_euler_step_doubling,0.00002,,0.6,dc,5,10,0,50,2
0.14874871868049444,R2,resistor,A,B,1000,Ω,,0,,2.8799719877772763,0.002879971987777276,0.008294238650381796,0,true,true,backward_euler_step_doubling,0.00002,,0.6,,,,,,
0.14874871868049444,R3,resistor,B,0,1000,Ω,,0,,3.1200280122227237,0.0031200280122227237,0.00973457479705448,0,true,true,backward_euler_step_doubling,0.00002,,0.6,,,,,,
0.14874871868049444,R4,resistor,A,C,1000,Ω,,0,,2.1600373496303034,0.0021600373496303035,0.004665761351797906,0,true,true,backward_euler_step_doubling,0.00002,,0.6,,,,,,
0.14874871868049444,R5,resistor,C,0,2000,Ω,,0,,3.8399626503696966,0.0019199813251848483,0.007372656578117132,0,true,true,backward_euler_step_doubling,0.00002,,0.6,,,,,,
0.14874871868049444,C6,capacitor,B,C,100,µF,,0,V,-0.7199346381469729,-0.00024005602444548315,0.0001728246470941598,0.00002591529416019064,true,true,backward_euler_step_doubling,0.00002,1e-7,0.6,,,,,,
0.14946351439520378,V1,voltage,A,0,6,V,,0,,6,-0.005039765700104495,-0.03023859420062697,0,true,true,backward_euler_step_doubling,0.00002,,0.6,dc,5,10,0,50,2
0.14946351439520378,R2,resistor,A,B,1000,Ω,,0,,2.880702899686547,0.002880702899686547,0.00829844919626248,0,true,true,backward_euler_step_doubling,0.00002,,0.6,,,,,,
0.14946351439520378,R3,resistor,B,0,1000,Ω,,0,,3.119297100313453,0.003119297100313453,0.009730014400023915,0,true,true,backward_euler_step_doubling,0.00002,,0.6,,,,,,
0.14946351439520378,R4,resistor,A,C,1000,Ω,,0,,2.1590628004179475,0.0021590628004179474,0.00466155217614859,0,true,true,backward_euler_step_doubling,0.00002,,0.6,,,,,,
0.14946351439520378,R5,resistor,C,0,2000,Ω,,0,,3.8409371995820525,0.0019204685997910261,0.007376399285566609,0,true,true,backward_euler_step_doubling,0.00002,,0.6,,,,,,
0.14946351439520378,C6,capacitor,B,C,100,µF,,0,V,-0.7216400992685994,-0.00023859420062696408,0.00017217914262535449,0.000026038221643619698,true,true,backward_euler_step_doubling,0.00002,1e-7,0.6,,,,,,
0.1501844255254265,V1,voltage,A,0,6,V,,0,,6,-0.005039521487417414,-0.030237128924504482,0,true,true,backward_euler_step_doubling,0.00002,,0.6,dc,5,10,0,50,2
0.1501844255254265,R2,resistor,A,B,1000,Ω,,0,,2.8814355377478704,0.0028814355377478704,0.00830267075819636,0,true,true,backward_euler_step_doubling,0.00002,,0.6,,,,,,
0.1501844255254265,R3,resistor,B,0,1000,Ω,,0,,3.1185644622521296,0.0031185644622521297,0.009725444305221915,0,true,true,backward_euler_step_doubling,0.00002,,0.6,,,,,,
0.1501844255254265,R4,resistor,A,C,1000,Ω,,0,,2.1580859496695424,0.0021580859496695423,0.00465733496616109,0,true,true,backward_euler_step_doubling,0.00002,,0.6,,,,,,
0.1501844255254265,R5,resistor,C,0,2000,Ω,,0,,3.8419140503304576,0.0019209570251652289,0.007380151785063291,0,true,true,backward_euler_step_doubling,0.00002,,0.6,,,,,,
0.1501844255254265,C6,capacitor,B,C,100,µF,,0,V,-0.723349588078328,-0.00023712892450426887,0.00017152710986161984,0.000026161731328654342,true,true,backward_euler_step_doubling,0.00002,1e-7,0.6,,,,,,
0.15090533665564917,V1,voltage,A,0,6,V,,0,,6,-0.005039278774511194,-0.030235672647067165,0,true,true,backward_euler_step_doubling,0.00002,,0.6,dc,5,10,0,50,2
0.15090533665564917,R2,resistor,A,B,1000,Ω,,0,,2.882163676466559,0.002882163676466559,0.008306867457943233,0,true,true,backward_euler_step_doubling,0.00002,,0.6,,,,,,
0.15090533665564917,R3,resistor,B,0,1000,Ω,,0,,3.117836323533441,0.003117836323533441,0.009720903340344525,0,true,true,backward_euler_step_doubling,0.00002,,0.6,,,,,,
0.15090533665564917,R4,resistor,A,C,1000,Ω,,0,,2.157115098044635,0.002157115098044635,0.004653145546212116,0,true,true,backward_euler_step_doubling,0.00002,,0.6,,,,,,
0.15090533665564917,R5,resistor,C,0,2000,Ω,,0,,3.842884901955365,0.0019214424509776825,0.007383882184838248,0,true,true,backward_euler_step_doubling,0.00002,,0.6,,,,,,
0.15090533665564917,C6,capacitor,B,C,100,µF,,0,V,-0.7250485784219238,-0.00023567264706690475,0.00017087411772879108,0.00002628477205358263,true,true,backward_euler_step_doubling,0.00002,1e-7,0.6,,,,,,
0.15163243937693727,V1,voltage,A,0,6,V,,0,,6,-0.005039035493253678,-0.03023421295952207,0,true,true,backward_euler_step_doubling,0.00002,,0.6,dc,5,10,0,50,2
0.15163243937693727,R2,resistor,A,B,1000,Ω,,0,,2.882893520238949,0.002882893520238949,0.00831107504903572,0,true,true,backward_euler_step_doubling,0.00002,,0.6,,,,,,
0.15163243937693727,R3,resistor,B,0,1000,Ω,,0,,3.117106479761051,0.003117106479761051,0.009716352806168331,0,true,true,backward_euler_step_doubling,0.00002,,0.6,,,,,,
0.15163243937693727,R4,resistor,A,C,1000,Ω,,0,,2.1561419730147304,0.0021561419730147303,0.004648948207795854,0,true,true,backward_euler_step_doubling,0.00002,,0.6,,,,,,
0.15163243937693727,R5,resistor,C,0,2000,Ω,,0,,3.8438580269852696,0.0019219290134926347,0.0073876222658095445,0,true,true,backward_euler_step_doubling,0.00002,,0.6,,,,,,
0.15163243937693727,C6,capacitor,B,C,100,µF,,0,V,-0.7267515472242185,-0.0002342129595221186,0.00017021463071266297,0.000026408390569639776,true,true,backward_euler_step_doubling,0.00002,1e-7,0.6,,,,,,
0.15235954209822536,V1,voltage,A,0,6,V,,0,,6,-0.005038793718809264,-0.03023276231285558,0,true,true,backward_euler_step_doubling,0.00002,,0.6,dc,5,10,0,50,2
0.15235954209822536,R2,resistor,A,B,1000,Ω,,0,,2.8836188435721946,0.0028836188435721944,0.00831525763500464,0,true,true,backward_euler_step_doubling,0.00002,,0.6,,,,,,
0.15235954209822536,R3,resistor,B,0,1000,Ω,,0,,3.1163811564278054,0.0031163811564278053,0.009711831512138305,0,true,true,backward_euler_step_doubling,0.00002,,0.6,,,,,,
0.15235954209822536,R4,resistor,A,C,1000,Ω,,0,,2.1551748752370696,0.0021551748752370696,0.004644778742853119,0,true,true,backward_euler_step_doubling,0.00002,,0.6,,,,,,
0.15235954209822536,R5,resistor,C,0,2000,Ω,,0,,3.8448251247629304,0.0019224125623814653,0.007391340120004142,0,true,true,backward_euler_step_doubling,0.00002,,0.6,,,,,,
0.15235954209822536,C6,capacitor,B,C,100,µF,,0,V,-0.7284439683351249,-0.00023276231285563085,0.0001695543028554176,0.00002653153075019122,true,true,backward_euler_step_doubling,0.00002,1e-7,0.6,,,,,,
0.1530929141995378,V1,voltage,A,0,6,V,,0,,6,-0.0050385513830197804,-0.03023130829811868,0,true,true,backward_euler_step_doubling,0.00002,,0.6,dc,5,10,0,50,2
0.1530929141995378,R2,resistor,A,B,1000,Ω,,0,,2.8843458509406634,0.0028843458509406634,0.008319450987838619,0,true,true,backward_euler_step_doubling,0.00002,,0.6,,,,,,
0.1530929141995378,R3,resistor,B,0,1000,Ω,,0,,3.1156541490593366,0.0031156541490593367,0.00970730077655066,0,true,true,backward_euler_step_doubling,0.00002,,0.6,,,,,,
0.1530929141995378,R4,resistor,A,C,1000,Ω,,0,,2.1542055320791156,0.0021542055320791158,0.004640601474440266,0,true,true,backward_euler_step_doubling,0.00002,,0.6,,,,,,
0.1530929141995378,R5,resistor,C,0,2000,Ω,,0,,3.8457944679208844,0.0019228972339604422,0.007395067544745439,0,true,true,backward_euler_step_doubling,0.00002,,0.6,,,,,,
0.1530929141995378,C6,capacitor,B,C,100,µF,,0,V,-0.7301403188615478,-0.00023130829811866775,0.00016888751454368603,0.00002665524426136214,true,true,backward_euler_step_doubling,0.00002,1e-7,0.6,,,,,,
0.15382628630085024,V1,voltage,A,0,6,V,,0,,6,-0.005038310561048433,-0.030229863366290598,0,true,true,backward_euler_step_doubling,0.00002,,0.6,dc,5,10,0,50,2
0.15382628630085024,R2,resistor,A,B,1000,Ω,,0,,2.8850683168547464,0.0028850683168547466,0.00832361919291908,0,true,true,backward_euler_step_doubling,0.00002,,0.6,,,,,,
0.15382628630085024,R3,resistor,B,0,1000,Ω,,0,,3.1149316831452536,0.0031149316831452535,0.009702799390662122,0,true,true,backward_euler_step_doubling,0.00002,,0.6,,,,,,
0.15382628630085024,R4,resistor,A,C,1000,Ω,,0,,2.153242244193686,0.0021532422441936858,0.004636452162180261,0,true,true,backward_euler_step_doubling,0.00002,,0.6,,,,,,
0.15382628630085024,R5,resistor,C,0,2000,Ω,,0,,3.846757755806314,0.0019233788779031572,0.007398772615928016,0,true,true,backward_euler_step_doubling,0.00002,,0.6,,,,,,
0.15382628630085024,C6,capacitor,B,C,100,µF,,0,V,-0.7318260726610606,-0.00022986336629058095,0.00016822000460108667,0.000026778470031325595,true,true,backward_euler_step_doubling,0.00002,1e-7,0.6,,,,,,
0.1545660072300717,V1,voltage,A,0,6,V,,0,,6,-0.0050380691847110625,-0.030228415108266377,0,true,true,backward_euler_step_doubling,0.00002,,0.6,dc,5,10,0,50,2
0.1545660072300717,R2,resistor,A,B,1000,Ω,,0,,2.885792445866737,0.002885792445866737,0.008327798040621524,0,true,true,backward_euler_step_doubling,0.00002,,0.6,,,,,,
0.1545660072300717,R3,resistor,B,0,1000,Ω,,0,,3.114207554133263,0.0031142075541332626,0.009698288690220679,0,true,true,backward_euler_step_doubling,0.00002,,0.6,,,,,,
0.1545660072300717,R4,resistor,A,C,1000,Ω,,0,,2.1522767388443254,0.0021522767388443254,0.004632295160570364,0,true,true,backward_euler_step_doubling,0.00002,,0.6,,,,,,
0.1545660072300717,R5,resistor,C,0,2000,Ω,,0,,3.8477232611556746,0.0019238616305778374,0.00740248714721923,0,true,true,backward_euler_step_doubling,0.00002,,0.6,,,,,,
0.1545660072300717,C6,capacitor,B,C,100,µF,,0,V,-0.7335157070224119,-0.00022841510826652385,0.00016754606963472,0.00002690226462242944,true,true,backward_euler_step_doubling,0.00002,1e-7,0.6,,,,,,
0.1553057281592931,V1,voltage,A,0,6,V,,0,,6,-0.005037829329169419,-0.030226975975016515,0,true,true,backward_euler_step_doubling,0.00002,,0.6,dc,5,10,0,50,2
0.1553057281592931,R2,resistor,A,B,1000,Ω,,0,,2.8865120124916666,0.0028865120124916665,0.008331951598258691,0,true,true,backward_euler_step_doubling,0.00002,,0.6,,,,,,
0.1553057281592931,R3,resistor,B,0,1000,Ω,,0,,3.1134879875083334,0.0031134879875083336,0.009693807448358693,0,true,true,backward_euler_step_doubling,0.00002,,0.6,,,,,,
0.1553057281592931,R4,resistor,A,C,1000,Ω,,0,,2.151317316677752,0.002151317316677752,0.004628166197037564,0,true,true,backward_euler_step_doubling,0.00002,,0.6,,,,,,
0.1553057281592931,R5,resistor,C,0,2000,Ω,,0,,3.848682683322248,0.0019243413416611239,0.007406179198452269,0,true,true,backward_euler_step_doubling,0.00002,,0.6,,,,,,
0.1553057281592931,C6,capacitor,B,C,100,µF,,0,V,-0.7351946958139144,-0.00022697597501664276,0.0001668715329094273,0.000027025562037645702,true,true,backward_euler_step_doubling,0.00002,1e-7,0.6,,,,,,
0.15605187907004814,V1,voltage,A,0,6,V,,0,,6,-0.0050375889262135095,-0.030225533557281057,0,true,true,backward_euler_step_doubling,0.00002,,0.6,dc,5,10,0,50,2
0.15605187907004814,R2,resistor,A,B,1000,Ω,,0,,2.887233221359567,0.002887233221359567,0.008336115674522342,0,true,true,backward_euler_step_doubling,0.00002,,0.6,,,,,,
0.15605187907004814,R3,resistor,B,0,1000,Ω,,0,,3.112766778640433,0.0031127667786404333,0.009689317018207539,0,true,true,backward_euler_step_doubling,0.00002,,0.6,,,,,,
0.15605187907004814,R4,resistor,A,C,1000,Ω,,0,,2.150355704853943,0.002150355704853943,0.004624029657397898,0,true,true,backward_euler_step_doubling,0.00002,,0.6,,,,,,
0.15605187907004814,R5,resistor,C,0,2000,Ω,,0,,3.849644295146057,0.0019248221475730285,0.007409880599575291,0,true,true,backward_euler_step_doubling,0.00002,,0.6,,,,,,
0.15605187907004814,C6,capacitor,B,C,100,µF,,0,V,-0.7368775165056238,-0.00022553355728087226,0.000166190607577808,0.000027149423716574794,true,true,backward_euler_step_doubling,0.00002,1e-7,0.6,,,,,,
0.15679802998080317,V1,voltage,A,0,6,V,,0,,6,-0.005037350051002893,-0.03022410030601736,0,true,true,backward_euler_step_doubling,0.00002,,0.6,dc,5,10,0,50,2
0.15679802998080317,R2,resistor,A,B,1000,Ω,,0,,2.8879498469914346,0.002887949846991435,0.00834025431873785,0,true,true,backward_euler_step_doubling,0.00002,,0.6,,,,,,
0.15679802998080317,R3,resistor,B,0,1000,Ω,,0,,3.1120501530085654,0.0031120501530085653,0.009684856154840635,0,true,true,backward_euler_step_doubling,0.00002,,0.6,,,,,,
0.15679802998080317,R4,resistor,A,C,1000,Ω,,0,,2.1494002040114593,0.0021494002040114593,0.004619921237004503,0,true,true,backward_euler_step_doubling,0.00002,,0.6,,,,,,
0.15679802998080317,R5,resistor,C,0,2000,Ω,,0,,3.8505997959885407,0.0019252998979942704,0.0074135593944334955,0,true,true,backward_euler_step_doubling,0.00002,,0.6,,,,,,
0.15679802998080317,C6,capacitor,B,C,100,µF,,0,V,-0.7385496429799754,-0.00022410030601712112,0.00016550920100064803,0.000027272778757292453,true,true,backward_euler_step_doubling,0.00002,1e-7,0.6,,,,,,
0.15755069378115544,V1,voltage,A,0,6,V,,0,,6,-0.005037110635301732,-0.030222663811810394,0,true,true,backward_euler_step_doubling,0.00002,,0.6,dc,5,10,0,50,2
0.15755069378115544,R2,resistor,A,B,1000,Ω,,0,,2.888668094094845,0.002888668094094845,0.008344403357841543,0,true,true,backward_euler_step_doubling,0.00002,,0.6,,,,,,
0.15755069378115544,R3,resistor,B,0,1000,Ω,,0,,3.111331905905155,0.0031113319059051553,0.009680386228703406,0,true,true,backward_euler_step_doubling,0.00002,,0.6,,,,,,
0.15755069378115544,R4,resistor,A,C,1000,Ω,,0,,2.148442541206889,0.0021484425412068887,0.004615805352867514,0,true,true,backward_euler_step_doubling,0.00002,,0.6,,,,,,
0.15755069378115544,R5,resistor,C,0,2000,Ω,,0,,3.851557458793111,0.0019257787293965557,0.007417247429192425,0,true,true,backward_euler_step_doubling,0.00002,,0.6,,,,,,
0.15755069378115544,C6,capacitor,B,C,100,µF,,0,V,-0.740225552887956,-0.00022266381181029288,0.00016482144320541383,0.000027396693457414006,true,true,backward_euler_step_doubling,0.00002,1e-7,0.6,,,,,,
0.15830335758150774,V1,voltage,A,0,6,V,,0,,6,-0.0050368727542672515,-0.03022123652560351,0,true,true,backward_euler_step_doubling,0.00002,,0.6,dc,5,10,0,50,2
0.15830335758150774,R2,resistor,A,B,1000,Ω,,0,,2.889381737198291,0.002889381737198291,0.008348526823255015,0,true,true,backward_euler_step_doubling,0.00002,,0.6,,,,,,
0.15830335758150774,R3,resistor,B,0,1000,Ω,,0,,3.110618262801709,0.003110618262801709,0.009675945976875521,0,true,true,backward_euler_step_doubling,0.00002,,0.6,,,,,,
0.15830335758150774,R4,resistor,A,C,1000,Ω,,0,,2.147491017068961,0.002147491017068961,0.0046117176683918805,0,true,true,backward_euler_step_doubling,0.00002,,0.6,,,,,,
0.15830335758150774,R5,resistor,C,0,2000,Ω,,0,,3.852508982931039,0.0019262544914655196,0.007420912731782175,0,true,true,backward_euler_step_doubling,0.00002,,0.6,,,,,,
0.15830335758150774,C6,capacitor,B,C,100,µF,,0,V,-0.7418907201293301,-0.00022123652560342705,0.00016413332529883746,0.000027520092030700796,true,true,backward_euler_step_doubling,0.00002,1e-7,0.6,,,,,,
0.15906261898416899,V1,voltage,A,0,6,V,,0,,6,-0.005036634339637823,-0.030219806037826938,0,true,true,backward_euler_step_doubling,0.00002,,0.6,dc,5,10,0,50,2
0.15906261898416899,R2,resistor,A,B,1000,Ω,,0,,2.890096981086545,0.0028900969810865453,0.008352660560085563,0,true,true,backward_euler_step_doubling,0.00002,,0.6,,,,,,
0.15906261898416899,R3,resistor,B,0,1000,Ω,,0,,3.109903018913455,0.003109903018913455,0.00967149678704702,0,true,true,backward_euler_step_doubling,0.00002,,0.6,,,,,,
0.15906261898416899,R4,resistor,A,C,1000,Ω,,0,,2.1465373585512766,0.002146537358551277,0.004607622631656292,0,true,true,backward_euler_step_doubling,0.00002,,0.6,,,,,,
0.15906261898416899,R5,resistor,C,0,2000,Ω,,0,,3.8534626414487234,0.0019267313207243617,0.0074245871645204865,0,true,true,backward_euler_step_doubling,0.00002,,0.6,,,,,,
0.15906261898416899,C6,capacitor,B,C,100,µF,,0,V,-0.7435596225352685,-0.00021980603782687175,0.0001634388945175217,0.00002764404561323955,true,true,backward_euler_step_doubling,0.00002,1e-7,0.6,,,,,,
0.15982188038683023,V1,voltage,A,0,6,V,,0,,6,-0.005036397466567661,-0.030218384799405966,0,true,true,backward_euler_step_doubling,0.00002,,0.6,dc,5,10,0,50,2
0.15982188038683023,R2,resistor,A,B,1000,Ω,,0,,2.8908076002970486,0.0028908076002970486,0.008356768581935181,0,true,true,backward_euler_step_doubling,0.00002,,0.6,,,,,,
0.15982188038683023,R3,resistor,B,0,1000,Ω,,0,,3.1091923997029514,0.0031091923997029515,0.009667077378370598,0,true,true,backward_euler_step_doubling,0.00002,,0.6,,,,,,
0.15982188038683023,R4,resistor,A,C,1000,Ω,,0,,2.145589866270612,0.002145589866270612,0.004603555874243142,0,true,true,backward_euler_step_doubling,0.00002,,0.6,,,,,,
0.15982188038683023,R5,resistor,C,0,2000,Ω,,0,,3.854410133729388,0.001927205066864694,0.0074282387394979,0,true,true,backward_euler_step_doubling,0.00002,,0.6,,,,,,
0.15982188038683023,C6,capacitor,B,C,100,µF,,0,V,-0.7452177340264368,-0.00021838479940590577,0.00016274422535908704,0.000027767473555374852,true,true,backward_euler_step_doubling,0.00002,1e-7,0.6,,,,,,
0.16058782596156065,V1,voltage,A,0,6,V,,0,,6,-0.005036160066769459,-0.030216960400616756,0,true,true,backward_euler_step_doubling,0.00002,,0.6,dc,5,10,0,50,2
0.16058782596156065,R2,resistor,A,B,1000,Ω,,0,,2.8915197996916686,0.0028915197996916687,0.008360886752008948,0,true,true,backward_euler_step_doubling,0.00002,,0.6,,,,,,
0.16058782596156065,R3,resistor,B,0,1000,Ω,,0,,3.1084802003083314,0.0031084802003083314,0.009662649155708924,0,true,true,backward_euler_step_doubling,0.00002,,0.6,,,,,,
0.16058782596156065,R4,resistor,A,C,1000,Ω,,0,,2.144640267077791,0.002144640267077791,0.0045994818751714985,0,true,true,backward_euler_step_doubling,0.00002,,0.6,,,,,,
0.16058782596156065,R5,resistor,C,0,2000,Ω,,0,,3.855359732922209,0.0019276798664611045,0.007431899335119003,0,true,true,backward_euler_step_doubling,0.00002,,0.6,,,,,,
0.16058782596156065,C6,capacitor,B,C,100,µF,,0,V,-0.7468795326138777,-0.00021696040061669637,0.00016204328260831786,0.00002789145181187622,true,true,backward_euler_step_doubling,0.00002,1e-7,0.6,,,,,,
0.16135377153629107,V1,voltage,A,0,6,V,,0,,6,-0.0050359242153939715,-0.03021554529236383,0,true,true,backward_euler_step_doubling,0.00002,,0.6,dc,5,10,0,50,2
0.16135377153629107,R2,resistor,A,B,1000,Ω,,0,,2.8922273538181242,0.0028922273538181244,0.00836497906617379,0,true,true,backward_euler_step_doubling,0.00002,,0.6,,,,,,
0.16135377153629107,R3,resistor,B,0,1000,Ω,,0,,3.1077726461818758,0.0031077726461818758,0.009658250820356299,0,true,true,backward_euler_step_doubling,0.00002,,0.6,,,,,,
0.16135377153629107,R4,resistor,A,C,1000,Ω,,0,,2.143696861575847,0.0021436968615758467,0.004595436234330136,0,true,true,backward_euler_step_doubling,0.00002,,0.6,,,,,,
0.16135377153629107,R5,resistor,C,0,2000,Ω,,0,,3.856303138424153,0.0019281515692120765,0.007435536947709986,0,true,true,backward_euler_step_doubling,0.00002,,0.6,,,,,,
0.16135377153629107,C6,capacitor,B,C,100,µF,,0,V,-0.7485304922422773,-0.00021554529236370728,0.0001613422237935114,0.000028014894890823292,true,true,backward_euler_step_doubling,0.00002,1e-7,0.6,,,,,,
0.1621264897638352,V1,voltage,A,0,6,V,,0,,6,-0.005035687844128288,-0.030214127064769725,0,true,true,backward_euler_step_doubling,0.00002,,0.6,dc,5,10,0,50,2
0.1621264897638352,R2,resistor,A,B,1000,Ω,,0,,2.892936467615073,0.002892936467615073,0.008369081405657177,0,true,true,backward_euler_step_doubling,0.00002,,0.6,,,,,,
0.1621264897638352,R3,resistor,B,0,1000,Ω,,0,,3.107063532384927,0.003107063532384927,0.0096538437942763,0,true,true,backward_euler_step_doubling,0.00002,,0.6,,,,,,
0.1621264897638352,R4,resistor,A,C,1000,Ω,,0,,2.142751376513214,0.002142751376513214,0.004591383461549273,0,true,true,backward_euler_step_doubling,0.00002,,0.6,,,,,,
0.1621264897638352,R5,resistor,C,0,2000,Ω,,0,,3.857248623486786,0.001928624311743393,0.007439183471695352,0,true,true,backward_euler_step_doubling,0.00002,,0.6,,,,,,
0.1621264897638352,C6,capacitor,B,C,100,µF,,0,V,-0.750185091101859,-0.00021412706476984014,0.0001606349315917362,0.000028138883545575225,true,true,backward_euler_step_doubling,0.00002,1e-7,0.6,,,,,,
0.1628992079913793,V1,voltage,A,0,6,V,,0,,6,-0.005035453028119289,-0.030212718168715732,0,true,true,backward_euler_step_doubling,0.00002,,0.6,dc,5,10,0,50,2
0.1628992079913793,R2,resistor,A,B,1000,Ω,,0,,2.893640915642056,0.002893640915642056,0.008373157748677796,0,true,true,backward_euler_step_doubling,0.00002,,0.6,,,,,,
0.1628992079913793,R3,resistor,B,0,1000,Ω,,0,,3.106359084357944,0.003106359084357944,0.009649466760973125,0,true,true,backward_euler_step_doubling,0.00002,,0.6,,,,,,
0.1628992079913793,R4,resistor,A,C,1000,Ω,,0,,2.1418121124772314,0.0021418121124772314,0.0045873591251541805,0,true,true,backward_euler_step_doubling,0.00002,,0.6,,,,,,
0.1628992079913793,R5,resistor,C,0,2000,Ω,,0,,3.8581878875227686,0.0019290939437613844,0.007442806887713702,0,true,true,backward_euler_step_doubling,0.00002,,0.6,,,,,,
0.1628992079913793,C6,capacitor,B,C,100,µF,,0,V,-0.7518288031648246,-0.00021271816871586637,0.00015992764619706304,0.000028262327463412626,true,true,backward_euler_step_doubling,0.00002,1e-7,0.6,,,,,,
0.16367878931957824,V1,voltage,A,0,6,V,,0,,6,-0.005035217699028584,-0.030211306194171506,0,true,true,backward_euler_step_doubling,0.00002,,0.6,dc,5,10,0,50,2
0.16367878931957824,R2,resistor,A,B,1000,Ω,,0,,2.894346902914248,0.002894346902914248,0.0083772439944093,0,true,true,backward_euler_step_doubling,0.00002,,0.6,,,,,,
0.16367878931957824,R3,resistor,B,0,1000,Ω,,0,,3.105653097085752,0.003105653097085752,0.009645081159438323,0,true,true,backward_euler_step_doubling,0.00002,,0.6,,,,,,
0.16367878931957824,R4,resistor,A,C,1000,Ω,,0,,2.1408707961143345,0.0021408707961143346,0.004583327765655225,0,true,true,backward_euler_step_doubling,0.00002,,0.6,,,,,,
0.16367878931957824,R5,resistor,C,0,2000,Ω,,0,,3.8591292038856655,0.0019295646019428328,0.007446439106141605,0,true,true,backward_euler_step_doubling,0.00002,,0.6,,,,,,
0.16367878931957824,C6,capacitor,B,C,100,µF,,0,V,-0.7534761067999134,-0.0002113061941714986,0.00015921416852704732,0.000028386312175917724,true,true,backward_euler_step_doubling,0.00002,1e-7,0.6,,,,,,
0.16445837064777719,V1,voltage,A,0,6,V,,0,,6,-0.005034983931998532,-0.030209903591991192,0,true,true,backward_euler_step_doubling,0.00002,,0.6,dc,5,10,0,50,2
0.16445837064777719,R2,resistor,A,B,1000,Ω,,0,,2.895048204004413,0.002895048204004413,0.008381304103509178,0,true,true,backward_euler_step_doubling,0.00002,,0.6,,,,,,
0.16445837064777719,R3,resistor,B,0,1000,Ω,,0,,3.104951795995587,0.003104951795995587,0.009640725655456222,0,true,true,backward_euler_step_doubling,0.00002,,0.6,,,,,,
0.16445837064777719,R4,resistor,A,C,1000,Ω,,0,,2.1399357279941174,0.002139935727994117,0.0045793249199457126,0,true,true,backward_euler_step_doubling,0.00002,,0.6,,,,,,
0.16445837064777719,R5,resistor,C,0,2000,Ω,,0,,3.8600642720058826,0.0019300321360029413,0.007450048092008152,0,true,true,backward_euler_step_doubling,0.00002,,0.6,,,,,,
0.16445837064777719,C6,capacitor,B,C,100,µF,,0,V,-0.7551124760102956,-0.00020990359199119402,0.00015850082107192538,0.00002850974257131996,true,true,backward_euler_step_doubling,0.00002,1e-7,0.6,,,,,,
0.16524490754979443,V1,voltage,A,0,6,V,,0,,6,-0.005034749658665343,-0.030208497951992055,0,true,true,backward_euler_step_doubling,0.00002,,0.6,dc,5,10,0,50,2
0.16524490754979443,R2,resistor,A,B,1000,Ω,,0,,2.8957510240040025,0.0028957510240040026,0.00838537399302023,0,true,true,backward_euler_step_doubling,0.00002,,0.6,,,,,,
0.16524490754979443,R3,resistor,B,0,1000,Ω,,0,,3.1042489759959975,0.0031042489759959976,0.0096363617049722,0,true,true,backward_euler_step_doubling,0.00002,,0.6,,,,,,
0.16524490754979443,R4,resistor,A,C,1000,Ω,,0,,2.1389986346613394,0.0021389986346613396,0.004575315159083075,0,true,true,backward_euler_step_doubling,0.00002,,0.6,,,,,,
0.16524490754979443,R5,resistor,C,0,2000,Ω,,0,,3.8610013653386606,0.0019305006826693303,0.0074536657715735,0,true,true,backward_euler_step_doubling,0.00002,,0.6,,,,,,
0.16524490754979443,C6,capacitor,B,C,100,µF,,0,V,-0.7567523893426631,-0.00020849795199201973,0.00015778132334301278,0.000028633708938791476,true,true,backward_euler_step_doubling,0.00002,1e-7,0.6,,,,,,
0.1660314444518117,V1,voltage,A,0,6,V,,0,,6,-0.005034516954166512,-0.030207101724999068,0,true,true,backward_euler_step_doubling,0.00002,,0.6,dc,5,10,0,50,2
0.1660314444518117,R2,resistor,A,B,1000,Ω,,0,,2.8964491375005035,0.0028964491375005033,0.00838941760612741,0,true,true,backward_euler_step_doubling,0.00002,,0.6,,,,,,
0.1660314444518117,R3,resistor,B,0,1000,Ω,,0,,3.1035508624994965,0.0031035508624994964,0.009632027956121367,0,true,true,backward_euler_step_doubling,0.00002,,0.6,,,,,,
0.1660314444518117,R4,resistor,A,C,1000,Ω,,0,,2.138067816666009,0.002138067816666009,0.004571333988662955,0,true,true,backward_euler_step_doubling,0.00002,,0.6,,,,,,
0.1660314444518117,R5,resistor,C,0,2000,Ω,,0,,3.861932183333991,0.0019309660916669955,0.007457260094335423,0,true,true,backward_euler_step_doubling,0.00002,,0.6,,,,,,
0.1660314444518117,C6,capacitor,B,C,100,µF,,0,V,-0.7583813208344945,-0.00020710172499899685,0.0001570620797518415,0.000028757111389533623,true,true,backward_euler_step_doubling,0.00002,1e-7,0.6,,,,,,
0.16682503148640773,V1,voltage,A,0,6,V,,0,,6,-0.005034283750112891,-0.030205702500677344,0,true,true,backward_euler_step_doubling,0.00002,,0.6,dc,5,10,0,50,2
0.16682503148640773,R2,resistor,A,B,1000,Ω,,0,,2.8971487496613006,0.0028971487496613005,0.008393470877664037,0,true,true,backward_euler_step_doubling,0.00002,,0.6,,,,,,
0.16682503148640773,R3,resistor,B,0,1000,Ω,,0,,3.1028512503386994,0.003102851250338699,0.00962768588172843,0,true,true,backward_euler_step_doubling,0.00002,,0.6,,,,,,
0.16682503148640773,R4,resistor,A,C,1000,Ω,,0,,2.1371350004515905,0.0021371350004515907,0.00456734601015522,0,true,true,backward_euler_step_doubling,0.00002,,0.6,,,,,,
0.16682503148640773,R5,resistor,C,0,2000,Ω,,0,,3.8628649995484095,0.0019314324997742047,0.0074608630023680666,0,true,true,backward_euler_step_doubling,0.00002,,0.6,,,,,,
0.16682503148640773,C6,capacitor,B,C,100,µF,,0,V,-0.7600137492097101,-0.00020570250067739206,0.00015633672876163768,0.00002888104494939,true,true,backward_euler_step_doubling,0.00002,1e-7,0.6,,,,,,
0.16761861852100376,V1,voltage,A,0,6,V,,0,,6,-0.005034052121636625,-0.03020431272981975,0,true,true,backward_euler_step_doubling,0.00002,,0.6,dc,5,10,0,50,2
0.16761861852100376,R2,resistor,A,B,1000,Ω,,0,,2.8978436350901076,0.0028978436350901074,0.008397497733432248,0,true,true,backward_euler_step_doubling,0.00002,,0.6,,,,,,
0.16761861852100376,R3,resistor,B,0,1000,Ω,,0,,3.1021563649098924,0.0031021563649098922,0.009623374112350957,0,true,true,backward_euler_step_doubling,0.00002,,0.6,,,,,,
0.16761861852100376,R4,resistor,A,C,1000,Ω,,0,,2.1362084865465185,0.0021362084865465185,0.004563386697993367,0,true,true,backward_euler_step_doubling,0.00002,,0.6,,,,,,
0.16761861852100376,R5,resistor,C,0,2000,Ω,,0,,3.8637915134534815,0.0019318957567267408,0.007464442429717573,0,true,true,backward_euler_step_doubling,0.00002,,0.6,,,,,,
0.16761861852100376,C6,capacitor,B,C,100,µF,,0,V,-0.761635148543589,-0.00020431272981977387,0.00015561175632562965,0.000029004404974850748,true,true,backward_euler_step_doubling,0.00002,1e-7,0.6,,,,,,
0.16841935239513578,V1,voltage,A,0,6,V,,0,,6,-0.005033820000323356,-0.030202920001940137,0,true,true,backward_euler_step_doubling,0.00002,,0.6,dc,5,10,0,50,2
0.16841935239513578,R2,resistor,A,B,1000,Ω,,0,,2.8985399990299343,0.002898539999029934,0.008401534125976452,0,true,true,backward_euler_step_doubling,0.00002,,0.6,,,,,,
0.16841935239513578,R3,resistor,B,0,1000,Ω,,0,,3.1014600009700657,0.0031014600009700655,0.009619054137617239,0,true,true,backward_euler_step_doubling,0.00002,,0.6,,,,,,
0.16841935239513578,R4,resistor,A,C,1000,Ω,,0,,2.135280001293421,0.0021352800012934214,0.004559420683923633,0,true,true,backward_euler_step_doubling,0.00002,,0.6,,,,,,
0.16841935239513578,R5,resistor,C,0,2000,Ω,,0,,3.864719998706579,0.0019323599993532894,0.0074680303342012895,0,true,true,backward_euler_step_doubling,0.00002,,0.6,,,,,,
0.16841935239513578,C6,capacitor,B,C,100,µF,,0,V,-0.7632599977365131,-0.00020292000194014438,0.00015488072022152782,0.000029128291207237096,true,true,backward_euler_step_doubling,0.00002,1e-7,0.6,,,,,,
0.16922008626926777,V1,voltage,A,0,6,V,,0,,6,-0.0050335894612992885,-0.03020153676779573,0,true,true,backward_euler_step_doubling,0.00002,,0.6,dc,5,10,0,50,2
0.16922008626926777,R2,resistor,A,B,1000,Ω,,0,,2.8992316161021865,0.0028992316161021866,0.008405543963806496,0,true,true,backward_euler_step_doubling,0.00002,,0.6,,,,,,
0.16922008626926777,R3,resistor,B,0,1000,Ω,,0,,3.1007683838978135,0.0031007683838978136,0.009614764570580258,0,true,true,backward_euler_step_doubling,0.00002,,0.6,,,,,,
0.16922008626926777,R4,resistor,A,C,1000,Ω,,0,,2.1343578451971026,0.0021343578451971028,0.004555483411354419,0,true,true,backward_euler_step_doubling,0.00002,,0.6,,,,,,
0.16922008626926777,R5,resistor,C,0,2000,Ω,,0,,3.8656421548028974,0.0019328210774014487,0.007471594634494594,0,true,true,backward_euler_step_doubling,0.00002,,0.6,,,,,,
0.16922008626926777,C6,capacitor,B,C,100,µF,,0,V,-0.7648737709050839,-0.00020153676779568572,0.00015415018755990842,0.000029251594270928137,true,true,backward_euler_step_doubling,0.00002,1e-7,0.6,,,,,,
0.17002806590307223,V1,voltage,A,0,6,V,,0,,6,-0.005033358436124981,-0.030200150616749882,0,true,true,backward_euler_step_doubling,0.00002,,0.6,dc,5,10,0,50,2
0.17002806590307223,R2,resistor,A,B,1000,Ω,,0,,2.899924691625168,0.002899924691625168,0.008409563217097326,0,true,true,backward_euler_step_doubling,0.00002,,0.6,,,,,,
0.17002806590307223,R3,resistor,B,0,1000,Ω,,0,,3.100075308374832,0.0031000753083748316,0.009610466917595309,0,true,true,backward_euler_step_doubling,0.00002,,0.6,,,,,,
0.17002806590307223,R4,resistor,A,C,1000,Ω,,0,,2.1334337444998126,0.0021334337444998126,0.004551539542170492,0,true,true,backward_euler_step_doubling,0.00002,,0.6,,,,,,
0.17002806590307223,R5,resistor,C,0,2000,Ω,,0,,3.8665662555001874,0.0019332831277500938,0.00747516730408637,0,true,true,backward_euler_step_doubling,0.00002,,0.6,,,,,,
0.17002806590307223,C6,capacitor,B,C,100,µF,,0,V,-0.7664909471253556,-0.00020015061674970967,0.00015341363580020903,0.00002937541860125623,true,true,backward_euler_step_doubling,0.00002,1e-7,0.6,,,,,,
0.1708360455368767,V1,voltage,A,0,6,V,,0,,6,-0.005033128999920208,-0.03019877399952125,0,true,true,backward_euler_step_doubling,0.00002,,0.6,dc,5,10,0,50,2
0.1708360455368767,R2,resistor,A,B,1000,Ω,,0,,2.9006130002394954,0.0029006130002394953,0.008413555777158367,0,true,true,backward_euler_step_doubling,0.00002,,0.6,,,,,,
0.1708360455368767,R3,resistor,B,0,1000,Ω,,0,,3.0993869997605046,0.0030993869997605044,0.00960619977428442,0,true,true,backward_euler_step_doubling,0.00002,,0.6,,,,,,
0.1708360455368767,R4,resistor,A,C,1000,Ω,,0,,2.1325159996807113,0.0021325159996807112,0.004547624488894223,0,true,true,backward_euler_step_doubling,0.00002,,0.6,,,,,,
0.1708360455368767,R5,resistor,C,0,2000,Ω,,0,,3.8674840003192887,0.0019337420001596444,0.007478716246362844,0,true,true,backward_euler_step_doubling,0.00002,,0.6,,,,,,
0.1708360455368767,C6,capacitor,B,C,100,µF,,0,V,-0.7680970005587842,-0.00019877399952103675,0.00015267771282118152,0.00002949865011337004,true,true,backward_euler_step_doubling,0.00002,1e-7,0.6,,,,,,
0.17165137213114484,V1,voltage,A,0,6,V,,0,,6,-0.005032899084220565,-0.03019739450532339,0,true,true,backward_euler_step_doubling,0.00002,,0.6,dc,5,10,0,50,2
0.17165137213114484,R2,resistor,A,B,1000,Ω,,0,,2.9013027473384354,0.002901302747338435,0.008417557631713552,0,true,true,backward_euler_step_doubling,0.00002,,0.6,,,,,,
0.17165137213114484,R3,resistor,B,0,1000,Ω,,0,,3.0986972526615646,0.0030986972526615645,0.009601924663652329,0,true,true,backward_euler_step_doubling,0.00002,,0.6,,,,,,
0.17165137213114484,R4,resistor,A,C,1000,Ω,,0,,2.1315963368821276,0.0021315963368821276,0.004543702943409305,0,true,true,backward_euler_step_doubling,0.00002,,0.6,,,,,,
0.17165137213114484,R5,resistor,C,0,2000,Ω,,0,,3.8684036631178724,0.0019342018315589363,0.007482273450411887,0,true,true,backward_euler_step_doubling,0.00002,,0.6,,,,,,
0.17165137213114484,C6,capacitor,B,C,100,µF,,0,V,-0.7697064104563078,-0.00019739450532315231,0.00015193581613608212,0.00002962239791487671,true,true,backward_euler_step_doubling,0.00002,1e-7,0.6,,,,,,
0.17246669872541295,V1,voltage,A,0,6,V,,0,,6,-0.005032670764138916,-0.030196024584833496,0,true,true,backward_euler_step_doubling,0.00002,,0.6,dc,5,10,0,50,2
0.17246669872541295,R2,resistor,A,B,1000,Ω,,0,,2.9019877075833365,0.0029019877075833365,0.008421532654964788,0,true,true,backward_euler_step_doubling,0.00002,,0.6,,,,,,
0.17246669872541295,R3,resistor,B,0,1000,Ω,,0,,3.0980122924166635,0.0030980122924166636,0.00959768016396475,0,true,true,backward_euler_step_doubling,0.00002,,0.6,,,,,,
0.17246669872541295,R4,resistor,A,C,1000,Ω,,0,,2.1306830565555788,0.0021306830565555788,0.004539810287493023,0,true,true,backward_euler_step_doubling,0.00002,,0.6,,,,,,
0.17246669872541295,R5,resistor,C,0,2000,Ω,,0,,3.8693169434444212,0.0019346584717222107,0.00748580680441304,0,true,true,backward_euler_step_doubling,0.00002,,0.6,,,,,,
0.17246669872541295,C6,capacitor,B,C,100,µF,,0,V,-0.7713046510277577,-0.00019602458483333458,0.0001511946739977362,0.000029745543234852552,true,true,backward_euler_step_doubling,0.00002,1e-7,0.6,,,,,,
0.173289475831624,V1,voltage,A,0,6,V,,0,,6,-0.005032441971185993,-0.03019465182711596,0,true,true,backward_euler_step_doubling,0.00002,,0.6,dc,5,10,0,50,2
0.173289475831624,R2,resistor,A,B,1000,Ω,,0,,2.902674086442041,0.0029026740864420406,0.008425516852102136,0,true,true,backward_euler_step_doubling,0.00002,,0.6,,,,,,
0.173289475831624,R3,resistor,B,0,1000,Ω,,0,,3.097325913557959,0.003097325913557959,0.009593427814797646,0,true,true,backward_euler_step_doubling,0.00002,,0.6,,,,,,
0.173289475831624,R4,resistor,A,C,1000,Ω,,0,,2.1297678847439516,0.0021297678847439516,0.004535911242886726,0,true,true,backward_euler_step_doubling,0.00002,,0.6,,,,,,
0.173289475831624,R5,resistor,C,0,2000,Ω,,0,,3.8702321152560484,0.0019351160576280243,0.007489348312979653,0,true,true,backward_euler_step_doubling,0.00002,,0.6,,,,,,
0.173289475831624,C6,capacitor,B,C,100,µF,,0,V,-0.7729062016980892,-0.00019465182711594952,0.00015044760434978168,0.000029869199831168365,true,true,backward_euler_step_doubling,0.00002,1e-7,0.6,,,,,,
0.17411225293783503,V1,voltage,A,0,6,V,,0,,6,-0.0050322147804672795,-0.030193288682803677,0,true,true,backward_euler_step_doubling,0.00002,,0.6,dc,5,10,0,50,2
0.17411225293783503,R2,resistor,A,B,1000,Ω,,0,,2.903355658598187,0.002903355658598187,0.008429474080314112,0,true,true,backward_euler_step_doubling,0.00002,,0.6,,,,,,
0.17411225293783503,R3,resistor,B,0,1000,Ω,,0,,3.096644341401813,0.003096644341401813,0.009589206177135868,0,true,true,backward_euler_step_doubling,0.00002,,0.6,,,,,,
0.17411225293783503,R4,resistor,A,C,1000,Ω,,0,,2.1288591218690924,0.0021288591218690924,0.004532041160765243,0,true,true,backward_euler_step_doubling,0.00002,,0.6,,,,,,
0.17411225293783503,R5,resistor,C,0,2000,Ω,,0,,3.8711408781309076,0.0019355704390654539,0.007492865849168067,0,true,true,backward_euler_step_doubling,0.00002,,0.6,,,,,,
0.17411225293783503,C6,capacitor,B,C,100,µF,,0,V,-0.7744965367290946,-0.0001932886828036575,0.00014970141542036125,0.000029992244270268082,true,true,backward_euler_step_doubling,0.00002,1e-7,0.6,,,,,,
0.1749425865308492,V1,voltage,A,0,6,V,,0,,6,-0.005031987123468772,-0.03019192274081263,0,true,true,backward_euler_step_doubling,0.00002,,0.6,dc,5,10,0,50,2
0.1749425865308492,R2,resistor,A,B,1000,Ω,,0,,2.904038629593733,0.002904038629593733,0.008433440362172646,0,true,true,backward_euler_step_doubling,0.00002,,0.6,,,,,,
0.1749425865308492,R3,resistor,B,0,1000,Ω,,0,,3.095961370406267,0.003095961370406267,0.00958497680704785,0,true,true,backward_euler_step_doubling,0.00002,,0.6,,,,,,
0.1749425865308492,R4,resistor,A,C,1000,Ω,,0,,2.127948493875038,0.0021279484938750383,0.004528164792585044,0,true,true,backward_euler_step_doubling,0.00002,,0.6,,,,,,
0.1749425865308492,R5,resistor,C,0,2000,Ω,,0,,3.872051506124962,0.001936025753062481,0.007496391433042293,0,true,true,backward_euler_step_doubling,0.00002,,0.6,,,,,,
0.1749425865308492,C6,capacitor,B,C,100,µF,,0,V,-0.7760901357186949,-0.0001919227408125746,0.00014894934596473494,0.00003011579493799311,true,true,backward_euler_step_doubling,0.00002,1e-7,0.6,,,,,,
0.17577292012386336,V1,voltage,A,0,6,V,,0,,6,-0.00503176107528795,-0.030190566451727702,0,true,true,backward_euler_step_doubling,0.00002,,0.6,dc,5,10,0,50,2
0.17577292012386336,R2,resistor,A,B,1000,Ω,,0,,2.9047167741361775,0.0029047167741361774,0.00843737953794808,0,true,true,backward_euler_step_doubling,0.00002,,0.6,,,,,,
0.17577292012386336,R3,resistor,B,0,1000,Ω,,0,,3.0952832258638225,0.0030952832258638223,0.00958077824831395,0,true,true,backward_euler_step_doubling,0.00002,,0.6,,,,,,
0.17577292012386336,R4,resistor,A,C,1000,Ω,,0,,2.1270443011517726,0.0021270443011517726,0.004524317459062233,0,true,true,backward_euler_step_doubling,0.00002,,0.6,,,,,,
0.17577292012386336,R5,resistor,C,0,2000,Ω,,0,,3.8729556988482274,0.0019364778494241138,0.007499892922620481,0,true,true,backward_euler_step_doubling,0.00002,,0.6,,,,,,
0.17577292012386336,C6,capacitor,B,C,100,µF,,0,V,-0.7776724729844049,-0.00019056645172767315,0.0001481982837829228,0.000030238723761883993,true,true,backward_euler_step_doubling,0.00002,1e-7,0.6,,,,,,
0.17661091867764867,V1,voltage,A,0,6,V,,0,,6,-0.005031534567386252,-0.030189207404317513,0,true,true,backward_euler_step_doubling,0.00002,,0.6,dc,5,10,0,50,2
0.17661091867764867,R2,resistor,A,B,1000,Ω,,0,,2.9053962978412455,0.0029053962978412454,0.008441327647509616,0,true,true,backward_euler_step_doubling,0.00002,,0.6,,,,,,
0.17661091867764867,R3,resistor,B,0,1000,Ω,,0,,3.0946037021587545,0.0030946037021587543,0.009576572073414669,0,true,true,backward_euler_step_doubling,0.00002,,0.6,,,,,,
0.17661091867764867,R4,resistor,A,C,1000,Ω,,0,,2.126138269545005,0.002126138269545005,0.004520463941223829,0,true,true,backward_euler_step_doubling,0.00002,,0.6,,,,,,
0.17661091867764867,R5,resistor,C,0,2000,Ω,,0,,3.873861730454995,0.0019369308652274974,0.007503402353341884,0,true,true,backward_euler_step_doubling,0.00002,,0.6,,,,,,
0.17661091867764867,C6,capacitor,B,C,100,µF,,0,V,-0.7792580282962405,-0.0001892074043175225,0.00014744138882752215,0.000030362153733207213,true,true,backward_euler_step_doubling,0.00002,1e-7,0.6,,,,,,
0.177448917231434,V1,voltage,A,0,6,V,,0,,6,-0.005031309674852711,-0.030187858049116268,0,true,true,backward_euler_step_doubling,0.00002,,0.6,dc,5,10,0,50,2
0.177448917231434,R2,resistor,A,B,1000,Ω,,0,,2.9060709754418577,0.0029060709754418577,0.00844524851430559,0,true,true,backward_euler_step_doubling,0.00002,,0.6,,,,,,
0.177448917231434,R3,resistor,B,0,1000,Ω,,0,,3.0939290245581423,0.0030939290245581424,0.009572396809003299,0,true,true,backward_euler_step_doubling,0.00002,,0.6,,,,,,
0.177448917231434,R4,resistor,A,C,1000,Ω,,0,,2.125238699410853,0.0021252386994108532,0.004516639529473535,0,true,true,backward_euler_step_doubling,0.00002,,0.6,,,,,,
0.177448917231434,R5,resistor,C,0,2000,Ω,,0,,3.874761300589147,0.0019373806502945734,0.007506887568271649,0,true,true,backward_euler_step_doubling,0.00002,,0.6,,,,,,
0.177448917231434,C6,capacitor,B,C,100,µF,,0,V,-0.7808322760310045,-0.00018785804911631172,0.00014668562806223392,0.000030484952164587933,true,true,backward_euler_step_doubling,0.00002,1e-7,0.6,,,,,,
0.17829469179759416,V1,voltage,A,0,6,V,,0,,6,-0.005031084329124295,-0.030186505974745773,0,true,true,backward_euler_step_doubling,0.00002,,0.6,dc,5,10,0,50,2
0.17829469179759416,R2,resistor,A,B,1000,Ω,,0,,2.9067470126270356,0.0029067470126270356,0.008449178195416195,0,true,true,backward_euler_step_doubling,0.00002,,0.6,,,,,,
0.17829469179759416,R3,resistor,B,0,1000,Ω,,0,,3.0932529873729644,0.0030932529873729645,0.009568214043891769,0,true,true,backward_euler_step_doubling,0.00002,,0.6,,,,,,
0.17829469179759416,R4,resistor,A,C,1000,Ω,,0,,2.1243373164972605,0.0021243373164972607,0.004512809034262782,0,true,true,backward_euler_step_doubling,0.00002,,0.6,,,,,,
0.17829469179759416,R5,resistor,C,0,2000,Ω,,0,,3.8756626835027395,0.0019378313417513697,0.007510380618147828,0,true,true,backward_euler_step_doubling,0.00002,,0.6,,,,,,
0.17829469179759416,C6,capacitor,B,C,100,µF,,0,V,-0.7824096961297751,-0.00018650597474597624,0.00014592408302738677,0.000030608246629894346,true,true,backward_euler_step_doubling,0.00002,1e-7,0.6,,,,,,
0.17914046636375436,V1,voltage,A,0,6,V,,0,,6,-0.0050308606052810656,-0.03018516363168639,0,true,true,backward_euler_step_doubling,0.00002,,0.6,dc,5,10,0,50,2
0.17914046636375436,R2,resistor,A,B,1000,Ω,,0,,2.907418184156712,0.0029074181841567117,0.008453080497565112,0,true,true,backward_euler_step_doubling,0.00002,,0.6,,,,,,
0.17914046636375436,R3,resistor,B,0,1000,Ω,,0,,3.092581815843288,0.003092581815843288,0.009564062287684569,0,true,true,backward_euler_step_doubling,0.00002,,0.6,,,,,,
0.17914046636375436,R4,resistor,A,C,1000,Ω,,0,,2.1234424211243534,0.0021234424211243534,0.004509007715830456,0,true,true,backward_euler_step_doubling,0.00002,,0.6,,,,,,
0.17914046636375436,R5,resistor,C,0,2000,Ω,,0,,3.8765575788756466,0.0019382787894378234,0.007513849331169107,0,true,true,backward_euler_step_doubling,0.00002,,0.6,,,,,,
0.17914046636375436,C6,capacitor,B,C,100,µF,,0,V,-0.7839757630323585,-0.00018516363168655876,0.0001451637994373125,0.000030730899851108434,true,true,backward_euler_step_doubling,0.00002,1e-7,0.6,,,,,,
0.1799941306531918,V1,voltage,A,0,6,V,,0,,6,-0.0050306364347357645,-0.030183818608414587,0,true,true,backward_euler_step_doubling,0.00002,,0.6,dc,5,10,0,50,2
0.1799941306531918,R2,resistor,A,B,1000,Ω,,0,,2.9080906957927493,0.0029080906957927493,0.008456991494956356,0,true,true,backward_euler_step_doubling,0.00002,,0.6,,,,,,
0.1799941306531918,R3,resistor,B,0,1000,Ω,,0,,3.0919093042072507,0.003091909304207251,0.009559903145443365,0,true,true,backward_euler_step_doubling,0.00002,,0.6,,,,,,
0.1799941306531918,R4,resistor,A,C,1000,Ω,,0,,2.1225457389430153,0.0021225457389430153,0.004505200413905151,0,true,true,backward_euler_step_doubling,0.00002,,0.6,,,,,,
0.1799941306531918,R5,resistor,C,0,2000,Ω,,0,,3.8774542610569847,0.0019387271305284924,0.007517325773294484,0,true,true,backward_euler_step_doubling,0.00002,,0.6,,,,,,
0.1799941306531918,C6,capacitor,B,C,100,µF,,0,V,-0.7855449568497339,-0.0001838186084144987,0.0001443977808151455,0.00003085404396160251,true,true,backward_euler_step_doubling,0.00002,1e-7,0.6,,,,,,
0.18084779494262923,V1,voltage,A,0,6,V,,0,,6,-0.00503041389255879,-0.03018248335535274,0,true,true,backward_euler_step_doubling,0.00002,,0.6,dc,5,10,0,50,2
0.18084779494262923,R2,resistor,A,B,1000,Ω,,0,,2.908758322323669,0.0029087583223236686,0.008460874977687204,0,true,true,backward_euler_step_doubling,0.00002,,0.6,,,,,,
0.18084779494262923,R3,resistor,B,0,1000,Ω,,0,,3.091241677676331,0.003091241677676331,0.009555775109803178,0,true,true,backward_euler_step_doubling,0.00002,,0.6,,,,,,
0.18084779494262923,R4,resistor,A,C,1000,Ω,,0,,2.121655570235122,0.0021216555702351218,0.00450142235870972,0,true,true,backward_euler_step_doubling,0.00002,,0.6,,,,,,
0.18084779494262923,R5,resistor,C,0,2000,Ω,,0,,3.878344429764878,0.0019391722148824392,0.0075207777579441295,0,true,true,backward_euler_step_doubling,0.00002,,0.6,,,,,,
0.18084779494262923,C6,capacitor,B,C,100,µF,,0,V,-0.787102752088547,-0.00018248335535268065,0.0001436331512084472,0.00003097653711726823,true,true,backward_euler_step_doubling,0.00002,1e-7,0.6,,,,,,
0.18170946541062322,V1,voltage,A,0,6,V,,0,,6,-0.005030190910138787,-0.03018114546083272,0,true,true,backward_euler_step_doubling,0.00002,,0.6,dc,5,10,0,50,2
0.18170946541062322,R2,resistor,A,B,1000,Ω,,0,,2.9094272695837198,0.00290942726958372,0.008464767036997379,0,true,true,backward_euler_step_doubling,0.00002,,0.6,,,,,,
0.18170946541062322,R3,resistor,B,0,1000,Ω,,0,,3.0905727304162802,0.00309057273041628,0.009551639801992742,0,true,true,backward_euler_step_doubling,0.00002,,0.6,,,,,,
0.18170946541062322,R4,resistor,A,C,1000,Ω,,0,,2.120763640555067,0.002120763640555067,0.004497638419100381,0,true,true,backward_euler_step_doubling,0.00002,,0.6,,,,,,
0.18170946541062322,R5,resistor,C,0,2000,Ω,,0,,3.879236359444933,0.0019396181797224665,0.0075242373662197885,0,true,true,backward_euler_step_doubling,0.00002,,0.6,,,,,,
0.18170946541062322,C6,capacitor,B,C,100,µF,,0,V,-0.7886636290286528,-0.0001811454608325674,0.0001428628365222803,0.00003109951598763222,true,true,backward_euler_step_doubling,0.00002,1e-7,0.6,,,,,,
0.18257113587861723,V1,voltage,A,0,6,V,,0,,6,-0.005029969562536144,-0.030179817375216862,0,true,true,backward_euler_step_doubling,0.00002,,0.6,dc,5,10,0,50,2
0.18257113587861723,R2,resistor,A,B,1000,Ω,,0,,2.9100913123916805,0.0029100913123916803,0.008468631446457533,0,true,true,backward_euler_step_doubling,0.00002,,0.6,,,,,,
0.18257113587861723,R3,resistor,B,0,1000,Ω,,0,,3.0899086876083195,0.0030899086876083194,0.009547535697757367,0,true,true,backward_euler_step_doubling,0.00002,,0.6,,,,,,
0.18257113587861723,R4,resistor,A,C,1000,Ω,,0,,2.1198782501444637,0.0021198782501444637,0.004493883795435553,0,true,true,backward_euler_step_doubling,0.00002,,0.6,,,,,,
0.18257113587861723,R5,resistor,C,0,2000,Ω,,0,,3.8801217498555363,0.0019400608749277682,0.007527672396850995,0,true,true,backward_euler_step_doubling,0.00002,,0.6,,,,,,
0.18257113587861723,C6,capacitor,B,C,100,µF,,0,V,-0.7902130622472168,-0.0001798173752166615,0.00014209403871521487,0.000031221834187306184,true,true,backward_euler_step_doubling,0.00002,1e-7,0.6,,,,,,
0.1834409318130629,V1,voltage,A,0,6,V,,0,,6,-0.005029747781115481,-0.030178486686692884,0,true,true,backward_euler_step_doubling,0.00002,,0.6,dc,5,10,0,50,2
0.1834409318130629,R2,resistor,A,B,1000,Ω,,0,,2.9107566566535397,0.0029107566566535397,0.008472504314252892,0,true,true,backward_euler_step_doubling,0.00002,,0.6,,,,,,
0.1834409318130629,R3,resistor,B,0,1000,Ω,,0,,3.0892433433464603,0.0030892433433464604,0.009543424434410416,0,true,true,backward_euler_step_doubling,0.00002,,0.6,,,,,,
0.1834409318130629,R4,resistor,A,C,1000,Ω,,0,,2.118991124461941,0.002118991124461941,0.0044901233855484815,0,true,true,backward_euler_step_doubling,0.00002,,0.6,,,,,,
0.1834409318130629,R5,resistor,C,0,2000,Ω,,0,,3.881008875538059,0.0019405044377690294,0.007531114946002594,0,true,true,backward_euler_step_doubling,0.00002,,0.6,,,,,,
0.1834409318130629,C6,capacitor,B,C,100,µF,,0,V,-0.7917655321915986,-0.00017848668669292678,0.0001413196064785403,0.00003134463289833227,true,true,backward_euler_step_doubling,0.00002,1e-7,0.6,,,,,,
0.18431072774750856,V1,voltage,A,0,6,V,,0,,6,-0.005029527640926641,-0.03017716584555985,0,true,true,backward_euler_step_doubling,0.00002,,0.6,dc,5,10,0,50,2
0.18431072774750856,R2,resistor,A,B,1000,Ω,,0,,2.9114170772200727,0.0029114170772200727,0.00847634939752867,0,true,true,backward_euler_step_doubling,0.00002,,0.6,,,,,,
0.18431072774750856,R3,resistor,B,0,1000,Ω,,0,,3.0885829227799273,0.0030885829227799274,0.0095393444708878,0,true,true,backward_euler_step_doubling,0.00002,,0.6,,,,,,
0.18431072774750856,R4,resistor,A,C,1000,Ω,,0,,2.1181105637065683,0.0021181105637065683,0.004486392360085356,0,true,true,backward_euler_step_doubling,0.00002,,0.6,,,,,,
0.18431072774750856,R5,resistor,C,0,2000,Ω,,0,,3.8818894362934317,0.001940944718146716,0.007534532797803269,0,true,true,backward_euler_step_doubling,0.00002,,0.6,,,,,,
0.18431072774750856,C6,capacitor,B,C,100,µF,,0,V,-0.7933065135135045,-0.0001771658455598464,0.00014054681925475374,0.0000314667612191476,true,true,backward_euler_step_doubling,0.00002,1e-7,0.6,,,,,,
0.18518877136103226,V1,voltage,A,0,6,V,,0,,6,-0.0050293070733104924,-0.030175842439862953,0,true,true,backward_euler_step_doubling,0.00002,,0.6,dc,5,10,0,50,2
0.18518877136103226,R2,resistor,A,B,1000,Ω,,0,,2.912078780068539,0.0029120787800685386,0.008480202821325469,0,true,true,backward_euler_step_doubling,0.00002,,0.6,,,,,,
0.18518877136103226,R3,resistor,B,0,1000,Ω,,0,,3.087921219931461,0.003087921219931461,0.009535257460503004,0,true,true,backward_euler_step_doubling,0.00002,,0.6,,,,,,
0.18518877136103226,R4,resistor,A,C,1000,Ω,,0,,2.1172282932419537,0.002117228293241954,0.004482655645704237,0,true,true,backward_euler_step_doubling,0.00002,,0.6,,,,,,
0.18518877136103226,R5,resistor,C,0,2000,Ω,,0,,3.8827717067580463,0.0019413858533790232,0.007537958063400396,0,true,true,backward_euler_step_doubling,0.00002,,0.6,,,,,,
0.18518877136103226,C6,capacitor,B,C,100,µF,,0,V,-0.7948504868265851,-0.00017584243986292324,0.00013976844892981904,0.00003158936482042297,true,true,backward_euler_step_doubling,0.00002,1e-7,0.6,,,,,,
0.18606681497455596,V1,voltage,A,0,6,V,,0,,6,-0.0050290881533055784,-0.030174528919833472,0,true,true,backward_euler_step_doubling,0.00002,,0.6,dc,5,10,0,50,2
0.18606681497455596,R2,resistor,A,B,1000,Ω,,0,,2.9127355400832564,0.0029127355400832564,0.0084840283264641,0,true,true,backward_euler_step_doubling,0.00002,,0.6,,,,,,
0.18606681497455596,R3,resistor,B,0,1000,Ω,,0,,3.0872644599167436,0.0030872644599167437,0.009531201845465022,0,true,true,backward_euler_step_doubling,0.00002,,0.6,,,,,,
0.18606681497455596,R4,resistor,A,C,1000,Ω,,0,,2.1163526132223214,0.002116352613222321,0.004478948383492948,0,true,true,backward_euler_step_doubling,0.00002,,0.6,,,,,,
0.18606681497455596,R5,resistor,C,0,2000,Ω,,0,,3.8836473867776786,0.0019418236933888393,0.007541358512412546,0,true,true,backward_euler_step_doubling,0.00002,,0.6,,,,,,
0.18606681497455596,C6,capacitor,B,C,100,µF,,0,V,-0.796382926860935,-0.0001745289198334991,0.0001389918519988795,0.00003171128830977947,true,true,backward_euler_step_doubling,0.00002,1e-7,0.6,,,,,,
0.1869532315002687,V1,voltage,A,0,6,V,,0,,6,-0.005028868812229259,-0.030173212873375557,0,true,true,backward_euler_step_doubling,0.00002,,0.6,dc,5,10,0,50,2
0.1869532315002687,R2,resistor,A,B,1000,Ω,,0,,2.913393563312228,0.0029133935633122283,0.008487862054749122,0,true,true,backward_euler_step_doubling,0.00002,,0.6,,,,,,
0.1869532315002687,R3,resistor,B,0,1000,Ω,,0,,3.086606436687772,0.003086606436687772,0.009527139295002384,0,true,true,backward_euler_step_doubling,0.00002,,0.6,,,,,,
0.1869532315002687,R4,resistor,A,C,1000,Ω,,0,,2.1154752489170305,0.0021154752489170306,0.004475235528780572,0,true,true,backward_euler_step_doubling,0.00002,,0.6,,,,,,
0.1869532315002687,R5,resistor,C,0,2000,Ω,,0,,3.8845247510829695,0.0019422623755414848,0.007544766270888103,0,true,true,backward_euler_step_doubling,0.00002,,0.6,,,,,,
0.1869532315002687,C6,capacitor,B,C,100,µF,,0,V,-0.7979183143951976,-0.00017321287337551832,0.00013820972395534237,0.00003183368182236366,true,true,backward_euler_step_doubling,0.00002,1e-7,0.6,,,,,,
0.1878396480259815,V1,voltage,A,0,6,V,,0,,6,-0.005028651125108315,-0.030171906750649888,0,true,true,backward_euler_step_doubling,0.00002,,0.6,dc,5,10,0,50,2
0.1878396480259815,R2,resistor,A,B,1000,Ω,,0,,2.914046624675044,0.002914046624675044,0.008491667730780016,0,true,true,backward_euler_step_doubling,0.00002,,0.6,,,,,,
0.1878396480259815,R3,resistor,B,0,1000,Ω,,0,,3.085953375324956,0.003085953375324956,0.009523108234679488,0,true,true,backward_euler_step_doubling,0.00002,,0.6,,,,,,
0.1878396480259815,R4,resistor,A,C,1000,Ω,,0,,2.11460450043327,0.00211460450043327,0.004471552193252639,0,true,true,backward_euler_step_doubling,0.00002,,0.6,,,,,,
0.1878396480259815,R5,resistor,C,0,2000,Ω,,0,,3.88539549956673,0.0019426977497833651,0.0075481490940267,0,true,true,backward_euler_step_doubling,0.00002,,0.6,,,,,,
0.1878396480259815,C6,capacitor,B,C,100,µF,,0,V,-0.7994421242417742,-0.00017190675064990879,0.00013742949791106408,0.00003195538550061001,true,true,backward_euler_step_doubling,0.00002,1e-7,0.6,,,,,,
0.188734565817179,V1,voltage,A,0,6,V,,0,,6,-0.005028433023236749,-0.030170598139420496,0,true,true,backward_euler_step_doubling,0.00002,,0.6,dc,5,10,0,50,2
0.188734565817179,R2,resistor,A,B,1000,Ω,,0,,2.9147009302898237,0.0029147009302898236,0.008495481513032364,0,true,true,backward_euler_step_doubling,0.00002,,0.6,,,,,,
0.188734565817179,R3,resistor,B,0,1000,Ω,,0,,3.0852990697101763,0.003085299069710176,0.009519070349554478,0,true,true,backward_euler_step_doubling,0.00002,,0.6,,,,,,
0.188734565817179,R4,resistor,A,C,1000,Ω,,0,,2.1137320929469245,0.0021137320929469246,0.004467863360753786,0,true,true,backward_euler_step_doubling,0.00002,,0.6,,,,,,
0.188734565817179,R5,resistor,C,0,2000,Ω,,0,,3.8862679070530755,0.0019431339535265378,0.0075515391226953455,0,true,true,backward_euler_step_doubling,0.00002,,0.6,,,,,,
0.188734565817179,C6,capacitor,B,C,100,µF,,0,V,-0.8009688373428991,-0.0001705981394203802,0.00013664379338440376,0.000032077553919721775,true,true,backward_euler_step_doubling,0.00002,1e-7,0.6,,,,,,
0.18962948360837656,V1,voltage,A,0,6,V,,0,,6,-0.005028216581628975,-0.03016929948977385,0,true,true,backward_euler_step_doubling,0.00002,,0.6,dc,5,10,0,50,2
0.18962948360837656,R2,resistor,A,B,1000,Ω,,0,,2.915350255113133,0.002915350255113133,0.008499267109988209,0,true,true,backward_euler_step_doubling,0.00002,,0.6,,,,,,
0.18962948360837656,R3,resistor,B,0,1000,Ω,,0,,3.084649744886867,0.003084649744886867,0.009515064048630614,0,true,true,backward_euler_step_doubling,0.00002,,0.6,,,,,,
0.18962948360837656,R4,resistor,A,C,1000,Ω,,0,,2.112866326515842,0.002112866326515842,0.004464204113724548,0,true,true,backward_euler_step_doubling,0.00002,,0.6,,,,,,
0.18962948360837656,R5,resistor,C,0,2000,Ω,,0,,3.887133673484158,0.0019435668367420791,0.0075549040977672234,0,true,true,backward_euler_step_doubling,0.00002,,0.6,,,,,,
0.18962948360837656,C6,capacitor,B,C,100,µF,,0,V,-0.8024839285972911,-0.00016929948977375433,0.00013586011966315928,0.00003219902278284711,true,true,backward_euler_step_doubling,0.00002,1e-7,0.6,,,,,,
0.1905330342423162,V1,voltage,A,0,6,V,,0,,6,-0.005027999731555842,-0.03016799838933505,0,true,true,backward_euler_step_doubling,0.00002,,0.6,dc,5,10,0,50,2
0.1905330342423162,R2,resistor,A,B,1000,Ω,,0,,2.9160008053324886,0.002916000805332489,0.008503060696699722,0,true,true,backward_euler_step_doubling,0.00002,,0.6,,,,,,
0.1905330342423162,R3,resistor,B,0,1000,Ω,,0,,3.0839991946675114,0.0030839991946675113,0.009511051032709859,0,true,true,backward_euler_step_doubling,0.00002,,0.6,,,,,,
0.1905330342423162,R4,resistor,A,C,1000,Ω,,0,,2.1119989262233525,0.0021119989262233527,0.004460539464368594,0,true,true,backward_euler_step_doubling,0.00002,,0.6,,,,,,
0.1905330342423162,R5,resistor,C,0,2000,Ω,,0,,3.8880010737766475,0.0019440005368883237,0.007558276174844182,0,true,true,backward_euler_step_doubling,0.00002,,0.6,,,,,,
0.1905330342423162,C6,capacitor,B,C,100,µF,,0,V,-0.8040018791091361,-0.00016799838933502222,0.0001350710207126661,0.000032320951080551096,true,true,backward_euler_step_doubling,0.00002,1e-7,0.6,,,,,,
0.19143658487625587,V1,voltage,A,0,6,V,,0,,6,-0.005027784548018909,-0.030166707288113458,0,true,true,backward_euler_step_doubling,0.00002,,0.6,dc,5,10,0,50,2
0.19143658487625587,R2,resistor,A,B,1000,Ω,,0,,2.9166463559433082,0.0029166463559433084,0.00850682596563738,0,true,true,backward_euler_step_doubling,0.00002,,0.6,,,,,,
0.19143658487625587,R3,resistor,B,0,1000,Ω,,0,,3.0833536440566918,0.0030833536440566917,0.00950706969431768,0,true,true,backward_euler_step_doubling,0.00002,,0.6,,,,,,
0.19143658487625587,R4,resistor,A,C,1000,Ω,,0,,2.1111381920756003,0.0021111381920756005,0.004456904466040234,0,true,true,backward_euler_step_doubling,0.00002,,0.6,,,,,,
0.19143658487625587,R5,resistor,C,0,2000,Ω,,0,,3.8888618079243997,0.0019444309039621998,0.007561623080566515,0,true,true,backward_euler_step_doubling,0.00002,,0.6,,,,,,
0.19143658487625587,C6,capacitor,B,C,100,µF,,0,V,-0.805508163867708,-0.00016670728811335684,0.00013428408155155504,0.00003244217010287631,true,true,backward_euler_step_doubling,0.00002,1e-7,0.6,,,,,,
0.1923489032626236,V1,voltage,A,0,6,V,,0,,6,-0.00502756896226602,-0.03016541377359612,0,true,true,backward_euler_step_doubling,0.00002,,0.6,dc,5,10,0,50,2
0.1923489032626236,R2,resistor,A,B,1000,Ω,,0,,2.917293113201915,0.002917293113201915,0.00851059910833532,0,true,true,backward_euler_step_doubling,0.00002,,0.6,,,,,,
0.1923489032626236,R3,resistor,B,0,1000,Ω,,0,,3.082706886798085,0.003082706886798085,0.009503081749912342,0,true,true,backward_euler_step_doubling,0.00002,,0.6,,,,,,
0.1923489032626236,R4,resistor,A,C,1000,Ω,,0,,2.1102758490641045,0.0021102758490641046,0.004453264159143227,0,true,true,backward_euler_step_doubling,0.00002,,0.6,,,,,,
0.1923489032626236,R5,resistor,C,0,2000,Ω,,0,,3.8897241509358955,0.0019448620754679478,0.007564976985186987,0,true,true,backward_euler_step_doubling,0.00002,,0.6,,,,,,
0.1923489032626236,C6,capacitor,B,C,100,µF,,0,V,-0.8070172641378104,-0.00016541377359615247,0.00013349177101827813,0.000032563843230823816,true,true,backward_euler_step_doubling,0.00002,1e-7,0.6,,,,,,
0.19326122164899137,V1,voltage,A,0,6,V,,0,,6,-0.005027355049285245,-0.03016413029571147,0,true,true,backward_euler_step_doubling,0.00002,,0.6,dc,5,10,0,50,2
0.19326122164899137,R2,resistor,A,B,1000,Ω,,0,,2.9179348521442154,0.0029179348521442155,0.008514343801357885,0,true,true,backward_euler_step_doubling,0.00002,,0.6,,,,,,
0.19326122164899137,R3,resistor,B,0,1000,Ω,,0,,3.0820651478557846,0.0030820651478557846,0.0094991255756273,0,true,true,backward_euler_step_doubling,0.00002,,0.6,,,,,,
0.19326122164899137,R4,resistor,A,C,1000,Ω,,0,,2.109420197141029,0.002109420197141029,0.004449653568106497,0,true,true,backward_euler_step_doubling,0.00002,,0.6,,,,,,
0.19326122164899137,R5,resistor,C,0,2000,Ω,,0,,3.890579802858971,0.0019452899014294855,0.0075683056012070754,0,true,true,backward_euler_step_doubling,0.00002,,0.6,,,,,,
0.19326122164899137,C6,capacitor,B,C,100,µF,,0,V,-0.8085146550031865,-0.0001641302957115405,0.00013270174941278716,0.000032684797367746084,true,true,backward_euler_step_doubling,0.00002,1e-7,0.6,,,,,,
0.1941824461424949,V1,voltage,A,0,6,V,,0,,6,-0.005027140740301772,-0.030162844441810634,0,true,true,backward_euler_step_doubling,0.00002,,0.6,dc,5,10,0,50,2
0.1941824461424949,R2,resistor,A,B,1000,Ω,,0,,2.9185777790946146,0.0029185777790946147,0.008518096252624853,0,true,true,backward_euler_step_doubling,0.00002,,0.6,,,,,,
0.1941824461424949,R3,resistor,B,0,1000,Ω,,0,,3.0814222209053854,0.0030814222209053855,0.009495162903489477,0,true,true,backward_euler_step_doubling,0.00002,,0.6,,,,,,
0.1941824461424949,R4,resistor,A,C,1000,Ω,,0,,2.1085629612071584,0.002108562961207158,0.0044460377613747,0,true,true,backward_euler_step_doubling,0.00002,,0.6,,,,,,
0.1941824461424949,R5,resistor,C,0,2000,Ω,,0,,3.8914370387928416,0.0019457185193964208,0.0075716411134444,0,true,true,backward_euler_step_doubling,0.00002,,0.6,,,,,,
0.1941824461424949,C6,capacitor,B,C,100,µF,,0,V,-0.8100148178874562,-0.0001628444418107427,0.0001319064108773132,0.000032806200259862435,true,true,backward_euler_step_doubling,0.00002,1e-7,0.6,,,,,,
0.19510367063599846,V1,voltage,A,0,6,V,,0,,6,-0.005026928110289521,-0.03016156866173713,0,true,true,backward_euler_step_doubling,0.00002,,0.6,dc,5,10,0,50,2
0.19510367063599846,R2,resistor,A,B,1000,Ω,,0,,2.919215669131364,0.0029192156691313638,0.008521820122902077,0,true,true,backward_euler_step_doubling,0.00002,,0.6,,,,,,
0.19510367063599846,R3,resistor,B,0,1000,Ω,,0,,3.080784330868636,0.003080784330868636,0.009491232093325709,0,true,true,backward_euler_step_doubling,0.00002,,0.6,,,,,,
0.19510367063599846,R4,resistor,A,C,1000,Ω,,0,,2.1077124411581583,0.002107712441158158,0.004442451734612883,0,true,true,backward_euler_step_doubling,0.00002,,0.6,,,,,,
0.19510367063599846,R5,resistor,C,0,2000,Ω,,0,,3.8922875588418417,0.0019461437794209208,0.007574951220357492,0,true,true,backward_euler_step_doubling,0.00002,,0.6,,,,,,
0.19510367063599846,C6,capacitor,B,C,100,µF,,0,V,-0.8115032279732057,-0.00016156866173725888,0.00013111349053909657,0.00003292687445054663,true,true,backward_euler_step_doubling,0.00002,1e-7,0.6,,,,,,
0.1960339431541207,V1,voltage,A,0,6,V,,0,,6,-0.005026715090451281,-0.030160290542707687,0,true,true,backward_euler_step_doubling,0.00002,,0.6,dc,5,10,0,50,2
0.1960339431541207,R2,resistor,A,B,1000,Ω,,0,,2.9198547286462224,0.0029198547286462223,0.008525551636397705,0,true,true,backward_euler_step_doubling,0.00002,,0.6,,,,,,
0.1960339431541207,R3,resistor,B,0,1000,Ω,,0,,3.0801452713537776,0.0030801452713537774,0.009487294892643036,0,true,true,backward_euler_step_doubling,0.00002,,0.6,,,,,,
0.1960339431541207,R4,resistor,A,C,1000,Ω,,0,,2.106860361805059,0.002106860361805059,0.004438860584145344,0,true,true,backward_euler_step_doubling,0.00002,,0.6,,,,,,
0.1960339431541207,R5,resistor,C,0,2000,Ω,,0,,3.893139638194941,0.0019465698190974706,0.007578268121242318,0,true,true,backward_euler_step_doubling,0.00002,,0.6,,,,,,
0.1960339431541207,C6,capacitor,B,C,100,µF,,0,V,-0.8129943668411634,-0.00016029054270758671,0.00013031530827918093,0.00003304799202577321,true,true,backward_euler_step_doubling,0.00002,1e-7,0.6,,,,,,
0.19696421567224298,V1,voltage,A,0,6,V,,0,,6,-0.005026503755746155,-0.03015902253447693,0,true,true,backward_euler_step_doubling,0.00002,,0.6,dc,5,10,0,50,2
0.19696421567224298,R2,resistor,A,B,1000,Ω,,0,,2.9204887327615894,0.0029204887327615894,0.008529254438187394,0,true,true,backward_euler_step_doubling,0.00002,,0.6,,,,,,
0.19696421567224298,R3,resistor,B,0,1000,Ω,,0,,3.0795112672384106,0.0030795112672384107,0.009483389645048322,0,true,true,backward_euler_step_doubling,0.00002,,0.6,,,,,,
0.19696421567224298,R4,resistor,A,C,1000,Ω,,0,,2.106015022984566,0.002106015022984566,0.004435299277036682,0,true,true,backward_euler_step_doubling,0.00002,,0.6,,,,,,
0.19696421567224298,R5,resistor,C,0,2000,Ω,,0,,3.893984977015434,0.001946992488507717,0.007581559500610945,0,true,true,backward_euler_step_doubling,0.00002,,0.6,,,,,,
0.19696421567224298,C6,capacitor,B,C,100,µF,,0,V,-0.8144737097770234,-0.00015902253447688258,0.00012951967359353116,0.00003316837119589734,true,true,backward_euler_step_doubling,0.00002,1e-7,0.6,,,,,,
0.19790368181800091,V1,voltage,A,0,6,V,,0,,6,-0.005026292037354717,-0.030157752224128302,0,true,true,backward_euler_step_doubling,0.00002,,0.6,dc,5,10,0,50,2
0.19790368181800091,R2,resistor,A,B,1000,Ω,,0,,2.9211238879358032,0.0029211238879358033,0.008532964768669183,0,true,true,backward_euler_step_doubling,0.00002,,0.6,,,,,,
0.19790368181800091,R3,resistor,B,0,1000,Ω,,0,,3.0788761120641968,0.003078876112064197,0.009479478113439544,0,true,true,backward_euler_step_doubling,0.00002,,0.6,,,,,,
0.19790368181800091,R4,resistor,A,C,1000,Ω,,0,,2.105168149418913,0.002105168149418913,0.0044317329373278515,0,true,true,backward_euler_step_doubling,0.00002,,0.6,,,,,,
0.19790368181800091,R5,resistor,C,0,2000,Ω,,0,,3.894831850581087,0.0019474159252905435,0.007584857572150447,0,true,true,backward_euler_step_doubling,0.00002,,0.6,,,,,,
0.19790368181800091,C6,capacitor,B,C,100,µF,,0,V,-0.8159557385168901,-0.00015775222412842084,0.00012871883254138758,0.00003328918836093217,true,true,backward_euler_step_doubling,0.00002,1e-7,0.6,,,,,,
0.19884314796375885,V1,voltage,A,0,6,V,,0,,6,-0.005026082010220866,-0.030156492061325195,0,true,true,backward_euler_step_doubling,0.00002,,0.6,dc,5,10,0,50,2
0.19884314796375885,R2,resistor,A,B,1000,Ω,,0,,2.921753969337353,0.002921753969337353,0.008536646257338578,0,true,true,backward_euler_step_doubling,0.00002,,0.6,,,,,,
0.19884314796375885,R3,resistor,B,0,1000,Ω,,0,,3.078246030662647,0.003078246030662647,0.009475598625290342,0,true,true,backward_euler_step_doubling,0.00002,,0.6,,,,,,
0.19884314796375885,R4,resistor,A,C,1000,Ω,,0,,2.1043280408835128,0.0021043280408835126,0.0044281965036486425,0,true,true,backward_euler_step_doubling,0.00002,,0.6,,,,,,
0.19884314796375885,R5,resistor,C,0,2000,Ω,,0,,3.8956719591164872,0.0019478359795582435,0.007588130006523245,0,true,true,backward_euler_step_doubling,0.00002,,0.6,,,,,,
0.19884314796375885,C6,capacitor,B,C,100,µF,,0,V,-0.8174259284538401,-0.00015649206132530965,0.0001279206685244965,0.00003340925742543113,true,true,backward_euler_step_doubling,0.00002,1e-7,0.6,,,,,,
0.19979195715366735,V1,voltage,A,0,6,V,,0,,6,-0.005025871605503247,-0.030155229633019483,0,true,true,backward_euler_step_doubling,0.00002,,0.6,dc,5,10,0,50,2
0.19979195715366735,R2,resistor,A,B,1000,Ω,,0,,2.9223851834903174,0.0029223851834903176,0.008540335160683737,0,true,true,backward_euler_step_doubling,0.00002,,0.6,,,,,,
0.19979195715366735,R3,resistor,B,0,1000,Ω,,0,,3.0776148165096826,0.0030776148165096826,0.009471712958799927,0,true,true,backward_euler_step_doubling,0.00002,,0.6,,,,,,
0.19979195715366735,R4,resistor,A,C,1000,Ω,,0,,2.1034864220129283,0.0021034864220129284,0.004424655127592751,0,true,true,backward_euler_step_doubling,0.00002,,0.6,,,,,,
0.19979195715366735,R5,resistor,C,0,2000,Ω,,0,,3.8965135779870717,0.0019482567889935359,0.007591409031718806,0,true,true,backward_euler_step_doubling,0.00002,,0.6,,,,,,
0.19979195715366735,C6,capacitor,B,C,100,µF,,0,V,-0.818898761477389,-0.00015522963301936203,0.00012711735422414518,0.000033529759077460086,true,true,backward_euler_step_doubling,0.00002,1e-7,0.6,,,,,,
0.20074076634357585,V1,voltage,A,0,6,V,,0,,6,-0.00502566289812966,-0.03015397738877796,0,true,true,backward_euler_step_doubling,0.00002,,0.6,dc,5,10,0,50,2
0.20074076634357585,R2,resistor,A,B,1000,Ω,,0,,2.9230113056110767,0.002923011305611077,0.008543995092730171,0,true,true,backward_euler_step_doubling,0.00002,,0.6,,,,,,
0.20074076634357585,R3,resistor,B,0,1000,Ω,,0,,3.0769886943889233,0.003076988694388923,0.00946785942539725,0,true,true,backward_euler_step_doubling,0.00002,,0.6,,,,,,
0.20074076634357585,R4,resistor,A,C,1000,Ω,,0,,2.1026515925185825,0.0021026515925185825,0.004421143719520931,0,true,true,backward_euler_step_doubling,0.00002,,0.6,,,,,,
0.20074076634357585,R5,resistor,C,0,2000,Ω,,0,,3.8973484074814175,0.0019486742037407088,0.007594662304648971,0,true,true,backward_euler_step_doubling,0.00002,,0.6,,,,,,
0.20074076634357585,C6,capacitor,B,C,100,µF,,0,V,-0.8203597130924942,-0.0001539773887778285,0.00012631684648051084,0.00003364950294325997,true,true,backward_euler_step_doubling,0.00002,1e-7,0.6,,,,,,
0.20169907194144526,V1,voltage,A,0,6,V,,0,,6,-0.005025453819237102,-0.030152722915422613,0,true,true,backward_euler_step_doubling,0.00002,,0.6,dc,5,10,0,50,2
0.20169907194144526,R2,resistor,A,B,1000,Ω,,0,,2.9236385422886606,0.0029236385422886607,0.008547662325955765,0,true,true,backward_euler_step_doubling,0.00002,,0.6,,,,,,
0.20169907194144526,R3,resistor,B,0,1000,Ω,,0,,3.0763614577113394,0.0030763614577113394,0.009463999818491838,0,true,true,backward_euler_step_doubling,0.00002,,0.6,,,,,,
0.20169907194144526,R4,resistor,A,C,1000,Ω,,0,,2.1018152769484417,0.0021018152769484415,0.004417627458413854,0,true,true,backward_euler_step_doubling,0.00002,,0.6,,,,,,
0.20169907194144526,R5,resistor,C,0,2000,Ω,,0,,3.8981847230515583,0.001949092361525779,0.007597922067516276,0,true,true,backward_euler_step_doubling,0.00002,,0.6,,,,,,
0.20169907194144526,C6,capacitor,B,C,100,µF,,0,V,-0.8218232653402189,-0.0001527229154226552,0.00012551124504492456,0.00003376967397272298,true,true,backward_euler_step_doubling,0.00002,1e-7,0.6,,,,,,
0.20265737753931465,V1,voltage,A,0,6,V,,0,,6,-0.005025246443736886,-0.030151478662421318,0,true,true,backward_euler_step_doubling,0.00002,,0.6,dc,5,10,0,50,2
0.20265737753931465,R2,resistor,A,B,1000,Ω,,0,,2.9242606687893336,0.0029242606687893335,0.00855130045902824,0,true,true,backward_euler_step_doubling,0.00002,,0.6,,,,,,
0.20265737753931465,R3,resistor,B,0,1000,Ω,,0,,3.0757393312106664,0.0030757393312106666,0.009460172433556239,0,true,true,backward_euler_step_doubling,0.00002,,0.6,,,,,,
0.20265737753931465,R4,resistor,A,C,1000,Ω,,0,,2.1009857749475533,0.0021009857749475533,0.004414141226531971,0,true,true,backward_euler_step_doubling,0.00002,,0.6,,,,,,
0.20265737753931465,R5,resistor,C,0,2000,Ω,,0,,3.8990142250524467,0.0019495071125262234,0.007601155963580666,0,true,true,backward_euler_step_doubling,0.00002,,0.6,,,,,,
0.20265737753931465,C6,capacitor,B,C,100,µF,,0,V,-0.8232748938417802,-0.00015147866242133364,0.00012470857972421832,0.00003388907754150972,true,true,backward_euler_step_doubling,0.00002,1e-7,0.6,,,,,,
0.20362533699562646,V1,voltage,A,0,6,V,,0,,6,-0.005025038702744641,-0.030150232216467846,0,true,true,backward_euler_step_doubling,0.00002,,0.6,dc,5,10,0,50,2
0.20362533699562646,R2,resistor,A,B,1000,Ω,,0,,2.9248838917660747,0.0029248838917660747,0.00855494578031266,0,true,true,backward_euler_step_doubling,0.00002,,0.6,,,,,,
0.20362533699562646,R3,resistor,B,0,1000,Ω,,0,,3.0751161082339253,0.0030751161082339254,0.009456339079119764,0,true,true,backward_euler_step_doubling,0.00002,,0.6,,,,,,
0.20362533699562646,R4,resistor,A,C,1000,Ω,,0,,2.100154810978567,0.0021001548109785668,0.004410650230076419,0,true,true,backward_euler_step_doubling,0.00002,,0.6,,,,,,
0.20362533699562646,R5,resistor,C,0,2000,Ω,,0,,3.899845189021433,0.0019499225945107167,0.007604396249166809,0,true,true,backward_euler_step_doubling,0.00002,,0.6,,,,,,
0.20362533699562646,C6,capacitor,B,C,100,µF,,0,V,-0.8247290807875078,-0.00015023221646787537,0.00012390087779222075,0.00003400890283483038,true,true,backward_euler_step_doubling,0.00002,1e-7,0.6,,,,,,
0.20459329645193827,V1,voltage,A,0,6,V,,0,,6,-0.005024832671154334,-0.030148996026926007,0,true,true,backward_euler_step_doubling,0.00002,,0.6,dc,5,10,0,50,2
0.20459329645193827,R2,resistor,A,B,1000,Ω,,0,,2.925501986537,0.002925501986537,0.008558561873231934,0,true,true,backward_euler_step_doubling,0.00002,,0.6,,,,,,
0.20459329645193827,R3,resistor,B,0,1000,Ω,,0,,3.074498013463,0.003074498013463,0.009452538034787933,0,true,true,backward_euler_step_doubling,0.00002,,0.6,,,,,,
0.20459329645193827,R4,resistor,A,C,1000,Ω,,0,,2.099330684617333,0.0020993306846173333,0.004407189323375881,0,true,true,backward_euler_step_doubling,0.00002,,0.6,,,,,,
0.20459329645193827,R5,resistor,C,0,2000,Ω,,0,,3.900669315382667,0.0019503346576913334,0.007607610553983941,0,true,true,backward_euler_step_doubling,0.00002,,0.6,,,,,,
0.20459329645193827,C6,capacitor,B,C,100,µF,,0,V,-0.826171301919667,-0.00014899602692600855,0.00012309624154631824,0.000034127951005781876,true,true,backward_euler_step_doubling,0.00002,1e-7,0.6,,,,,,
0.20557107144982217,V1,voltage,A,0,6,V,,0,,6,-0.005024626280060631,-0.030147757680363783,0,true,true,backward_euler_step_doubling,0.00002,,0.6,dc,5,10,0,50,2
0.20557107144982217,R2,resistor,A,B,1000,Ω,,0,,2.926121159818174,0.002926121159818174,0.008562185041935656,0,true,true,backward_euler_step_doubling,0.00002,,0.6,,,,,,
0.20557107144982217,R3,resistor,B,0,1000,Ω,,0,,3.073878840181826,0.003073878840181826,0.009448731124117567,0,true,true,backward_euler_step_doubling,0.00002,,0.6,,,,,,
0.20557107144982217,R4,resistor,A,C,1000,Ω,,0,,2.0985051202424576,0.0020985051202424576,0.004403723739683812,0,true,true,backward_euler_step_doubling,0.00002,,0.6,,,,,,
0.20557107144982217,R5,resistor,C,0,2000,Ω,,0,,3.9014948797575424,0.0019507474398787713,0.00761083114838716,0,true,true,backward_euler_step_doubling,0.00002,,0.6,,,,,,
0.20557107144982217,C6,capacitor,B,C,100,µF,,0,V,-0.8276160395757164,-0.00014775768036369042,0.00012228662623949205,0.000034247415448149684,true,true,backward_euler_step_doubling,0.00002,1e-7,0.6,,,,,,
0.20654884644770605,V1,voltage,A,0,6,V,,0,,6,-0.005024421604339507,-0.03014652962603704,0,true,true,backward_euler_step_doubling,0.00002,,0.6,dc,5,10,0,50,2
0.20654884644770605,R2,resistor,A,B,1000,Ω,,0,,2.926735186981552,0.002926735186981552,0.00856577885471594,0,true,true,backward_euler_step_doubling,0.00002,,0.6,,,,,,
0.20654884644770605,R3,resistor,B,0,1000,Ω,,0,,3.073264813018448,0.003073264813018448,0.009444956610937317,0,true,true,backward_euler_step_doubling,0.00002,,0.6,,,,,,
0.20654884644770605,R4,resistor,A,C,1000,Ω,,0,,2.0976864173579535,0.0020976864173579534,0.004400288305568046,0,true,true,backward_euler_step_doubling,0.00002,,0.6,,,,,,
0.20654884644770605,R5,resistor,C,0,2000,Ω,,0,,3.9023135826420465,0.0019511567913210234,0.007614025648636303,0,true,true,backward_euler_step_doubling,0.00002,,0.6,,,,,,
0.20654884644770605,C6,capacitor,B,C,100,µF,,0,V,-0.8290487696235984,-0.00014652962603694682,0.00012148020617933676,0.000034366093120720115,true,true,backward_euler_step_doubling,0.00002,1e-7,0.6,,,,,,
0.20753660305535004,V1,voltage,A,0,6,V,,0,,6,-0.0050242165750648965,-0.03014529945038938,0,true,true,backward_euler_step_doubling,0.00002,,0.6,dc,5,10,0,50,2
0.20753660305535004,R2,resistor,A,B,1000,Ω,,0,,2.927350274805293,0.0029273502748052927,0.008569379631402623,0,true,true,backward_euler_step_doubling,0.00002,,0.6,,,,,,
0.20753660305535004,R3,resistor,B,0,1000,Ω,,0,,3.072649725194707,0.003072649725194707,0.009441176333739108,0,true,true,backward_euler_step_doubling,0.00002,,0.6,,,,,,
0.20753660305535004,R4,resistor,A,C,1000,Ω,,0,,2.096866300259603,0.002096866300259603,0.004396848281164395,0,true,true,backward_euler_step_doubling,0.00002,,0.6,,,,,,
0.20753660305535004,R5,resistor,C,0,2000,Ω,,0,,3.903133699740397,0.0019515668498701986,0.0076172263390245805,0,true,true,backward_euler_step_doubling,0.00002,,0.6,,,,,,
0.20753660305535004,C6,capacitor,B,C,100,µF,,0,V,-0.83048397454569,-0.00014529945038938612,0.0001206688650586817,0.00003448518159886031,true,true,backward_euler_step_doubling,0.00002,1e-7,0.6,,,,,,
0.20852435966299407,V1,voltage,A,0,6,V,,0,,6,-0.005024013267094236,-0.03014407960256542,0,true,true,backward_euler_step_doubling,0.00002,,0.6,dc,5,10,0,50,2
0.20852435966299407,R2,resistor,A,B,1000,Ω,,0,,2.9279601987172676,0.0029279601987172678,0.008572950925272462,0,true,true,backward_euler_step_doubling,0.00002,,0.6,,,,,,
0.20852435966299407,R3,resistor,B,0,1000,Ω,,0,,3.0720398012827324,0.0030720398012827324,0.00943742854066525,0,true,true,backward_euler_step_doubling,0.00002,,0.6,,,,,,
0.20852435966299407,R4,resistor,A,C,1000,Ω,,0,,2.09605306837697,0.00209605306837697,0.00439343846545251,0,true,true,backward_euler_step_doubling,0.00002,,0.6,,,,,,
0.20852435966299407,R5,resistor,C,0,2000,Ω,,0,,3.90394693162303,0.001951973465811515,0.007620400822464436,0,true,true,backward_euler_step_doubling,0.00002,,0.6,,,,,,
0.20852435966299407,C6,capacitor,B,C,100,µF,,0,V,-0.8319071303402978,-0.00014407960256548755,0.00011986084871082537,0.00003460347367555146,true,true,backward_euler_step_doubling,0.00002,1e-7,0.6,,,,,,
0.20952226849289177,V1,voltage,A,0,6,V,,0,,6,-0.005023809611481085,-0.03014285766888651,0,true,true,backward_euler_step_doubling,0.00002,,0.6,dc,5,10,0,50,2
0.20952226849289177,R2,resistor,A,B,1000,Ω,,0,,2.9285711655566944,0.0029285711655566943,0.008576529071730095,0,true,true,backward_euler_step_doubling,0.00002,,0.6,,,,,,
0.20952226849289177,R3,resistor,B,0,1000,Ω,,0,,3.0714288344433056,0.0030714288344433054,0.009433675085049763,0,true,true,backward_euler_step_doubling,0.00002,,0.6,,,,,,
0.20952226849289177,R4,resistor,A,C,1000,Ω,,0,,2.095238445924391,0.002095238445924391,0.0043900241452796565,0,true,true,backward_euler_step_doubling,0.00002,,0.6,,,,,,
0.20952226849289177,R5,resistor,C,0,2000,Ω,,0,,3.904761554075609,0.0019523807770378046,0.007623581397093483,0,true,true,backward_euler_step_doubling,0.00002,,0.6,,,,,,
0.20952226849289177,C6,capacitor,B,C,100,µF,,0,V,-0.8333327196323035,-0.00014285766888662494,0.00011904796973362226,0.000034722171080488566,true,true,backward_euler_step_doubling,0.00002,1e-7,0.6,,,,,,
0.21052017732278946,V1,voltage,A,0,6,V,,0,,6,-0.00502360768306352,-0.03014164609838112,0,true,true,backward_euler_step_doubling,0.00002,,0.6,dc,5,10,0,50,2
0.21052017732278946,R2,resistor,A,B,1000,Ω,,0,,2.9291769508093877,0.0029291769508093877,0.008580077609152982,0,true,true,backward_euler_step_doubling,0.00002,,0.6,,,,,,
0.21052017732278946,R3,resistor,B,0,1000,Ω,,0,,3.0708230491906123,0.0030708230491906124,0.00942995419944033,0,true,true,backward_euler_step_doubling,0.00002,,0.6,,,,,,
0.21052017732278946,R4,resistor,A,C,1000,Ω,,0,,2.0944307322541325,0.0020944307322541323,0.004386640092210581,0,true,true,backward_euler_step_doubling,0.00002,,0.6,,,,,,
0.21052017732278946,R5,resistor,C,0,2000,Ω,,0,,3.9055692677458675,0.0019527846338729337,0.007626735652580496,0,true,true,backward_euler_step_doubling,0.00002,,0.6,,,,,,
0.21052017732278946,C6,capacitor,B,C,100,µF,,0,V,-0.8347462185552552,-0.00014164609838121533,0.00011823854499682515,0.00003484006246961489,true,true,backward_euler_step_doubling,0.00002,1e-7,0.6,,,,,,
0.2115284136982677,V1,voltage,A,0,6,V,,0,,6,-0.005023405412875161,-0.030140432477250966,0,true,true,backward_euler_step_doubling,0.00002,,0.6,dc,5,10,0,50,2
0.2115284136982677,R2,resistor,A,B,1000,Ω,,0,,2.9297837613745226,0.0029297837613745225,0.008583632888413845,0,true,true,backward_euler_step_doubling,0.00002,,0.6,,,,,,
0.2115284136982677,R3,resistor,B,0,1000,Ω,,0,,3.0702162386254774,0.0030702162386254776,0.009426227751919576,0,true,true,backward_euler_step_doubling,0.00002,,0.6,,,,,,
0.2115284136982677,R4,resistor,A,C,1000,Ω,,0,,2.093621651500638,0.002093621651500638,0.004383251619632259,0,true,true,backward_euler_step_doubling,0.00002,,0.6,,,,,,
0.2115284136982677,R5,resistor,C,0,2000,Ω,,0,,3.906378348499362,0.001953189174249681,0.007629895900812301,0,true,true,backward_euler_step_doubling,0.00002,,0.6,,,,,,
0.2115284136982677,C6,capacitor,B,C,100,µF,,0,V,-0.8361621098738845,-0.00014043247725095077,0.00011742431647297129,0.0000349583536994373,true,true,backward_euler_step_doubling,0.00002,1e-7,0.6,,,,,,
0.21253665007374595,V1,voltage,A,0,6,V,,0,,6,-0.005023204875733983,-0.030139229254403897,0,true,true,backward_euler_step_doubling,0.00002,,0.6,dc,5,10,0,50,2
0.21253665007374595,R2,resistor,A,B,1000,Ω,,0,,2.9303853727980376,0.0029303853727980374,0.008587158433108694,0,true,true,backward_euler_step_doubling,0.00002,,0.6,,,,,,
0.21253665007374595,R3,resistor,B,0,1000,Ω,,0,,3.0696146272019624,0.0030696146272019623,0.009422533959532242,0,true,true,backward_euler_step_doubling,0.00002,,0.6,,,,,,
0.21253665007374595,R4,resistor,A,C,1000,Ω,,0,,2.0928195029359453,0.002092819502935945,0.004379893471869057,0,true,true,backward_euler_step_doubling,0.00002,,0.6,,,,,,
0.21253665007374595,R5,resistor,C,0,2000,Ω,,0,,3.9071804970640547,0.0019535902485320273,0.007633029718318856,0,true,true,backward_euler_step_doubling,0.00002,,0.6,,,,,,
0.21253665007374595,C6,capacitor,B,C,100,µF,,0,V,-0.8375658698620922,-0.00013922925440394771,0.00011661367157509301,0.00003507582931789216,true,true,backward_euler_step_doubling,0.00002,1e-7,0.6,,,,,,
0.2135553942034688,V1,voltage,A,0,6,V,,0,,6,-0.005023004002654021,-0.03013802401592413,0,true,true,backward_euler_step_doubling,0.00002,,0.6,dc,5,10,0,50,2
0.2135553942034688,R2,resistor,A,B,1000,Ω,,0,,2.9309879920379736,0.0029309879920379734,0.008590690609470791,0,true,true,backward_euler_step_doubling,0.00002,,0.6,,,,,,
0.2135553942034688,R3,resistor,B,0,1000,Ω,,0,,3.0690120079620264,0.0030690120079620263,0.00941883470501511,0,true,true,backward_euler_step_doubling,0.00002,,0.6,,,,,,
0.2135553942034688,R4,resistor,A,C,1000,Ω,,0,,2.0920160106160477,0.002092016010616048,0.004376530988673884,0,true,true,backward_euler_step_doubling,0.00002,,0.6,,,,,,
0.2135553942034688,R5,resistor,C,0,2000,Ω,,0,,3.9079839893839523,0.0019539919946919763,0.007636169430640656,0,true,true,backward_euler_step_doubling,0.00002,,0.6,,,,,,
0.2135553942034688,C6,capacitor,B,C,100,µF,,0,V,-0.8389719814219259,-0.00013802401592401148,0.00011579828212357936,0.000035193699280551616,true,true,backward_euler_step_doubling,0.00002,1e-7,0.6,,,,,,
0.21457413833319167,V1,voltage,A,0,6,V,,0,,6,-0.005022804868432498,-0.03013682921059499,0,true,true,backward_euler_step_doubling,0.00002,,0.6,dc,5,10,0,50,2
0.21457413833319167,R2,resistor,A,B,1000,Ω,,0,,2.9315853947025525,0.0029315853947025523,0.00859419292643332,0,true,true,backward_euler_step_doubling,0.00002,,0.6,,,,,,
0.21457413833319167,R3,resistor,B,0,1000,Ω,,0,,3.0684146052974475,0.0030684146052974474,0.00941516819000269,0,true,true,backward_euler_step_doubling,0.00002,,0.6,,,,,,
0.21457413833319167,R4,resistor,A,C,1000,Ω,,0,,2.091219473729945,0.002091219473729945,0.004373198887307349,0,true,true,backward_euler_step_doubling,0.00002,,0.6,,,,,,
0.21457413833319167,R5,resistor,C,0,2000,Ω,,0,,3.908780526270055,0.0019543902631350275,0.0076392826012740035,0,true,true,backward_euler_step_doubling,0.00002,,0.6,,,,,,
0.21457413833319167,C6,capacitor,B,C,100,µF,,0,V,-0.8403659209726073,-0.00013682921059487868,0.00011498660557752006,0.00003531074405660692,true,true,backward_euler_step_doubling,0.00002,1e-7,0.6,,,,,,
0.2156035754935719,V1,voltage,A,0,6,V,,0,,6,-0.005022605404064199,-0.030135632424385196,0,true,true,backward_euler_step_doubling,0.00002,,0.6,dc,5,10,0,50,2
0.2156035754935719,R2,resistor,A,B,1000,Ω,,0,,2.9321837878074755,0.0029321837878074756,0.008597701765480996,0,true,true,backward_euler_step_doubling,0.00002,,0.6,,,,,,
0.2156035754935719,R3,resistor,B,0,1000,Ω,,0,,3.0678162121925245,0.0030678162121925245,0.009411496311791289,0,true,true,backward_euler_step_doubling,0.00002,,0.6,,,,,,
0.2156035754935719,R4,resistor,A,C,1000,Ω,,0,,2.0904216162567235,0.0020904216162567235,0.0043698625337133725,0,true,true,backward_euler_step_doubling,0.00002,,0.6,,,,,,
0.2156035754935719,R5,resistor,C,0,2000,Ω,,0,,3.9095783837432765,0.001954789191871638,0.007642401569316344,0,true,true,backward_euler_step_doubling,0.00002,,0.6,,,,,,
0.2156035754935719,C6,capacitor,B,C,100,µF,,0,V,-0.841762171550752,-0.00013563242438507995,0.00011417024408307806,0.000035428177672691874,true,true,backward_euler_step_doubling,0.00002,1e-7,0.6,,,,,,
0.21663301265395213,V1,voltage,A,0,6,V,,0,,6,-0.005022407684324866,-0.030134446105949196,0,true,true,backward_euler_step_doubling,0.00002,,0.6,dc,5,10,0,50,2
0.21663301265395213,R2,resistor,A,B,1000,Ω,,0,,2.932776947025472,0.0029327769470254717,0.008601180621004047,0,true,true,backward_euler_step_doubling,0.00002,,0.6,,,,,,
0.21663301265395213,R3,resistor,B,0,1000,Ω,,0,,3.067223052974528,0.003067223052974528,0.009407857256698385,0,true,true,backward_euler_step_doubling,0.00002,,0.6,,,,,,
0.21663301265395213,R4,resistor,A,C,1000,Ω,,0,,2.0896307372993954,0.0020896307372993955,0.004366556618266415,0,true,true,backward_euler_step_doubling,0.00002,,0.6,,,,,,
0.21663301265395213,R5,resistor,C,0,2000,Ω,,0,,3.9103692627006046,0.0019551846313503023,0.007645493885336835,0,true,true,backward_euler_step_doubling,0.00002,,0.6,,,,,,
0.21663301265395213,C6,capacitor,B,C,100,µF,,0,V,-0.8431462097260765,-0.00013444610594912884,0.00011335772464343848,0.00003554477654877244,true,true,backward_euler_step_doubling,0.00002,1e-7,0.6,,,,,,
0.2176733333800523,V1,voltage,A,0,6,V,,0,,6,-0.005022209640190482,-0.03013325784114289,0,true,true,backward_euler_step_doubling,0.00002,,0.6,dc,5,10,0,50,2
0.2176733333800523,R2,resistor,A,B,1000,Ω,,0,,2.9333710794285603,0.0029333710794285602,0.008604665889627877,0,true,true,backward_euler_step_doubling,0.00002,,0.6,,,,,,
0.2176733333800523,R3,resistor,B,0,1000,Ω,,0,,3.0666289205714397,0.0030666289205714395,0.009404212936485152,0,true,true,backward_euler_step_doubling,0.00002,,0.6,,,,,,
0.2176733333800523,R4,resistor,A,C,1000,Ω,,0,,2.088838560761921,0.002088838560761921,0.004363246532925933,0,true,true,backward_euler_step_doubling,0.00002,,0.6,,,,,,
0.2176733333800523,R5,resistor,C,0,2000,Ω,,0,,3.911161439238079,0.0019555807196190394,0.007648591901891441,0,true,true,backward_euler_step_doubling,0.00002,,0.6,,,,,,
0.2176733333800523,C6,capacitor,B,C,100,µF,,0,V,-0.8445325186666395,-0.0001332578411428807,0.00011254058021247598,0.00003566175875427089,true,true,backward_euler_step_doubling,0.00002,1e-7,0.6,,,,,,
0.21871365410615246,V1,voltage,A,0,6,V,,0,,6,-0.005022013346414539,-0.030132080078487236,0,true,true,backward_euler_step_doubling,0.00002,,0.6,dc,5,10,0,50,2
0.21871365410615246,R2,resistor,A,B,1000,Ω,,0,,2.933959960756366,0.002933959960756366,0.008608121051321495,0,true,true,backward_euler_step_doubling,0.00002,,0.6,,,,,,
0.21871365410615246,R3,resistor,B,0,1000,Ω,,0,,3.066040039243634,0.0030660400392436343,0.009400601522245106,0,true,true,backward_euler_step_doubling,0.00002,,0.6,,,,,,
0.21871365410615246,R4,resistor,A,C,1000,Ω,,0,,2.0880533856581738,0.0020880533856581737,0.004359966941358562,0,true,true,backward_euler_step_doubling,0.00002,,0.6,,,,,,
0.21871365410615246,R5,resistor,C,0,2000,Ω,,0,,3.9119466143418262,0.001955973307170913,0.007651663156730238,0,true,true,backward_euler_step_doubling,0.00002,,0.6,,,,,,
0.21871365410615246,C6,capacitor,B,C,100,µF,,0,V,-0.845906575098192,-0.00013208007848727914,0.00011172740683187469,0.000035777896689717656,true,true,backward_euler_step_doubling,0.00002,1e-7,0.6,,,,,,
0.2197650543922136,V1,voltage,A,0,6,V,,0,,6,-0.005021816733954653,-0.03013090040372792,0,true,true,backward_euler_step_doubling,0.00002,,0.6,dc,5,10,0,50,2
0.2197650543922136,R2,resistor,A,B,1000,Ω,,0,,2.934549798136048,0.002934549798136048,0.00861158251774032,0,true,true,backward_euler_step_doubling,0.00002,,0.6,,,,,,
0.2197650543922136,R3,resistor,B,0,1000,Ω,,0,,3.065450201863952,0.003065450201863952,0.009396984940107744,0,true,true,backward_euler_step_doubling,0.00002,,0.6,,,,,,
0.2197650543922136,R4,resistor,A,C,1000,Ω,,0,,2.0872669358186053,0.0020872669358186053,0.00435668326136159,0,true,true,backward_euler_step_doubling,0.00002,,0.6,,,,,,
0.2197650543922136,R5,resistor,C,0,2000,Ω,,0,,3.9127330641813947,0.001956366532090697,0.007654740015769162,0,true,true,backward_euler_step_doubling,0.00002,,0.6,,,,,,
0.2197650543922136,C6,capacitor,B,C,100,µF,,0,V,-0.8472828623174427,-0.000130900403727927,0.00011090966874910682,0.00003589441243884192,true,true,backward_euler_step_doubling,0.00002,1e-7,0.6,,,,,,
0.2208164546782748,V1,voltage,A,0,6,V,,0,,6,-0.005021621877541238,-0.030129731265247428,0,true,true,backward_euler_step_doubling,0.00002,,0.6,dc,5,10,0,50,2
0.2208164546782748,R2,resistor,A,B,1000,Ω,,0,,2.9351343673763006,0.0029351343673763007,0.008615013754553476,0,true,true,backward_euler_step_doubling,0.00002,,0.6,,,,,,
0.2208164546782748,R3,resistor,B,0,1000,Ω,,0,,3.0648656326236994,0.0030648656326236995,0.00939340134603787,0,true,true,backward_euler_step_doubling,0.00002,,0.6,,,,,,
0.2208164546782748,R4,resistor,A,C,1000,Ω,,0,,2.0864875101649365,0.0020864875101649365,0.004353430130074276,0,true,true,backward_euler_step_doubling,0.00002,,0.6,,,,,,
0.2208164546782748,R5,resistor,C,0,2000,Ω,,0,,3.9135124898350635,0.0019567562449175316,0.007657790004047519,0,true,true,backward_euler_step_doubling,0.00002,,0.6,,,,,,
0.2208164546782748,C6,capacitor,B,C,100,µF,,0,V,-0.8486468572113641,-0.00012973126524735575,0.00011009603053422231,0.00003601007441273627,true,true,backward_euler_step_doubling,0.00002,1e-7,0.6,,,,,,
0.2218791361872391,V1,voltage,A,0,6,V,,0,,6,-0.005021426708113997,-0.030128560248683982,0,true,true,backward_euler_step_doubling,0.00002,,0.6,dc,5,10,0,50,2
0.2218791361872391,R2,resistor,A,B,1000,Ω,,0,,2.935719875658002,0.0029357198756580017,0.008618451188333433,0,true,true,backward_euler_step_doubling,0.00002,,0.6,,,,,,
0.2218791361872391,R3,resistor,B,0,1000,Ω,,0,,3.064280124341998,0.003064280124341998,0.00938981268043741,0,true,true,backward_euler_step_doubling,0.00002,,0.6,,,,,,
0.2218791361872391,R4,resistor,A,C,1000,Ω,,0,,2.0857068324559944,0.0020857068324559944,0.004350172990953618,0,true,true,backward_euler_step_doubling,0.00002,,0.6,,,,,,
0.2218791361872391,R5,resistor,C,0,2000,Ω,,0,,3.9142931675440056,0.001957146583772003,0.007660845500740842,0,true,true,backward_euler_step_doubling,0.00002,,0.6,,,,,,
0.2218791361872391,C6,capacitor,B,C,100,µF,,0,V,-0.8500130432020074,-0.00012856024868399126,0.00010927788821868628,0.000036126108680676884,true,true,backward_euler_step_doubling,0.00002,1e-7,0.6,,,,,,
0.22294181769620341,V1,voltage,A,0,6,V,,0,,6,-0.005021233300379531,-0.03012739980227719,0,true,true,backward_euler_step_doubling,0.00002,,0.6,dc,5,10,0,50,2
0.22294181769620341,R2,resistor,A,B,1000,Ω,,0,,2.9363000988613974,0.0029363000988613976,0.008621858270573452,0,true,true,backward_euler_step_doubling,0.00002,,0.6,,,,,,
0.22294181769620341,R3,resistor,B,0,1000,Ω,,0,,3.0636999011386026,0.0030636999011386026,0.009386257084236684,0,true,true,backward_euler_step_doubling,0.00002,,0.6,,,,,,
0.22294181769620341,R4,resistor,A,C,1000,Ω,,0,,2.084933201518133,0.002084933201518133,0.004346946454792652,0,true,true,backward_euler_step_doubling,0.00002,,0.6,,,,,,
0.22294181769620341,R5,resistor,C,0,2000,Ω,,0,,3.915066798481867,0.0019575333992409333,0.007663874018287527,0,true,true,backward_euler_step_doubling,0.00002,,0.6,,,,,,
0.22294181769620341,C6,capacitor,B,C,100,µF,,0,V,-0.8513668973432642,-0.00012739980227718814,0.000108463974386875,0.000036241279694594803,true,true,backward_euler_step_doubling,0.00002,1e-7,0.6,,,,,,
0.22401598797974565,V1,voltage,A,0,6,V,,0,,6,-0.005021039585260116,-0.030126237511560697,0,true,true,backward_euler_step_doubling,0.00002,,0.6,dc,5,10,0,50,2
0.22401598797974565,R2,resistor,A,B,1000,Ω,,0,,2.9368812442196246,0.0029368812442196247,0.00862527144264901,0,true,true,backward_euler_step_doubling,0.00002,,0.6,,,,,,
0.22401598797974565,R3,resistor,B,0,1000,Ω,,0,,3.0631187557803754,0.0030631187557803754,0.009382696512013516,0,true,true,backward_euler_step_doubling,0.00002,,0.6,,,,,,
0.22401598797974565,R4,resistor,A,C,1000,Ω,,0,,2.084158341040492,0.002084158341040492,0.004343715990528655,0,true,true,backward_euler_step_doubling,0.00002,,0.6,,,,,,
0.22401598797974565,R5,resistor,C,0,2000,Ω,,0,,3.915841658959508,0.001957920829479754,0.007666907949021377,0,true,true,backward_euler_step_doubling,0.00002,,0.6,,,,,,
0.22401598797974565,C6,capacitor,B,C,100,µF,,0,V,-0.8527229031791328,-0.00012623751156073373,0.00010764561734817821,0.00003635681748031243,true,true,backward_euler_step_doubling,0.00002,1e-7,0.6,,,,,,
0.22509015826328788,V1,voltage,A,0,6,V,,0,,6,-0.005020847637437666,-0.030125085824625995,0,true,true,backward_euler_step_doubling,0.00002,,0.6,dc,5,10,0,50,2
0.22509015826328788,R2,resistor,A,B,1000,Ω,,0,,2.937457087686928,0.002937457087686928,0.00862865414200217,0,true,true,backward_euler_step_doubling,0.00002,,0.6,,,,,,
0.22509015826328788,R3,resistor,B,0,1000,Ω,,0,,3.062542912313072,0.003062542912313072,0.009379169089759032,0,true,true,backward_euler_step_doubling,0.00002,,0.6,,,,,,
0.22509015826328788,R4,resistor,A,C,1000,Ω,,0,,2.083390549750738,0.002083390549750738,0.004340516182790682,0,true,true,backward_euler_step_doubling,0.00002,,0.6,,,,,,
0.22509015826328788,R5,resistor,C,0,2000,Ω,,0,,3.916609450249262,0.001958304725124631,0.007669914792890913,0,true,true,backward_euler_step_doubling,0.00002,,0.6,,,,,,
0.22509015826328788,C6,capacitor,B,C,100,µF,,0,V,-0.8540665379361903,-0.00012508582462611293,0.00010683161718331773,0.000036471482561115494,true,true,backward_euler_step_doubling,0.00002,1e-7,0.6,,,,,,
0.22617603099266897,V1,voltage,A,0,6,V,,0,,6,-0.005020655387817587,-0.030123932326905523,0,true,true,backward_euler_step_doubling,0.00002,,0.6,dc,5,10,0,50,2
0.22617603099266897,R2,resistor,A,B,1000,Ω,,0,,2.9380338365472656,0.0029380338365472655,0.008632042824696644,0,true,true,backward_euler_step_doubling,0.00002,,0.6,,,,,,
0.22617603099266897,R3,resistor,B,0,1000,Ω,,0,,3.0619661634527344,0.0030619661634527346,0.009375636786129458,0,true,true,backward_euler_step_doubling,0.00002,,0.6,,,,,,
0.22617603099266897,R4,resistor,A,C,1000,Ω,,0,,2.082621551270321,0.002082621551270321,0.004337312525815598,0,true,true,backward_euler_step_doubling,0.00002,,0.6,,,,,,
0.22617603099266897,R5,resistor,C,0,2000,Ω,,0,,3.917378448729679,0.0019586892243648396,0.007672926955285874,0,true,true,backward_euler_step_doubling,0.00002,,0.6,,,,,,
0.22617603099266897,C6,capacitor,B,C,100,µF,,0,V,-0.8554122852769446,-0.00012393232690550423,0.00010601323497792674,0.00003658650889013624,true,true,backward_euler_step_doubling,0.00002,1e-7,0.6,,,,,,
0.2272619037220501,V1,voltage,A,0,6,V,,0,,6,-0.005020464911056234,-0.030122789466337403,0,true,true,backward_euler_step_doubling,0.00002,,0.6,dc,5,10,0,50,2
0.2272619037220501,R2,resistor,A,B,1000,Ω,,0,,2.9386052668313436,0.0029386052668313434,0.008635400914248912,0,true,true,backward_euler_step_doubling,0.00002,,0.6,,,,,,
0.2272619037220501,R3,resistor,B,0,1000,Ω,,0,,3.0613947331686564,0.0030613947331686563,0.009372137712272788,0,true,true,backward_euler_step_doubling,0.00002,,0.6,,,,,,
0.2272619037220501,R4,resistor,A,C,1000,Ω,,0,,2.0818596442248896,0.0020818596442248897,0.004334139578252184,0,true,true,backward_euler_step_doubling,0.00002,,0.6,,,,,,
0.2272619037220501,R5,resistor,C,0,2000,Ω,,0,,3.9181403557751104,0.001959070177887555,0.007675911923776754,0,true,true,backward_euler_step_doubling,0.00002,,0.6,,,,,,
0.2272619037220501,C6,capacitor,B,C,100,µF,,0,V,-0.856745622606454,-0.00012278946633731134,0.00010519933778667403,0.00003670065309276603,true,true,backward_euler_step_doubling,0.00002,1e-7,0.6,,,,,,
0.22835969893020422,V1,voltage,A,0,6,V,,0,,6,-0.00502027413804255,-0.0301216448282553,0,true,true,backward_euler_step_doubling,0.00002,,0.6,dc,5,10,0,50,2
0.22835969893020422,R2,resistor,A,B,1000,Ω,,0,,2.9391775858722804,0.0029391775858722802,0.008638764881294005,0,true,true,backward_euler_step_doubling,0.00002,,0.6,,,,,,
0.22835969893020422,R3,resistor,B,0,1000,Ω,,0,,3.0608224141277196,0.0030608224141277195,0.009368633850826641,0,true,true,backward_euler_step_doubling,0.00002,,0.6,,,,,,
0.22835969893020422,R4,resistor,A,C,1000,Ω,,0,,2.081096552170271,0.002081096552170271,0.00433096285945499,0,true,true,backward_euler_step_doubling,0.00002,,0.6,,,,,,
0.22835969893020422,R5,resistor,C,0,2000,Ω,,0,,3.918903447829729,0.0019594517239148648,0.00767890211670587,0,true,true,backward_euler_step_doubling,0.00002,,0.6,,,,,,
0.22835969893020422,C6,capacitor,B,C,100,µF,,0,V,-0.8580810337020095,-0.00012164482825543404,0.00010438111997392625,0.00003681515301995545,true,true,backward_euler_step_doubling,0.00002,1e-7,0.6,,,,,,
0.22945749413835834,V1,voltage,A,0,6,V,,0,,6,-0.005020085143406666,-0.03012051086044,0,true,true,backward_euler_step_doubling,0.00002,,0.6,dc,5,10,0,50,2
0.22945749413835834,R2,resistor,A,B,1000,Ω,,0,,2.9397445697799456,0.0029397445697799457,0.008642098135550677,0,true,true,backward_euler_step_doubling,0.00002,,0.6,,,,,,
0.22945749413835834,R3,resistor,B,0,1000,Ω,,0,,3.0602554302200544,0.0030602554302200545,0.00936516329819133,0,true,true,backward_euler_step_doubling,0.00002,,0.6,,,,,,
0.22945749413835834,R4,resistor,A,C,1000,Ω,,0,,2.0803405736267195,0.0020803405736267194,0.004327816902277549,0,true,true,backward_euler_step_doubling,0.00002,,0.6,,,,,,
0.22945749413835834,R5,resistor,C,0,2000,Ω,,0,,3.9196594263732805,0.00195982971318664,0.007681865009378457,0,true,true,backward_euler_step_doubling,0.00002,,0.6,,,,,,
0.22945749413835834,C6,capacitor,B,C,100,µF,,0,V,-0.859403996153226,-0.00012051086044008479,0.0001035675150420726,0.000036928761430206704,true,true,backward_euler_step_doubling,0.00002,1e-7,0.6,,,,,,
0.23056743847423333,V1,voltage,A,0,6,V,,0,,6,-0.005019895858021659,-0.030119375148129953,0,true,true,backward_euler_step_doubling,0.00002,,0.6,dc,5,10,0,50,2
0.23056743847423333,R2,resistor,A,B,1000,Ω,,0,,2.940312425934998,0.002940312425934998,0.008645437162107753,0,true,true,backward_euler_step_doubling,0.00002,,0.6,,,,,,
0.23056743847423333,R3,resistor,B,0,1000,Ω,,0,,3.059687574065002,0.003059687574065002,0.009361688050887777,0,true,true,backward_euler_step_doubling,0.00002,,0.6,,,,,,
0.23056743847423333,R4,resistor,A,C,1000,Ω,,0,,2.0795834320866606,0.0020795834320866606,0.004324667251009335,0,true,true,backward_euler_step_doubling,0.00002,,0.6,,,,,,
0.23056743847423333,R5,resistor,C,0,2000,Ω,,0,,3.9204165679133394,0.0019602082839566696,0.007684833032984703,0,true,true,backward_euler_step_doubling,0.00002,,0.6,,,,,,
0.23056743847423333,C6,capacitor,B,C,100,µF,,0,V,-0.8607289938483373,-0.00011937514812999624,0.00010274965114042789,0.00003704272004255855,true,true,backward_euler_step_doubling,0.00002,1e-7,0.6,,,,,,
0.23167738281010836,V1,voltage,A,0,6,V,,0,,6,-0.005019708356490321,-0.030118250138941927,0,true,true,backward_euler_step_doubling,0.00002,,0.6,dc,5,10,0,50,2
0.23167738281010836,R2,resistor,A,B,1000,Ω,,0,,2.940874930529005,0.002940874930529005,0.00864874535701398,0,true,true,backward_euler_step_doubling,0.00002,,0.6,,,,,,
0.23167738281010836,R3,resistor,B,0,1000,Ω,,0,,3.059125069470995,0.003059125069470995,0.009358246190665921,0,true,true,backward_euler_step_doubling,0.00002,,0.6,,,,,,
0.23167738281010836,R4,resistor,A,C,1000,Ω,,0,,2.078833425961317,0.002078833425961317,0.004321548412894066,0,true,true,backward_euler_step_doubling,0.00002,,0.6,,,,,,
0.23167738281010836,R5,resistor,C,0,2000,Ω,,0,,3.921166574038683,0.0019605832870193416,0.007687773650679132,0,true,true,backward_euler_step_doubling,0.00002,,0.6,,,,,,
0.23167738281010836,C6,capacitor,B,C,100,µF,,0,V,-0.8620415045676881,-0.00011825013894197582,0.00010193652768887901,0.000037155777779866173,true,true,backward_euler_step_doubling,0.00002,1e-7,0.6,,,,,,
0.2327997098057926,V1,voltage,A,0,6,V,,0,,6,-0.005019520569670521,-0.030117123418023126,0,true,true,backward_euler_step_doubling,0.00002,,0.6,dc,5,10,0,50,2
0.2327997098057926,R2,resistor,A,B,1000,Ω,,0,,2.9414382909884758,0.0029414382909884757,0.008652059219693205,0,true,true,backward_euler_step_doubling,0.00002,,0.6,,,,,,
0.2327997098057926,R3,resistor,B,0,1000,Ω,,0,,3.0585617090115242,0.0030585617090115244,0.009354799727831497,0,true,true,backward_euler_step_doubling,0.00002,,0.6,,,,,,
0.2327997098057926,R4,resistor,A,C,1000,Ω,,0,,2.0780822786820465,0.0020780822786820464,0.004318425956972367,0,true,true,backward_euler_step_doubling,0.00002,,0.6,,,,,,
0.2327997098057926,R5,resistor,C,0,2000,Ω,,0,,3.9219177213179535,0.001960958860658977,0.0076907193063939045,0,true,true,backward_euler_step_doubling,0.00002,,0.6,,,,,,
0.2327997098057926,C6,capacitor,B,C,100,µF,,0,V,-0.8633560123064292,-0.00011712341802307691,0.00010111920713210264,0.00003726918019928296,true,true,backward_euler_step_doubling,0.00002,1e-7,0.6,,,,,,
0.23392203680147683,V1,voltage,A,0,6,V,,0,,6,-0.005019334572136868,-0.030116007432821206,0,true,true,backward_euler_step_doubling,0.00002,,0.6,dc,5,10,0,50,2
0.23392203680147683,R2,resistor,A,B,1000,Ω,,0,,2.941996283589425,0.002941996283589425,0.008655342132653988,0,true,true,backward_euler_step_doubling,0.00002,,0.6,,,,,,
0.23392203680147683,R3,resistor,B,0,1000,Ω,,0,,3.058003716410575,0.003058003716410575,0.009351386729580888,0,true,true,backward_euler_step_doubling,0.00002,,0.6,,,,,,
0.23392203680147683,R4,resistor,A,C,1000,Ω,,0,,2.0773382885474434,0.0020773382885474435,0.004315334365065222,0,true,true,backward_euler_step_doubling,0.00002,,0.6,,,,,,
0.23392203680147683,R5,resistor,C,0,2000,Ω,,0,,3.9226617114525566,0.0019613308557262783,0.00769363745124795,0,true,true,backward_euler_step_doubling,0.00002,,0.6,,,,,,
0.23392203680147683,C6,capacitor,B,C,100,µF,,0,V,-0.8646579950419815,-0.00011600743282117169,0.00010030675427312167,0.00003738167241950096,true,true,backward_euler_step_doubling,0.00002,1e-7,0.6,,,,,,
0.23505698715288115,V1,voltage,A,0,6,V,,0,,6,-0.005019148294732559,-0.030114889768395353,0,true,true,backward_euler_step_doubling,0.00002,,0.6,dc,5,10,0,50,2
0.23505698715288115,R2,resistor,A,B,1000,Ω,,0,,2.9425551158023353,0.0029425551158023355,0.008658630609534496,0,true,true,backward_euler_step_doubling,0.00002,,0.6,,,,,,
0.23505698715288115,R3,resistor,B,0,1000,Ω,,0,,3.0574448841976647,0.0030574448841976646,0.009347969219906471,0,true,true,backward_euler_step_doubling,0.00002,,0.6,,,,,,
0.23505698715288115,R4,resistor,A,C,1000,Ω,,0,,2.076593178930223,0.002076593178930223,0.004312239230779529,0,true,true,backward_euler_step_doubling,0.00002,,0.6,,,,,,
0.23505698715288115,R5,resistor,C,0,2000,Ω,,0,,3.923406821069777,0.0019617034105348886,0.007696560541808427,0,true,true,backward_euler_step_doubling,0.00002,,0.6,,,,,,
0.23505698715288115,C6,capacitor,B,C,100,µF,,0,V,-0.8659619368721123,-0.00011488976839536728,0.00009949016636644064,0.00003749450380556501,true,true,backward_euler_step_doubling,0.00002,1e-7,0.6,,,,,,
0.23619193750428547,V1,voltage,A,0,6,V,,0,,6,-0.0050189638120031535,-0.03011378287201892,0,true,true,backward_euler_step_doubling,0.00002,,0.6,dc,5,10,0,50,2
0.23619193750428547,R2,resistor,A,B,1000,Ω,,0,,2.9431085639905414,0.0029431085639905416,0.008661888019434467,0,true,true,backward_euler_step_doubling,0.00002,,0.6,,,,,,
0.23619193750428547,R3,resistor,B,0,1000,Ω,,0,,3.0568914360094586,0.0030568914360094585,0.009344585251547969,0,true,true,backward_euler_step_doubling,0.00002,,0.6,,,,,,
0.23619193750428547,R4,resistor,A,C,1000,Ω,,0,,2.0758552480126125,0.0020758552480126123,0.004309175010701504,0,true,true,backward_euler_step_doubling,0.00002,,0.6,,,,,,
0.23619193750428547,R5,resistor,C,0,2000,Ω,,0,,3.9241447519873875,0.0019620723759936937,0.0076994560172750776,0,true,true,backward_euler_step_doubling,0.00002,,0.6,,,,,,
0.23619193750428547,C6,capacitor,B,C,100,µF,,0,V,-0.867253315977929,-0.00011378287201892106,0.00009867857305990161,0.000037606415703735675,true,true,backward_euler_step_doubling,0.00002,1e-7,0.6,,,,,,
0.23733975936644502,V1,voltage,A,0,6,V,,0,,6,-0.005018779054777786,-0.030112674328666714,0,true,true,backward_euler_step_doubling,0.00002,,0.6,dc,5,10,0,50,2
0.23733975936644502,R2,resistor,A,B,1000,Ω,,0,,2.943662835666598,0.002943662835666598,0.008665150890084716,0,true,true,backward_euler_step_doubling,0.00002,,0.6,,,,,,
0.23733975936644502,R3,resistor,B,0,1000,Ω,,0,,3.056337164333402,0.003056337164333402,0.009341196862085541,0,true,true,backward_euler_step_doubling,0.00002,,0.6,,,,,,
0.23733975936644502,R4,resistor,A,C,1000,Ω,,0,,2.0751162191111896,0.00207511621911119,0.004306107322818319,0,true,true,backward_euler_step_doubling,0.00002,,0.6,,,,,,
0.23733975936644502,R5,resistor,C,0,2000,Ω,,0,,3.9248837808888104,0.0019624418904444054,0.007702356346742023,0,true,true,backward_euler_step_doubling,0.00002,,0.6,,,,,,
0.23733975936644502,C6,capacitor,B,C,100,µF,,0,V,-0.8685466165554083,-0.00011267432866682692,0.00009786290693622457,0.00003771866125649237,true,true,backward_euler_step_doubling,0.00002,1e-7,0.6,,,,,,
0.23848758122860456,V1,voltage,A,0,6,V,,0,,6,-0.005018596097571984,-0.030111576585431902,0,true,true,backward_euler_step_doubling,0.00002,,0.6,dc,5,10,0,50,2
0.23848758122860456,R2,resistor,A,B,1000,Ω,,0,,2.9442117072840164,0.0029442117072840165,0.008668382577308262,0,true,true,backward_euler_step_doubling,0.00002,,0.6,,,,,,
0.23848758122860456,R3,resistor,B,0,1000,Ω,,0,,3.0557882927159836,0.0030557882927159837,0.009337842089900066,0,true,true,backward_euler_step_doubling,0.00002,,0.6,,,,,,
0.23848758122860456,R4,resistor,A,C,1000,Ω,,0,,2.074384390287969,0.002074384390287969,0.004303070598670388,0,true,true,backward_euler_step_doubling,0.00002,,0.6,,,,,,
0.23848758122860456,R5,resistor,C,0,2000,Ω,,0,,3.925615609712031,0.0019628078048560156,0.007705228957607381,0,true,true,backward_euler_step_doubling,0.00002,,0.6,,,,,,
0.23848758122860456,C6,capacitor,B,C,100,µF,,0,V,-0.8698273169960475,-0.00011157658543196486,0.00009705236194586628,0.000037829978069627127,true,true,backward_euler_step_doubling,0.00002,1e-7,0.6,,,,,,
0.23964853052627164,V1,voltage,A,0,6,V,,0,,6,-0.005018412871201502,-0.030110477227209012,0,true,true,backward_euler_step_doubling,0.00002,,0.6,dc,5,10,0,50,2
0.23964853052627164,R2,resistor,A,B,1000,Ω,,0,,2.9447613863954576,0.0029447613863954575,0.008671619622805698,0,true,true,backward_euler_step_doubling,0.00002,,0.6,,,,,,
0.23964853052627164,R3,resistor,B,0,1000,Ω,,0,,3.0552386136045424,0.0030552386136045422,0.009334482986060206,0,true,true,backward_euler_step_doubling,0.00002,,0.6,,,,,,
0.23964853052627164,R4,resistor,A,C,1000,Ω,,0,,2.073651484806044,0.002073651484806044,0.004300030480438311,0,true,true,backward_euler_step_doubling,0.00002,,0.6,,,,,,
0.23964853052627164,R5,resistor,C,0,2000,Ω,,0,,3.926348515193956,0.001963174257596978,0.007708106331382891,0,true,true,backward_euler_step_doubling,0.00002,,0.6,,,,,,
0.23964853052627164,C6,capacitor,B,C,100,µF,,0,V,-0.8711099015894135,-0.00011047722720908556,0.0000962378065219778,0.00003794162303235588,true,true,backward_euler_step_doubling,0.00002,1e-7,0.6,,,,,,
0.24080947982393872,V1,voltage,A,0,6,V,,0,,6,-0.005018231450150814,-0.030109388700904884,0,true,true,backward_euler_step_doubling,0.00002,,0.6,dc,5,10,0,50,2
0.24080947982393872,R2,resistor,A,B,1000,Ω,,0,,2.9453056495475547,0.0029453056495475547,0.008674825369256744,0,true,true,backward_euler_step_doubling,0.00002,,0.6,,,,,,
0.24080947982393872,R3,resistor,B,0,1000,Ω,,0,,3.0546943504524453,0.0030546943504524454,0.009331157574686087,0,true,true,backward_euler_step_doubling,0.00002,,0.6,,,,,,
0.24080947982393872,R4,resistor,A,C,1000,Ω,,0,,2.0729258006032585,0.0020729258006032584,0.0042970213748066595,0,true,true,backward_euler_step_doubling,0.00002,,0.6,,,,,,
0.24080947982393872,R5,resistor,C,0,2000,Ω,,0,,3.9270741993967415,0.0019635370996983707,0.007710955883783779,0,true,true,backward_euler_step_doubling,0.00002,,0.6,,,,,,
0.24080947982393872,C6,capacitor,B,C,100,µF,,0,V,-0.8723798489442962,-0.0001093887009049128,0.00009542849837164062,0.00003805233004220365,true,true,backward_euler_step_doubling,0.00002,1e-7,0.6,,,,,,
0.241983820578411,V1,voltage,A,0,6,V,,0,,6,-0.005018049765223012,-0.03010829859133807,0,true,true,backward_euler_step_doubling,0.00002,,0.6,dc,5,10,0,50,2
0.241983820578411,R2,resistor,A,B,1000,Ω,,0,,2.9458507043309545,0.0029458507043309545,0.00867803637220718,0,true,true,backward_euler_step_doubling,0.00002,,0.6,,,,,,
0.241983820578411,R3,resistor,B,0,1000,Ω,,0,,3.0541492956690455,0.0030541492956690456,0.009327827920235727,0,true,true,backward_euler_step_doubling,0.00002,,0.6,,,,,,
0.241983820578411,R4,resistor,A,C,1000,Ω,,0,,2.072199060892056,0.002072199060892056,0.004294008947961919,0,true,true,backward_euler_step_doubling,0.00002,,0.6,,,,,,
0.241983820578411,R5,resistor,C,0,2000,Ω,,0,,3.927800939107944,0.001963900469553972,0.007713810108628622,0,true,true,backward_euler_step_doubling,0.00002,,0.6,,,,,,
0.241983820578411,C6,capacitor,B,C,100,µF,,0,V,-0.8736516434388983,-0.00010829859133805003,0.00009461524230460505,0.0000381633597041744,true,true,backward_euler_step_doubling,0.00002,1e-7,0.6,,,,,,
0.24315816133288332,V1,voltage,A,0,6,V,,0,,6,-0.005017869890870502,-0.03010721934522301,0,true,true,backward_euler_step_doubling,0.00002,,0.6,dc,5,10,0,50,2
0.24315816133288332,R2,resistor,A,B,1000,Ω,,0,,2.9463903273885155,0.0029463903273885153,0.008681215961328603,0,true,true,backward_euler_step_doubling,0.00002,,0.6,,,,,,
0.24315816133288332,R3,resistor,B,0,1000,Ω,,0,,3.0536096726114845,0.0030536096726114844,0.009324532032666418,0,true,true,backward_euler_step_doubling,0.00002,,0.6,,,,,,
0.24315816133288332,R4,resistor,A,C,1000,Ω,,0,,2.0714795634819856,0.0020714795634819857,0.004291027581923517,0,true,true,backward_euler_step_doubling,0.00002,,0.6,,,,,,
0.24315816133288332,R5,resistor,C,0,2000,Ω,,0,,3.9285204365180144,0.001964260218259007,0.007716636410069844,0,true,true,backward_euler_step_doubling,0.00002,,0.6,,,,,,
0.24315816133288332,C6,capacitor,B,C,100,µF,,0,V,-0.8749107639065299,-0.00010721934522295818,0.00009380735923457628,0.00003827344223997538,true,true,backward_euler_step_doubling,0.00002,1e-7,0.6,,,,,,
0.24434616600645315,V1,voltage,A,0,6,V,,0,,6,-0.005017689757884438,-0.030106138547306628,0,true,true,backward_euler_step_doubling,0.00002,,0.6,dc,5,10,0,50,2
0.24434616600645315,R2,resistor,A,B,1000,Ω,,0,,2.9469307263467144,0.0029469307263467145,0.008684400705886374,0,true,true,backward_euler_step_doubling,0.00002,,0.6,,,,,,
0.24434616600645315,R3,resistor,B,0,1000,Ω,,0,,3.0530692736532856,0.0030530692736532856,0.0093212319897258,0,true,true,backward_euler_step_doubling,0.00002,,0.6,,,,,,
0.24434616600645315,R4,resistor,A,C,1000,Ω,,0,,2.070759031537723,0.002070759031537723,0.004288042966695048,0,true,true,backward_euler_step_doubling,0.00002,,0.6,,,,,,
0.24434616600645315,R5,resistor,C,0,2000,Ω,,0,,3.929240968462277,0.0019646204842311385,0.007719467294121186,0,true,true,backward_euler_step_doubling,0.00002,,0.6,,,,,,
0.24434616600645315,C6,capacitor,B,C,100,µF,,0,V,-0.8761716948089915,-0.00010613854730660419,0.00009299559087819171,0.00003838384193922302,true,true,backward_euler_step_doubling,0.00002,1e-7,0.6,,,,,,
0.245534170680023,V1,voltage,A,0,6,V,,0,,6,-0.005017511440684093,-0.03010506864410456,0,true,true,backward_euler_step_doubling,0.00002,,0.6,dc,5,10,0,50,2
0.245534170680023,R2,resistor,A,B,1000,Ω,,0,,2.9474656779477515,0.0029474656779477516,0.008687553922679999,0,true,true,backward_euler_step_doubling,0.00002,,0.6,,,,,,
0.245534170680023,R3,resistor,B,0,1000,Ω,,0,,3.0525343220522485,0.0030525343220522486,0.009317965787306981,0,true,true,backward_euler_step_doubling,0.00002,,0.6,,,,,,
0.245534170680023,R4,resistor,A,C,1000,Ω,,0,,2.070045762736342,0.002070045762736342,0.004285089459822684,0,true,true,backward_euler_step_doubling,0.00002,,0.6,,,,,,
0.245534170680023,R5,resistor,C,0,2000,Ω,,0,,3.929954237263658,0.001964977118631829,0.007722270153493289,0,true,true,backward_euler_step_doubling,0.00002,,0.6,,,,,,
0.245534170680023,C6,capacitor,B,C,100,µF,,0,V,-0.8774199152114095,-0.00010506864410450692,0.00009218932080155422,0.00003849328538047985,true,true,backward_euler_step_doubling,0.00002,1e-7,0.6,,,,,,
0.24673612053857982,V1,voltage,A,0,6,V,,0,,6,-0.005017332870049481,-0.030103997220296885,0,true,true,backward_euler_step_doubling,0.00002,,0.6,dc,5,10,0,50,2
0.24673612053857982,R2,resistor,A,B,1000,Ω,,0,,2.9480013898515756,0.0029480013898515755,0.00869071219456682,0,true,true,backward_euler_step_doubling,0.00002,,0.6,,,,,,
0.24673612053857982,R3,resistor,B,0,1000,Ω,,0,,3.0519986101484244,0.0030519986101484246,0.009314695516347915,0,true,true,backward_euler_step_doubling,0.00002,,0.6,,,,,,
0.24673612053857982,R4,resistor,A,C,1000,Ω,,0,,2.069331480197905,0.002069331480197905,0.004282132774938053,0,true,true,backward_euler_step_doubling,0.00002,,0.6,,,,,,
0.24673612053857982,R5,resistor,C,0,2000,Ω,,0,,3.930668519802095,0.0019653342599010473,0.007725077506281595,0,true,true,backward_euler_step_doubling,0.00002,,0.6,,,,,,
0.24673612053857982,C6,capacitor,B,C,100,µF,,0,V,-0.8786699096536705,-0.00010399722029685233,0.0000913792281624681,0.00003860304050653947,true,true,backward_euler_step_doubling,0.00002,1e-7,0.6,,,,,,
0.24793807039713664,V1,voltage,A,0,6,V,,0,,6,-0.0050171561203656454,-0.03010293672219387,0,true,true,backward_euler_step_doubling,0.00002,,0.6,dc,5,10,0,50,2
0.24793807039713664,R2,resistor,A,B,1000,Ω,,0,,2.9485316389030647,0.002948531638903065,0.008693838825612393,0,true,true,backward_euler_step_doubling,0.00002,,0.6,,,,,,
0.24793807039713664,R3,resistor,B,0,1000,Ω,,0,,3.0514683610969353,0.0030514683610969352,0.009311459158775615,0,true,true,backward_euler_step_doubling,0.00002,,0.6,,,,,,
0.24793807039713664,R4,resistor,A,C,1000,Ω,,0,,2.0686244814625816,0.0020686244814625814,0.004279207245306334,0,true,true,backward_euler_step_doubling,0.00002,,0.6,,,,,,
0.24793807039713664,R5,resistor,C,0,2000,Ω,,0,,3.9313755185374184,0.0019656877592687094,0.007727856733877678,0,true,true,backward_euler_step_doubling,0.00002,,0.6,,,,,,
0.24793807039713664,C6,capacitor,B,C,100,µF,,0,V,-0.8799071574404831,-0.00010293672219389601,0.00009057475862187173,0.00003871183028574955,true,true,backward_euler_step_doubling,0.00002,1e-7,0.6,,,,,,
0.249154255892936,V1,voltage,A,0,6,V,,0,,6,-0.005016979122402259,-0.03010187473441355,0,true,true,backward_euler_step_doubling,0.00002,,0.6,dc,5,10,0,50,2
0.249154255892936,R2,resistor,A,B,1000,Ω,,0,,2.9490626327932814,0.0029490626327932814,0.00869697041213764,0,true,true,backward_euler_step_doubling,0.00002,,0.6,,,,,,
0.249154255892936,R3,resistor,B,0,1000,Ω,,0,,3.0509373672067186,0.0030509373672067187,0.009308218818618264,0,true,true,backward_euler_step_doubling,0.00002,,0.6,,,,,,
0.249154255892936,R4,resistor,A,C,1000,Ω,,0,,2.0679164896089777,0.002067916489608978,0.004276278607996718,0,true,true,backward_euler_step_doubling,0.00002,,0.6,,,,,,
0.249154255892936,R5,resistor,C,0,2000,Ω,,0,,3.9320835103910223,0.001966041755195511,0.0077306403663444925,0,true,true,backward_euler_step_doubling,0.00002,,0.6,,,,,,
0.249154255892936,C6,capacitor,B,C,100,µF,,0,V,-0.8811461431843037,-0.00010187473441346112,0.00008976652931634653,0.00003882092628242867,true,true,backward_euler_step_doubling,0.00002,1e-7,0.6,,,,,,
0.2503704413887354,V1,voltage,A,0,6,V,,0,,6,-0.005016803950508993,-0.030100823703053958,0,true,true,backward_euler_step_doubling,0.00002,,0.6,dc,5,10,0,50,2
0.2503704413887354,R2,resistor,A,B,1000,Ω,,0,,2.9495881484730826,0.0029495881484730827,0.008700070245612868,0,true,true,backward_euler_step_doubling,0.00002,,0.6,,,,,,
0.2503704413887354,R3,resistor,B,0,1000,Ω,,0,,3.0504118515269174,0.0030504118515269174,0.009305012463935875,0,true,true,backward_euler_step_doubling,0.00002,,0.6,,,,,,
0.2503704413887354,R4,resistor,A,C,1000,Ω,,0,,2.06721580203591,0.00206721580203591,0.004273381172186971,0,true,true,backward_euler_step_doubling,0.00002,,0.6,,,,,,
0.2503704413887354,R5,resistor,C,0,2000,Ω,,0,,3.93278419796409,0.0019663920989820447,0.007733395773878024,0,true,true,backward_euler_step_doubling,0.00002,,0.6,,,,,,
0.2503704413887354,C6,capacitor,B,C,100,µF,,0,V,-0.8823723464371724,-0.00010082370305384659,0.00008896404744010733,0.00003892904788785207,true,true,backward_euler_step_doubling,0.00002,1e-7,0.6,,,,,,
0.25160116256375764,V1,voltage,A,0,6,V,,0,,6,-0.005016628535445982,-0.030099771212675895,0,true,true,backward_euler_step_doubling,0.00002,,0.6,dc,5,10,0,50,2
0.25160116256375764,R2,resistor,A,B,1000,Ω,,0,,2.9501143936620666,0.0029501143936620667,0.008703174935692103,0,true,true,backward_euler_step_doubling,0.00002,,0.6,,,,,,
0.25160116256375764,R3,resistor,B,0,1000,Ω,,0,,3.0498856063379334,0.0030498856063379334,0.009301802211747303,0,true,true,backward_euler_step_doubling,0.00002,,0.6,,,,,,
0.25160116256375764,R4,resistor,A,C,1000,Ω,,0,,2.066514141783916,0.002066514141783916,0.004270480698192914,0,true,true,backward_euler_step_doubling,0.00002,,0.6,,,,,,
0.25160116256375764,R5,resistor,C,0,2000,Ω,,0,,3.933485858216084,0.001966742929108042,0.007736155498392961,0,true,true,backward_euler_step_doubling,0.00002,,0.6,,,,,,
0.25160116256375764,C6,capacitor,B,C,100,µF,,0,V,-0.8836002518781507,-0.00009977121267585581,0.00008815786865057475,0.00003903747025595656,true,true,backward_euler_step_doubling,0.00002,1e-7,0.6,,,,,,
0.25283188373877996,V1,voltage,A,0,6,V,,0,,6,-0.005016454951526463,-0.030098729709158778,0,true,true,backward_euler_step_doubling,0.00002,,0.6,dc,5,10,0,50,2
0.25283188373877996,R2,resistor,A,B,1000,Ω,,0,,2.950635145420634,0.002950635145420634,0.008706247761391445,0,true,true,backward_euler_step_doubling,0.00002,,0.6,,,,,,
0.25283188373877996,R3,resistor,B,0,1000,Ω,,0,,3.049364854579366,0.003049364854579366,0.009298626016343839,0,true,true,backward_euler_step_doubling,0.00002,,0.6,,,,,,
0.25283188373877996,R4,resistor,A,C,1000,Ω,,0,,2.0658198061058286,0.0020658198061058288,0.004267611471299124,0,true,true,backward_euler_step_doubling,0.00002,,0.6,,,,,,
0.25283188373877996,R5,resistor,C,0,2000,Ω,,0,,3.9341801938941714,0.0019670900969470857,0.00773888689901459,0,true,true,backward_euler_step_doubling,0.00002,,0.6,,,,,,
0.25283188373877996,C6,capacitor,B,C,100,µF,,0,V,-0.8848153393148053,-0.00009872970915874103,0.00008735756110974348,0.000039144909234338695,true,true,backward_euler_step_doubling,0.00002,1e-7,0.6,,,,,,
0.2540774506507347,V1,voltage,A,0,6,V,,0,,6,-0.005016281129501921,-0.03009768677701153,0,true,true,backward_euler_step_doubling,0.00002,,0.6,dc,5,10,0,50,2
0.2540774506507347,R2,resistor,A,B,1000,Ω,,0,,2.951156611494268,0.002951156611494268,0.00870932534556633,0,true,true,backward_euler_step_doubling,0.00002,,0.6,,,,,,
0.2540774506507347,R3,resistor,B,0,1000,Ω,,0,,3.048843388505732,0.0030488433885057322,0.009295446007635115,0,true,true,backward_euler_step_doubling,0.00002,,0.6,,,,,,
0.2540774506507347,R4,resistor,A,C,1000,Ω,,0,,2.0651245180076527,0.0020651245180076526,0.00426473927487634,0,true,true,backward_euler_step_doubling,0.00002,,0.6,,,,,,
0.2540774506507347,R5,resistor,C,0,2000,Ω,,0,,3.9348754819923473,0.0019674377409961735,0.007741622529392253,0,true,true,backward_euler_step_doubling,0.00002,,0.6,,,,,,
0.2540774506507347,C6,capacitor,B,C,100,µF,,0,V,-0.886032093486615,-0.00009768677701145962,0.0000865536195414237,0.00003925264353441369,true,true,backward_euler_step_doubling,0.00002,1e-7,0.6,,,,,,
0.2553230175626895,V1,voltage,A,0,6,V,,0,,6,-0.005016109143647857,-0.030096654861887142,0,true,true,backward_euler_step_doubling,0.00002,,0.6,dc,5,10,0,50,2
0.2553230175626895,R2,resistor,A,B,1000,Ω,,0,,2.9516725690564667,0.0029516725690564667,0.008712370954920402,0,true,true,backward_euler_step_doubling,0.00002,,0.6,,,,,,
0.2553230175626895,R3,resistor,B,0,1000,Ω,,0,,3.0483274309435333,0.0030483274309435334,0.009292300126242803,0,true,true,backward_euler_step_doubling,0.00002,,0.6,,,,,,
0.2553230175626895,R4,resistor,A,C,1000,Ω,,0,,2.0644365745913906,0.0020644365745913907,0.004261898370510634,0,true,true,backward_euler_step_doubling,0.00002,,0.6,,,,,,
0.2553230175626895,R5,resistor,C,0,2000,Ω,,0,,3.9355634254086094,0.0019677817127043045,0.007744329737706972,0,true,true,backward_euler_step_doubling,0.00002,,0.6,,,,,,
0.2553230175626895,C6,capacitor,B,C,100,µF,,0,V,-0.8872359944650761,-0.00009665486188707748,0.00008575567250626577,0.00003935938549372162,true,true,backward_euler_step_doubling,0.00002,1e-7,0.6,,,,,,
0.25658375073481554,V1,voltage,A,0,6,V,,0,,6,-0.005015936924708079,-0.03009562154824847,0,true,true,backward_euler_step_doubling,0.00002,,0.6,dc,5,10,0,50,2
0.25658375073481554,R2,resistor,A,B,1000,Ω,,0,,2.952189225875811,0.002952189225875811,0.008715421225377221,0,true,true,backward_euler_step_doubling,0.00002,,0.6,,,,,,
0.25658375073481554,R3,resistor,B,0,1000,Ω,,0,,3.047810774124189,0.003047810774124189,0.009289150514867488,0,true,true,backward_euler_step_doubling,0.00002,,0.6,,,,,,
0.25658375073481554,R4,resistor,A,C,1000,Ω,,0,,2.0637476988322665,0.0020637476988322667,0.004259054564435476,0,true,true,backward_euler_step_doubling,0.00002,,0.6,,,,,,
0.25658375073481554,R5,resistor,C,0,2000,Ω,,0,,3.9362523011677335,0.0019681261505838667,0.007747041089224138,0,true,true,backward_euler_step_doubling,0.00002,,0.6,,,,,,
0.25658375073481554,C6,capacitor,B,C,100,µF,,0,V,-0.8884415270435446,-0.00009562154824843694,0.00008495415434410928,0.00003946641734877327,true,true,backward_euler_step_doubling,0.00002,1e-7,0.6,,,,,,
0.2578444839069416,V1,voltage,A,0,6,V,,0,,6,-0.005015766546919132,-0.03009459928151479,0,true,true,backward_euler_step_doubling,0.00002,,0.6,dc,5,10,0,50,2
0.2578444839069416,R2,resistor,A,B,1000,Ω,,0,,2.952700359242663,0.002952700359242663,0.00871843941147175,0,true,true,backward_euler_step_doubling,0.00002,,0.6,,,,,,
0.2578444839069416,R3,resistor,B,0,1000,Ω,,0,,3.047299640757337,0.0030472996407573372,0.009286035100559796,0,true,true,backward_euler_step_doubling,0.00002,,0.6,,,,,,
0.2578444839069416,R4,resistor,A,C,1000,Ω,,0,,2.0630661876764695,0.0020630661876764695,0.004256242094733922,0,true,true,backward_euler_step_doubling,0.00002,,0.6,,,,,,
0.2578444839069416,R5,resistor,C,0,2000,Ω,,0,,3.9369338123235305,0.0019684669061617653,0.0077497239213081435,0,true,true,backward_euler_step_doubling,0.00002,,0.6,,,,,,
0.2578444839069416,C6,capacitor,B,C,100,µF,,0,V,-0.8896341715661933,-0.0000945992815146951,0.00008415875344108287,0.000039572447960913345,true,true,backward_euler_step_doubling,0.00002,1e-7,0.6,,,,,,
0.259120714803413,V1,voltage,A,0,6,V,,0,,6,-0.00501559594101809,-0.03009357564610854,0,true,true,backward_euler_step_doubling,0.00002,,0.6,dc,5,10,0,50,2
0.259120714803413,R2,resistor,A,B,1000,Ω,,0,,2.9532121769457462,0.002953212176945746,0.008721462162060633,0,true,true,backward_euler_step_doubling,0.00002,,0.6,,,,,,
0.259120714803413,R3,resistor,B,0,1000,Ω,,0,,3.0467878230542538,0.0030467878230542537,0.009282916038711678,0,true,true,backward_euler_step_doubling,0.00002,,0.6,,,,,,
0.259120714803413,R4,resistor,A,C,1000,Ω,,0,,2.0623837640723433,0.0020623837640723433,0.004253426790309207,0,true,true,backward_euler_step_doubling,0.00002,,0.6,,,,,,
0.259120714803413,R5,resistor,C,0,2000,Ω,,0,,3.9376162359276567,0.0019688081179638282,0.007752410810720543,0,true,true,backward_euler_step_doubling,0.00002,,0.6,,,,,,
0.259120714803413,C6,capacitor,B,C,100,µF,,0,V,-0.890828412873403,-0.00009357564610852234,0.00008335984430645819,0.0000396787630591273,true,true,backward_euler_step_doubling,0.00002,1e-7,0.6,,,,,,
0.26039694569988436,V1,voltage,A,0,6,V,,0,,6,-0.005015427181201279,-0.030092563087207674,0,true,true,backward_euler_step_doubling,0.00002,,0.6,dc,5,10,0,50,2
0.26039694569988436,R2,resistor,A,B,1000,Ω,,0,,2.9537184563961767,0.0029537184563961766,0.008724452719655412,0,true,true,backward_euler_step_doubling,0.00002,,0.6,,,,,,
0.26039694569988436,R3,resistor,B,0,1000,Ω,,0,,3.0462815436038233,0.0030462815436038235,0.009279831242901293,0,true,true,backward_euler_step_doubling,0.00002,,0.6,,,,,,
0.26039694569988436,R4,resistor,A,C,1000,Ω,,0,,2.0617087248051016,0.0020617087248051016,0.004250642865937478,0,true,true,backward_euler_step_doubling,0.00002,,0.6,,,,,,
0.26039694569988436,R5,resistor,C,0,2000,Ω,,0,,3.9382912751948984,0.001969145637597449,0.007755069084138129,0,true,true,backward_euler_step_doubling,0.00002,,0.6,,,,,,
0.26039694569988436,C6,capacitor,B,C,100,µF,,0,V,-0.8920097315910751,-0.00009256308720767725,0.00008256717457536146,0.00003978406806265909,true,true,backward_euler_step_doubling,0.00002,1e-7,0.6,,,,,,
0.2616890172285299,V1,voltage,A,0,6,V,,0,,6,-0.005015258198200088,-0.03009154918920053,0,true,true,backward_euler_step_doubling,0.00002,,0.6,dc,5,10,0,50,2
0.2616890172285299,R2,resistor,A,B,1000,Ω,,0,,2.9542254053997645,0.0029542254053997645,0.008727447745909403,0,true,true,backward_euler_step_doubling,0.00002,,0.6,,,,,,
0.2616890172285299,R3,resistor,B,0,1000,Ω,,0,,3.0457745946002355,0.0030457745946002356,0.00927674288111223,0,true,true,backward_euler_step_doubling,0.00002,,0.6,,,,,,
0.2616890172285299,R4,resistor,A,C,1000,Ω,,0,,2.061032792800324,0.002061032792800324,0.0042478561729983036,0,true,true,backward_euler_step_doubling,0.00002,,0.6,,,,,,
0.2616890172285299,R5,resistor,C,0,2000,Ω,,0,,3.938967207199676,0.001969483603599838,0.0077577313296972065,0,true,true,backward_euler_step_doubling,0.00002,,0.6,,,,,,
0.2616890172285299,C6,capacitor,B,C,100,µF,,0,V,-0.8931926125994405,-0.00009154918920049278,0.00008177105948334863,0.00003988965216011071,true,true,backward_euler_step_doubling,0.00002,1e-7,0.6,,,,,,
0.2629810887571754,V1,voltage,A,0,6,V,,0,,6,-0.005015091066169226,-0.030090546397015354,0,true,true,backward_euler_step_doubling,0.00002,,0.6,dc,5,10,0,50,2
0.2629810887571754,R2,resistor,A,B,1000,Ω,,0,,2.954726801492358,0.0029547268014923577,0.00873041047145726,0,true,true,backward_euler_step_doubling,0.00002,,0.6,,,,,,
0.2629810887571754,R3,resistor,B,0,1000,Ω,,0,,3.045273198507642,0.0030452731985076424,0.009273688853548966,0,true,true,backward_euler_step_doubling,0.00002,,0.6,,,,,,
0.2629810887571754,R4,resistor,A,C,1000,Ω,,0,,2.0603642646768683,0.0020603642646768684,0.004245100903157452,0,true,true,backward_euler_step_doubling,0.00002,,0.6,,,,,,
0.2629810887571754,R5,resistor,C,0,2000,Ω,,0,,3.9396357353231317,0.001969817867661566,0.007760364863517517,0,true,true,backward_euler_step_doubling,0.00002,,0.6,,,,,,
0.2629810887571754,C6,capacitor,B,C,100,µF,,0,V,-0.8943625368154895,-0.00009054639701529774,0.00008098130533410415,0.00003999421736295189,true,true,backward_euler_step_doubling,0.00002,1e-7,0.6,,,,,,
0.26428935580135954,V1,voltage,A,0,6,V,,0,,6,-0.0050149237158354475,-0.030089542295012685,0,true,true,backward_euler_step_doubling,0.00002,,0.6,dc,5,10,0,50,2
0.26428935580135954,R2,resistor,A,B,1000,Ω,,0,,2.9552288524935983,0.002955228852493598,0.008733377570610629,0,true,true,backward_euler_step_doubling,0.00002,,0.6,,,,,,
0.26428935580135954,R3,resistor,B,0,1000,Ω,,0,,3.0447711475064017,0.0030447711475064016,0.00927063134068745,0,true,true,backward_euler_step_doubling,0.00002,,0.6,,,,,,
0.26428935580135954,R4,resistor,A,C,1000,Ω,,0,,2.05969486334185,0.0020596948633418498,0.004242342930076802,0,true,true,backward_euler_step_doubling,0.00002,,0.6,,,,,,
0.26428935580135954,R5,resistor,C,0,2000,Ω,,0,,3.94030513665815,0.001970152568329075,0.007763002284987301,0,true,true,backward_euler_step_doubling,0.00002,,0.6,,,,,,
0.26428935580135954,C6,capacitor,B,C,100,µF,,0,V,-0.8955339891517484,-0.00008954229501282555,0.00008018816865063838,0.00004009905628630219,true,true,backward_euler_step_doubling,0.00002,1e-7,0.6,,,,,,
0.26559762284554367,V1,voltage,A,0,6,V,,0,,6,-0.005014758221310552,-0.030088549327863312,0,true,true,backward_euler_step_doubling,0.00002,,0.6,dc,5,10,0,50,2
0.26559762284554367,R2,resistor,A,B,1000,Ω,,0,,2.9557253360682916,0.0029557253360682914,0.008736312262276015,0,true,true,backward_euler_step_doubling,0.00002,,0.6,,,,,,
0.26559762284554367,R3,resistor,B,0,1000,Ω,,0,,3.0442746639317084,0.0030442746639317082,0.009267608229456516,0,true,true,backward_euler_step_doubling,0.00002,,0.6,,,,,,
0.26559762284554367,R4,resistor,A,C,1000,Ω,,0,,2.0590328852422597,0.00205903288524226,0.004239616422509065,0,true,true,backward_euler_step_doubling,0.00002,,0.6,,,,,,
0.26559762284554367,R5,resistor,C,0,2000,Ω,,0,,3.9409671147577403,0.0019704835573788704,0.007765610899800975,0,true,true,backward_euler_step_doubling,0.00002,,0.6,,,,,,
0.26559762284554367,C6,capacitor,B,C,100,µF,,0,V,-0.8966924508260319,-0.00008854932786340336,0.00007940151382083299,0.00004020286756841977,true,true,backward_euler_step_doubling,0.00002,1e-7,0.6,,,,,,
0.26692245282734817,V1,voltage,A,0,6,V,,0,,6,-0.005014592513317822,-0.030087555079906934,0,true,true,backward_euler_step_doubling,0.00002,,0.6,dc,5,10,0,50,2
0.26692245282734817,R2,resistor,A,B,1000,Ω,,0,,2.9562224600465274,0.0029562224600465275,0.008739251233283542,0,true,true,backward_euler_step_doubling,0.00002,,0.6,,,,,,
0.26692245282734817,R3,resistor,B,0,1000,Ω,,0,,3.0437775399534726,0.0030437775399534727,0.009264581712725213,0,true,true,backward_euler_step_doubling,0.00002,,0.6,,,,,,
0.26692245282734817,R4,resistor,A,C,1000,Ω,,0,,2.0583700532712954,0.0020583700532712953,0.004236887276204075,0,true,true,backward_euler_step_doubling,0.00002,,0.6,,,,,,
0.26692245282734817,R5,resistor,C,0,2000,Ω,,0,,3.9416299467287046,0.001970814973364352,0.007768223318474265,0,true,true,backward_euler_step_doubling,0.00002,,0.6,,,,,,
0.26692245282734817,C6,capacitor,B,C,100,µF,,0,V,-0.897852406775232,-0.0000875550799069495,0.00007861153921985237,0.000040306947217603835,true,true,backward_euler_step_doubling,0.00002,1e-7,0.6,,,,,,
0.26824728280915267,V1,voltage,A,0,6,V,,0,,6,-0.0050144286659245625,-0.030086571995547373,0,true,true,backward_euler_step_doubling,0.00002,,0.6,dc,5,10,0,50,2
0.26824728280915267,R2,resistor,A,B,1000,Ω,,0,,2.9567140022263256,0.0029567140022263255,0.008742157690961216,0,true,true,backward_euler_step_doubling,0.00002,,0.6,,,,,,
0.26824728280915267,R3,resistor,B,0,1000,Ω,,0,,3.0432859977736744,0.003043285997773674,0.009261589664245309,0,true,true,backward_euler_step_doubling,0.00002,,0.6,,,,,,
0.26824728280915267,R4,resistor,A,C,1000,Ω,,0,,2.0577146636982357,0.0020577146636982357,0.004234189637198744,0,true,true,backward_euler_step_doubling,0.00002,,0.6,,,,,,
0.26824728280915267,R5,resistor,C,0,2000,Ω,,0,,3.9422853363017643,0.0019711426681508822,0.007770806836409958,0,true,true,backward_euler_step_doubling,0.00002,,0.6,,,,,,
0.26824728280915267,C6,capacitor,B,C,100,µF,,0,V,-0.8989993385280899,-0.00008657199554735763,0.00007782816673213125,0.00004040999053369715,true,true,backward_euler_step_doubling,0.00002,1e-7,0.6,,,,,,
0.2695890562860792,V1,voltage,A,0,6,V,,0,,6,-0.00501426460985179,-0.03008558765911074,0,true,true,backward_euler_step_doubling,0.00002,,0.6,dc,5,10,0,50,2
0.2695890562860792,R2,resistor,A,B,1000,Ω,,0,,2.957206170444674,0.002957206170444674,0.008745068334516055,0,true,true,backward_euler_step_doubling,0.00002,,0.6,,,,,,
0.2695890562860792,R3,resistor,B,0,1000,Ω,,0,,3.042793829555326,0.0030427938295553257,0.009258594289179965,0,true,true,backward_euler_step_doubling,0.00002,,0.6,,,,,,
0.2695890562860792,R4,resistor,A,C,1000,Ω,,0,,2.057058439407115,0.0020570584394071154,0.004231489423136036,0,true,true,backward_euler_step_doubling,0.00002,,0.6,,,,,,
0.2695890562860792,R5,resistor,C,0,2000,Ω,,0,,3.942941560592885,0.0019714707802964424,0.007773394075125327,0,true,true,backward_euler_step_doubling,0.00002,,0.6,,,,,,
0.2695890562860792,C6,capacitor,B,C,100,µF,,0,V,-0.900147731037559,-0.00008558765911065339,0.00007704153715327071,0.000040513296884603276,true,true,backward_euler_step_doubling,0.00002,1e-7,0.6,,,,,,
0.2709308297630058,V1,voltage,A,0,6,V,,0,,6,-0.005014102419120905,-0.03008461451472543,0,true,true,backward_euler_step_doubling,0.00002,,0.6,dc,5,10,0,50,2
0.2709308297630058,R2,resistor,A,B,1000,Ω,,0,,2.95769274263734,0.0029576927426373397,0.008747946359849589,0,true,true,backward_euler_step_doubling,0.00002,,0.6,,,,,,
0.2709308297630058,R3,resistor,B,0,1000,Ω,,0,,3.04230725736266,0.00304230725736266,0.009255633448201512,0,true,true,backward_euler_step_doubling,0.00002,,0.6,,,,,,
0.2709308297630058,R4,resistor,A,C,1000,Ω,,0,,2.056409676483566,0.002056409676483566,0.004228820757535245,0,true,true,backward_euler_step_doubling,0.00002,,0.6,,,,,,
0.2709308297630058,R5,resistor,C,0,2000,Ω,,0,,3.943590323516434,0.001971795161758217,0.007775952319866227,0,true,true,backward_euler_step_doubling,0.00002,,0.6,,,,,,
0.2709308297630058,C6,capacitor,B,C,100,µF,,0,V,-0.9012830661537738,-0.00008461451472535083,0.00007626162927277784,0.000040615558266777394,true,true,backward_euler_step_doubling,0.00002,1e-7,0.6,,,,,,
0.27228994106043747,V1,voltage,A,0,6,V,,0,,6,-0.005013940024451867,-0.030083640146711204,0,true,true,backward_euler_step_doubling,0.00002,,0.6,dc,5,10,0,50,2
0.27228994106043747,R2,resistor,A,B,1000,Ω,,0,,2.958179926644391,0.002958179926644391,0.008750828478401813,0,true,true,backward_euler_step_doubling,0.00002,,0.6,,,,,,
0.27228994106043747,R3,resistor,B,0,1000,Ω,,0,,3.041820073355609,0.003041820073355609,0.009252669358669124,0,true,true,backward_euler_step_doubling,0.00002,,0.6,,,,,,
0.27228994106043747,R4,resistor,A,C,1000,Ω,,0,,2.0557600978074766,0.0020557600978074768,0.004226149579737406,0,true,true,backward_euler_step_doubling,0.00002,,0.6,,,,,,
0.27228994106043747,R5,resistor,C,0,2000,Ω,,0,,3.9442399021925234,0.0019721199510962617,0.007778514203023844,0,true,true,backward_euler_step_doubling,0.00002,,0.6,,,,,,
0.27228994106043747,C6,capacitor,B,C,100,µF,,0,V,-0.9024198288369143,-0.00008364014671121003,0.00007547852687902455,0.00004071807737390228,true,true,backward_euler_step_doubling,0.00002,1e-7,0.6,,,,,,
0.27364905235786907,V1,voltage,A,0,6,V,,0,,6,-0.0050137794998186495,-0.030082676998911897,0,true,true,backward_euler_step_doubling,0.00002,,0.6,dc,5,10,0,50,2
0.27364905235786907,R2,resistor,A,B,1000,Ω,,0,,2.9586615005440757,0.002958661500544076,0.008753677874801722,0,true,true,backward_euler_step_doubling,0.00002,,0.6,,,,,,
0.27364905235786907,R3,resistor,B,0,1000,Ω,,0,,3.0413384994559243,0.0030413384994559243,0.009249739868272813,0,true,true,backward_euler_step_doubling,0.00002,,0.6,,,,,,
0.27364905235786907,R4,resistor,A,C,1000,Ω,,0,,2.055117999274573,0.0020551179992745728,0.004223509990942323,0,true,true,backward_euler_step_doubling,0.00002,,0.6,,,,,,
0.27364905235786907,R5,resistor,C,0,2000,Ω,,0,,3.944882000725427,0.0019724410003627135,0.007781046999823724,0,true,true,backward_euler_step_doubling,0.00002,,0.6,,,,,,
0.27364905235786907,C6,capacitor,B,C,100,µF,,0,V,-0.9035435012695028,-0.00008267699891185771,0.00007470226507127479,0.0000408195429343176,true,true,backward_euler_step_doubling,0.00002,1e-7,0.6,,,,,,
0.2750259102403102,V1,voltage,A,0,6,V,,0,,6,-0.005013618775941466,-0.030081712655648796,0,true,true,backward_euler_step_doubling,0.00002,,0.6,dc,5,10,0,50,2
0.2750259102403102,R2,resistor,A,B,1000,Ω,,0,,2.9591436721756104,0.0029591436721756103,0.008756531272576955,0,true,true,backward_euler_step_doubling,0.00002,,0.6,,,,,,
0.2750259102403102,R3,resistor,B,0,1000,Ω,,0,,3.0408563278243896,0.00304085632782439,0.009246807206469632,0,true,true,backward_euler_step_doubling,0.00002,,0.6,,,,,,
0.2750259102403102,R4,resistor,A,C,1000,Ω,,0,,2.0544751037658555,0.0020544751037658553,0.004220867951993722,0,true,true,backward_euler_step_doubling,0.00002,,0.6,,,,,,
0.2750259102403102,R5,resistor,C,0,2000,Ω,,0,,3.9455248962341445,0.0019727624481170724,0.007783583353401729,0,true,true,backward_euler_step_doubling,0.00002,,0.6,,,,,,
0.2750259102403102,C6,capacitor,B,C,100,µF,,0,V,-0.9046685684097548,-0.0000817126556487717,0.00007392287120673356,0.00004092126093342776,true,true,backward_euler_step_doubling,0.00002,1e-7,0.6,,,,,,
0.2764027681227513,V1,voltage,A,0,6,V,,0,,6,-0.005013459926745158,-0.030080759560470946,0,true,true,backward_euler_step_doubling,0.00002,,0.6,dc,5,10,0,50,2
0.2764027681227513,R2,resistor,A,B,1000,Ω,,0,,2.9596202197645405,0.0029596202197645404,0.008759351845239106,0,true,true,backward_euler_step_doubling,0.00002,,0.6,,,,,,
0.2764027681227513,R3,resistor,B,0,1000,Ω,,0,,3.0403797802354595,0.0030403797802354593,0.009243909208064621,0,true,true,backward_euler_step_doubling,0.00002,,0.6,,,,,,
0.2764027681227513,R4,resistor,A,C,1000,Ω,,0,,2.0538397069806167,0.002053839706980617,0.004218257541970226,0,true,true,backward_euler_step_doubling,0.00002,,0.6,,,,,,
0.2764027681227513,R5,resistor,C,0,2000,Ω,,0,,3.9461602930193833,0.001973080146509692,0.007786090529101414,0,true,true,backward_euler_step_doubling,0.00002,,0.6,,,,,,
0.2764027681227513,C6,capacitor,B,C,100,µF,,0,V,-0.9057805127839238,-0.00008075956047094174,0.00007315043609557391,0.00004102191686695539,true,true,backward_euler_step_doubling,0.00002,1e-7,0.6,,,,,,
0.27779779650624503,V1,voltage,A,0,6,V,,0,,6,-0.005013300882951645,-0.030079805297709872,0,true,true,backward_euler_step_doubling,0.00002,,0.6,dc,5,10,0,50,2
0.27779779650624503,R2,resistor,A,B,1000,Ω,,0,,2.960097351145076,0.0029600973511450758,0.008762176328256094,0,true,true,backward_euler_step_doubling,0.00002,,0.6,,,,,,
0.27779779650624503,R3,resistor,B,0,1000,Ω,,0,,3.039902648854924,0.003039902648854924,0.009241008114515184,0,true,true,backward_euler_step_doubling,0.00002,,0.6,,,,,,
0.27779779650624503,R4,resistor,A,C,1000,Ω,,0,,2.053203531806568,0.002053203531806568,0.0042156447430229645,0,true,true,backward_euler_step_doubling,0.00002,,0.6,,,,,,
0.27779779650624503,R5,resistor,C,0,2000,Ω,,0,,3.946796468193432,0.001973398234096716,0.007788601180672074,0,true,true,backward_euler_step_doubling,0.00002,,0.6,,,,,,
0.27779779650624503,C6,capacitor,B,C,100,µF,,0,V,-0.9068938193385079,-0.0000798052977098486,0.00007237493124353127,0.00004112281997771931,true,true,backward_euler_step_doubling,0.00002,1e-7,0.6,,,,,,
0.2791928248897388,V1,voltage,A,0,6,V,,0,,6,-0.005013143718434945,-0.030078862310609668,0,true,true,backward_euler_step_doubling,0.00002,,0.6,dc,5,10,0,50,2
0.2791928248897388,R2,resistor,A,B,1000,Ω,,0,,2.960568844695168,0.0029605688446951678,0.008764967884179681,0,true,true,backward_euler_step_doubling,0.00002,,0.6,,,,,,
0.2791928248897388,R3,resistor,B,0,1000,Ω,,0,,3.039431155304832,0.003039431155304832,0.009238141747837665,0,true,true,backward_euler_step_doubling,0.00002,,0.6,,,,,,
0.2791928248897388,R4,resistor,A,C,1000,Ω,,0,,2.052574873739776,0.002052574873739776,0.004213063612307858,0,true,true,backward_euler_step_doubling,0.00002,,0.6,,,,,,
0.2791928248897388,R5,resistor,C,0,2000,Ω,,0,,3.947425126260224,0.001973712563130112,0.007791082563715272,0,true,true,backward_euler_step_doubling,0.00002,,0.6,,,,,,
0.2791928248897388,C6,capacitor,B,C,100,µF,,0,V,-0.9079939709553919,-0.00007886231060967947,0.0000716065025692004,0.00004122265256456705,true,true,backward_euler_step_doubling,0.00002,1e-7,0.6,,,,,,
0.28060646359896435,V1,voltage,A,0,6,V,,0,,6,-0.005012986363920121,-0.03007791818352073,0,true,true,backward_euler_step_doubling,0.00002,,0.6,dc,5,10,0,50,2
0.28060646359896435,R2,resistor,A,B,1000,Ω,,0,,2.9610409082396436,0.0029610409082396435,0.008767763260268653,0,true,true,backward_euler_step_doubling,0.00002,,0.6,,,,,,
0.28060646359896435,R3,resistor,B,0,1000,Ω,,0,,3.0389590917603564,0.003038959091760356,0.00923527236139293,0,true,true,backward_euler_step_doubling,0.00002,,0.6,,,,,,
0.28060646359896435,R4,resistor,A,C,1000,Ω,,0,,2.0519454556804777,0.0020519454556804776,0.004210480153087763,0,true,true,backward_euler_step_doubling,0.00002,,0.6,,,,,,
0.28060646359896435,R5,resistor,C,0,2000,Ω,,0,,3.9480545443195223,0.001974027272159761,0.007793567342461015,0,true,true,backward_euler_step_doubling,0.00002,,0.6,,,,,,
0.28060646359896435,C6,capacitor,B,C,100,µF,,0,V,-0.9090954525591659,-0.00007791818352069735,0.0000708350663103365,0.00004132272709318773,true,true,backward_euler_step_doubling,0.00002,1e-7,0.6,,,,,,
0.2820201023081899,V1,voltage,A,0,6,V,,0,,6,-0.005012830893228613,-0.03007698535937168,0,true,true,backward_euler_step_doubling,0.00002,,0.6,dc,5,10,0,50,2
0.2820201023081899,R2,resistor,A,B,1000,Ω,,0,,2.961507320314147,0.0029615073203141467,0.008770525608274278,0,true,true,backward_euler_step_doubling,0.00002,,0.6,,,,,,
0.2820201023081899,R3,resistor,B,0,1000,Ω,,0,,3.038492679685853,0.003038492679685853,0.009232437764504517,0,true,true,backward_euler_step_doubling,0.00002,,0.6,,,,,,
0.2820201023081899,R4,resistor,A,C,1000,Ω,,0,,2.051323572914466,0.002051323572914466,0.004207928400794571,0,true,true,backward_euler_step_doubling,0.00002,,0.6,,,,,,
0.2820201023081899,R5,resistor,C,0,2000,Ω,,0,,3.948676427085534,0.0019743382135427668,0.007796022762910488,0,true,true,backward_euler_step_doubling,0.00002,,0.6,,,,,,
0.2820201023081899,C6,capacitor,B,C,100,µF,,0,V,-0.9101837473996808,-0.00007698535937170773,0.00007007082288785208,0.0000414217227015263,true,true,backward_euler_step_doubling,0.00002,1e-7,0.6,,,,,,
0.2834528078813658,V1,voltage,A,0,6,V,,0,,6,-0.005012675237090162,-0.030076051422540974,0,true,true,backward_euler_step_doubling,0.00002,,0.6,dc,5,10,0,50,2
0.2834528078813658,R2,resistor,A,B,1000,Ω,,0,,2.9619742887295333,0.0029619742887295334,0.008773291687094825,0,true,true,backward_euler_step_doubling,0.00002,,0.6,,,,,,
0.2834528078813658,R3,resistor,B,0,1000,Ω,,0,,3.0380257112704667,0.0030380257112704668,0.009229600222340425,0,true,true,backward_euler_step_doubling,0.00002,,0.6,,,,,,
0.2834528078813658,R4,resistor,A,C,1000,Ω,,0,,2.0507009483606287,0.0020507009483606287,0.004205374379607182,0,true,true,backward_euler_step_doubling,0.00002,,0.6,,,,,,
0.2834528078813658,R5,resistor,C,0,2000,Ω,,0,,3.9492990516393713,0.0019746495258196857,0.0077984814996398194,0,true,true,backward_euler_step_doubling,0.00002,,0.6,,,,,,
0.2834528078813658,C6,capacitor,B,C,100,µF,,0,V,-0.9112733403689046,-0.00007605142254095814,0.00006930363385870593,0.00004152095504335507,true,true,backward_euler_step_doubling,0.00002,1e-7,0.6,,,,,,
0.28488551345454166,V1,voltage,A,0,6,V,,0,,6,-0.00501252146927179,-0.030075128815630736,0,true,true,backward_euler_step_doubling,0.00002,,0.6,dc,5,10,0,50,2
0.28488551345454166,R2,resistor,A,B,1000,Ω,,0,,2.9624355921846486,0.0029624355921846488,0.00877602463784241,0,true,true,backward_euler_step_doubling,0.00002,,0.6,,,,,,
0.28488551345454166,R3,resistor,B,0,1000,Ω,,0,,3.0375644078153514,0.0030375644078153513,0.009226797531626627,0,true,true,backward_euler_step_doubling,0.00002,,0.6,,,,,,
0.28488551345454166,R4,resistor,A,C,1000,Ω,,0,,2.0500858770871417,0.0020500858770871417,0.004202852103432155,0,true,true,backward_euler_step_doubling,0.00002,,0.6,,,,,,
0.28488551345454166,R5,resistor,C,0,2000,Ω,,0,,3.9499141229128583,0.001974957061456429,0.007800910789193228,0,true,true,backward_euler_step_doubling,0.00002,,0.6,,,,,,
0.28488551345454166,C6,capacitor,B,C,100,µF,,0,V,-0.9123497150975068,-0.00007512881563071109,0.00006854375353629238,0.00004161910013192509,true,true,backward_euler_step_doubling,0.00002,1e-7,0.6,,,,,,
0.2863377599995987,V1,voltage,A,0,6,V,,0,,6,-0.005012367520509541,-0.030074205123057245,0,true,true,backward_euler_step_doubling,0.00002,,0.6,dc,5,10,0,50,2
0.2863377599995987,R2,resistor,A,B,1000,Ω,,0,,2.9628974384714493,0.002962897438471449,0.008778761230900675,0,true,true,backward_euler_step_doubling,0.00002,,0.6,,,,,,
0.2863377599995987,R3,resistor,B,0,1000,Ω,,0,,3.0371025615285507,0.003037102561528551,0.009223991969243285,0,true,true,backward_euler_step_doubling,0.00002,,0.6,,,,,,
0.2863377599995987,R4,resistor,A,C,1000,Ω,,0,,2.04947008203809,0.00204947008203809,0.004200327617169215,0,true,true,backward_euler_step_doubling,0.00002,,0.6,,,,,,
0.2863377599995987,R5,resistor,C,0,2000,Ω,,0,,3.95052991796191,0.001975264958980955,0.007803343316356068,0,true,true,backward_euler_step_doubling,0.00002,,0.6,,,,,,
0.2863377599995987,C6,capacitor,B,C,100,µF,,0,V,-0.9134273564333593,-0.00007420512305712448,0.00006778098938788133,0.00004171747677404175,true,true,backward_euler_step_doubling,0.00002,1e-7,0.6,,,,,,
0.28779000654465575,V1,voltage,A,0,6,V,,0,,6,-0.005012215464514085,-0.03007329278708451,0,true,true,backward_euler_step_doubling,0.00002,,0.6,dc,5,10,0,50,2
0.28779000654465575,R2,resistor,A,B,1000,Ω,,0,,2.963353606457826,0.002963353606457826,0.008781464596906603,0,true,true,backward_euler_step_doubling,0.00002,,0.6,,,,,,
0.28779000654465575,R3,resistor,B,0,1000,Ω,,0,,3.036646393542174,0.003036646393542174,0.009221221319412692,0,true,true,backward_euler_step_doubling,0.00002,,0.6,,,,,,
0.28779000654465575,R4,resistor,A,C,1000,Ω,,0,,2.0488618580562576,0.0020488618580562575,0.00419783491339774,0,true,true,backward_euler_step_doubling,0.00002,,0.6,,,,,,
0.28779000654465575,R5,resistor,C,0,2000,Ω,,0,,3.9511381419437424,0.001975569070971871,0.007805746308361324,0,true,true,backward_euler_step_doubling,0.00002,,0.6,,,,,,
0.28779000654465575,C6,capacitor,B,C,100,µF,,0,V,-0.9144917484015682,-0.00007329278708438207,0.00006702564900602044,0.00004181475789472785,true,true,backward_euler_step_doubling,0.00002,1e-7,0.6,,,,,,
0.2892622866515725,V1,voltage,A,0,6,V,,0,,6,-0.0050120632320294276,-0.030072379392176565,0,true,true,backward_euler_step_doubling,0.00002,,0.6,dc,5,10,0,50,2
0.2892622866515725,R2,resistor,A,B,1000,Ω,,0,,2.9638103039117585,0.0029638103039117585,0.00878417151757351,0,true,true,backward_euler_step_doubling,0.00002,,0.6,,,,,,
0.2892622866515725,R3,resistor,B,0,1000,Ω,,0,,3.0361896960882415,0.0030361896960882416,0.00921844787063241,0,true,true,backward_euler_step_doubling,0.00002,,0.6,,,,,,
0.2892622866515725,R4,resistor,A,C,1000,Ω,,0,,2.0482529281176687,0.0020482529281176686,0.004195340057542603,0,true,true,backward_euler_step_doubling,0.00002,,0.6,,,,,,
0.2892622866515725,R5,resistor,C,0,2000,Ω,,0,,3.9517470718823313,0.0019758735359411655,0.007808152460065289,0,true,true,backward_euler_step_doubling,0.00002,,0.6,,,,,,
0.2892622866515725,C6,capacitor,B,C,100,µF,,0,V,-0.9155573757940898,-0.0000723793921764823,0.0000662674863626714,0.000041912265418548,true,true,backward_euler_step_doubling,0.00002,1e-7,0.6,,,,,,
0.2907345667584892,V1,voltage,A,0,6,V,,0,,6,-0.005011912896707954,-0.03007147738024772,0,true,true,backward_euler_step_doubling,0.00002,,0.6,dc,5,10,0,50,2
0.2907345667584892,R2,resistor,A,B,1000,Ω,,0,,2.9642613098761874,0.0029642613098761874,0.00878684511322889,0,true,true,backward_euler_step_doubling,0.00002,,0.6,,,,,,
0.2907345667584892,R3,resistor,B,0,1000,Ω,,0,,3.0357386901238126,0.0030357386901238128,0.009215709394714642,0,true,true,backward_euler_step_doubling,0.00002,,0.6,,,,,,
0.2907345667584892,R4,resistor,A,C,1000,Ω,,0,,2.0476515868317664,0.0020476515868317665,0.004192877021054651,0,true,true,backward_euler_step_doubling,0.00002,,0.6,,,,,,
0.2907345667584892,R5,resistor,C,0,2000,Ω,,0,,3.9523484131682336,0.001976174206584117,0.0078105289895367275,0,true,true,backward_euler_step_doubling,0.00002,,0.6,,,,,,
0.2907345667584892,C6,capacitor,B,C,100,µF,,0,V,-0.916609723044421,-0.00007147738024763905,0.0000655168617127292,0.000042008669218978507,true,true,backward_euler_step_doubling,0.00002,1e-7,0.6,,,,,,
0.29222739247092266,V1,voltage,A,0,6,V,,0,,6,-0.005011762389303446,-0.030070574335820673,0,true,true,backward_euler_step_doubling,0.00002,,0.6,dc,5,10,0,50,2
0.29222739247092266,R2,resistor,A,B,1000,Ω,,0,,2.9647128320896874,0.0029647128320896875,0.008789522176757256,0,true,true,backward_euler_step_doubling,0.00002,,0.6,,,,,,
0.29222739247092266,R3,resistor,B,0,1000,Ω,,0,,3.0352871679103126,0.0030352871679103126,0.009212968191681006,0,true,true,backward_euler_step_doubling,0.00002,,0.6,,,,,,
0.29222739247092266,R4,resistor,A,C,1000,Ω,,0,,2.0470495572137573,0.0020470495572137573,0.00419041188968904,0,true,true,backward_euler_step_doubling,0.00002,,0.6,,,,,,
0.29222739247092266,R5,resistor,C,0,2000,Ω,,0,,3.9529504427862427,0.0019764752213931214,0.007812908601561976,0,true,true,backward_euler_step_doubling,0.00002,,0.6,,,,,,
0.29222739247092266,C6,capacitor,B,C,100,µF,,0,V,-0.9176632748759301,-0.00007057433582060396,0.0000647634761313291,0.00004210529430280084,true,true,backward_euler_step_doubling,0.00002,1e-7,0.6,,,,,,
0.29372021818335614,V1,voltage,A,0,6,V,,0,,6,-0.0050116137834078185,-0.03006968270044691,0,true,true,backward_euler_step_doubling,0.00002,,0.6,dc,5,10,0,50,2
0.29372021818335614,R2,resistor,A,B,1000,Ω,,0,,2.965158649776569,0.002965158649776569,0.008792165818344806,0,true,true,backward_euler_step_doubling,0.00002,,0.6,,,,,,
0.29372021818335614,R3,resistor,B,0,1000,Ω,,0,,3.034841350223431,0.003034841350223431,0.009210262021025976,0,true,true,backward_euler_step_doubling,0.00002,,0.6,,,,,,
0.29372021818335614,R4,resistor,A,C,1000,Ω,,0,,2.04645513363125,0.00204645513363125,0.004187978613965698,0,true,true,backward_euler_step_doubling,0.00002,,0.6,,,,,,
0.29372021818335614,R5,resistor,C,0,2000,Ω,,0,,3.95354486636875,0.001976772433184375,0.00781525850519535,0,true,true,backward_euler_step_doubling,0.00002,,0.6,,,,,,
0.29372021818335614,C6,capacitor,B,C,100,µF,,0,V,-0.9187035161453192,-0.00006968270044688283,0.00006401774191505226,0.000042200807528888636,true,true,backward_euler_step_doubling,0.00002,1e-7,0.6,,,,,,
0.29523412203534993,V1,voltage,A,0,6,V,,0,,6,-0.005011465009786583,-0.030068790058719496,0,true,true,backward_euler_step_doubling,0.00002,,0.6,dc,5,10,0,50,2
0.29523412203534993,R2,resistor,A,B,1000,Ω,,0,,2.965604970640321,0.002965604970640321,0.008794812841886579,0,true,true,backward_euler_step_doubling,0.00002,,0.6,,,,,,
0.29523412203534993,R3,resistor,B,0,1000,Ω,,0,,3.034395029359679,0.0030343950293596792,0.009207553194202729,0,true,true,backward_euler_step_doubling,0.00002,,0.6,,,,,,
0.29523412203534993,R4,resistor,A,C,1000,Ω,,0,,2.0458600391462602,0.00204586003914626,0.004185543299775537,0,true,true,backward_euler_step_doubling,0.00002,,0.6,,,,,,
0.29523412203534993,R5,resistor,C,0,2000,Ω,,0,,3.9541399608537398,0.00197706998042687,0.007817611415010207,0,true,true,backward_euler_step_doubling,0.00002,,0.6,,,,,,
0.29523412203534993,C6,capacitor,B,C,100,µF,,0,V,-0.9197449314940607,-0.00006879005871937775,0.0000632693078443265,0.00004229653695045071,true,true,backward_euler_step_doubling,0.00002,1e-7,0.6,,,,,,
0.2967480258873438,V1,voltage,A,0,6,V,,0,,6,-0.005011318141968941,-0.030067908851813645,0,true,true,backward_euler_step_doubling,0.00002,,0.6,dc,5,10,0,50,2
0.2967480258873438,R2,resistor,A,B,1000,Ω,,0,,2.966045574093225,0.002966045574093225,0.008797426347598008,0,true,true,backward_euler_step_doubling,0.00002,,0.6,,,,,,
0.2967480258873438,R3,resistor,B,0,1000,Ω,,0,,3.033954425906775,0.0030339544259067753,0.009204879458479311,0,true,true,backward_euler_step_doubling,0.00002,,0.6,,,,,,
0.2967480258873438,R4,resistor,A,C,1000,Ω,,0,,2.045272567875714,0.0020452725678757142,0.004183139876904918,0,true,true,backward_euler_step_doubling,0.00002,,0.6,,,,,,
0.2967480258873438,R5,resistor,C,0,2000,Ω,,0,,3.954727432124286,0.001977363716062143,0.007819934531198175,0,true,true,backward_euler_step_doubling,0.00002,,0.6,,,,,,
0.2967480258873438,C6,capacitor,B,C,100,µF,,0,V,-0.9207730062175106,-0.0000679088518135363,0.00006252863763312928,0.000042391146448941584,true,true,backward_euler_step_doubling,0.00002,1e-7,0.6,,,,,,
0.29828356200995165,V1,voltage,A,0,6,V,,0,,6,-0.005011171110734118,-0.03006702666440471,0,true,true,backward_euler_step_doubling,0.00002,,0.6,dc,5,10,0,50,2
0.29828356200995165,R2,resistor,A,B,1000,Ω,,0,,2.966486667797671,0.0029664866677976713,0.00880004315022133,0,true,true,backward_euler_step_doubling,0.00002,,0.6,,,,,,
0.29828356200995165,R3,resistor,B,0,1000,Ω,,0,,3.033513332202329,0.003033513332202329,0.009202203136649276,0,true,true,backward_euler_step_doubling,0.00002,,0.6,,,,,,
0.29828356200995165,R4,resistor,A,C,1000,Ω,,0,,2.0446844429364477,0.0020446844429364477,0.0041807344711863315,0,true,true,backward_euler_step_doubling,0.00002,,0.6,,,,,,
0.29828356200995165,R5,resistor,C,0,2000,Ω,,0,,3.9553155570635523,0.0019776577785317762,0.00782226057797448,0,true,true,backward_euler_step_doubling,0.00002,,0.6,,,,,,
0.29828356200995165,C6,capacitor,B,C,100,µF,,0,V,-0.9218022248612234,-0.00006702666440467111,0.0000617853283732524,0.00004248596708795508,true,true,backward_euler_step_doubling,0.00002,1e-7,0.6,,,,,,
0.29981909813255947,V1,voltage,A,0,6,V,,0,,6,-0.005011025989546384,-0.0300661559372783,0,true,true,backward_euler_step_doubling,0.00002,,0.6,dc,5,10,0,50,2
0.29981909813255947,R2,resistor,A,B,1000,Ω,,0,,2.966922031360883,0.002966922031360883,0.008802626340174589,0,true,true,backward_euler_step_doubling,0.00002,,0.6,,,,,,
0.29981909813255947,R3,resistor,B,0,1000,Ω,,0,,3.033077968639117,0.0030330779686391167,0.009199561963843991,0,true,true,backward_euler_step_doubling,0.00002,,0.6,,,,,,
0.29981909813255947,R4,resistor,A,C,1000,Ω,,0,,2.0441039581855023,0.002044103958185502,0.0041783609918696375,0,true,true,backward_euler_step_doubling,0.00002,,0.6,,,,,,
0.29981909813255947,R5,resistor,C,0,2000,Ω,,0,,3.9558960418144977,0.001977948020907249,0.007824556746821806,0,true,true,backward_euler_step_doubling,0.00002,,0.6,,,,,,
0.29981909813255947,C6,capacitor,B,C,100,µF,,0,V,-0.9228180731753808,-0.00006615593727825228,0.0000610498945682281,0.00004257965980895612,true,true,backward_euler_step_doubling,0.00002,1e-7,0.6,,,,,,
0.30137684343604,V1,voltage,A,0,6,V,,0,,6,-0.005010880709200759,-0.030065284255204557,0,true,true,backward_euler_step_doubling,0.00002,,0.6,dc,5,10,0,50,2
0.30137684343604,R2,resistor,A,B,1000,Ω,,0,,2.9673578723977494,0.0029673578723977494,0.008805212742880899,0,true,true,backward_euler_step_doubling,0.00002,,0.6,,,,,,
0.30137684343604,R3,resistor,B,0,1000,Ω,,0,,3.0326421276022506,0.0030326421276022507,0.009196918274107905,0,true,true,backward_euler_step_doubling,0.00002,,0.6,,,,,,
0.30137684343604,R4,resistor,A,C,1000,Ω,,0,,2.0435228368030085,0.0020435228368030087,0.004175985584535416,0,true,true,backward_euler_step_doubling,0.00002,,0.6,,,,,,
0.30137684343604,R5,resistor,C,0,2000,Ω,,0,,3.9564771631969915,0.0019782385815984957,0.007826855771449657,0,true,true,backward_euler_step_doubling,0.00002,,0.6,,,,,,
0.30137684343604,C6,capacitor,B,C,100,µF,,0,V,-0.9238350355947409,-0.00006528425520448692,0.00006031188223061332,0.000042673558649616804,true,true,backward_euler_step_doubling,0.00002,1e-7,0.6,,,,,,
0.30293458873952045,V1,voltage,A,0,6,V,,0,,6,-0.005010737343094105,-0.030064424058564628,0,true,true,backward_euler_step_doubling,0.00002,,0.6,dc,5,10,0,50,2
0.30293458873952045,R2,resistor,A,B,1000,Ω,,0,,2.9677879707177235,0.0029677879707177236,0.008807765439136823,0,true,true,backward_euler_step_doubling,0.00002,,0.6,,,,,,
0.30293458873952045,R3,resistor,B,0,1000,Ω,,0,,3.0322120292822765,0.0030322120292822765,0.009194309790524142,0,true,true,backward_euler_step_doubling,0.00002,,0.6,,,,,,
0.30293458873952045,R4,resistor,A,C,1000,Ω,,0,,2.0429493723763814,0.0020429493723763815,0.004173642138093051,0,true,true,backward_euler_step_doubling,0.00002,,0.6,,,,,,
0.30293458873952045,R5,resistor,C,0,2000,Ω,,0,,3.9570506276236186,0.001978525313811809,0.007829124834788237,0,true,true,backward_euler_step_doubling,0.00002,,0.6,,,,,,
0.30293458873952045,C6,capacitor,B,C,100,µF,,0,V,-0.9248385983413421,-0.00006442405856457472,0.00005958185602232182,0.00004276632164909891,true,true,backward_euler_step_doubling,0.00002,1e-7,0.6,,,,,,
0.304515144177791,V1,voltage,A,0,6,V,,0,,6,-0.005010593822039494,-0.030063562932236963,0,true,true,backward_euler_step_doubling,0.00002,,0.6,dc,5,10,0,50,2
0.304515144177791,R2,resistor,A,B,1000,Ω,,0,,2.9682185338815152,0.0029682185338815153,0.008810321264877732,0,true,true,backward_euler_step_doubling,0.00002,,0.6,,,,,,
0.304515144177791,R3,resistor,B,0,1000,Ω,,0,,3.0317814661184848,0.003031781466118485,0.00919169885829955,0,true,true,backward_euler_step_doubling,0.00002,,0.6,,,,,,
0.304515144177791,R4,resistor,A,C,1000,Ω,,0,,2.0423752881579773,0.0020423752881579774,0.004171296817678381,0,true,true,backward_euler_step_doubling,0.00002,,0.6,,,,,,
0.304515144177791,R5,resistor,C,0,2000,Ω,,0,,3.9576247118420227,0.0019788123559210113,0.007831396679891326,0,true,true,backward_euler_step_doubling,0.00002,,0.6,,,,,,
0.304515144177791,C6,capacitor,B,C,100,µF,,0,V,-0.9258432457235379,-0.00006356293223698083,0.000058849311489991635,0.000042859285782594764,true,true,backward_euler_step_doubling,0.00002,1e-7,0.6,,,,,,
0.30609569961606165,V1,voltage,A,0,6,V,,0,,6,-0.005010452219363858,-0.030062713316183147,0,true,true,backward_euler_step_doubling,0.00002,,0.6,dc,5,10,0,50,2
0.30609569961606165,R2,resistor,A,B,1000,Ω,,0,,2.9686433419084244,0.0029686433419084243,0.008812843291457218,0,true,true,backward_euler_step_doubling,0.00002,,0.6,,,,,,
0.30609569961606165,R3,resistor,B,0,1000,Ω,,0,,3.0313566580915756,0.003031356658091576,0.009189123188556126,0,true,true,backward_euler_step_doubling,0.00002,,0.6,,,,,,
0.30609569961606165,R4,resistor,A,C,1000,Ω,,0,,2.0418088774554337,0.002041808877455434,0.004168983492055818,0,true,true,backward_euler_step_doubling,0.00002,,0.6,,,,,,
0.30609569961606165,R5,resistor,C,0,2000,Ω,,0,,3.9581911225445663,0.001979095561272283,0.007833638481295306,0,true,true,backward_euler_step_doubling,0.00002,,0.6,,,,,,
0.30609569961606165,C6,capacitor,B,C,100,µF,,0,V,-0.9268344644529907,-0.00006271331618315784,0.000058124862818688175,0.000042951106224893095,true,true,backward_euler_step_doubling,0.00002,1e-7,0.6,,,,,,
0.30769969153968396,V1,voltage,A,0,6,V,,0,,6,-0.0050103104659007195,-0.030061862795404317,0,true,true,backward_euler_step_doubling,0.00002,,0.6,dc,5,10,0,50,2
0.30769969153968396,R2,resistor,A,B,1000,Ω,,0,,2.9690686022978614,0.0029690686022978614,0.008815368365150976,0,true,true,backward_euler_step_doubling,0.00002,,0.6,,,,,,
0.30769969153968396,R3,resistor,B,0,1000,Ω,,0,,3.0309313977021386,0.0030309313977021387,0.00918654513757664,0,true,true,backward_euler_step_doubling,0.00002,,0.6,,,,,,
0.30769969153968396,R4,resistor,A,C,1000,Ω,,0,,2.0412418636028593,0.0020412418636028594,0.004166668345724874,0,true,true,backward_euler_step_doubling,0.00002,,0.6,,,,,,
0.30769969153968396,R5,resistor,C,0,2000,Ω,,0,,3.9587581363971407,0.0019793790681985703,0.007835882991245281,0,true,true,backward_euler_step_doubling,0.00002,,0.6,,,,,,
0.30769969153968396,C6,capacitor,B,C,100,µF,,0,V,-0.9278267386950021,-0.0000618627954042661,0.00005739795570649638,0.000043043122851870184,true,true,backward_euler_step_doubling,0.00002,1e-7,0.6,,,,,,
0.3093036834633063,V1,voltage,A,0,6,V,,0,,6,-0.005010170634904343,-0.03006102380942606,0,true,true,backward_euler_step_doubling,0.00002,,0.6,dc,5,10,0,50,2
0.3093036834633063,R2,resistor,A,B,1000,Ω,,0,,2.969488095287012,0.0029694880952870124,0.008817859548051287,0,true,true,backward_euler_step_doubling,0.00002,,0.6,,,,,,
0.3093036834633063,R3,resistor,B,0,1000,Ω,,0,,3.030511904712988,0.0030305119047129877,0.009184002404607141,0,true,true,backward_euler_step_doubling,0.00002,,0.6,,,,,,
0.3093036834633063,R4,resistor,A,C,1000,Ω,,0,,2.0406825396173307,0.0020406825396173307,0.004164385227499038,0,true,true,backward_euler_step_doubling,0.00002,,0.6,,,,,,
0.3093036834633063,R5,resistor,C,0,2000,Ω,,0,,3.9593174603826693,0.0019796587301913345,0.007838097376045534,0,true,true,backward_euler_step_doubling,0.00002,,0.6,,,,,,
0.3093036834633063,C6,capacitor,B,C,100,µF,,0,V,-0.9288055556696815,-0.00006102380942597956,0.00005667925322297769,0.000043133988012143286,true,true,backward_euler_step_doubling,0.00002,1e-7,0.6,,,,,,
0.31093176506951503,V1,voltage,A,0,6,V,,0,,6,-0.005010030657231137,-0.030060183943386824,0,true,true,backward_euler_step_doubling,0.00002,,0.6,dc,5,10,0,50,2
0.31093176506951503,R2,resistor,A,B,1000,Ω,,0,,2.9699080283064965,0.0029699080283064963,0.00882035369659938,0,true,true,backward_euler_step_doubling,0.00002,,0.6,,,,,,
0.31093176506951503,R3,resistor,B,0,1000,Ω,,0,,3.0300919716935035,0.0030300919716935034,0.009181457356921423,0,true,true,backward_euler_step_doubling,0.00002,,0.6,,,,,,
0.31093176506951503,R4,resistor,A,C,1000,Ω,,0,,2.0401226289246406,0.0020401226289246408,0.004162100341050387,0,true,true,backward_euler_step_doubling,0.00002,,0.6,,,,,,
0.31093176506951503,R5,resistor,C,0,2000,Ω,,0,,3.9598773710753594,0.0019799386855376797,0.00784031439697735,0,true,true,backward_euler_step_doubling,0.00002,,0.6,,,,,,
0.31093176506951503,C6,capacitor,B,C,100,µF,,0,V,-0.9297853993818559,-0.00006018394338697283,0.00005595815183843154,0.00004322504444518386,true,true,backward_euler_step_doubling,0.00002,1e-7,0.6,,,,,,
0.31255984667572384,V1,voltage,A,0,6,V,,0,,6,-0.005009892606060018,-0.03005935563636011,0,true,true,backward_euler_step_doubling,0.00002,,0.6,dc,5,10,0,50,2
0.31255984667572384,R2,resistor,A,B,1000,Ω,,0,,2.9703221818198524,0.002970322181819852,0.008822813863811048,0,true,true,backward_euler_step_doubling,0.00002,,0.6,,,,,,
0.31255984667572384,R3,resistor,B,0,1000,Ω,,0,,3.0296778181801476,0.0030296778181801475,0.009178947681972818,0,true,true,backward_euler_step_doubling,0.00002,,0.6,,,,,,
0.31255984667572384,R4,resistor,A,C,1000,Ω,,0,,2.0395704242401664,0.0020395704242401665,0.004159847515435213,0,true,true,backward_euler_step_doubling,0.00002,,0.6,,,,,,
0.31255984667572384,R5,resistor,C,0,2000,Ω,,0,,3.9604295757598336,0.001980214787879917,0.007842501212276608,0,true,true,backward_euler_step_doubling,0.00002,,0.6,,,,,,
0.31255984667572384,C6,capacitor,B,C,100,µF,,0,V,-0.930751757579686,-0.00005935563636029205,0.00005524536286460254,0.000043314941711883724,true,true,backward_euler_step_doubling,0.00002,1e-7,0.6,,,,,,
0.31421269956263076,V1,voltage,A,0,6,V,,0,,6,-0.0050097544122730256,-0.03005852647363815,0,true,true,backward_euler_step_doubling,0.00002,,0.6,dc,5,10,0,50,2
0.31421269956263076,R2,resistor,A,B,1000,Ω,,0,,2.970736763180922,0.002970736763180922,0.008825276916114662,0,true,true,backward_euler_step_doubling,0.00002,,0.6,,,,,,
0.31421269956263076,R3,resistor,B,0,1000,Ω,,0,,3.029263236819078,0.003029263236819078,0.009176435757943597,0,true,true,backward_euler_step_doubling,0.00002,,0.6,,,,,,
0.31421269956263076,R4,resistor,A,C,1000,Ω,,0,,2.039017649092103,0.002039017649092103,0.004157592973309087,0,true,true,backward_euler_step_doubling,0.00002,,0.6,,,,,,
0.31421269956263076,R5,resistor,C,0,2000,Ω,,0,,3.960982350907897,0.0019804911754539483,0.007844690592101924,0,true,true,backward_euler_step_doubling,0.00002,,0.6,,,,,,
0.31421269956263076,C6,capacitor,B,C,100,µF,,0,V,-0.931719114088819,-0.00005852647363815292,0.000054530234168882454,0.000043405025377922686,true,true,backward_euler_step_doubling,0.00002,1e-7,0.6,,,,,,
0.31586555244953773,V1,voltage,A,0,6,V,,0,,6,-0.005009618148970518,-0.030057708893823108,0,true,true,backward_euler_step_doubling,0.00002,,0.6,dc,5,10,0,50,2
0.31586555244953773,R2,resistor,A,B,1000,Ω,,0,,2.9711455530884465,0.0029711455530884467,0.008827705897637251,0,true,true,backward_euler_step_doubling,0.00002,,0.6,,,,,,
0.31586555244953773,R3,resistor,B,0,1000,Ω,,0,,3.0288544469115535,0.0030288544469115534,0.009173959260575893,0,true,true,backward_euler_step_doubling,0.00002,,0.6,,,,,,
0.31586555244953773,R4,resistor,A,C,1000,Ω,,0,,2.038472595882071,0.002038472595882071,0.004155370524162189,0,true,true,backward_euler_step_doubling,0.00002,,0.6,,,,,,
0.31586555244953773,R5,resistor,C,0,2000,Ω,,0,,3.961527404117929,0.0019807637020589648,0.00784684968678867,0,true,true,backward_euler_step_doubling,0.00002,,0.6,,,,,,
0.31586555244953773,C6,capacitor,B,C,100,µF,,0,V,-0.9326729572063757,-0.00005770889382306779,0.00005382352465906938,0.00004349394225520429,true,true,backward_euler_step_doubling,0.00002,1e-7,0.6,,,,,,
0.3175438882853173,V1,voltage,A,0,6,V,,0,,6,-0.005009481747062971,-0.030056890482377828,0,true,true,backward_euler_step_doubling,0.00002,,0.6,dc,5,10,0,50,2
0.3175438882853173,R2,resistor,A,B,1000,Ω,,0,,2.9715547588111204,0.0029715547588111202,0.008830137684613016,0,true,true,backward_euler_step_doubling,0.00002,,0.6,,,,,,
0.3175438882853173,R3,resistor,B,0,1000,Ω,,0,,3.0284452411888796,0.0030284452411888795,0.00917148057887957,0,true,true,backward_euler_step_doubling,0.00002,,0.6,,,,,,
0.3175438882853173,R4,resistor,A,C,1000,Ω,,0,,2.0379269882518507,0.002037926988251851,0.004153146409445259,0,true,true,backward_euler_step_doubling,0.00002,,0.6,,,,,,
0.3175438882853173,R5,resistor,C,0,2000,Ω,,0,,3.9620730117481493,0.0019810365058740747,0.007849011275211525,0,true,true,backward_euler_step_doubling,0.00002,,0.6,,,,,,
0.3175438882853173,C6,capacitor,B,C,100,µF,,0,V,-0.9336277705592697,-0.00005689048237777458,0.0000531145342284031,0.000043583040697973616,true,true,backward_euler_step_doubling,0.00002,1e-7,0.6,,,,,,
0.31922222412109685,V1,voltage,A,0,6,V,,0,,6,-0.005009347279569251,-0.03005608367741551,0,true,true,backward_euler_step_doubling,0.00002,,0.6,dc,5,10,0,50,2
0.31922222412109685,R2,resistor,A,B,1000,Ω,,0,,2.971958161292303,0.002971958161292303,0.008832535312471926,0,true,true,backward_euler_step_doubling,0.00002,,0.6,,,,,,
0.31922222412109685,R3,resistor,B,0,1000,Ω,,0,,3.028041838707697,0.003028041838707697,0.009169037376964291,0,true,true,backward_euler_step_doubling,0.00002,,0.6,,,,,,
0.31922222412109685,R4,resistor,A,C,1000,Ω,,0,,2.037389118276948,0.002037389118276948,0.004150954419273319,0,true,true,backward_euler_step_doubling,0.00002,,0.6,,,,,,
0.31922222412109685,R5,resistor,C,0,2000,Ω,,0,,3.962610881723052,0.001981305440861526,0.007851142499974973,0,true,true,backward_euler_step_doubling,0.00002,,0.6,,,,,,
0.31922222412109685,C6,capacitor,B,C,100,µF,,0,V,-0.934569043015355,-0.00005608367741537994,0.00005241406873087351,0.00004367096480813182,true,true,backward_euler_step_doubling,0.00002,1e-7,0.6,,,,,,
0.3209267864367775,V1,voltage,A,0,6,V,,0,,6,-0.005009212677431172,-0.03005527606458703,0,true,true,backward_euler_step_doubling,0.00002,,0.6,dc,5,10,0,50,2
0.3209267864367775,R2,resistor,A,B,1000,Ω,,0,,2.972361967706533,0.002972361967706533,0.008834935667068253,0,true,true,backward_euler_step_doubling,0.00002,,0.6,,,,,,
0.3209267864367775,R3,resistor,B,0,1000,Ω,,0,,3.027638032293467,0.003027638032293467,0.009166592054589856,0,true,true,backward_euler_step_doubling,0.00002,,0.6,,,,,,
0.3209267864367775,R4,resistor,A,C,1000,Ω,,0,,2.0368507097246376,0.0020368507097246373,0.0041487608137057595,0,true,true,backward_euler_step_doubling,0.00002,,0.6,,,,,,
0.3209267864367775,R5,resistor,C,0,2000,Ω,,0,,3.9631492902753624,0.0019815746451376814,0.007853276148505055,0,true,true,backward_euler_step_doubling,0.00002,,0.6,,,,,,
0.3209267864367775,C6,capacitor,B,C,100,µF,,0,V,-0.9355112579818954,-0.000055276064586943396,0.000051711380718019915,0.00004375906569054342,true,true,backward_euler_step_doubling,0.00002,1e-7,0.6,,,,,,
0.3226313487524582,V1,voltage,A,0,6,V,,0,,6,-0.005009080013582776,-0.030054480081496658,0,true,true,backward_euler_step_doubling,0.00002,,0.6,dc,5,10,0,50,2
0.3226313487524582,R2,resistor,A,B,1000,Ω,,0,,2.9727599592517064,0.0029727599592517064,0.008837301775330207,0,true,true,backward_euler_step_doubling,0.00002,,0.6,,,,,,
0.3226313487524582,R3,resistor,B,0,1000,Ω,,0,,3.0272400407482936,0.0030272400407482937,0.00916418226430973,0,true,true,backward_euler_step_doubling,0.00002,,0.6,,,,,,
0.3226313487524582,R4,resistor,A,C,1000,Ω,,0,,2.0363200543310684,0.0020363200543310686,0.004146599363670886,0,true,true,backward_euler_step_doubling,0.00002,,0.6,,,,,,
0.3226313487524582,R5,resistor,C,0,2000,Ω,,0,,3.9636799456689316,0.0019818399728344658,0.007855379355849032,0,true,true,backward_euler_step_doubling,0.00002,,0.6,,,,,,
0.3226313487524582,C6,capacitor,B,C,100,µF,,0,V,-0.936439904920638,-0.000054480081496568087,0.00005101732233671483,0.00004384598477638867,true,true,backward_euler_step_doubling,0.00002,1e-7,0.6,,,,,,
0.3243629148707684,V1,voltage,A,0,6,V,,0,,6,-0.005008947219000424,-0.030053683314002544,0,true,true,backward_euler_step_doubling,0.00002,,0.6,dc,5,10,0,50,2
0.3243629148707684,R2,resistor,A,B,1000,Ω,,0,,2.973158342998757,0.002973158342998757,0.008839670532543115,0,true,true,backward_euler_step_doubling,0.00002,,0.6,,,,,,
0.3243629148707684,R3,resistor,B,0,1000,Ω,,0,,3.026841657001243,0.003026841657001243,0.00916177041655803,0,true,true,backward_euler_step_doubling,0.00002,,0.6,,,,,,
0.3243629148707684,R4,resistor,A,C,1000,Ω,,0,,2.035788876001666,0.002035788876001666,0.004144436347652126,0,true,true,backward_euler_step_doubling,0.00002,,0.6,,,,,,
0.3243629148707684,R5,resistor,C,0,2000,Ω,,0,,3.964211123998334,0.001982105561999167,0.007857484917816068,0,true,true,backward_euler_step_doubling,0.00002,,0.6,,,,,,
0.3243629148707684,C6,capacitor,B,C,100,µF,,0,V,-0.9373694669970911,-0.000053683314002485235,0.00005032109943314706,0.00004393307588292053,true,true,backward_euler_step_doubling,0.00002,1e-7,0.6,,,,,,
0.3260944809890786,V1,voltage,A,0,6,V,,0,,6,-0.0050088163665298335,-0.030052898199179,0,true,true,backward_euler_step_doubling,0.00002,,0.6,dc,5,10,0,50,2
0.3260944809890786,R2,resistor,A,B,1000,Ω,,0,,2.973550900410551,0.002973550900410551,0.008842004957332398,0,true,true,backward_euler_step_doubling,0.00002,,0.6,,,,,,
0.3260944809890786,R3,resistor,B,0,1000,Ω,,0,,3.026449099589449,0.003026449099589449,0.009159394152405787,0,true,true,backward_euler_step_doubling,0.00002,,0.6,,,,,,
0.3260944809890786,R4,resistor,A,C,1000,Ω,,0,,2.0352654661192817,0.0020352654661192817,0.004142305517577737,0,true,true,backward_euler_step_doubling,0.00002,,0.6,,,,,,
0.3260944809890786,R5,resistor,C,0,2000,Ω,,0,,3.9647345338807183,0.001982367266940359,0.007859559962073178,0,true,true,backward_euler_step_doubling,0.00002,,0.6,,,,,,
0.3260944809890786,C6,capacitor,B,C,100,µF,,0,V,-0.9382854342912692,-0.000052898199178900275,0.000049633609789800506,0.00004401897781015778,true,true,backward_euler_step_doubling,0.00002,1e-7,0.6,,,,,,
0.32785386410126677,V1,voltage,A,0,6,V,,0,,6,-0.005008685387185225,-0.030052112323111353,0,true,true,backward_euler_step_doubling,0.00002,,0.6,dc,5,10,0,50,2
0.32785386410126677,R2,resistor,A,B,1000,Ω,,0,,2.9739438384443417,0.002973943838444342,0.008844341954221065,0,true,true,backward_euler_step_doubling,0.00002,,0.6,,,,,,
0.32785386410126677,R3,resistor,B,0,1000,Ω,,0,,3.0260561615556583,0.0030260561615556582,0.009157015892888963,0,true,true,backward_euler_step_doubling,0.00002,,0.6,,,,,,
0.32785386410126677,R4,resistor,A,C,1000,Ω,,0,,2.0347415487408833,0.002034741548740883,0.004140173170172448,0,true,true,backward_euler_step_doubling,0.00002,,0.6,,,,,,
0.32785386410126677,R5,resistor,C,0,2000,Ω,,0,,3.9652584512591167,0.0019826292256295585,0.007861637292640925,0,true,true,backward_euler_step_doubling,0.00002,,0.6,,,,,,
0.32785386410126677,C6,capacitor,B,C,100,µF,,0,V,-0.9392022897034584,-0.00005211232311130491,0.00004894401318790403,0.00004410504704921095,true,true,backward_euler_step_doubling,0.00002,1e-7,0.6,,,,,,
0.3296132472134549,V1,voltage,A,0,6,V,,0,,6,-0.00500855635372033,-0.03005133812232198,0,true,true,backward_euler_step_doubling,0.00002,,0.6,dc,5,10,0,50,2
0.3296132472134549,R2,resistor,A,B,1000,Ω,,0,,2.9743309388390173,0.0029743309388390172,0.00884664453373499,0,true,true,backward_euler_step_doubling,0.00002,,0.6,,,,,,
0.3296132472134549,R3,resistor,B,0,1000,Ω,,0,,3.0256690611609827,0.0030256690611609825,0.009154673267666781,0,true,true,backward_euler_step_doubling,0.00002,,0.6,,,,,,
0.3296132472134549,R4,resistor,A,C,1000,Ω,,0,,2.034225414881312,0.002034225414881312,0.004138073038549047,0,true,true,backward_euler_step_doubling,0.00002,,0.6,,,,,,
0.3296132472134549,R5,resistor,C,0,2000,Ω,,0,,3.965774585118688,0.001982887292559344,0.007863684029986651,0,true,true,backward_euler_step_doubling,0.00002,,0.6,,,,,,
0.3296132472134549,C6,capacitor,B,C,100,µF,,0,V,-0.9401055239577052,-0.00005133812232194327,0.00004826325238447523,0.000044189919808789566,true,true,backward_euler_step_doubling,0.00002,1e-7,0.6,,,,,,
0.33140129861804,V1,voltage,A,0,6,V,,0,,6,-0.005008427197190847,-0.030050563183145085,0,true,true,backward_euler_step_doubling,0.00002,,0.6,dc,5,10,0,50,2
0.33140129861804,R2,resistor,A,B,1000,Ω,,0,,2.9747184084274894,0.002974718408427489,0.008848949609437376,0,true,true,backward_euler_step_doubling,0.00002,,0.6,,,,,,
0.33140129861804,R3,resistor,B,0,1000,Ω,,0,,3.0252815915725106,0.0030252815915725105,0.009152328708307502,0,true,true,backward_euler_step_doubling,0.00002,,0.6,,,,,,
0.33140129861804,R4,resistor,A,C,1000,Ω,,0,,2.0337087887633567,0.0020337087887633567,0.004135971437493319,0,true,true,backward_euler_step_doubling,0.00002,,0.6,,,,,,
0.33140129861804,R5,resistor,C,0,2000,Ω,,0,,3.9662912112366433,0.0019831456056183215,0.007865732986166519,0,true,true,backward_euler_step_doubling,0.00002,,0.6,,,,,,
0.33140129861804,C6,capacitor,B,C,100,µF,,0,V,-0.9410096196641327,-0.000050563183145019146,0.00004758044174030235,0.000044274955215021776,true,true,backward_euler_step_doubling,0.00002,1e-7,0.6,,,,,,
0.3331893500226252,V1,voltage,A,0,6,V,,0,,6,-0.0050082999902545675,-0.030049799941527407,0,true,true,backward_euler_step_doubling,0.00002,,0.6,dc,5,10,0,50,2
0.3331893500226252,R2,resistor,A,B,1000,Ω,,0,,2.97510002923633,0.00297510002923633,0.008851220183962012,0,true,true,backward_euler_step_doubling,0.00002,,0.6,,,,,,
0.3331893500226252,R3,resistor,B,0,1000,Ω,,0,,3.02489997076367,0.0030248999707636697,0.00915001983312605,0,true,true,backward_euler_step_doubling,0.00002,,0.6,,,,,,
0.3331893500226252,R4,resistor,A,C,1000,Ω,,0,,2.0331999610182354,0.0020331999610182353,0.0041339020814845535,0,true,true,backward_euler_step_doubling,0.00002,,0.6,,,,,,
0.3331893500226252,R5,resistor,C,0,2000,Ω,,0,,3.9668000389817646,0.001983400019490882,0.007867751274632864,0,true,true,backward_euler_step_doubling,0.00002,,0.6,,,,,,
0.3331893500226252,C6,capacitor,B,C,100,µF,,0,V,-0.9419000682180947,-0.00004979994152733192,0.00004690656832185106,0.00004435878692546257,true,true,backward_euler_step_doubling,0.00002,1e-7,0.6,,,,,,
0.3350069615415121,V1,voltage,A,0,6,V,,0,,6,-0.005008172664012433,-0.030049035984074594,0,true,true,backward_euler_step_doubling,0.00002,,0.6,dc,5,10,0,50,2
0.3350069615415121,R2,resistor,A,B,1000,Ω,,0,,2.9754820079627327,0.0029754820079627327,0.008853493179709935,0,true,true,backward_euler_step_doubling,0.00002,,0.6,,,,,,
0.3350069615415121,R3,resistor,B,0,1000,Ω,,0,,3.0245179920372673,0.0030245179920372674,0.009147709084157143,0,true,true,backward_euler_step_doubling,0.00002,,0.6,,,,,,
0.3350069615415121,R4,resistor,A,C,1000,Ω,,0,,2.0326906560496996,0.0020326906560496996,0.004131831303191758,0,true,true,backward_euler_step_doubling,0.00002,,0.6,,,,,,
0.3350069615415121,R5,resistor,C,0,2000,Ω,,0,,3.9673093439503004,0.00198365467197515,0.007869771715297682,0,true,true,backward_euler_step_doubling,0.00002,,0.6,,,,,,
0.3350069615415121,C6,capacitor,B,C,100,µF,,0,V,-0.9427913519130331,-0.00004903598407453954,0.000046230701718021095,0.000044442776662100225,true,true,backward_euler_step_doubling,0.00002,1e-7,0.6,,,,,,
0.3368245730603991,V1,voltage,A,0,6,V,,0,,6,-0.005008047291022223,-0.030048283746133338,0,true,true,backward_euler_step_doubling,0.00002,,0.6,dc,5,10,0,50,2
0.3368245730603991,R2,resistor,A,B,1000,Ω,,0,,2.9758581269333613,0.0029758581269333615,0.008855731591635333,0,true,true,backward_euler_step_doubling,0.00002,,0.6,,,,,,
0.3368245730603991,R3,resistor,B,0,1000,Ω,,0,,3.0241418730666387,0.0030241418730666387,0.009145434068434998,0,true,true,backward_euler_step_doubling,0.00002,,0.6,,,,,,
0.3368245730603991,R4,resistor,A,C,1000,Ω,,0,,2.0321891640888596,0.0020321891640888595,0.004129792798640178,0,true,true,backward_euler_step_doubling,0.00002,,0.6,,,,,,
0.3368245730603991,R5,resistor,C,0,2000,Ω,,0,,3.9678108359111404,0.00198390541795557,0.00787176141478693,0,true,true,backward_euler_step_doubling,0.00002,,0.6,,,,,,
0.3368245730603991,C6,capacitor,B,C,100,µF,,0,V,-0.9436689628445016,-0.00004828374613327497,0.000045563872635834805,0.00004452555557180086,true,true,backward_euler_step_doubling,0.00002,1e-7,0.6,,,,,,
0.33867267964934256,V1,voltage,A,0,6,V,,0,,6,-0.005007921802434151,-0.030047530814604904,0,true,true,backward_euler_step_doubling,0.00002,,0.6,dc,5,10,0,50,2
0.33867267964934256,R2,resistor,A,B,1000,Ω,,0,,2.9762345926975713,0.0029762345926975715,0.00885797235076968,0,true,true,backward_euler_step_doubling,0.00002,,0.6,,,,,,
0.33867267964934256,R3,resistor,B,0,1000,Ω,,0,,3.0237654073024287,0.0030237654073024286,0.009143157238398822,0,true,true,backward_euler_step_doubling,0.00002,,0.6,,,,,,
0.33867267964934256,R4,resistor,A,C,1000,Ω,,0,,2.0316872097365786,0.0020316872097365787,0.004127752918207205,0,true,true,backward_euler_step_doubling,0.00002,,0.6,,,,,,
0.33867267964934256,R5,resistor,C,0,2000,Ω,,0,,3.9683127902634214,0.0019841563951317107,0.007873753200684131,0,true,true,backward_euler_step_doubling,0.00002,,0.6,,,,,,
0.33867267964934256,C6,capacitor,B,C,100,µF,,0,V,-0.9445473829609927,-0.000047530814604868193,0.00004489510654503238,0.000044608487932923006,true,true,backward_euler_step_doubling,0.00002,1e-7,0.6,,,,,,
0.3405207862382861,V1,voltage,A,0,6,V,,0,,6,-0.005007798270701586,-0.030046789624209515,0,true,true,backward_euler_step_doubling,0.00002,,0.6,dc,5,10,0,50,2
0.3405207862382861,R2,resistor,A,B,1000,Ω,,0,,2.9766051878952675,0.0029766051878952677,0.008860178444605021,0,true,true,backward_euler_step_doubling,0.00002,,0.6,,,,,,
0.3405207862382861,R3,resistor,B,0,1000,Ω,,0,,3.0233948121047325,0.0030233948121047324,0.009140916189861811,0,true,true,backward_euler_step_doubling,0.00002,,0.6,,,,,,
0.3405207862382861,R4,resistor,A,C,1000,Ω,,0,,2.031193082806318,0.002031193082806318,0.004125745339640234,0,true,true,backward_euler_step_doubling,0.00002,,0.6,,,,,,
0.3405207862382861,R5,resistor,C,0,2000,Ω,,0,,3.968806917193682,0.001984403458596841,0.007875714172982209,0,true,true,backward_euler_step_doubling,0.00002,,0.6,,,,,,
0.3405207862382861,C6,capacitor,B,C,100,µF,,0,V,-0.9454121050889497,-0.000046789624209461764,0.00004423547712018813,0.00004469020242243596,true,true,backward_euler_step_doubling,0.00002,1e-7,0.6,,,,,,
0.3424003688111047,V1,voltage,A,0,6,V,,0,,6,-0.005007674627028309,-0.030046047762169854,0,true,true,backward_euler_step_doubling,0.00002,,0.6,dc,5,10,0,50,2
0.3424003688111047,R2,resistor,A,B,1000,Ω,,0,,2.976976118915088,0.002976976118915088,0.00886238681259074,0,true,true,backward_euler_step_doubling,0.00002,,0.6,,,,,,
0.3424003688111047,R3,resistor,B,0,1000,Ω,,0,,3.023023881084912,0.0030230238810849117,0.009138673385609683,0,true,true,backward_euler_step_doubling,0.00002,,0.6,,,,,,
0.3424003688111047,R4,resistor,A,C,1000,Ω,,0,,2.0306985081132214,0.0020306985081132213,0.004123736430853263,0,true,true,backward_euler_step_doubling,0.00002,,0.6,,,,,,
0.3424003688111047,R5,resistor,C,0,2000,Ω,,0,,3.9693014918867786,0.0019846507459433892,0.007877677166747303,0,true,true,backward_euler_step_doubling,0.00002,,0.6,,,,,,
0.3424003688111047,C6,capacitor,B,C,100,µF,,0,V,-0.9462776108018667,-0.00004604776216982486,0.000043573966368834446,0.000044772065835244446,true,true,backward_euler_step_doubling,0.00002,1e-7,0.6,,,,,,
0.3442799513839233,V1,voltage,A,0,6,V,,0,,6,-0.005007552943758635,-0.030045317662551807,0,true,true,backward_euler_step_doubling,0.00002,,0.6,dc,5,10,0,50,2
0.3442799513839233,R2,resistor,A,B,1000,Ω,,0,,2.9773411687241165,0.0029773411687241164,0.008864560434979487,0,true,true,backward_euler_step_doubling,0.00002,,0.6,,,,,,
0.3442799513839233,R3,resistor,B,0,1000,Ω,,0,,3.0226588312758835,0.0030226588312758833,0.00913646641029009,0,true,true,backward_euler_step_doubling,0.00002,,0.6,,,,,,
0.3442799513839233,R4,resistor,A,C,1000,Ω,,0,,2.030211775034518,0.002030211775034518,0.004121759851488808,0,true,true,backward_euler_step_doubling,0.00002,,0.6,,,,,,
0.3442799513839233,R5,resistor,C,0,2000,Ω,,0,,3.969788224965482,0.001984894112482741,0.007879609275537297,0,true,true,backward_euler_step_doubling,0.00002,,0.6,,,,,,
0.3442799513839233,C6,capacitor,B,C,100,µF,,0,V,-0.9471293936895986,-0.000045317662551774986,0.00004292169025609247,0.00004485270441954133,true,true,backward_euler_step_doubling,0.00002,1e-7,0.6,,,,,,
0.34619203987154756,V1,voltage,A,0,6,V,,0,,6,-0.005007431152154485,-0.03004458691292691,0,true,true,backward_euler_step_doubling,0.00002,,0.6,dc,5,10,0,50,2
0.34619203987154756,R2,resistor,A,B,1000,Ω,,0,,2.9777065435365726,0.0029777065435365726,0.008866736259420522,0,true,true,backward_euler_step_doubling,0.00002,,0.6,,,,,,
0.34619203987154756,R3,resistor,B,0,1000,Ω,,0,,3.0222934564634274,0.0030222934564634275,0.00913425773698165,0,true,true,backward_euler_step_doubling,0.00002,,0.6,,,,,,
0.34619203987154756,R4,resistor,A,C,1000,Ω,,0,,2.029724608617913,0.0020297246086179127,0.004119781986829139,0,true,true,backward_euler_step_doubling,0.00002,,0.6,,,,,,
0.34619203987154756,R5,resistor,C,0,2000,Ω,,0,,3.970275391382087,0.0019851376956910435,0.007881543341707093,0,true,true,backward_euler_step_doubling,0.00002,,0.6,,,,,,
0.34619203987154756,C6,capacitor,B,C,100,µF,,0,V,-0.9479819349186598,-0.000044586912926842815,0.00004226758798843825,0.000044933487446606304,true,true,backward_euler_step_doubling,0.00002,1e-7,0.6,,,,,,
0.34810412835917176,V1,voltage,A,0,6,V,,0,,6,-0.0050073113244461795,-0.03004386794667708,0,true,true,backward_euler_step_doubling,0.00002,,0.6,dc,5,10,0,50,2
0.34810412835917176,R2,resistor,A,B,1000,Ω,,0,,2.9780660266615033,0.0029780660266615034,0.008868877259155434,0,true,true,backward_euler_step_doubling,0.00002,,0.6,,,,,,
0.34810412835917176,R3,resistor,B,0,1000,Ω,,0,,3.0219339733384967,0.0030219339733384967,0.009132084939217393,0,true,true,backward_euler_step_doubling,0.00002,,0.6,,,,,,
0.34810412835917176,R4,resistor,A,C,1000,Ω,,0,,2.0292452977846756,0.0020292452977846757,0.004117836478581217,0,true,true,backward_euler_step_doubling,0.00002,,0.6,,,,,,
0.34810412835917176,R5,resistor,C,0,2000,Ω,,0,,3.9707547022153244,0.001985377351107662,0.007883446452582554,0,true,true,backward_euler_step_doubling,0.00002,,0.6,,,,,,
0.34810412835917176,C6,capacitor,B,C,100,µF,,0,V,-0.9488207288768278,-0.00004386794667699702,0.00004162281714039813,0.00004501303877731773,true,true,backward_euler_step_doubling,0.00002,1e-7,0.6,,,,,,
0.35004980502697136,V1,voltage,A,0,6,V,,0,,6,-0.005007191391958674,-0.030043148351752043,0,true,true,backward_euler_step_doubling,0.00002,,0.6,dc,5,10,0,50,2
0.35004980502697136,R2,resistor,A,B,1000,Ω,,0,,2.97842582412404,0.0029784258241240397,0.008871020389808965,0,true,true,backward_euler_step_doubling,0.00002,,0.6,,,,,,
0.35004980502697136,R3,resistor,B,0,1000,Ω,,0,,3.02157417587596,0.00302157417587596,0.009129910500320488,0,true,true,backward_euler_step_doubling,0.00002,,0.6,,,,,,
0.35004980502697136,R4,resistor,A,C,1000,Ω,,0,,2.0287655678346344,0.0020287655678346344,0.004115889729231386,0,true,true,backward_euler_step_doubling,0.00002,,0.6,,,,,,
0.35004980502697136,R5,resistor,C,0,2000,Ω,,0,,3.9712344321653656,0.001985617216082683,0.007885351457607888,0,true,true,backward_euler_step_doubling,0.00002,,0.6,,,,,,
0.35004980502697136,C6,capacitor,B,C,100,µF,,0,V,-0.9496602562894054,-0.000043148351751943105,0.00004097627478321571,0.00004509273011878296,true,true,backward_euler_step_doubling,0.00002,1e-7,0.6,,,,,,
0.3519954816947709,V1,voltage,A,0,6,V,,0,,6,-0.005007073426803026,-0.030042440560818156,0,true,true,backward_euler_step_doubling,0.00002,,0.6,dc,5,10,0,50,2
0.3519954816947709,R2,resistor,A,B,1000,Ω,,0,,2.978779719590976,0.002978779719590976,0.008873128617846494,0,true,true,backward_euler_step_doubling,0.00002,,0.6,,,,,,
0.3519954816947709,R3,resistor,B,0,1000,Ω,,0,,3.021220280409024,0.003021220280409024,0.009127771982754782,0,true,true,backward_euler_step_doubling,0.00002,,0.6,,,,,,
0.3519954816947709,R4,resistor,A,C,1000,Ω,,0,,2.02829370721205,0.00202829370721205,0.004113975362716001,0,true,true,backward_euler_step_doubling,0.00002,,0.6,,,,,,
0.3519954816947709,R5,resistor,C,0,2000,Ω,,0,,3.97170629278795,0.001985853146393975,0.0078872254380857,0,true,true,backward_euler_step_doubling,0.00002,,0.6,,,,,,
0.3519954816947709,C6,capacitor,B,C,100,µF,,0,V,-0.950486012378926,-0.000042440560818077626,0.000040339159415099896,0.00004517118298639959,true,true,backward_euler_step_doubling,0.00002,1e-7,0.6,,,,,,
0.3539758847454382,V1,voltage,A,0,6,V,,0,,6,-0.005006955360372449,-0.030041732162234696,0,true,true,backward_euler_step_doubling,0.00002,,0.6,dc,5,10,0,50,2
0.3539758847454382,R2,resistor,A,B,1000,Ω,,0,,2.9791339188826904,0.0029791339188826906,0.008875238906637337,0,true,true,backward_euler_step_doubling,0.00002,,0.6,,,,,,
0.3539758847454382,R3,resistor,B,0,1000,Ω,,0,,3.0208660811173096,0.0030208660811173096,0.009125631880045051,0,true,true,backward_euler_step_doubling,0.00002,,0.6,,,,,,
0.3539758847454382,R4,resistor,A,C,1000,Ω,,0,,2.02782144148976,0.00202782144148976,0.004112059798565609,0,true,true,backward_euler_step_doubling,0.00002,,0.6,,,,,,
0.3539758847454382,R5,resistor,C,0,2000,Ω,,0,,3.97217855851024,0.00198608927925512,0.007889101250344243,0,true,true,backward_euler_step_doubling,0.00002,,0.6,,,,,,
0.3539758847454382,C6,capacitor,B,C,100,µF,,0,V,-0.9513124773929302,-0.000041732162234638036,0.000039700326642397195,0.00004524977148217371,true,true,backward_euler_step_doubling,0.00002,1e-7,0.6,,,,,,
0.35595628779610544,V1,voltage,A,0,6,V,,0,,6,-0.005006839264653166,-0.030041035587918992,0,true,true,backward_euler_step_doubling,0.00002,,0.6,dc,5,10,0,50,2
0.35595628779610544,R2,resistor,A,B,1000,Ω,,0,,2.9794822060405504,0.0029794822060405504,0.008877314216112264,0,true,true,backward_euler_step_doubling,0.00002,,0.6,,,,,,
0.35595628779610544,R3,resistor,B,0,1000,Ω,,0,,3.0205177939594496,0.0030205177939594497,0.00912352774362566,0,true,true,backward_euler_step_doubling,0.00002,,0.6,,,,,,
0.35595628779610544,R4,resistor,A,C,1000,Ω,,0,,2.0273570586126146,0.002027357058612615,0.004110176643106393,0,true,true,backward_euler_step_doubling,0.00002,,0.6,,,,,,
0.35595628779610544,R5,resistor,C,0,2000,Ω,,0,,3.9726429413873854,0.001986321470693693,0.00789094596987751,0,true,true,backward_euler_step_doubling,0.00002,,0.6,,,,,,
0.35595628779610544,C6,capacitor,B,C,100,µF,,0,V,-0.9521251474279357,-0.000041035587918918657,0.000039071015197092444,0.000045327114818233414,true,true,backward_euler_step_doubling,0.00002,1e-7,0.6,,,,,,
0.35797261528807556,V1,voltage,A,0,6,V,,0,,6,-0.005006723071112179,-0.03004033842667307,0,true,true,backward_euler_step_doubling,0.00002,,0.6,dc,5,10,0,50,2
0.35797261528807556,R2,resistor,A,B,1000,Ω,,0,,2.9798307866634755,0.0029798307866634754,0.008879391517147468,0,true,true,backward_euler_step_doubling,0.00002,,0.6,,,,,,
0.35797261528807556,R3,resistor,B,0,1000,Ω,,0,,3.0201692133365245,0.0030201692133365247,0.009121422077185762,0,true,true,backward_euler_step_doubling,0.00002,,0.6,,,,,,
0.35797261528807556,R4,resistor,A,C,1000,Ω,,0,,2.026892284448703,0.002026892284448703,0.004108292332757682,0,true,true,backward_euler_step_doubling,0.00002,,0.6,,,,,,
0.35797261528807556,R5,resistor,C,0,2000,Ω,,0,,3.973107715551297,0.0019865538577756485,0.007892792459686623,0,true,true,backward_euler_step_doubling,0.00002,,0.6,,,,,,
0.35797261528807556,C6,capacitor,B,C,100,µF,,0,V,-0.9529385022147725,-0.00004033842667304138,0.00003844003989550848,0.0000454045894501667,true,true,backward_euler_step_doubling,0.00002,1e-7,0.6,,,,,,
0.35998894278004573,V1,voltage,A,0,6,V,,0,,6,-0.005006608851604907,-0.030039653109629444,0,true,true,backward_euler_step_doubling,0.00002,,0.6,dc,5,10,0,50,2
0.35998894278004573,R2,resistor,A,B,1000,Ω,,0,,2.98017344518528,0.0029801734451852797,0.0088814337633875,0,true,true,backward_euler_step_doubling,0.00002,,0.6,,,,,,
0.35998894278004573,R3,resistor,B,0,1000,Ω,,0,,3.01982655481472,0.00301982655481472,0.00911935242116414,0,true,true,backward_euler_step_doubling,0.00002,,0.6,,,,,,
0.35998894278004573,R4,resistor,A,C,1000,Ω,,0,,2.026435406419628,0.002026435406419628,0.004106440456391083,0,true,true,backward_euler_step_doubling,0.00002,,0.6,,,,,,
0.35998894278004573,R5,resistor,C,0,2000,Ω,,0,,3.973564593580372,0.001986782296790186,0.007894607789677774,0,true,true,backward_euler_step_doubling,0.00002,,0.6,,,,,,
0.35998894278004573,C6,capacitor,B,C,100,µF,,0,V,-0.953738038765652,-0.00003965310962944194,0.00003781867900894335,0.00004548081232942761,true,true,backward_euler_step_doubling,0.00002,1e-7,0.6,,,,,,
0.3620424568942981,V1,voltage,A,0,6,V,,0,,6,-0.005006494537678166,-0.030038967226068997,0,true,true,backward_euler_step_doubling,0.00002,,0.6,dc,5,10,0,50,2
0.3620424568942981,R2,resistor,A,B,1000,Ω,,0,,2.9805163869655376,0.0029805163869655376,0.008883477932970103,0,true,true,backward_euler_step_doubling,0.00002,,0.6,,,,,,
0.3620424568942981,R3,resistor,B,0,1000,Ω,,0,,3.0194836130344624,0.0030194836130344625,0.009117281289383652,0,true,true,backward_euler_step_doubling,0.00002,,0.6,,,,,,
0.3620424568942981,R4,resistor,A,C,1000,Ω,,0,,2.0259781507126275,0.0020259781507126276,0.0041045874671649584,0,true,true,backward_euler_step_doubling,0.00002,,0.6,,,,,,
0.3620424568942981,R5,resistor,C,0,2000,Ω,,0,,3.9740218492873725,0.0019870109246436863,0.007896424829306714,0,true,true,backward_euler_step_doubling,0.00002,,0.6,,,,,,
0.3620424568942981,C6,capacitor,B,C,100,µF,,0,V,-0.95453823625291,-0.00003896722606892562,0.000037195707243500674,0.00004555716222344081,true,true,backward_euler_step_doubling,0.00002,1e-7,0.6,,,,,,
0.36409597100855046,V1,voltage,A,0,6,V,,0,,6,-0.005006382201050143,-0.03003829320630086,0,true,true,backward_euler_step_doubling,0.00002,,0.6,dc,5,10,0,50,2
0.36409597100855046,R2,resistor,A,B,1000,Ω,,0,,2.980853396849619,0.002980853396849619,0.008885486973509913,0,true,true,backward_euler_step_doubling,0.00002,,0.6,,,,,,
0.36409597100855046,R3,resistor,B,0,1000,Ω,,0,,3.019146603150381,0.0030191466031503807,0.009115246211314482,0,true,true,backward_euler_step_doubling,0.00002,,0.6,,,,,,
0.36409597100855046,R4,resistor,A,C,1000,Ω,,0,,2.025528804200523,0.002025528804200523,0.004102766936646001,0,true,true,backward_euler_step_doubling,0.00002,,0.6,,,,,,
0.36409597100855046,R5,resistor,C,0,2000,Ω,,0,,3.974471195799477,0.0019872355978997384,0.007898210643119862,0,true,true,backward_euler_step_doubling,0.00002,,0.6,,,,,,
0.36409597100855046,C6,capacitor,B,C,100,µF,,0,V,-0.9553245926490961,-0.00003829320630076925,0.00003658244171051018,0.00004563225386600806,true,true,backward_euler_step_doubling,0.00002,1e-7,0.6,,,,,,
0.36618800270245405,V1,voltage,A,0,6,V,,0,,6,-0.00500626977335382,-0.030037618640122922,0,true,true,backward_euler_step_doubling,0.00002,,0.6,dc,5,10,0,50,2
0.36618800270245405,R2,resistor,A,B,1000,Ω,,0,,2.9811906799385515,0.0029811906799385515,0.008887497870152482,0,true,true,backward_euler_step_doubling,0.00002,,0.6,,,,,,
0.36618800270245405,R3,resistor,B,0,1000,Ω,,0,,3.0188093200614485,0.0030188093200614486,0.009113209710889865,0,true,true,backward_euler_step_doubling,0.00002,,0.6,,,,,,
0.36618800270245405,R4,resistor,A,C,1000,Ω,,0,,2.0250790934152687,0.0020250790934152685,0.004100945334587606,0,true,true,backward_euler_step_doubling,0.00002,,0.6,,,,,,
0.36618800270245405,R5,resistor,C,0,2000,Ω,,0,,3.9749209065847313,0.001987460453292366,0.007899998106802192,0,true,true,backward_euler_step_doubling,0.00002,,0.6,,,,,,
0.36618800270245405,C6,capacitor,B,C,100,µF,,0,V,-0.9561115865232828,-0.00003761864012290376,0.000035967617690757934,0.00004570746829420344,true,true,backward_euler_step_doubling,0.00002,1e-7,0.6,,,,,,
0.36828003439635765,V1,voltage,A,0,6,V,,0,,6,-0.005006159326163415,-0.030036955956980492,0,true,true,backward_euler_step_doubling,0.00002,,0.6,dc,5,10,0,50,2
0.36828003439635765,R2,resistor,A,B,1000,Ω,,0,,2.981522021509757,0.002981522021509757,0.008889473564747627,0,true,true,backward_euler_step_doubling,0.00002,,0.6,,,,,,
0.36828003439635765,R3,resistor,B,0,1000,Ω,,0,,3.018477978490243,0.0030184779784902427,0.009111209306630542,0,true,true,backward_euler_step_doubling,0.00002,,0.6,,,,,,
0.36828003439635765,R4,resistor,A,C,1000,Ω,,0,,2.024637304653657,0.002024637304653657,0.004099156215395226,0,true,true,backward_euler_step_doubling,0.00002,,0.6,,,,,,
0.36828003439635765,R5,resistor,C,0,2000,Ω,,0,,3.975362695346343,0.0019876813476731713,0.00790175427977567,0,true,true,backward_euler_step_doubling,0.00002,,0.6,,,,,,
0.36828003439635765,C6,capacitor,B,C,100,µF,,0,V,-0.9568847168560999,-0.00003695595698048469,0.000035362590431417304,0.00004578141806763891,true,true,backward_euler_step_doubling,0.00002,1e-7,0.6,,,,,,
0.3704119884873094,V1,voltage,A,0,6,V,,0,,6,-0.00500604879120495,-0.030036292747229697,0,true,true,backward_euler_step_doubling,0.00002,,0.6,dc,5,10,0,50,2
0.3704119884873094,R2,resistor,A,B,1000,Ω,,0,,2.981853626385166,0.002981853626385166,0.008891451049186365,0,true,true,backward_euler_step_doubling,0.00002,,0.6,,,,,,
0.3704119884873094,R3,resistor,B,0,1000,Ω,,0,,3.018146373614834,0.003018146373614834,0.009109207532564374,0,true,true,backward_euler_step_doubling,0.00002,,0.6,,,,,,
0.3704119884873094,R4,resistor,A,C,1000,Ω,,0,,2.0241951648197842,0.002024195164819784,0.004097366065279793,0,true,true,backward_euler_step_doubling,0.00002,,0.6,,,,,,
0.3704119884873094,R5,resistor,C,0,2000,Ω,,0,,3.9758048351802158,0.001987902417590108,0.007903512043721191,0,true,true,backward_euler_step_doubling,0.00002,,0.6,,,,,,
0.3704119884873094,C6,capacitor,B,C,100,µF,,0,V,-0.9576584615653818,-0.00003629274722967931,0.000034756056477955956,0.00004585548645038869,true,true,backward_euler_step_doubling,0.00002,1e-7,0.6,,,,,,
0.3725439425782612,V1,voltage,A,0,6,V,,0,,6,-0.005005940239901301,-0.030035641439407804,0,true,true,backward_euler_step_doubling,0.00002,,0.6,dc,5,10,0,50,2
0.3725439425782612,R2,resistor,A,B,1000,Ω,,0,,2.9821792802961054,0.0029821792802961055,0.008893393259827397,0,true,true,backward_euler_step_doubling,0.00002,,0.6,,,,,,
0.3725439425782612,R3,resistor,B,0,1000,Ω,,0,,3.0178207197038946,0.0030178207197038946,0.009107241896274133,0,true,true,backward_euler_step_doubling,0.00002,,0.6,,,,,,
0.3725439425782612,R4,resistor,A,C,1000,Ω,,0,,2.023760959605195,0.002023760959605195,0.00409560842162214,0,true,true,backward_euler_step_doubling,0.00002,,0.6,,,,,,
0.3725439425782612,R5,resistor,C,0,2000,Ω,,0,,3.976239040394805,0.0019881195201974025,0.0079052384531799,0,true,true,backward_euler_step_doubling,0.00002,,0.6,,,,,,
0.3725439425782612,C6,capacitor,B,C,100,µF,,0,V,-0.9584183206909103,-0.00003564143940778891,0.000034159408504219874,0.00004592828387179922,true,true,backward_euler_step_doubling,0.00002,1e-7,0.6,,,,,,
0.374717303305414,V1,voltage,A,0,6,V,,0,,6,-0.005005831604078898,-0.030034989624473388,0,true,true,backward_euler_step_doubling,0.00002,,0.6,dc,5,10,0,50,2
0.374717303305414,R2,resistor,A,B,1000,Ω,,0,,2.9825051877633437,0.002982505187763344,0.008895337195035258,0,true,true,backward_euler_step_doubling,0.00002,,0.6,,,,,,
0.374717303305414,R3,resistor,B,0,1000,Ω,,0,,3.0174948122366563,0.0030174948122366563,0.009105274941875133,0,true,true,backward_euler_step_doubling,0.00002,,0.6,,,,,,
0.374717303305414,R4,resistor,A,C,1000,Ω,,0,,2.023326416315552,0.002023326416315552,0.0040938497869603355,0,true,true,backward_euler_step_doubling,0.00002,,0.6,,,,,,
0.374717303305414,R5,resistor,C,0,2000,Ω,,0,,3.976673583684448,0.001988336791842224,0.007906966395586855,0,true,true,backward_euler_step_doubling,0.00002,,0.6,,,,,,
0.374717303305414,C6,capacitor,B,C,100,µF,,0,V,-0.9591787714477915,-0.00003498962447331392,0.000033561305015732824,0.00004600119577980473,true,true,backward_euler_step_doubling,0.00002,1e-7,0.6,,,,,,
0.37689066403256677,V1,voltage,A,0,6,V,,0,,6,-0.005005724955001479,-0.030034349730008875,0,true,true,backward_euler_step_doubling,0.00002,,0.6,dc,5,10,0,50,2
0.37689066403256677,R2,resistor,A,B,1000,Ω,,0,,2.9828251349955828,0.0029828251349955826,0.008897245785961416,0,true,true,backward_euler_step_doubling,0.00002,,0.6,,,,,,
0.37689066403256677,R3,resistor,B,0,1000,Ω,,0,,3.0171748650044172,0.003017174865004417,0.009103344166014424,0,true,true,backward_euler_step_doubling,0.00002,,0.6,,,,,,
0.37689066403256677,R4,resistor,A,C,1000,Ω,,0,,2.0228998200058963,0.0020228998200058964,0.004092123681779888,0,true,true,backward_euler_step_doubling,0.00002,,0.6,,,,,,
0.37689066403256677,R5,resistor,C,0,2000,Ω,,0,,3.9771001799941037,0.001988550089997052,0.007908662920854567,0,true,true,backward_euler_step_doubling,0.00002,,0.6,,,,,,
0.37689066403256677,C6,capacitor,B,C,100,µF,,0,V,-0.9599253149896865,-0.00003434973000883147,0.00003297317539853824,0.00004607283051790244,true,true,backward_euler_step_doubling,0.00002,1e-7,0.6,,,,,,
0.3791070011515302,V1,voltage,A,0,6,V,,0,,6,-0.0050056182246037756,-0.03003370934762265,0,true,true,backward_euler_step_doubling,0.00002,,0.6,dc,5,10,0,50,2
0.3791070011515302,R2,resistor,A,B,1000,Ω,,0,,2.9831453261886907,0.0029831453261886906,0.00889915603716143,0,true,true,backward_euler_step_doubling,0.00002,,0.6,,,,,,
0.3791070011515302,R3,resistor,B,0,1000,Ω,,0,,3.0168546738113093,0.0030168546738113095,0.009101412122897142,0,true,true,backward_euler_step_doubling,0.00002,,0.6,,,,,,
0.3791070011515302,R4,resistor,A,C,1000,Ω,,0,,2.0224728984150837,0.0020224728984150836,0.004090396624823509,0,true,true,backward_euler_step_doubling,0.00002,,0.6,,,,,,
0.3791070011515302,R5,resistor,C,0,2000,Ω,,0,,3.9775271015849163,0.0019887635507924582,0.007910360921921253,0,true,true,backward_euler_step_doubling,0.00002,,0.6,,,,,,
0.3791070011515302,C6,capacitor,B,C,100,µF,,0,V,-0.960672427773607,-0.00003370934762261782,0.000032383640819284726,0.0000461445756742218,true,true,backward_euler_step_doubling,0.00002,1e-7,0.6,,,,,,
0.38132333827049353,V1,voltage,A,0,6,V,,0,,6,-0.005005513483982025,-0.030033080903892152,0,true,true,backward_euler_step_doubling,0.00002,,0.6,dc,5,10,0,50,2
0.38132333827049353,R2,resistor,A,B,1000,Ω,,0,,2.9834595480539408,0.0029834595480539407,0.008901030874874224,0,true,true,backward_euler_step_doubling,0.00002,,0.6,,,,,,
0.38132333827049353,R3,resistor,B,0,1000,Ω,,0,,3.0165404519460592,0.0030165404519460594,0.009099516298226936,0,true,true,backward_euler_step_doubling,0.00002,,0.6,,,,,,
0.38132333827049353,R4,resistor,A,C,1000,Ω,,0,,2.0220539359280845,0.0020220539359280844,0.004088702119802258,0,true,true,backward_euler_step_doubling,0.00002,,0.6,,,,,,
0.38132333827049353,R5,resistor,C,0,2000,Ω,,0,,3.9779460640719155,0.001988973032035958,0.007912027444332623,0,true,true,backward_euler_step_doubling,0.00002,,0.6,,,,,,
0.38132333827049353,C6,capacitor,B,C,100,µF,,0,V,-0.9614056121258563,-0.000033080903892105636,0.00003180416665606644,0.00004621503755135462,true,true,backward_euler_step_doubling,0.00002,1e-7,0.6,,,,,,
0.3835843137434936,V1,voltage,A,0,6,V,,0,,6,-0.005005408665187763,-0.03003245199112658,0,true,true,backward_euler_step_doubling,0.00002,,0.6,dc,5,10,0,50,2
0.3835843137434936,R2,resistor,A,B,1000,Ω,,0,,2.9837740044367447,0.0029837740044367446,0.008902907309552486,0,true,true,backward_euler_step_doubling,0.00002,,0.6,,,,,,
0.3835843137434936,R3,resistor,B,0,1000,Ω,,0,,3.0162259955632553,0.0030162259955632555,0.009097619256311551,0,true,true,backward_euler_step_doubling,0.00002,,0.6,,,,,,
0.3835843137434936,R4,resistor,A,C,1000,Ω,,0,,2.0216346607510176,0.0020216346607510177,0.004087006701549882,0,true,true,backward_euler_step_doubling,0.00002,,0.6,,,,,,
0.3835843137434936,R5,resistor,C,0,2000,Ω,,0,,3.9783653392489824,0.001989182669624491,0.007913695386268835,0,true,true,backward_euler_step_doubling,0.00002,,0.6,,,,,,
0.3835843137434936,C6,capacitor,B,C,100,µF,,0,V,-0.9621393436857271,-0.000032451991126519816,0.000031223337443764814,0.00004628560583340008,true,true,backward_euler_step_doubling,0.00002,1e-7,0.6,,,,,,
0.3858452892164937,V1,voltage,A,0,6,V,,0,,6,-0.005005305839140668,-0.03003183503484401,0,true,true,backward_euler_step_doubling,0.00002,,0.6,dc,5,10,0,50,2
0.3858452892164937,R2,resistor,A,B,1000,Ω,,0,,2.9840824825780197,0.0029840824825780195,0.008904748262828997,0,true,true,backward_euler_step_doubling,0.00002,,0.6,,,,,,
0.3858452892164937,R3,resistor,B,0,1000,Ω,,0,,3.0159175174219803,0.00301591751742198,0.00909575847189276,0,true,true,backward_euler_step_doubling,0.00002,,0.6,,,,,,
0.3858452892164937,R4,resistor,A,C,1000,Ω,,0,,2.0212233565626496,0.0020212233565626496,0.004085343857114384,0,true,true,backward_euler_step_doubling,0.00002,,0.6,,,,,,
0.3858452892164937,R5,resistor,C,0,2000,Ω,,0,,3.9787766434373504,0.001989388321718675,0.007915331789181294,0,true,true,backward_euler_step_doubling,0.00002,,0.6,,,,,,
0.3858452892164937,C6,capacitor,B,C,100,µF,,0,V,-0.96285912601537,-0.000031835034843960714,0.00003065265382652487,0.00004635488482755411,true,true,backward_euler_step_doubling,0.00002,1e-7,0.6,,,,,,
0.3881526645694899,V1,voltage,A,0,6,V,,0,,6,-0.0050052029380182675,-0.030031217628109605,0,true,true,backward_euler_step_doubling,0.00002,,0.6,dc,5,10,0,50,2
0.3881526645694899,R2,resistor,A,B,1000,Ω,,0,,2.984391185945214,0.002984391185945214,0.00890659075074748,0,true,true,backward_euler_step_doubling,0.00002,,0.6,,,,,,
0.3881526645694899,R3,resistor,B,0,1000,Ω,,0,,3.015608814054786,0.003015608814054786,0.009093896519404914,0,true,true,backward_euler_step_doubling,0.00002,,0.6,,,,,,
0.3881526645694899,R4,resistor,A,C,1000,Ω,,0,,2.0208117520730537,0.0020208117520730535,0.0040836801373165645,0,true,true,backward_euler_step_doubling,0.00002,,0.6,,,,,,
0.3881526645694899,R5,resistor,C,0,2000,Ω,,0,,3.9791882479269463,0.001989594123963473,0.00791696955621996,0,true,true,backward_euler_step_doubling,0.00002,,0.6,,,,,,
0.3881526645694899,C6,capacitor,B,C,100,µF,,0,V,-0.9635794338721602,-0.000031217628109565074,0.00003008066442064635,0.00004642426626906963,true,true,backward_euler_step_doubling,0.00002,1e-7,0.6,,,,,,
0.39046003992248607,V1,voltage,A,0,6,V,,0,,6,-0.0050051020325539925,-0.030030612195323957,0,true,true,backward_euler_step_doubling,0.00002,,0.6,dc,5,10,0,50,2
0.39046003992248607,R2,resistor,A,B,1000,Ω,,0,,2.9846939023380346,0.0029846939023380347,0.008908397690653845,0,true,true,backward_euler_step_doubling,0.00002,,0.6,,,,,,
0.39046003992248607,R3,resistor,B,0,1000,Ω,,0,,3.0153060976619654,0.0030153060976619655,0.00909207086259743,0,true,true,backward_euler_step_doubling,0.00002,,0.6,,,,,,
0.39046003992248607,R4,resistor,A,C,1000,Ω,,0,,2.0204081302159587,0.0020204081302159587,0.004082049012642746,0,true,true,backward_euler_step_doubling,0.00002,,0.6,,,,,,
0.39046003992248607,R5,resistor,C,0,2000,Ω,,0,,3.9795918697840413,0.0019897959348920205,0.00791857572502562,0,true,true,backward_euler_step_doubling,0.00002,,0.6,,,,,,
0.39046003992248607,C6,capacitor,B,C,100,µF,,0,V,-0.9642857721220759,-0.00003061219532394366,0.000029518904404300817,0.000046492352515853396,true,true,backward_euler_step_doubling,0.00002,1e-7,0.6,,,,,,
0.3928156843499183,V1,voltage,A,0,6,V,,0,,6,-0.005005001055061253,-0.030030006330367516,0,true,true,backward_euler_step_doubling,0.00002,,0.6,dc,5,10,0,50,2
0.3928156843499183,R2,resistor,A,B,1000,Ω,,0,,2.984996834816254,0.002984996834816254,0.008910206103863056,0,true,true,backward_euler_step_doubling,0.00002,,0.6,,,,,,
0.3928156843499183,R3,resistor,B,0,1000,Ω,,0,,3.015003165183746,0.003015003165183746,0.009090244086068006,0,true,true,backward_euler_step_doubling,0.00002,,0.6,,,,,,
0.3928156843499183,R4,resistor,A,C,1000,Ω,,0,,2.0200042202449997,0.002020004220245,0.00408041704980761,0,true,true,backward_euler_step_doubling,0.00002,,0.6,,,,,,
0.3928156843499183,R5,resistor,C,0,2000,Ω,,0,,3.9799957797550003,0.0019899978898775,0.007920183203433807,0,true,true,backward_euler_step_doubling,0.00002,,0.6,,,,,,
0.3928156843499183,C6,capacitor,B,C,100,µF,,0,V,-0.9649926145712544,-0.000030006330367482567,0.000028955887195005832,0.00004656053730885327,true,true,backward_euler_step_doubling,0.00002,1e-7,0.6,,,,,,
0.39517132877735056,V1,voltage,A,0,6,V,,0,,6,-0.005004902076076741,-0.030029412456460444,0,true,true,backward_euler_step_doubling,0.00002,,0.6,dc,5,10,0,50,2
0.39517132877735056,R2,resistor,A,B,1000,Ω,,0,,2.9852937717697885,0.0029852937717697887,0.00891197890376749,0,true,true,backward_euler_step_doubling,0.00002,,0.6,,,,,,
0.39517132877735056,R3,resistor,B,0,1000,Ω,,0,,3.0147062282302115,0.0030147062282302114,0.009088453642530027,0,true,true,backward_euler_step_doubling,0.00002,,0.6,,,,,,
0.39517132877735056,R4,resistor,A,C,1000,Ω,,0,,2.0196083043069533,0.0020196083043069533,0.004078817702825607,0,true,true,backward_euler_step_doubling,0.00002,,0.6,,,,,,
0.39517132877735056,R5,resistor,C,0,2000,Ω,,0,,3.9803916956930467,0.001990195847846523,0.007921759025571084,0,true,true,backward_euler_step_doubling,0.00002,,0.6,,,,,,
0.39517132877735056,C6,capacitor,B,C,100,µF,,0,V,-0.9656854674628352,-0.000029412456460420476,0.000028403181766211436,0.000046627421103445726,true,true,backward_euler_step_doubling,0.00002,1e-7,0.6,,,,,,
0.39757722808814755,V1,voltage,A,0,6,V,,0,,6,-0.005004803028060461,-0.030028818168362763,0,true,true,backward_euler_step_doubling,0.00002,,0.6,dc,5,10,0,50,2
0.39757722808814755,R2,resistor,A,B,1000,Ω,,0,,2.985590915818659,0.002985590915818659,0.008913753116618899,0,true,true,backward_euler_step_doubling,0.00002,,0.6,,,,,,
0.39757722808814755,R3,resistor,B,0,1000,Ω,,0,,3.014409084181341,0.003014409084181341,0.009086662126794992,0,true,true,backward_euler_step_doubling,0.00002,,0.6,,,,,,
0.39757722808814755,R4,resistor,A,C,1000,Ω,,0,,2.019212112241801,0.002019212112241801,0.004077217554223997,0,true,true,backward_euler_step_doubling,0.00002,,0.6,,,,,,
0.39757722808814755,R5,resistor,C,0,2000,Ω,,0,,3.980787887758199,0.0019903939438790995,0.007923336103661192,0,true,true,backward_euler_step_doubling,0.00002,,0.6,,,,,,
0.39757722808814755,C6,capacitor,B,C,100,µF,,0,V,-0.9663788035768577,-0.000028818168362696835,0.00002784926706361942,0.00004669439960013194,true,true,backward_euler_step_doubling,0.00002,1e-7,0.6,,,,,,
0.3999831273989446,V1,voltage,A,0,6,V,,0,,6,-0.005004705981341044,-0.030028235888046262,0,true,true,backward_euler_step_doubling,0.00002,,0.6,dc,5,10,0,50,2
0.3999831273989446,R2,resistor,A,B,1000,Ω,,0,,2.9858820559769006,0.0029858820559769007,0.008915491652204843,0,true,true,backward_euler_step_doubling,0.00002,,0.6,,,,,,
0.3999831273989446,R3,resistor,B,0,1000,Ω,,0,,3.0141179440230994,0.0030141179440230995,0.009084906980482036,0,true,true,backward_euler_step_doubling,0.00002,,0.6,,,,,,
0.3999831273989446,R4,resistor,A,C,1000,Ω,,0,,2.018823925364142,0.002018823925364142,0.004075650041622683,0,true,true,backward_euler_step_doubling,0.00002,,0.6,,,,,,
0.3999831273989446,R5,resistor,C,0,2000,Ω,,0,,3.981176074635858,0.001990588037317929,0.007924881468626488,0,true,true,backward_euler_step_doubling,0.00002,,0.6,,,,,,
0.3999831273989446,C6,capacitor,B,C,100,µF,,0,V,-0.9670581306127586,-0.000028235888046198247,0.000027305745110147614,0.00004676007139921216,true,true,backward_euler_step_doubling,0.00002,1e-7,0.6,,,,,,
0.4024413939099801,V1,voltage,A,0,6,V,,0,,6,-0.005004608868536666,-0.030027653211219994,0,true,true,backward_euler_step_doubling,0.00002,,0.6,dc,5,10,0,50,2
0.4024413939099801,R2,resistor,A,B,1000,Ω,,0,,2.986173394390035,0.002986173394390035,0.008917231541362902,0,true,true,backward_euler_step_doubling,0.00002,,0.6,,,,,,
0.4024413939099801,R3,resistor,B,0,1000,Ω,,0,,3.013826605609965,0.0030138266056099652,0.009083150808682485,0,true,true,backward_euler_step_doubling,0.00002,,0.6,,,,,,
0.4024413939099801,R4,resistor,A,C,1000,Ω,,0,,2.0184354741466306,0.0020184354741466307,0.004074081763293534,0,true,true,backward_euler_step_doubling,0.00002,,0.6,,,,,,
0.4024413939099801,R5,resistor,C,0,2000,Ω,,0,,3.9815645258533694,0.0019907822629266847,0.007926428036766983,0,true,true,backward_euler_step_doubling,0.00002,,0.6,,,,,,
0.4024413939099801,C6,capacitor,B,C,100,µF,,0,V,-0.9677379202434042,-0.000027653211219937036,0.000026761061114033437,0.00004682583411385147,true,true,backward_euler_step_doubling,0.00002,1e-7,0.6,,,,,,
0.40489966042101566,V1,voltage,A,0,6,V,,0,,6,-0.005004513759755694,-0.03002708255853416,0,true,true,backward_euler_step_doubling,0.00002,,0.6,dc,5,10,0,50,2
0.40489966042101566,R2,resistor,A,B,1000,Ω,,0,,2.986458720732937,0.0029864587207329373,0.008918935690641812,0,true,true,backward_euler_step_doubling,0.00002,,0.6,,,,,,
0.40489966042101566,R3,resistor,B,0,1000,Ω,,0,,3.013541279267063,0.003013541279267063,0.009081431041846565,0,true,true,backward_euler_step_doubling,0.00002,,0.6,,,,,,
0.40489966042101566,R4,resistor,A,C,1000,Ω,,0,,2.018055039022757,0.0020180550390227567,0.004072546140525141,0,true,true,backward_euler_step_doubling,0.00002,,0.6,,,,,,
0.40489966042101566,R5,resistor,C,0,2000,Ω,,0,,3.981944960977243,0.0019909724804886217,0.00792794283612603,0,true,true,backward_euler_step_doubling,0.00002,,0.6,,,,,,
0.40489966042101566,C6,capacitor,B,C,100,µF,,0,V,-0.9684036817101802,-0.000027082558534125115,0.00002622684939457822,0.00004689028453749159,true,true,backward_euler_step_doubling,0.00002,1e-7,0.6,,,,,,
0.4074125439217075,V1,voltage,A,0,6,V,,0,,6,-0.0050044185877870144,-0.03002651152672209,0,true,true,backward_euler_step_doubling,0.00002,,0.6,dc,5,10,0,50,2
0.4074125439217075,R2,resistor,A,B,1000,Ω,,0,,2.986744236638987,0.002986744236638987,0.008920641135096205,0,true,true,backward_euler_step_doubling,0.00002,,0.6,,,,,,
0.4074125439217075,R3,resistor,B,0,1000,Ω,,0,,3.013255763361013,0.003013255763361013,0.009079710295428362,0,true,true,backward_euler_step_doubling,0.00002,,0.6,,,,,,
0.4074125439217075,R4,resistor,A,C,1000,Ω,,0,,2.0176743511480275,0.0020176743511480274,0.0040710097872806135,0,true,true,backward_euler_step_doubling,0.00002,,0.6,,,,,,
0.4074125439217075,R5,resistor,C,0,2000,Ω,,0,,3.9823256488519725,0.001991162824425986,0.007929458786752141,0,true,true,backward_euler_step_doubling,0.00002,,0.6,,,,,,
0.4074125439217075,C6,capacitor,B,C,100,µF,,0,V,-0.9690698854909594,-0.000026511526722021824,0.0000256915221647002,0.000046954822148273056,true,true,backward_euler_step_doubling,0.00002,1e-7,0.6,,,,,,
0.40992542742239935,V1,voltage,A,0,6,V,,0,,6,-0.005004325422505467,-0.0300259525350328,0,true,true,backward_euler_step_doubling,0.00002,,0.6,dc,5,10,0,50,2
0.40992542742239935,R2,resistor,A,B,1000,Ω,,0,,2.9870237324836375,0.0029870237324836377,0.008922310778420482,0,true,true,backward_euler_step_doubling,0.00002,,0.6,,,,,,
0.40992542742239935,R3,resistor,B,0,1000,Ω,,0,,3.0129762675163625,0.0030129762675163625,0.00907802598861683,0,true,true,backward_euler_step_doubling,0.00002,,0.6,,,,,,
0.40992542742239935,R4,resistor,A,C,1000,Ω,,0,,2.0173016900218292,0.002017301690021829,0.004069506108564928,0,true,true,backward_euler_step_doubling,0.00002,,0.6,,,,,,
0.40992542742239935,R5,resistor,C,0,2000,Ω,,0,,3.9826983099781708,0.0019913491549890853,0.007930942914151489,0,true,true,backward_euler_step_doubling,0.00002,,0.6,,,,,,
0.40992542742239935,C6,capacitor,B,C,100,µF,,0,V,-0.9697220424618083,-0.000025952535032734698,0.00002516674527900512,0.00004701804198181505,true,true,backward_euler_step_doubling,0.00002,1e-7,0.6,,,,,,
0.41249532735182054,V1,voltage,A,0,6,V,,0,,6,-0.005004232196884265,-0.03002539318130559,0,true,true,backward_euler_step_doubling,0.00002,,0.6,dc,5,10,0,50,2
0.41249532735182054,R2,resistor,A,B,1000,Ω,,0,,2.987303409347261,0.0029873034093472607,0.008923981659497768,0,true,true,backward_euler_step_doubling,0.00002,,0.6,,,,,,
0.41249532735182054,R3,resistor,B,0,1000,Ω,,0,,3.012696590652739,0.003012696590652739,0.009076340747330637,0,true,true,backward_euler_step_doubling,0.00002,,0.6,,,,,,
0.41249532735182054,R4,resistor,A,C,1000,Ω,,0,,2.0169287875370046,0.0020169287875370047,0.004068001733995491,0,true,true,backward_euler_step_doubling,0.00002,,0.6,,,,,,
0.41249532735182054,R5,resistor,C,0,2000,Ω,,0,,3.9830712124629954,0.0019915356062314977,0.007932428141775718,0,true,true,backward_euler_step_doubling,0.00002,,0.6,,,,,,
0.41249532735182054,C6,capacitor,B,C,100,µF,,0,V,-0.9703746218102562,-0.000025393181305505408,0.00002464089870588908,0.00004708134533266989,true,true,backward_euler_step_doubling,0.00002,1e-7,0.6,,,,,,
0.41506522728124173,V1,voltage,A,0,6,V,,0,,6,-0.005004140980550347,-0.030024845883302086,0,true,true,backward_euler_step_doubling,0.00002,,0.6,dc,5,10,0,50,2
0.41506522728124173,R2,resistor,A,B,1000,Ω,,0,,2.9875770583490224,0.0029875770583490226,0.008925616679573398,0,true,true,backward_euler_step_doubling,0.00002,,0.6,,,,,,
0.41506522728124173,R3,resistor,B,0,1000,Ω,,0,,3.0124229416509776,0.0030124229416509775,0.00907469197938513,0,true,true,backward_euler_step_doubling,0.00002,,0.6,,,,,,
0.41506522728124173,R4,resistor,A,C,1000,Ω,,0,,2.0165639222013247,0.0020165639222013247,0.00406653005232399,0,true,true,backward_euler_step_doubling,0.00002,,0.6,,,,,,
0.41506522728124173,R5,resistor,C,0,2000,Ω,,0,,3.9834360777986753,0.0019917180388993377,0.007933881492954048,0,true,true,backward_euler_step_doubling,0.00002,,0.6,,,,,,
0.41506522728124173,C6,capacitor,B,C,100,µF,,0,V,-0.9710131361476977,-0.000024845883301971693,0.000024125679065407248,0.000047143325528569364,true,true,backward_euler_step_doubling,0.00002,1e-7,0.6,,,,,,
0.4176947062824715,V1,voltage,A,0,6,V,,0,,6,-0.005004049706676068,-0.03002429824005641,0,true,true,backward_euler_step_doubling,0.00002,,0.6,dc,5,10,0,50,2
0.4176947062824715,R2,resistor,A,B,1000,Ω,,0,,2.987850879971857,0.002987850879971857,0.0089272528809486,0,true,true,backward_euler_step_doubling,0.00002,,0.6,,,,,,
0.4176947062824715,R3,resistor,B,0,1000,Ω,,0,,3.012149120028143,0.003012149120028143,0.009073042321286315,0,true,true,backward_euler_step_doubling,0.00002,,0.6,,,,,,
0.4176947062824715,R4,resistor,A,C,1000,Ω,,0,,2.0161988267042106,0.0020161988267042106,0.004065057708803436,0,true,true,backward_euler_step_doubling,0.00002,,0.6,,,,,,
0.4176947062824715,R5,resistor,C,0,2000,Ω,,0,,3.9838011732957894,0.0019919005866478948,0.007935335894176455,0,true,true,backward_euler_step_doubling,0.00002,,0.6,,,,,,
0.4176947062824715,C6,capacitor,B,C,100,µF,,0,V,-0.9716520532676465,-0.000024298240056298875,0.000023609434841492977,0.00004720538563096166,true,true,backward_euler_step_doubling,0.00002,1e-7,0.6,,,,,,
0.42032418528370136,V1,voltage,A,0,6,V,,0,,6,-0.005003960444624835,-0.03002376266774901,0,true,true,backward_euler_step_doubling,0.00002,,0.6,dc,5,10,0,50,2
0.42032418528370136,R2,resistor,A,B,1000,Ω,,0,,2.9881186661255357,0.0029881186661255355,0.00892885316284785,0,true,true,backward_euler_step_doubling,0.00002,,0.6,,,,,,
0.42032418528370136,R3,resistor,B,0,1000,Ω,,0,,3.0118813338744643,0.003011881333874464,0.009071429169341422,0,true,true,backward_euler_step_doubling,0.00002,,0.6,,,,,,
0.42032418528370136,R4,resistor,A,C,1000,Ω,,0,,2.015841778499299,0.002015841778499299,0.004063618075943216,0,true,true,backward_euler_step_doubling,0.00002,,0.6,,,,,,
0.42032418528370136,R5,resistor,C,0,2000,Ω,,0,,3.984158221500701,0.0019920791107503506,0.007936758366975815,0,true,true,backward_euler_step_doubling,0.00002,,0.6,,,,,,
0.42032418528370136,C6,capacitor,B,C,100,µF,,0,V,-0.9722768876262369,-0.000023762667748940455,0.000023103892640636184,0.0000472661173106081,true,true,backward_euler_step_doubling,0.00002,1e-7,0.6,,,,,,
0.423015984326216,V1,voltage,A,0,6,V,,0,,6,-0.005003871127784287,-0.03002322676670572,0,true,true,backward_euler_step_doubling,0.00002,,0.6,dc,5,10,0,50,2
0.423015984326216,R2,resistor,A,B,1000,Ω,,0,,2.9883866166471567,0.0029883866166471565,0.00893045457055584,0,true,true,backward_euler_step_doubling,0.00002,,0.6,,,,,,
0.423015984326216,R3,resistor,B,0,1000,Ω,,0,,3.0116133833528433,0.003011613383352843,0.00906981517078996,0,true,true,backward_euler_step_doubling,0.00002,,0.6,,,,,,
0.423015984326216,R4,resistor,A,C,1000,Ω,,0,,2.015484511137129,0.002015484511137129,0.004062177814633671,0,true,true,backward_euler_step_doubling,0.00002,,0.6,,,,,,
0.423015984326216,R5,resistor,C,0,2000,Ω,,0,,3.984515488862871,0.0019922577444314356,0.007938181840494062,0,true,true,backward_euler_step_doubling,0.00002,,0.6,,,,,,
0.423015984326216,C6,capacitor,B,C,100,µF,,0,V,-0.9729021055100278,-0.000023226766705690344,0.000022597370232156348,0.000047326925345292253,true,true,backward_euler_step_doubling,0.00002,1e-7,0.6,,,,,,
0.42570778336873066,V1,voltage,A,0,6,V,,0,,6,-0.005003783825237277,-0.030022702951423664,0,true,true,backward_euler_step_doubling,0.00002,,0.6,dc,5,10,0,50,2
0.42570778336873066,R2,resistor,A,B,1000,Ω,,0,,2.9886485242881746,0.0029886485242881745,0.008932020001729884,0,true,true,backward_euler_step_doubling,0.00002,,0.6,,,,,,
0.42570778336873066,R3,resistor,B,0,1000,Ω,,0,,3.0113514757118254,0.003011351475711825,0.009068237710271787,0,true,true,backward_euler_step_doubling,0.00002,,0.6,,,,,,
0.42570778336873066,R4,resistor,A,C,1000,Ω,,0,,2.015135300949102,0.002015135300949102,0.004060770281131228,0,true,true,backward_euler_step_doubling,0.00002,,0.6,,,,,,
0.42570778336873066,R5,resistor,C,0,2000,Ω,,0,,3.984864699050898,0.001992432349525449,0.007939573334871003,0,true,true,backward_euler_step_doubling,0.00002,,0.6,,,,,,
0.42570778336873066,C6,capacitor,B,C,100,µF,,0,V,-0.9735132233390726,-0.000022702951423668762,0.000022101623419766166,0.00004738639980080155,true,true,backward_euler_step_doubling,0.00002,1e-7,0.6,,,,,,
0.4284648386615352,V1,voltage,A,0,6,V,,0,,6,-0.00500369647060433,-0.03002217882362598,0,true,true,backward_euler_step_doubling,0.00002,,0.6,dc,5,10,0,50,2
0.4284648386615352,R2,resistor,A,B,1000,Ω,,0,,2.9889105881870313,0.002988910588187031,0.008933586504176545,0,true,true,backward_euler_step_doubling,0.00002,,0.6,,,,,,
0.4284648386615352,R3,resistor,B,0,1000,Ω,,0,,3.0110894118129687,0.003011089411812969,0.009066659445932171,0,true,true,backward_euler_step_doubling,0.00002,,0.6,,,,,,
0.4284648386615352,R4,resistor,A,C,1000,Ω,,0,,2.0147858824172977,0.002014785882417298,0.004059362151988049,0,true,true,backward_euler_step_doubling,0.00002,,0.6,,,,,,
0.4284648386615352,R5,resistor,C,0,2000,Ω,,0,,3.9852141175827023,0.001992607058791351,0.007940965781490238,0,true,true,backward_euler_step_doubling,0.00002,,0.6,,,,,,
0.4284648386615352,C6,capacitor,B,C,100,µF,,0,V,-0.9741247057697335,-0.000022178823625944715,0.00002160494003894221,0.00004744594711954849,true,true,backward_euler_step_doubling,0.00002,1e-7,0.6,,,,,,
0.43122189395433974,V1,voltage,A,0,6,V,,0,,6,-0.005003611132669141,-0.030021666796014847,0,true,true,backward_euler_step_doubling,0.00002,,0.6,dc,5,10,0,50,2
0.43122189395433974,R2,resistor,A,B,1000,Ω,,0,,2.9891666019925918,0.0029891666019925918,0.008935116974467937,0,true,true,backward_euler_step_doubling,0.00002,,0.6,,,,,,
0.43122189395433974,R3,resistor,B,0,1000,Ω,,0,,3.0108333980074082,0.0030108333980074084,0.009065117750556836,0,true,true,backward_euler_step_doubling,0.00002,,0.6,,,,,,
0.43122189395433974,R4,resistor,A,C,1000,Ω,,0,,2.0144445306765504,0.0020144445306765502,0.004057986767172667,0,true,true,backward_euler_step_doubling,0.00002,,0.6,,,,,,
0.43122189395433974,R5,resistor,C,0,2000,Ω,,0,,3.9855554693234496,0.001992777734661725,0.007942326199527032,0,true,true,backward_euler_step_doubling,0.00002,,0.6,,,,,,
0.43122189395433974,C6,capacitor,B,C,100,µF,,0,V,-0.9747220713160414,-0.000021666796014823297,0.000021119104290350714,0.0000475041558155317,true,true,backward_euler_step_doubling,0.00002,1e-7,0.6,,,,,,
0.4340473559102692,V1,voltage,A,0,6,V,,0,,6,-0.005003525745304367,-0.0300211544718262,0,true,true,backward_euler_step_doubling,0.00002,,0.6,dc,5,10,0,50,2
0.4340473559102692,R2,resistor,A,B,1000,Ω,,0,,2.989422764086917,0.0029894227640869173,0.008936648462441065,0,true,true,backward_euler_step_doubling,0.00002,,0.6,,,,,,
0.4340473559102692,R3,resistor,B,0,1000,Ω,,0,,3.010577235913083,0.003010577235913083,0.009063575293398058,0,true,true,backward_euler_step_doubling,0.00002,,0.6,,,,,,
0.4340473559102692,R4,resistor,A,C,1000,Ω,,0,,2.01410298121745,0.00201410298121745,0.004056610818949019,0,true,true,backward_euler_step_doubling,0.00002,,0.6,,,,,,
0.4340473559102692,R5,resistor,C,0,2000,Ω,,0,,3.98589701878255,0.0019929485093912753,0.007943687522169812,0,true,true,backward_euler_step_doubling,0.00002,,0.6,,,,,,
0.4340473559102692,C6,capacitor,B,C,100,µF,,0,V,-0.9753197828694673,-0.000021154471826158115,0.000020632374868206797,0.00004756243394282724,true,true,backward_euler_step_doubling,0.00002,1e-7,0.6,,,,,,
0.4368728178661987,V1,voltage,A,0,6,V,,0,,6,-0.005003442376974262,-0.030020654261845574,0,true,true,backward_euler_step_doubling,0.00002,,0.6,dc,5,10,0,50,2
0.4368728178661987,R2,resistor,A,B,1000,Ω,,0,,2.989672869077226,0.002989672869077226,0.008938143864096451,0,true,true,backward_euler_step_doubling,0.00002,,0.6,,,,,,
0.4368728178661987,R3,resistor,B,0,1000,Ω,,0,,3.010327130922774,0.003010327130922774,0.009062069435169741,0,true,true,backward_euler_step_doubling,0.00002,,0.6,,,,,,
0.4368728178661987,R4,resistor,A,C,1000,Ω,,0,,2.013769507897035,0.002013769507897035,0.0040552676309358665,0,true,true,backward_euler_step_doubling,0.00002,,0.6,,,,,,
0.4368728178661987,R5,resistor,C,0,2000,Ω,,0,,3.986230492102965,0.0019931152460514823,0.007945016768085723,0,true,true,backward_euler_step_doubling,0.00002,,0.6,,,,,,
0.4368728178661987,C6,capacitor,B,C,100,µF,,0,V,-0.9759033611801908,-0.000020654261845530853,0.00002015656355774933,0.000047619368518139696,true,true,backward_euler_step_doubling,0.00002,1e-7,0.6,,,,,,
0.43977007242242894,V1,voltage,A,0,6,V,,0,,6,-0.005003358961824694,-0.030020153770948164,0,true,true,backward_euler_step_doubling,0.00002,,0.6,dc,5,10,0,50,2
0.43977007242242894,R2,resistor,A,B,1000,Ω,,0,,2.9899231145259657,0.0029899231145259658,0.008939640230776652,0,true,true,backward_euler_step_doubling,0.00002,,0.6,,,,,,
0.43977007242242894,R3,resistor,B,0,1000,Ω,,0,,3.0100768854740343,0.0030100768854740344,0.009060562856465063,0,true,true,backward_euler_step_doubling,0.00002,,0.6,,,,,,
0.43977007242242894,R4,resistor,A,C,1000,Ω,,0,,2.0134358472987293,0.002013435847298729,0.004053923911187552,0,true,true,backward_euler_step_doubling,0.00002,,0.6,,,,,,
0.43977007242242894,R5,resistor,C,0,2000,Ω,,0,,3.9865641527012707,0.0019932820763506353,0.0079463468718014,0,true,true,backward_euler_step_doubling,0.00002,,0.6,,,,,,
0.43977007242242894,C6,capacitor,B,C,100,µF,,0,V,-0.9764872672272364,-0.000020153770948085436,0.000019679900717419618,0.00004767636915284581,true,true,backward_euler_step_doubling,0.00002,1e-7,0.6,,,,,,
0.4426673269786592,V1,voltage,A,0,6,V,,0,,6,-0.005003277567978201,-0.030019665407869208,0,true,true,backward_euler_step_doubling,0.00002,,0.6,dc,5,10,0,50,2
0.4426673269786592,R2,resistor,A,B,1000,Ω,,0,,2.990167296065463,0.0029901672960654627,0.008941100458459441,0,true,true,backward_euler_step_doubling,0.00002,,0.6,,,,,,
0.4426673269786592,R3,resistor,B,0,1000,Ω,,0,,3.009832703934537,0.003009832703934537,0.009059092905673886,0,true,true,backward_euler_step_doubling,0.00002,,0.6,,,,,,
0.4426673269786592,R4,resistor,A,C,1000,Ω,,0,,2.013110271912738,0.002013110271912738,0.004052612966880577,0,true,true,backward_euler_step_doubling,0.00002,,0.6,,,,,,
0.4426673269786592,R5,resistor,C,0,2000,Ω,,0,,3.986889728087262,0.001993444864043631,0.00794764485196386,0,true,true,backward_euler_step_doubling,0.00002,,0.6,,,,,,
0.4426673269786592,C6,capacitor,B,C,100,µF,,0,V,-0.977057024152725,-0.000019665407869092777,0.00001921422489132537,0.000047732021422308924,true,true,backward_euler_step_doubling,0.00002,1e-7,0.6,,,,,,
0.4456400196330259,V1,voltage,A,0,6,V,,0,,6,-0.00500319612987698,-0.030019176779261882,0,true,true,backward_euler_step_doubling,0.00002,,0.6,dc,5,10,0,50,2
0.4456400196330259,R2,resistor,A,B,1000,Ω,,0,,2.990411610369083,0.002990411610369083,0.008942561599430214,0,true,true,backward_euler_step_doubling,0.00002,,0.6,,,,,,
0.4456400196330259,R3,resistor,B,0,1000,Ω,,0,,3.009588389630917,0.0030095883896309166,0.009057622275001214,0,true,true,backward_euler_step_doubling,0.00002,,0.6,,,,,,
0.4456400196330259,R4,resistor,A,C,1000,Ω,,0,,2.0127845195078975,0.0020127845195078973,0.004051301521970637,0,true,true,backward_euler_step_doubling,0.00002,,0.6,,,,,,
0.4456400196330259,R5,resistor,C,0,2000,Ω,,0,,3.9872154804921025,0.001993607740246051,0.007948943643937934,0,true,true,backward_euler_step_doubling,0.00002,,0.6,,,,,,
0.4456400196330259,C6,capacitor,B,C,100,µF,,0,V,-0.9776270908611857,-0.00001917677926183598,0.000018747738921835827,0.00004778773643928525,true,true,backward_euler_step_doubling,0.00002,1e-7,0.6,,,,,,
0.4486127122873926,V1,voltage,A,0,6,V,,0,,6,-0.005003116715277456,-0.030018700291664736,0,true,true,backward_euler_step_doubling,0.00002,,0.6,dc,5,10,0,50,2
0.4486127122873926,R2,resistor,A,B,1000,Ω,,0,,2.990649854167652,0.002990649854167652,0.008943986550232999,0,true,true,backward_euler_step_doubling,0.00002,,0.6,,,,,,
0.4486127122873926,R3,resistor,B,0,1000,Ω,,0,,3.009350145832348,0.003009350145832348,0.009056188300221174,0,true,true,backward_euler_step_doubling,0.00002,,0.6,,,,,,
0.4486127122873926,R4,resistor,A,C,1000,Ω,,0,,2.0124668611098047,0.0020124668611098046,0.00405002286706515,0,true,true,backward_euler_step_doubling,0.00002,,0.6,,,,,,
0.4486127122873926,R5,resistor,C,0,2000,Ω,,0,,3.9875331388901953,0.0019937665694450975,0.007950210266873746,0,true,true,backward_euler_step_doubling,0.00002,,0.6,,,,,,
0.4486127122873926,C6,capacitor,B,C,100,µF,,0,V,-0.9781829930578474,-0.000018700291664699964,0.000018292307271630927,0.00004784209839538043,true,true,backward_euler_step_doubling,0.00002,1e-7,0.6,,,,,,
0.4516127122873926,V1,voltage,A,0,6,V,,0,,6,-0.005003038580354063,-0.030018231482124378,0,true,true,backward_euler_step_doubling,0.00002,,0.6,dc,5,10,0,50,2
0.4516127122873926,R2,resistor,A,B,1000,Ω,,0,,2.99088425893782,0.00299088425893782,0.008945388650362032,0,true,true,backward_euler_step_doubling,0.00002,,0.6,,,,,,
0.4516127122873926,R3,resistor,B,0,1000,Ω,,0,,3.00911574106218,0.00300911574106218,0.009054777543108194,0,true,true,backward_euler_step_doubling,0.00002,,0.6,,,,,,
0.4516127122873926,R4,resistor,A,C,1000,Ω,,0,,2.012154321416242,0.0020121543214162417,0.004048765013194056,0,true,true,backward_euler_step_doubling,0.00002,,0.6,,,,,,
0.4516127122873926,R5,resistor,C,0,2000,Ω,,0,,3.987845678583758,0.001993922839291879,0.007951456578099578,0,true,true,backward_euler_step_doubling,0.00002,,0.6,,,,,,
0.4516127122873926,C6,capacitor,B,C,100,µF,,0,V,-0.9787299375215781,-0.00001823148212435712,0.00001784369736049781,0.00004789561453004961,true,true,backward_euler_step_doubling,0.00002,1e-7,0.6,,,,,,
0.4546127122873926,V1,voltage,A,0,6,V,,0,,6,-0.005002962404244908,-0.03001777442546945,0,true,true,backward_euler_step_doubling,0.00002,,0.6,dc,5,10,0,50,2
0.4546127122873926,R2,resistor,A,B,1000,Ω,,0,,2.9911127872652843,0.0029911127872652844,0.008946755706141897,0,true,true,backward_euler_step_doubling,0.00002,,0.6,,,,,,
0.4546127122873926,R3,resistor,B,0,1000,Ω,,0,,3.0088872127347157,0.0030088872127347157,0.009053402258958487,0,true,true,backward_euler_step_doubling,0.00002,,0.6,,,,,,
0.4546127122873926,R4,resistor,A,C,1000,Ω,,0,,2.011849616979623,0.0020118496169796232,0.004047538881341056,0,true,true,backward_euler_step_doubling,0.00002,,0.6,,,,,,
0.4546127122873926,R5,resistor,C,0,2000,Ω,,0,,3.988150383020377,0.0019940751915101885,0.007952671738792789,0,true,true,backward_euler_step_doubling,0.00002,,0.6,,,,,,
0.4546127122873926,C6,capacitor,B,C,100,µF,,0,V,-0.9792631702856611,-0.00001777442546943377,0.000017405840235203914,0.00004794781783389618,true,true,backward_euler_step_doubling,0.00002,1e-7,0.6,,,,,,
0.4576127122873926,V1,voltage,A,0,6,V,,0,,6,-0.005002888137843228,-0.03001732882705937,0,true,true,backward_euler_step_doubling,0.00002,,0.6,dc,5,10,0,50,2
0.4576127122873926,R2,resistor,A,B,1000,Ω,,0,,2.9913355864703344,0.0029913355864703344,0.00894808859088382,0,true,true,backward_euler_step_doubling,0.00002,,0.6,,,,,,
0.4576127122873926,R3,resistor,B,0,1000,Ω,,0,,3.0086644135296656,0.0030086644135296657,0.009052061553239807,0,true,true,backward_euler_step_doubling,0.00002,,0.6,,,,,,
0.4576127122873926,R4,resistor,A,C,1000,Ω,,0,,2.011552551372893,0.0020115525513728933,0.0040463436669347964,0,true,true,backward_euler_step_doubling,0.00002,,0.6,,,,,,
0.4576127122873926,R5,resistor,C,0,2000,Ω,,0,,3.988447448627107,0.0019942237243135534,0.007953856525230039,0,true,true,backward_euler_step_doubling,0.00002,,0.6,,,,,,
0.4576127122873926,C6,capacitor,B,C,100,µF,,0,V,-0.9797830350974412,-0.000017328827059337453,0.000016978490770876316,0.00004799873979323769,true,true,backward_euler_step_doubling,0.00002,1e-7,0.6,,,,,,
0.4606127122873926,V1,voltage,A,0,6,V,,0,,6,-0.005002815733273341,-0.030016894399640046,0,true,true,backward_euler_step_doubling,0.00002,,0.6,dc,5,10,0,50,2
0.4606127122873926,R2,resistor,A,B,1000,Ω,,0,,2.991552800179991,0.002991552800179991,0.008949388156264745,0,true,true,backward_euler_step_doubling,0.00002,,0.6,,,,,,
0.4606127122873926,R3,resistor,B,0,1000,Ω,,0,,3.008447199820009,0.0030084471998200087,0.009050754554104852,0,true,true,backward_euler_step_doubling,0.00002,,0.6,,,,,,
0.4606127122873926,R4,resistor,A,C,1000,Ω,,0,,2.0112629330933496,0.0020112629330933498,0.004045178586035264,0,true,true,backward_euler_step_doubling,0.00002,,0.6,,,,,,
0.4606127122873926,R5,resistor,C,0,2000,Ω,,0,,3.9887370669066504,0.001994368533453325,0.007955011694457535,0,true,true,backward_euler_step_doubling,0.00002,,0.6,,,,,,
0.4606127122873926,C6,capacitor,B,C,100,µF,,0,V,-0.9802898670866416,-0.000016894399640010586,0.00001656140877761458,0.000048048411175637265,true,true,backward_euler_step_doubling,0.00002,1e-7,0.6,,,,,,
0.4636127122873926,V1,voltage,A,0,6,V,,0,,6,-0.005002745143859801,-0.030016470863158805,0,true,true,backward_euler_step_doubling,0.00002,,0.6,dc,5,10,0,50,2
0.4636127122873926,R2,resistor,A,B,1000,Ω,,0,,2.991764568420604,0.0029917645684206036,0.008950655232856921,0,true,true,backward_euler_step_doubling,0.00002,,0.6,,,,,,
0.4636127122873926,R3,resistor,B,0,1000,Ω,,0,,3.008235431579396,0.003008235431579396,0.009049480411809675,0,true,true,backward_euler_step_doubling,0.00002,,0.6,,,,,,
0.4636127122873926,R4,resistor,A,C,1000,Ω,,0,,2.010980575439198,0.002010980575439198,0.004044042874793768,0,true,true,backward_euler_step_doubling,0.00002,,0.6,,,,,,
0.4636127122873926,R5,resistor,C,0,2000,Ω,,0,,3.989019424560802,0.001994509712280401,0.007956137984761696,0,true,true,backward_euler_step_doubling,0.00002,,0.6,,,,,,
0.4636127122873926,C6,capacitor,B,C,100,µF,,0,V,-0.9807839929814057,-0.000016470863158805434,0.000016154358936743522,0.0000480968620444275,true,true,backward_euler_step_doubling,0.00002,1e-7,0.6,,,,,,
0.4666127122873926,V1,voltage,A,0,6,V,,0,,6,-0.005002676324097303,-0.03001605794458382,0,true,true,backward_euler_step_doubling,0.00002,,0.6,dc,5,10,0,50,2
0.4666127122873926,R2,resistor,A,B,1000,Ω,,0,,2.991971027708111,0.002991971027708111,0.00895189063064473,0,true,true,backward_euler_step_doubling,0.00002,,0.6,,,,,,
0.4666127122873926,R3,resistor,B,0,1000,Ω,,0,,3.008028972291889,0.003008028972291889,0.0090482382981474,0,true,true,backward_euler_step_doubling,0.00002,,0.6,,,,,,
0.4666127122873926,R4,resistor,A,C,1000,Ω,,0,,2.010705296389191,0.002010705296389191,0.004042935788927545,0,true,true,backward_euler_step_doubling,0.00002,,0.6,,,,,,
0.4666127122873926,R5,resistor,C,0,2000,Ω,,0,,3.989294703610809,0.0019946473518054043,0.007957236116128625,0,true,true,backward_euler_step_doubling,0.00002,,0.6,,,,,,
0.4666127122873926,C6,capacitor,B,C,100,µF,,0,V,-0.9812657313189197,-0.000016057944583799,0.000015757110735500212,0.00004814412177304271,true,true,backward_euler_step_doubling,0.00002,1e-7,0.6,,,,,,
0.4696127122873926,V1,voltage,A,0,6,V,,0,,6,-0.005002609229621326,-0.030015655377727955,0,true,true,backward_euler_step_doubling,0.00002,,0.6,dc,5,10,0,50,2
0.4696127122873926,R2,resistor,A,B,1000,Ω,,0,,2.9921723111360414,0.0029921723111360414,0.0089530951395292,0,true,true,backward_euler_step_doubling,0.00002,,0.6,,,,,,
0.4696127122873926,R3,resistor,B,0,1000,Ω,,0,,3.0078276888639586,0.0030078276888639587,0.009047027405896703,0,true,true,backward_euler_step_doubling,0.00002,,0.6,,,,,,
0.4696127122873926,R4,resistor,A,C,1000,Ω,,0,,2.010436918485284,0.0020104369184852844,0.004041856603208605,0,true,true,backward_euler_step_doubling,0.00002,,0.6,,,,,,
0.4696127122873926,R5,resistor,C,0,2000,Ω,,0,,3.989563081514716,0.001994781540757358,0.007958306790692598,0,true,true,backward_euler_step_doubling,0.00002,,0.6,,,,,,
0.4696127122873926,C6,capacitor,B,C,100,µF,,0,V,-0.9817353926507573,-0.0000156553777279189,0.000015369438400814384,0.000048190219059156825,true,true,backward_euler_step_doubling,0.00002,1e-7,0.6,,,,,,
0.4726127122873926,V1,voltage,A,0,6,V,,0,,6,-0.0050025438171795635,-0.03001526290307738,0,true,true,backward_euler_step_doubling,0.00002,,0.6,dc,5,10,0,50,2
0.4726127122873926,R2,resistor,A,B,1000,Ω,,0,,2.99236854846132,0.00299236854846132,0.008954269529820506,0,true,true,backward_euler_step_doubling,0.00002,,0.6,,,,,,
0.4726127122873926,R3,resistor,B,0,1000,Ω,,0,,3.00763145153868,0.0030076314515386803,0.00904584694828467,0,true,true,backward_euler_step_doubling,0.00002,,0.6,,,,,,
0.4726127122873926,R4,resistor,A,C,1000,Ω,,0,,2.010175268718242,0.002010175268718242,0.0040408046109664565,0,true,true,backward_euler_step_doubling,0.00002,,0.6,,,,,,
0.4726127122873926,R5,resistor,C,0,2000,Ω,,0,,3.989824731281758,0.001994912365640879,0.007959350693173776,0,true,true,backward_euler_step_doubling,0.00002,,0.6,,,,,,
0.4726127122873926,C6,capacitor,B,C,100,µF,,0,V,-0.9821932797430777,-0.000015262903077347292,0.00001499112083194045,0.00004823518193862318,true,true,backward_euler_step_doubling,0.00002,1e-7,0.6,,,,,,
0.4756127122873926,V1,voltage,A,0,6,V,,0,,6,-0.005002480044604032,-0.030014880267624194,0,true,true,backward_euler_step_doubling,0.00002,,0.6,dc,5,10,0,50,2
0.4756127122873926,R2,resistor,A,B,1000,Ω,,0,,2.9925598661879174,0.0029925598661879175,0.008955414552718647,0,true,true,backward_euler_step_doubling,0.00002,,0.6,,,,,,
0.4756127122873926,R3,resistor,B,0,1000,Ω,,0,,3.0074401338120826,0.0030074401338120826,0.009044696158463638,0,true,true,backward_euler_step_doubling,0.00002,,0.6,,,,,,
0.4756127122873926,R4,resistor,A,C,1000,Ω,,0,,2.0099201784161145,0.0020099201784161145,0.004039779123604265,0,true,true,backward_euler_step_doubling,0.00002,,0.6,,,,,,
0.4756127122873926,R5,resistor,C,0,2000,Ω,,0,,3.9900798215838855,0.001995039910791943,0.007960368491305447,0,true,true,backward_euler_step_doubling,0.00002,,0.6,,,,,,
0.4756127122873926,C6,capacitor,B,C,100,µF,,0,V,-0.9826396877718029,-0.000014880267624173256,0.000014621941532178475,0.00004827903779921331,true,true,backward_euler_step_doubling,0.00002,1e-7,0.6,,,,,,
0.4786127122873926,V1,voltage,A,0,6,V,,0,,6,-0.005002417870783873,-0.030014507224703238,0,true,true,backward_euler_step_doubling,0.00002,,0.6,dc,5,10,0,50,2
0.4786127122873926,R2,resistor,A,B,1000,Ω,,0,,2.992746387648386,0.002992746387648386,0.008956530940782465,0,true,true,backward_euler_step_doubling,0.00002,,0.6,,,,,,
0.4786127122873926,R3,resistor,B,0,1000,Ω,,0,,3.007253612351614,0.003007253612351614,0.009043574289001832,0,true,true,backward_euler_step_doubling,0.00002,,0.6,,,,,,
0.4786127122873926,R4,resistor,A,C,1000,Ω,,0,,2.0096714831354867,0.0020096714831354867,0.004038779470127987,0,true,true,backward_euler_step_doubling,0.00002,,0.6,,,,,,
0.4786127122873926,R5,resistor,C,0,2000,Ω,,0,,3.9903285168645133,0.0019951642584322567,0.007961360836251074,0,true,true,backward_euler_step_doubling,0.00002,,0.6,,,,,,
0.4786127122873926,C6,capacitor,B,C,100,µF,,0,V,-0.9830749045128995,-0.000014507224703219619,0.000014261688539864804,0.00004832181339415232,true,true,backward_euler_step_doubling,0.00002,1e-7,0.6,,,,,,
0.4816127122873926,V1,voltage,A,0,6,V,,0,,6,-0.005002357255638877,-0.030014143533833262,0,true,true,backward_euler_step_doubling,0.00002,,0.6,dc,5,10,0,50,2
0.4816127122873926,R2,resistor,A,B,1000,Ω,,0,,2.992928233083387,0.002992928233083387,0.008957619408387645,0,true,true,backward_euler_step_doubling,0.00002,,0.6,,,,,,
0.4816127122873926,R3,resistor,B,0,1000,Ω,,0,,3.007071766916613,0.003007071766916613,0.009042480611387002,0,true,true,backward_euler_step_doubling,0.00002,,0.6,,,,,,
0.4816127122873926,R4,resistor,A,C,1000,Ω,,0,,2.0094290225554903,0.00200942902255549,0.0040378049966883125,0,true,true,backward_euler_step_doubling,0.00002,,0.6,,,,,,
0.4816127122873926,R5,resistor,C,0,2000,Ω,,0,,3.9905709774445097,0.001995285488722255,0.007962328363011214,0,true,true,backward_euler_step_doubling,0.00002,,0.6,,,,,,
0.4816127122873926,C6,capacitor,B,C,100,µF,,0,V,-0.9834992105278966,-0.000014143533833236654,0.000013910154359062843,0.00004836353485544979,true,true,backward_euler_step_doubling,0.00002,1e-7,0.6,,,,,,
0.4846127122873926,V1,voltage,A,0,6,V,,0,,6,-0.005002298160093609,-0.030013788960561654,0,true,true,backward_euler_step_doubling,0.00002,,0.6,dc,5,10,0,50,2
0.4846127122873926,R2,resistor,A,B,1000,Ω,,0,,2.993105519719177,0.002993105519719177,0.008958680652173404,0,true,true,backward_euler_step_doubling,0.00002,,0.6,,,,,,
0.4846127122873926,R3,resistor,B,0,1000,Ω,,0,,3.006894480280823,0.003006894480280823,0.00904141441554328,0,true,true,backward_euler_step_doubling,0.00002,,0.6,,,,,,
0.4846127122873926,R4,resistor,A,C,1000,Ω,,0,,2.009192640374431,0.002009192640374431,0.004036855066134777,0,true,true,backward_euler_step_doubling,0.00002,,0.6,,,,,,
0.4846127122873926,R5,resistor,C,0,2000,Ω,,0,,3.990807359625569,0.0019954036798127844,0.007963271690820803,0,true,true,backward_euler_step_doubling,0.00002,,0.6,,,,,,
0.4846127122873926,C6,capacitor,B,C,100,µF,,0,V,-0.983912879344746,-0.00001378896056164849,0.00001356713588938271,0.00004840422770702343,true,true,backward_euler_step_doubling,0.00002,1e-7,0.6,,,,,,
0.4876127122873926,V1,voltage,A,0,6,V,,0,,6,-0.005002240546052271,-0.030013443276313626,0,true,true,backward_euler_step_doubling,0.00002,,0.6,dc,5,10,0,50,2
0.4876127122873926,R2,resistor,A,B,1000,Ω,,0,,2.9932783618432115,0.0029932783618432115,0.00895971535147878,0,true,true,backward_euler_step_doubling,0.00002,,0.6,,,,,,
0.4876127122873926,R3,resistor,B,0,1000,Ω,,0,,3.0067216381567885,0.0030067216381567887,0.009040375009360242,0,true,true,backward_euler_step_doubling,0.00002,,0.6,,,,,,
0.4876127122873926,R4,resistor,A,C,1000,Ω,,0,,2.008962184209058,0.002008962184209058,0.00403592905758203,0,true,true,backward_euler_step_doubling,0.00002,,0.6,,,,,,
0.4876127122873926,R5,resistor,C,0,2000,Ω,,0,,3.991037815790942,0.001995518907895471,0.007964191423536666,0,true,true,backward_euler_step_doubling,0.00002,,0.6,,,,,,
0.4876127122873926,C6,capacitor,B,C,100,µF,,0,V,-0.9843161776341534,-0.00001344327631357758,0.000013232434355860435,0.0000484439168776155,true,true,backward_euler_step_doubling,0.00002,1e-7,0.6,,,,,,
0.4906127122873926,V1,voltage,A,0,6,V,,0,,6,-0.005002184376374081,-0.030013106258244486,0,true,true,backward_euler_step_doubling,0.00002,,0.6,dc,5,10,0,50,2
0.4906127122873926,R2,resistor,A,B,1000,Ω,,0,,2.9934468708777833,0.0029934468708777834,0.008960724168767992,0,true,true,backward_euler_step_doubling,0.00002,,0.6,,,,,,
0.4906127122873926,R3,resistor,B,0,1000,Ω,,0,,3.0065531291222167,0.0030065531291222167,0.009039361718234593,0,true,true,backward_euler_step_doubling,0.00002,,0.6,,,,,,
0.4906127122873926,R4,resistor,A,C,1000,Ω,,0,,2.008737505496297,0.0020087375054962968,0.004035026365987485,0,true,true,backward_euler_step_doubling,0.00002,,0.6,,,,,,
0.4906127122873926,R5,resistor,C,0,2000,Ω,,0,,3.991262494503703,0.0019956312472518517,0.007965088150015962,0,true,true,backward_euler_step_doubling,0.00002,,0.6,,,,,,
0.4906127122873926,C6,capacitor,B,C,100,µF,,0,V,-0.9847093653814865,-0.000013106258244436699,0.000012905855238405136,0.00004848262671350049,true,true,backward_euler_step_doubling,0.00002,1e-7,0.6,,,,,,
0.4936127122873926,V1,voltage,A,0,6,V,,0,,6,-0.005002129614849382,-0.03001277768909629,0,true,true,backward_euler_step_doubling,0.00002,,0.6,dc,5,10,0,50,2
0.4936127122873926,R2,resistor,A,B,1000,Ω,,0,,2.993611155451877,0.0029936111554518773,0.008961707750045924,0,true,true,backward_euler_step_doubling,0.00002,,0.6,,,,,,
0.4936127122873926,R3,resistor,B,0,1000,Ω,,0,,3.006388844548123,0.003006388844548123,0.009038373884623398,0,true,true,backward_euler_step_doubling,0.00002,,0.6,,,,,,
0.4936127122873926,R4,resistor,A,C,1000,Ω,,0,,2.008518459397503,0.002008518459397503,0.004034146401740519,0,true,true,backward_euler_step_doubling,0.00002,,0.6,,,,,,
0.4936127122873926,R5,resistor,C,0,2000,Ω,,0,,3.991481540602497,0.0019957407703012483,0.00796596244448524,0,true,true,backward_euler_step_doubling,0.00002,,0.6,,,,,,
0.4936127122873926,C6,capacitor,B,C,100,µF,,0,V,-0.985092696054374,-0.00001277768909625127,0.000012587208201170742,0.00004852038099098376,true,true,backward_euler_step_doubling,0.00002,1e-7,0.6,,,,,,
0.4966127122873926,V1,voltage,A,0,6,V,,0,,6,-0.005002076226176277,-0.03001245735705766,0,true,true,backward_euler_step_doubling,0.00002,,0.6,dc,5,10,0,50,2
0.4966127122873926,R2,resistor,A,B,1000,Ω,,0,,2.99377132147119,0.00299377132147119,0.008962666725263356,0,true,true,backward_euler_step_doubling,0.00002,,0.6,,,,,,
0.4966127122873926,R3,resistor,B,0,1000,Ω,,0,,3.00622867852881,0.00300622867852881,0.009037410867609076,0,true,true,backward_euler_step_doubling,0.00002,,0.6,,,,,,
0.4966127122873926,R4,resistor,A,C,1000,Ω,,0,,2.008304904705087,0.002008304904705087,0.004033288590262509,0,true,true,backward_euler_step_doubling,0.00002,,0.6,,,,,,
0.4966127122873926,R5,resistor,C,0,2000,Ω,,0,,3.991695095294913,0.0019958475476474563,0.007966814866900731,0,true,true,backward_euler_step_doubling,0.00002,,0.6,,,,,,
0.4966127122873926,C6,capacitor,B,C,100,µF,,0,V,-0.9854664167661027,-0.000012457357057623248,0.000012276307021951903,0.00004855720292869109,true,true,backward_euler_step_doubling,0.00002,1e-7,0.6,,,,,,
0.49961271228739257,V1,voltage,A,0,6,V,,0,,6,-0.0050020241759378805,-0.030012145055627285,0,true,true,backward_euler_step_doubling,0.00002,,0.6,dc,5,10,0,50,2
0.49961271228739257,R2,resistor,A,B,1000,Ω,,0,,2.9939274721863995,0.0029939274721863997,0.008963601708712444,0,true,true,backward_euler_step_doubling,0.00002,,0.6,,,,,,
0.49961271228739257,R3,resistor,B,0,1000,Ω,,0,,3.0060725278136005,0.0030060725278136004,0.00903647204247565,0,true,true,backward_euler_step_doubling,0.00002,,0.6,,,,,,
0.49961271228739257,R4,resistor,A,C,1000,Ω,,0,,2.0080967037514807,0.0020080967037514807,0.004032452371617562,0,true,true,backward_euler_step_doubling,0.00002,,0.6,,,,,,
0.49961271228739257,R5,resistor,C,0,2000,Ω,,0,,3.9919032962485193,0.0019959516481242597,0.007967645963299897,0,true,true,backward_euler_step_doubling,0.00002,,0.6,,,,,,
0.49961271228739257,C6,capacitor,B,C,100,µF,,0,V,-0.9858307684349188,-0.000012145055627203388,0.00001197296952165075,0.000048593115199649117,true,true,backward_euler_step_doubling,0.00002,1e-7,0.6,,,,,,
0.5026127122873926,V1,voltage,A,0,6,V,,0,,6,-0.005001973430580108,-0.030011840583480647,0,true,true,backward_euler_step_doubling,0.00002,,0.6,dc,5,10,0,50,2
0.5026127122873926,R2,resistor,A,B,1000,Ω,,0,,2.9940797082597213,0.0029940797082597215,0.008964513299412618,0,true,true,backward_euler_step_doubling,0.00002,,0.6,,,,,,
0.5026127122873926,R3,resistor,B,0,1000,Ω,,0,,3.0059202917402787,0.0030059202917402787,0.009035556800295962,0,true,true,backward_euler_step_doubling,0.00002,,0.6,,,,,,
0.5026127122873926,R4,resistor,A,C,1000,Ω,,0,,2.0078937223203854,0.0020078937223203855,0.004031637200133613,0,true,true,backward_euler_step_doubling,0.00002,,0.6,,,,,,
0.5026127122873926,R5,resistor,C,0,2000,Ω,,0,,3.9921062776796146,0.001996053138839807,0.007968456266144492,0,true,true,backward_euler_step_doubling,0.00002,,0.6,,,,,,
0.5026127122873926,C6,capacitor,B,C,100,µF,,0,V,-0.9861859859393358,-0.000011840583480567663,0.000011677017493880634,0.00004862813994315699,true,true,backward_euler_step_doubling,0.00002,1e-7,0.6,,,,,,
0.5056127122873926,V1,voltage,A,0,6,V,,0,,6,-0.005001923957390067,-0.0300115437443404,0,true,true,backward_euler_step_doubling,0.00002,,0.6,dc,5,10,0,50,2
0.5056127122873926,R2,resistor,A,B,1000,Ω,,0,,2.9942281278298073,0.0029942281278298073,0.008965402081487193,0,true,true,backward_euler_step_doubling,0.00002,,0.6,,,,,,
0.5056127122873926,R3,resistor,B,0,1000,Ω,,0,,3.0057718721701927,0.003005771872170193,0.009034664547529506,0,true,true,backward_euler_step_doubling,0.00002,,0.6,,,,,,
0.5056127122873926,R4,resistor,A,C,1000,Ω,,0,,2.0076958295602596,0.0020076958295602598,0.004030842544033659,0,true,true,backward_euler_step_doubling,0.00002,,0.6,,,,,,
0.5056127122873926,R5,resistor,C,0,2000,Ω,,0,,3.9923041704397404,0.0019961520852198704,0.007969246294655273,0,true,true,backward_euler_step_doubling,0.00002,,0.6,,,,,,
0.5056127122873926,C6,capacitor,B,C,100,µF,,0,V,-0.9865322982695477,-0.00001154374434039576,0.000011388276634766713,0.000048662298776449784,true,true,backward_euler_step_doubling,0.00002,1e-7,0.6,,,,,,
0.5086127122873926,V1,voltage,A,0,6,V,,0,,6,-0.005001875724475,-0.03001125434685,0,true,true,backward_euler_step_doubling,0.00002,,0.6,dc,5,10,0,50,2
0.5086127122873926,R2,resistor,A,B,1000,Ω,,0,,2.994372826575023,0.0029943728265750228,0.008966268624530892,0,true,true,backward_euler_step_doubling,0.00002,,0.6,,,,,,
0.5086127122873926,R3,resistor,B,0,1000,Ω,,0,,3.005627173424977,0.003005627173424977,0.009033794705630618,0,true,true,backward_euler_step_doubling,0.00002,,0.6,,,,,,
0.5086127122873926,R4,resistor,A,C,1000,Ω,,0,,2.0075028978999767,0.0020075028978999766,0.004030067885076804,0,true,true,backward_euler_step_doubling,0.00002,,0.6,,,,,,
0.5086127122873926,R5,resistor,C,0,2000,Ω,,0,,3.9924971021000233,0.0019962485510500116,0.007970016555138541,0,true,true,backward_euler_step_doubling,0.00002,,0.6,,,,,,
0.5086127122873926,C6,capacitor,B,C,100,µF,,0,V,-0.9868699286750462,-0.000011254346849950031,0.000011106576473094419,0.000048695612806154535,true,true,backward_euler_step_doubling,0.00002,1e-7,0.6,,,,,,
0.5116127122873926,V1,voltage,A,0,6,V,,0,,6,-0.005001828700741642,-0.03001097220444985,0,true,true,backward_euler_step_doubling,0.00002,,0.6,dc,5,10,0,50,2
0.5116127122873926,R2,resistor,A,B,1000,Ω,,0,,2.994513897775091,0.002994513897775091,0.008967113483968168,0,true,true,backward_euler_step_doubling,0.00002,,0.6,,,,,,
0.5116127122873926,R3,resistor,B,0,1000,Ω,,0,,3.005486102224909,0.003005486102224909,0.009032946710667076,0,true,true,backward_euler_step_doubling,0.00002,,0.6,,,,,,
0.5116127122873926,R4,resistor,A,C,1000,Ω,,0,,2.00731480296655,0.00200731480296655,0.00402931271820864,0,true,true,backward_euler_step_doubling,0.00002,,0.6,,,,,,
0.5116127122873926,R5,resistor,C,0,2000,Ω,,0,,3.99268519703345,0.001996342598516725,0.007970767541305018,0,true,true,backward_euler_step_doubling,0.00002,,0.6,,,,,,
0.5116127122873926,C6,capacitor,B,C,100,µF,,0,V,-0.987199094808541,-0.00001097220444982541,0.00001083175030092189,0.00004872810263954013,true,true,backward_euler_step_doubling,0.00002,1e-7,0.6,,,,,,
0.5146127122873926,V1,voltage,A,0,6,V,,0,,6,-0.005001782855876252,-0.03001069713525751,0,true,true,backward_euler_step_doubling,0.00002,,0.6,dc,5,10,0,50,2
0.5146127122873926,R2,resistor,A,B,1000,Ω,,0,,2.9946514323712585,0.0029946514323712587,0.008967937201403231,0,true,true,backward_euler_step_doubling,0.00002,,0.6,,,,,,
0.5146127122873926,R3,resistor,B,0,1000,Ω,,0,,3.0053485676287415,0.0030053485676287415,0.009032120012948128,0,true,true,backward_euler_step_doubling,0.00002,,0.6,,,,,,
0.5146127122873926,R4,resistor,A,C,1000,Ω,,0,,2.007131423504993,0.002007131423504993,0.00402857655122118,0,true,true,backward_euler_step_doubling,0.00002,,0.6,,,,,,
0.5146127122873926,R5,resistor,C,0,2000,Ω,,0,,3.992868576495007,0.0019964342882475036,0.007971499734580632,0,true,true,backward_euler_step_doubling,0.00002,,0.6,,,,,,
0.5146127122873926,C6,capacitor,B,C,100,µF,,0,V,-0.9875200088662655,-0.000010697135257483232,0.000010563635104313482,0.000048759788395561446,true,true,backward_euler_step_doubling,0.00002,1e-7,0.6,,,,,,
0.5176127122873926,V1,voltage,A,0,6,V,,0,,6,-0.00500173816032504,-0.03001042896195024,0,true,true,backward_euler_step_doubling,0.00002,,0.6,dc,5,10,0,50,2
0.5176127122873926,R2,resistor,A,B,1000,Ω,,0,,2.994785519024905,0.002994785519024905,0.008968740304961269,0,true,true,backward_euler_step_doubling,0.00002,,0.6,,,,,,
0.5176127122873926,R3,resistor,B,0,1000,Ω,,0,,3.005214480975095,0.003005214480975095,0.00903131407666241,0,true,true,backward_euler_step_doubling,0.00002,,0.6,,,,,,
0.5176127122873926,R4,resistor,A,C,1000,Ω,,0,,2.006952641300134,0.002006952641300134,0.004027858904421584,0,true,true,backward_euler_step_doubling,0.00002,,0.6,,,,,,
0.5176127122873926,R5,resistor,C,0,2000,Ω,,0,,3.993047358699866,0.001996523679349933,0.007972213604409988,0,true,true,backward_euler_step_doubling,0.00002,,0.6,,,,,,
0.5176127122873926,C6,capacitor,B,C,100,µF,,0,V,-0.9878328777247711,-0.000010428961950189227,0.000010302071494937565,0.000048790689715700126,true,true,backward_euler_step_doubling,0.00002,1e-7,0.6,,,,,,
0.5206127122873926,V1,voltage,A,0,6,V,,0,,6,-0.0050016945852751045,-0.03001016751165063,0,true,true,backward_euler_step_doubling,0.00002,,0.6,dc,5,10,0,50,2
0.5206127122873926,R2,resistor,A,B,1000,Ω,,0,,2.994916244174697,0.0029949162441746968,0.008969523309621473,0,true,true,backward_euler_step_doubling,0.00002,,0.6,,,,,,
0.5206127122873926,R3,resistor,B,0,1000,Ω,,0,,3.005083755825303,0.0030050837558253034,0.00903052837952511,0,true,true,backward_euler_step_doubling,0.00002,,0.6,,,,,,
0.5206127122873926,R4,resistor,A,C,1000,Ω,,0,,2.006778341100407,0.0020067783411004073,0.004027159310309702,0,true,true,backward_euler_step_doubling,0.00002,,0.6,,,,,,
0.5206127122873926,R5,resistor,C,0,2000,Ω,,0,,3.993221658899593,0.0019966108294497964,0.007972909608552408,0,true,true,backward_euler_step_doubling,0.00002,,0.6,,,,,,
0.5206127122873926,C6,capacitor,B,C,100,µF,,0,V,-0.9881379030742896,-0.000010167511650616124,0.000010046903641923226,0.0000488208257746027,true,true,backward_euler_step_doubling,0.00002,1e-7,0.6,,,,,,
0.5236127122873926,V1,voltage,A,0,6,V,,0,,6,-0.005001652102635898,-0.030009912615815384,0,true,true,backward_euler_step_doubling,0.00002,,0.6,dc,5,10,0,50,2
0.5236127122873926,R2,resistor,A,B,1000,Ω,,0,,2.995043692092324,0.0029950436920923237,0.008970286717542018,0,true,true,backward_euler_step_doubling,0.00002,,0.6,,,,,,
0.5236127122873926,R3,resistor,B,0,1000,Ω,,0,,3.004956307907676,0.0030049563079076764,0.009029762412434134,0,true,true,backward_euler_step_doubling,0.00002,,0.6,,,,,,
0.5236127122873926,R4,resistor,A,C,1000,Ω,,0,,2.0066084105435738,0.002006608410543574,0.004026477313264208,0,true,true,backward_euler_step_doubling,0.00002,,0.6,,,,,,
0.5236127122873926,R5,resistor,C,0,2000,Ω,,0,,3.9933915894564262,0.001996695794728213,0.007973588193370662,0,true,true,backward_euler_step_doubling,0.00002,,0.6,,,,,,
0.5236127122873926,C6,capacitor,B,C,100,µF,,0,V,-0.98843528154875,-0.000009912615815347662,0.000009797979204327758,0.00004885021529051783,true,true,backward_euler_step_doubling,0.00002,1e-7,0.6,,,,,,
0.5266127122873926,V1,voltage,A,0,6,V,,0,,6,-0.00500161068502107,-0.03000966411012642,0,true,true,backward_euler_step_doubling,0.00002,,0.6,dc,5,10,0,50,2
0.5266127122873926,R2,resistor,A,B,1000,Ω,,0,,2.9951679449368056,0.0029951679449368054,0.008971031018376967,0,true,true,backward_euler_step_doubling,0.00002,,0.6,,,,,,
0.5266127122873926,R3,resistor,B,0,1000,Ω,,0,,3.0048320550631944,0.0030048320550631943,0.0090290156791353,0,true,true,backward_euler_step_doubling,0.00002,,0.6,,,,,,
0.5266127122873926,R4,resistor,A,C,1000,Ω,,0,,2.006442740084264,0.002006442740084264,0.004025812469236849,0,true,true,backward_euler_step_doubling,0.00002,,0.6,,,,,,
0.5266127122873926,R5,resistor,C,0,2000,Ω,,0,,3.993557259915736,0.001996778629957868,0.00797424979411284,0,true,true,backward_euler_step_doubling,0.00002,,0.6,,,,,,
0.5266127122873926,C6,capacitor,B,C,100,µF,,0,V,-0.9887252048525417,-0.000009664110126387597,0.0000095551492644301,0.00004887887653553502,true,true,backward_euler_step_doubling,0.00002,1e-7,0.6,,,,,,
0.5296127122873926,V1,voltage,A,0,6,V,,0,,6,-0.005001570305730849,-0.030009421834385094,0,true,true,backward_euler_step_doubling,0.00002,,0.6,dc,5,10,0,50,2
0.5296127122873926,R2,resistor,A,B,1000,Ω,,0,,2.9952890828074707,0.002995289082807471,0.00897175668958562,0,true,true,backward_euler_step_doubling,0.00002,,0.6,,,,,,
0.5296127122873926,R3,resistor,B,0,1000,Ω,,0,,3.0047109171925293,0.0030047109171925292,0.00902828769589597,0,true,true,backward_euler_step_doubling,0.00002,,0.6,,,,,,
0.5296127122873926,R4,resistor,A,C,1000,Ω,,0,,2.006281222923377,0.002006281222923377,0.004025164345454922,0,true,true,backward_euler_step_doubling,0.00002,,0.6,,,,,,
0.5296127122873926,R5,resistor,C,0,2000,Ω,,0,,3.993718777076623,0.0019968593885383115,0.007974894835187199,0,true,true,backward_euler_step_doubling,0.00002,,0.6,,,,,,
0.5296127122873926,C6,capacitor,B,C,100,µF,,0,V,-0.9890078598840937,-0.000009421834385066783,0.000009318268261357265,0.00004890682734562575,true,true,backward_euler_step_doubling,0.00002,1e-7,0.6,,,,,,
0.5326127122873926,V1,voltage,A,0,6,V,,0,,6,-0.005001530938734813,-0.030009185632408876,0,true,true,backward_euler_step_doubling,0.00002,,0.6,dc,5,10,0,50,2
0.5326127122873926,R2,resistor,A,B,1000,Ω,,0,,2.995407183795585,0.002995407183795585,0.008972464196734198,0,true,true,backward_euler_step_doubling,0.00002,,0.6,,,,,,
0.5326127122873926,R3,resistor,B,0,1000,Ω,,0,,3.004592816204415,0.0030045928162044148,0.009027577991187176,0,true,true,backward_euler_step_doubling,0.00002,,0.6,,,,,,
0.5326127122873926,R4,resistor,A,C,1000,Ω,,0,,2.0061237549392263,0.0020061237549392264,0.004024532520131461,0,true,true,backward_euler_step_doubling,0.00002,,0.6,,,,,,
0.5326127122873926,R5,resistor,C,0,2000,Ω,,0,,3.9938762450607737,0.0019969381225303866,0.007975523730430372,0,true,true,backward_euler_step_doubling,0.00002,,0.6,,,,,,
0.5326127122873926,C6,capacitor,B,C,100,µF,,0,V,-0.9892834288563588,-0.000009185632408836842,0.000009087193925628205,0.00004893408513048971,true,true,backward_euler_step_doubling,0.00002,1e-7,0.6,,,,,,
0.5356127122873926,V1,voltage,A,0,6,V,,0,,6,-0.0050014925586551115,-0.03000895535193067,0,true,true,backward_euler_step_doubling,0.00002,,0.6,dc,5,10,0,50,2
0.5356127122873926,R2,resistor,A,B,1000,Ω,,0,,2.995522324034694,0.002995522324034694,0.008973153993790214,0,true,true,backward_euler_step_doubling,0.00002,,0.6,,,,,,
0.5356127122873926,R3,resistor,B,0,1000,Ω,,0,,3.004477675965306,0.003004477675965306,0.009026886105373886,0,true,true,backward_euler_step_doubling,0.00002,,0.6,,,,,,
0.5356127122873926,R4,resistor,A,C,1000,Ω,,0,,2.0059702346204165,0.0020059702346204166,0.004023916582183089,0,true,true,backward_euler_step_doubling,0.00002,,0.6,,,,,,
0.5356127122873926,R5,resistor,C,0,2000,Ω,,0,,3.9940297653795835,0.0019970148826897916,0.007976136883369045,0,true,true,backward_euler_step_doubling,0.00002,,0.6,,,,,,
0.5356127122873926,C6,capacitor,B,C,100,µF,,0,V,-0.9895520894142775,-0.000008955351930624753,0.000008861787214389909,0.00004896066688320811,true,true,backward_euler_step_doubling,0.00002,1e-7,0.6,,,,,,
0.5386127122873926,V1,voltage,A,0,6,V,,0,,6,-0.005001455140750106,-0.030008730844500637,0,true,true,backward_euler_step_doubling,0.00002,,0.6,dc,5,10,0,50,2
0.5386127122873926,R2,resistor,A,B,1000,Ω,,0,,2.995634577749701,0.002995634577749701,0.008973826523409629,0,true,true,backward_euler_step_doubling,0.00002,,0.6,,,,,,
0.5386127122873926,R3,resistor,B,0,1000,Ω,,0,,3.004365422250299,0.003004365422250299,0.009026211590413218,0,true,true,backward_euler_step_doubling,0.00002,,0.6,,,,,,
0.5386127122873926,R4,resistor,A,C,1000,Ω,,0,,2.0058205630004053,0.002005820563000405,0.004023316130955263,0,true,true,backward_euler_step_doubling,0.00002,,0.6,,,,,,
0.5386127122873926,R5,resistor,C,0,2000,Ω,,0,,3.9941794369995947,0.0019970897184997975,0.0079767346874752,0,true,true,backward_euler_step_doubling,0.00002,,0.6,,,,,,
0.5386127122873926,C6,capacitor,B,C,100,µF,,0,V,-0.9898140147492955,-0.000008730844500600309,0.000008641912247291,0.00004898658918970593,true,true,backward_euler_step_doubling,0.00002,1e-7,0.6,,,,,,
0.5416127122873926,V1,voltage,A,0,6,V,,0,,6,-0.005001418660898433,-0.030008511965390595,0,true,true,backward_euler_step_doubling,0.00002,,0.6,dc,5,10,0,50,2
0.5416127122873926,R2,resistor,A,B,1000,Ω,,0,,2.995744017304722,0.0029957440173047217,0.008974482217217033,0,true,true,backward_euler_step_doubling,0.00002,,0.6,,,,,,
0.5416127122873926,R3,resistor,B,0,1000,Ω,,0,,3.004255982695278,0.003004255982695278,0.009025554009560371,0,true,true,backward_euler_step_doubling,0.00002,,0.6,,,,,,
0.5416127122873926,R4,resistor,A,C,1000,Ω,,0,,2.00567464359371,0.00200567464359371,0.004022730775954755,0,true,true,backward_euler_step_doubling,0.00002,,0.6,,,,,,
0.5416127122873926,R5,resistor,C,0,2000,Ω,,0,,3.99432535640629,0.001997162678203145,0.007977317526415117,0,true,true,backward_euler_step_doubling,0.00002,,0.6,,,,,,
0.5416127122873926,C6,capacitor,B,C,100,µF,,0,V,-0.990069373711012,-0.00000851196539054891,0.000008427436243270568,0.000049011868238025775,true,true,backward_euler_step_doubling,0.00002,1e-7,0.6,,,,,,
0.5446127122873926,V1,voltage,A,0,6,V,,0,,6,-0.0050013830955834265,-0.03000829857350056,0,true,true,backward_euler_step_doubling,0.00002,,0.6,dc,5,10,0,50,2
0.5446127122873926,R2,resistor,A,B,1000,Ω,,0,,2.9958507132497276,0.0029958507132497275,0.008975121496078901,0,true,true,backward_euler_step_doubling,0.00002,,0.6,,,,,,
0.5446127122873926,R3,resistor,B,0,1000,Ω,,0,,3.0041492867502724,0.003004149286750272,0.00902491293708217,0,true,true,backward_euler_step_doubling,0.00002,,0.6,,,,,,
0.5446127122873926,R4,resistor,A,C,1000,Ω,,0,,2.005532382333699,0.002005532382333699,0.004022160136589082,0,true,true,backward_euler_step_doubling,0.00002,,0.6,,,,,,
0.5446127122873926,R5,resistor,C,0,2000,Ω,,0,,3.994467617666301,0.0019972338088331504,0.007977885774292346,0,true,true,backward_euler_step_doubling,0.00002,,0.6,,,,,,
0.5446127122873926,C6,capacitor,B,C,100,µF,,0,V,-0.9903183309160286,-0.00000829857350055362,0.000008218229458052246,0.000049036519827415436,true,true,backward_euler_step_doubling,0.00002,1e-7,0.6,,,,,,
0.5476127122873926,V1,voltage,A,0,6,V,,0,,6,-0.005001348421877993,-0.030008090531267954,0,true,true,backward_euler_step_doubling,0.00002,,0.6,dc,5,10,0,50,2
0.5476127122873926,R2,resistor,A,B,1000,Ω,,0,,2.99595473436603,0.00299595473436603,0.00897574477037023,0,true,true,backward_euler_step_doubling,0.00002,,0.6,,,,,,
0.5476127122873926,R3,resistor,B,0,1000,Ω,,0,,3.00404526563397,0.00300404526563397,0.00902428795797787,0,true,true,backward_euler_step_doubling,0.00002,,0.6,,,,,,
0.5476127122873926,R4,resistor,A,C,1000,Ω,,0,,2.005393687511963,0.002005393687511963,0.004021603841912829,0,true,true,backward_euler_step_doubling,0.00002,,0.6,,,,,,
0.5476127122873926,R5,resistor,C,0,2000,Ω,,0,,3.994606312488037,0.0019973031562440183,0.007978439795884636,0,true,true,backward_euler_step_doubling,0.00002,,0.6,,,,,,
0.5476127122873926,C6,capacitor,B,C,100,µF,,0,V,-0.9905610468540669,-0.00000809053126794208,0.000008014165122378268,0.000049060559377231236,true,true,backward_euler_step_doubling,0.00002,1e-7,0.6,,,,,,
0.5506127122873926,V1,voltage,A,0,6,V,,0,,6,-0.005001314617429798,-0.030007887704578788,0,true,true,backward_euler_step_doubling,0.00002,,0.6,dc,5,10,0,50,2
0.5506127122873926,R2,resistor,A,B,1000,Ω,,0,,2.996056147710614,0.0029960561477106137,0.008976352440234562,0,true,true,backward_euler_step_doubling,0.00002,,0.6,,,,,,
0.5506127122873926,R3,resistor,B,0,1000,Ω,,0,,3.003943852289386,0.003003943852289386,0.009023678667707197,0,true,true,backward_euler_step_doubling,0.00002,,0.6,,,,,,
0.5506127122873926,R4,resistor,A,C,1000,Ω,,0,,2.0052584697191835,0.0020052584697191835,0.004021061530380522,0,true,true,backward_euler_step_doubling,0.00002,,0.6,,,,,,
0.5506127122873926,R5,resistor,C,0,2000,Ω,,0,,3.9947415302808165,0.001997370765140408,0.007978979946875159,0,true,true,backward_euler_step_doubling,0.00002,,0.6,,,,,,
0.5506127122873926,C6,capacitor,B,C,100,µF,,0,V,-0.9907976779914303,-0.000007887704578779512,0.000007815119381337112,0.000049084001935660494,true,true,backward_euler_step_doubling,0.00002,1e-7,0.6,,,,,,
0.5536127122873926,V1,voltage,A,0,6,V,,0,,6,-0.005001281660446879,-0.030007689962681276,0,true,true,backward_euler_step_doubling,0.00002,,0.6,dc,5,10,0,50,2
0.5536127122873926,R2,resistor,A,B,1000,Ω,,0,,2.9961550186593735,0.0029961550186593734,0.00897694489583775,0,true,true,backward_euler_step_doubling,0.00002,,0.6,,,,,,
0.5536127122873926,R3,resistor,B,0,1000,Ω,,0,,3.0038449813406265,0.0030038449813406267,0.00902308467192527,0,true,true,backward_euler_step_doubling,0.00002,,0.6,,,,,,
0.5536127122873926,R4,resistor,A,C,1000,Ω,,0,,2.0051266417875055,0.0020051266417875054,0.0040205328496060394,0,true,true,backward_euler_step_doubling,0.00002,,0.6,,,,,,
0.5536127122873926,R5,resistor,C,0,2000,Ω,,0,,3.9948733582124945,0.0019974366791062474,0.007979506574077987,0,true,true,backward_euler_step_doubling,0.00002,,0.6,,,,,,
0.5536127122873926,C6,capacitor,B,C,100,µF,,0,V,-0.991028376871868,-0.000007689962681256538,0.0000076209712342109044,0.000049106862188264455,true,true,backward_euler_step_doubling,0.00002,1e-7,0.6,,,,,,
0.5566127122873926,V1,voltage,A,0,6,V,,0,,6,-0.005001249529683584,-0.0300074971781015,0,true,true,backward_euler_step_doubling,0.00002,,0.6,dc,5,10,0,50,2
0.5566127122873926,R2,resistor,A,B,1000,Ω,,0,,2.9962514109492484,0.0029962514109492483,0.008977522517615362,0,true,true,backward_euler_step_doubling,0.00002,,0.6,,,,,,
0.5566127122873926,R3,resistor,B,0,1000,Ω,,0,,3.0037485890507516,0.0030037485890507514,0.00902250558622438,0,true,true,backward_euler_step_doubling,0.00002,,0.6,,,,,,
0.5566127122873926,R4,resistor,A,C,1000,Ω,,0,,2.0049981187343353,0.0020049981187343353,0.004020017456128224,0,true,true,backward_euler_step_doubling,0.00002,,0.6,,,,,,
0.5566127122873926,R5,resistor,C,0,2000,Ω,,0,,3.9950018812656647,0.001997500940632832,0.007980020015658099,0,true,true,backward_euler_step_doubling,0.00002,,0.6,,,,,,
0.5566127122873926,C6,capacitor,B,C,100,µF,,0,V,-0.9912532922149131,-0.000007497178101504661,0.000007431602475438046,0.000049129154466345195,true,true,backward_euler_step_doubling,0.00002,1e-7,0.6,,,,,,
0.5596127122873926,V1,voltage,A,0,6,V,,0,,6,-0.005001218204426894,-0.030007309226561363,0,true,true,backward_euler_step_doubling,0.00002,,0.6,dc,5,10,0,50,2
0.5596127122873926,R2,resistor,A,B,1000,Ω,,0,,2.996345386719324,0.0029963453867193237,0.008978085676514175,0,true,true,backward_euler_step_doubling,0.00002,,0.6,,,,,,
0.5596127122873926,R3,resistor,B,0,1000,Ω,,0,,3.003654613280676,0.003003654613280676,0.009021941035882287,0,true,true,backward_euler_step_doubling,0.00002,,0.6,,,,,,
0.5596127122873926,R4,resistor,A,C,1000,Ω,,0,,2.0048728177075703,0.0020048728177075705,0.004019515015182693,0,true,true,backward_euler_step_doubling,0.00002,,0.6,,,,,,
0.5596127122873926,R5,resistor,C,0,2000,Ω,,0,,3.9951271822924297,0.001997563591146215,0.007980520601345924,0,true,true,backward_euler_step_doubling,0.00002,,0.6,,,,,,
0.5596127122873926,C6,capacitor,B,C,100,µF,,0,V,-0.9914725690117536,-0.000007309226561350941,0.000007246897636271564,0.000049150892755138325,true,true,backward_euler_step_doubling,0.00002,1e-7,0.6,,,,,,
0.5626127122873926,V1,voltage,A,0,6,V,,0,,6,-0.005001187664483044,-0.030007125986898264,0,true,true,backward_euler_step_doubling,0.00002,,0.6,dc,5,10,0,50,2
0.5626127122873926,R2,resistor,A,B,1000,Ω,,0,,2.9964370065508725,0.0029964370065508725,0.008978634734227553,0,true,true,backward_euler_step_doubling,0.00002,,0.6,,,,,,
0.5626127122873926,R3,resistor,B,0,1000,Ω,,0,,3.0035629934491275,0.0030035629934491276,0.009021390655617084,0,true,true,backward_euler_step_doubling,0.00002,,0.6,,,,,,
0.5626127122873926,R4,resistor,A,C,1000,Ω,,0,,2.0047506579321714,0.0020047506579321714,0.004019025200479474,0,true,true,backward_euler_step_doubling,0.00002,,0.6,,,,,,
0.5626127122873926,R5,resistor,C,0,2000,Ω,,0,,3.9952493420678286,0.001997624671033914,0.007981008652646707,0,true,true,backward_euler_step_doubling,0.00002,,0.6,,,,,,
0.5626127122873926,C6,capacitor,B,C,100,µF,,0,V,-0.9916863486187011,-0.000007125986898248719,0.000007066743927428976,0.000049172090701834596,true,true,backward_euler_step_doubling,0.00002,1e-7,0.6,,,,,,
0.5656127122873926,V1,voltage,A,0,6,V,,0,,6,-0.005001157890164534,-0.030006947340987203,0,true,true,backward_euler_step_doubling,0.00002,,0.6,dc,5,10,0,50,2
0.5656127122873926,R2,resistor,A,B,1000,Ω,,0,,2.996526329506425,0.002996526329506425,0.008979170043425248,0,true,true,backward_euler_step_doubling,0.00002,,0.6,,,,,,
0.5656127122873926,R3,resistor,B,0,1000,Ω,,0,,3.003473670493575,0.003003473670493575,0.009020854089348149,0,true,true,backward_euler_step_doubling,0.00002,,0.6,,,,,,
0.5656127122873926,R4,resistor,A,C,1000,Ω,,0,,2.004631560658109,0.002004631560658109,0.004018547693986566,0,true,true,backward_euler_step_doubling,0.00002,,0.6,,,,,,
0.5656127122873926,R5,resistor,C,0,2000,Ω,,0,,3.995368439341891,0.0019976842196709455,0.007981484483044629,0,true,true,backward_euler_step_doubling,0.00002,,0.6,,,,,,
0.5656127122873926,C6,capacitor,B,C,100,µF,,0,V,-0.991894768848316,-0.000006947340987162313,0.000006891031182571793,0.0000491927616234327,true,true,backward_euler_step_doubling,0.00002,1e-7,0.6,,,,,,
0.5686127122873926,V1,voltage,A,0,6,V,,0,,6,-0.005001128862277395,-0.030006773173664368,0,true,true,backward_euler_step_doubling,0.00002,,0.6,dc,5,10,0,50,2
0.5686127122873926,R2,resistor,A,B,1000,Ω,,0,,2.996613413167821,0.0029966134131678207,0.008979691947977297,0,true,true,backward_euler_step_doubling,0.00002,,0.6,,,,,,
0.5686127122873926,R3,resistor,B,0,1000,Ω,,0,,3.003386586832179,0.003003386586832179,0.009020330989963446,0,true,true,backward_euler_step_doubling,0.00002,,0.6,,,,,,
0.5686127122873926,R4,resistor,A,C,1000,Ω,,0,,2.004515449109574,0.002004515449109574,0.004018082185718957,0,true,true,backward_euler_step_doubling,0.00002,,0.6,,,,,,
0.5686127122873926,R5,resistor,C,0,2000,Ω,,0,,3.995484550890426,0.001997742275445213,0.007981948398202035,0,true,true,backward_euler_step_doubling,0.00002,,0.6,,,,,,
0.5686127122873926,C6,capacitor,B,C,100,µF,,0,V,-0.9920979640582468,-0.0000067731736643613205,0.000006719651802625801,0.00004921291851442592,true,true,backward_euler_step_doubling,0.00002,1e-7,0.6,,,,,,
0.5716127122873926,V1,voltage,A,0,6,V,,0,,6,-0.0050011005621088825,-0.030006603372653297,0,true,true,backward_euler_step_doubling,0.00002,,0.6,dc,5,10,0,50,2
0.5716127122873926,R2,resistor,A,B,1000,Ω,,0,,2.996698313673364,0.002996698313673364,0.008980200783172784,0,true,true,backward_euler_step_doubling,0.00002,,0.6,,,,,,
0.5716127122873926,R3,resistor,B,0,1000,Ω,,0,,3.003301686326636,0.003003301686326636,0.009019821019092416,0,true,true,backward_euler_step_doubling,0.00002,,0.6,,,,,,
0.5716127122873926,R4,resistor,A,C,1000,Ω,,0,,2.0044022484355186,0.0020044022484355184,0.004017628373533362,0,true,true,backward_euler_step_doubling,0.00002,,0.6,,,,,,
0.5716127122873926,R5,resistor,C,0,2000,Ω,,0,,3.9955977515644814,0.001997798875782241,0.00798240069615357,0,true,true,backward_euler_step_doubling,0.00002,,0.6,,,,,,
0.5716127122873926,C6,capacitor,B,C,100,µF,,0,V,-0.9922960652378454,-0.000006603372653287321,0.0000065525007011562,0.00004923257405432551,true,true,backward_euler_step_doubling,0.00002,1e-7,0.6,,,,,,
0.5746127122873926,V1,voltage,A,0,6,V,,0,,6,-0.00500107297141535,-0.030006437828492098,0,true,true,backward_euler_step_doubling,0.00002,,0.6,dc,5,10,0,50,2
0.5746127122873926,R2,resistor,A,B,1000,Ω,,0,,2.9967810857539776,0.0029967810857539777,0.00898069687593279,0,true,true,backward_euler_step_doubling,0.00002,,0.6,,,,,,
0.5746127122873926,R3,resistor,B,0,1000,Ω,,0,,3.0032189142460224,0.0030032189142460224,0.009019323846885058,0,true,true,backward_euler_step_doubling,0.00002,,0.6,,,,,,
0.5746127122873926,R4,resistor,A,C,1000,Ω,,0,,2.0042918856613707,0.0020042918856613707,0.004017185962928013,0,true,true,backward_euler_step_doubling,0.00002,,0.6,,,,,,
0.5746127122873926,R5,resistor,C,0,2000,Ω,,0,,3.9957081143386293,0.0019978540571693147,0.007982841667495782,0,true,true,backward_euler_step_doubling,0.00002,,0.6,,,,,,
0.5746127122873926,C6,capacitor,B,C,100,µF,,0,V,-0.9924892000926069,-0.00000643782849204891,0.0000063894752504070165,0.000049251740615023126,true,true,backward_euler_step_doubling,0.00002,1e-7,0.6,,,,,,
0.5776127122873926,V1,voltage,A,0,6,V,,0,,6,-0.005001046072410506,-0.030006276434463033,0,true,true,backward_euler_step_doubling,0.00002,,0.6,dc,5,10,0,50,2
0.5776127122873926,R2,resistor,A,B,1000,Ω,,0,,2.9968617827685007,0.0029968617827685006,0.008981180545018395,0,true,true,backward_euler_step_doubling,0.00002,,0.6,,,,,,
0.5776127122873926,R3,resistor,B,0,1000,Ω,,0,,3.0031382172314993,0.0030031382172314995,0.009018839151796389,0,true,true,backward_euler_step_doubling,0.00002,,0.6,,,,,,
0.5776127122873926,R4,resistor,A,C,1000,Ω,,0,,2.0041842896420037,0.0020041842896420035,0.004016754666847823,0,true,true,backward_euler_step_doubling,0.00002,,0.6,,,,,,
0.5776127122873926,R5,resistor,C,0,2000,Ω,,0,,3.9958157103579963,0.001997907855178998,0.007983271595571889,0,true,true,backward_euler_step_doubling,0.00002,,0.6,,,,,,
0.5776127122873926,C6,capacitor,B,C,100,µF,,0,V,-0.992677493126497,-0.000006276434463003959,0.000006230475228507521,0.00004927043026799532,true,true,backward_euler_step_doubling,0.00002,1e-7,0.6,,,,,,
0.5806127122873926,V1,voltage,A,0,6,V,,0,,6,-0.005001019847753975,-0.030006119086523852,0,true,true,backward_euler_step_doubling,0.00002,,0.6,dc,5,10,0,50,2
0.5806127122873926,R2,resistor,A,B,1000,Ω,,0,,2.9969404567380935,0.0029969404567380935,0.008981652101233533,0,true,true,backward_euler_step_doubling,0.00002,,0.6,,,,,,
0.5806127122873926,R3,resistor,B,0,1000,Ω,,0,,3.0030595432619065,0.0030030595432619066,0.00901836662037641,0,true,true,backward_euler_step_doubling,0.00002,,0.6,,,,,,
0.5806127122873926,R4,resistor,A,C,1000,Ω,,0,,2.004079391015882,0.0020040793910158818,0.004016334205494587,0,true,true,backward_euler_step_doubling,0.00002,,0.6,,,,,,
0.5806127122873926,R5,resistor,C,0,2000,Ω,,0,,3.995920608984118,0.001997960304492059,0.007983690756652003,0,true,true,backward_euler_step_doubling,0.00002,,0.6,,,,,,
0.5806127122873926,C6,capacitor,B,C,100,µF,,0,V,-0.9928610657222117,-0.000006119086523822161,0.000006075402767288494,0.00004928865479135229,true,true,backward_euler_step_doubling,0.00002,1e-7,0.6,,,,,,
0.5836127122873926,V1,voltage,A,0,6,V,,0,,6,-0.005000994280540087,-0.030005965683240522,0,true,true,backward_euler_step_doubling,0.00002,,0.6,dc,5,10,0,50,2
0.5836127122873926,R2,resistor,A,B,1000,Ω,,0,,2.997017158379756,0.002997017158379756,0.008982111847622667,0,true,true,backward_euler_step_doubling,0.00002,,0.6,,,,,,
0.5836127122873926,R3,resistor,B,0,1000,Ω,,0,,3.002982841620244,0.003002982841620244,0.009017905947065596,0,true,true,backward_euler_step_doubling,0.00002,,0.6,,,,,,
0.5836127122873926,R4,resistor,A,C,1000,Ω,,0,,2.0039771221603293,0.0020039771221603293,0.004015924306141995,0,true,true,backward_euler_step_doubling,0.00002,,0.6,,,,,,
0.5836127122873926,R5,resistor,C,0,2000,Ω,,0,,3.9960228778396707,0.0019980114389198354,0.007984099420109022,0,true,true,backward_euler_step_doubling,0.00002,,0.6,,,,,,
0.5836127122873926,C6,capacitor,B,C,100,µF,,0,V,-0.9930400362194267,-0.0000059656832405015745,0.0000059241623012213106,0.00004930642567673401,true,true,backward_euler_step_doubling,0.00002,1e-7,0.6,,,,,,
0.5866127122873926,V1,voltage,A,0,6,V,,0,,6,-0.005000969354286992,-0.03000581612572195,0,true,true,backward_euler_step_doubling,0.00002,,0.6,dc,5,10,0,50,2
0.5866127122873926,R2,resistor,A,B,1000,Ω,,0,,2.997091937139038,0.002997091937139038,0.008982560079663832,0,true,true,backward_euler_step_doubling,0.00002,,0.6,,,,,,
0.5866127122873926,R3,resistor,B,0,1000,Ω,,0,,3.002908062860962,0.003002908062860962,0.009017456833995375,0,true,true,backward_euler_step_doubling,0.00002,,0.6,,,,,,
0.5866127122873926,R4,resistor,A,C,1000,Ω,,0,,2.0038774171479536,0.0020038774171479536,0.0040155247029555535,0,true,true,backward_euler_step_doubling,0.00002,,0.6,,,,,,
0.5866127122873926,R5,resistor,C,0,2000,Ω,,0,,3.9961225828520464,0.0019980612914260233,0.007984497848590056,0,true,true,backward_euler_step_doubling,0.00002,,0.6,,,,,,
0.5866127122873926,C6,capacitor,B,C,100,µF,,0,V,-0.9932145199910845,-0.000005816125721924686,0.0000057766605171092265,0.00004932375413605601,true,true,backward_euler_step_doubling,0.00002,1e-7,0.6,,,,,,
0.5896127122873926,V1,voltage,A,0,6,V,,0,,6,-0.00500094505292604,-0.03000567031755624,0,true,true,backward_euler_step_doubling,0.00002,,0.6,dc,5,10,0,50,2
0.5896127122873926,R2,resistor,A,B,1000,Ω,,0,,2.9971648412219047,0.0029971648412219047,0.008982997085456725,0,true,true,backward_euler_step_doubling,0.00002,,0.6,,,,,,
0.5896127122873926,R3,resistor,B,0,1000,Ω,,0,,3.0028351587780953,0.0030028351587780954,0.009017018990793869,0,true,true,backward_euler_step_doubling,0.00002,,0.6,,,,,,
0.5896127122873926,R4,resistor,A,C,1000,Ω,,0,,2.003780211704134,0.002003780211704134,0.004015135136817064,0,true,true,backward_euler_step_doubling,0.00002,,0.6,,,,,,
0.5896127122873926,R5,resistor,C,0,2000,Ω,,0,,3.996219788295866,0.001998109894147933,0.007984886298183728,0,true,true,backward_euler_step_doubling,0.00002,,0.6,,,,,,
0.5896127122873926,C6,capacitor,B,C,100,µF,,0,V,-0.9933846295177706,-0.000005670317556205612,0.000005632806304819422,0.00004934065110810792,true,true,backward_euler_step_doubling,0.00002,1e-7,0.6,,,,,,
0.5926127122873927,V1,voltage,A,0,6,V,,0,,6,-0.005000921360791399,-0.030005528164748392,0,true,true,backward_euler_step_doubling,0.00002,,0.6,dc,5,10,0,50,2
0.5926127122873927,R2,resistor,A,B,1000,Ω,,0,,2.99723591762581,0.00299723591762581,0.00898342314590623,0,true,true,backward_euler_step_doubling,0.00002,,0.6,,,,,,
0.5926127122873927,R3,resistor,B,0,1000,Ω,,0,,3.00276408237419,0.00300276408237419,0.009016592134396512,0,true,true,backward_euler_step_doubling,0.00002,,0.6,,,,,,
0.5926127122873927,R4,resistor,A,C,1000,Ω,,0,,2.0036854431655877,0.002003685443165588,0.004014755355153678,0,true,true,backward_euler_step_doubling,0.00002,,0.6,,,,,,
0.5926127122873927,R5,resistor,C,0,2000,Ω,,0,,3.9963145568344123,0.001998157278417206,0.007985265018583312,0,true,true,backward_euler_step_doubling,0.00002,,0.6,,,,,,
0.5926127122873927,C6,capacitor,B,C,100,µF,,0,V,-0.9935504744602222,-0.000005528164748384388,0.000005492510708651583,0.00004935712726500663,true,true,backward_euler_step_doubling,0.00002,1e-7,0.6,,,,,,
0.5956127122873927,V1,voltage,A,0,6,V,,0,,6,-0.005000898262610003,-0.03000538957566002,0,true,true,backward_euler_step_doubling,0.00002,,0.6,dc,5,10,0,50,2
0.5956127122873927,R2,resistor,A,B,1000,Ω,,0,,2.997305212170012,0.002997305212170012,0.008983838534901522,0,true,true,backward_euler_step_doubling,0.00002,,0.6,,,,,,
0.5956127122873927,R3,resistor,B,0,1000,Ω,,0,,3.002694787829988,0.003002694787829988,0.009016175988861376,0,true,true,backward_euler_step_doubling,0.00002,,0.6,,,,,,
0.5956127122873927,R4,resistor,A,C,1000,Ω,,0,,2.003593050439991,0.002003593050439991,0.004014385111771428,0,true,true,backward_euler_step_doubling,0.00002,,0.6,,,,,,
0.5956127122873927,R5,resistor,C,0,2000,Ω,,0,,3.996406949560009,0.0019982034747800044,0.007985634253245768,0,true,true,backward_euler_step_doubling,0.00002,,0.6,,,,,,
0.5956127122873927,C6,capacitor,B,C,100,µF,,0,V,-0.9937121617300213,-0.0000053895756599716255,0.0000053556868798779104,0.0000493731930185076,true,true,backward_euler_step_doubling,0.00002,1e-7,0.6,,,,,,
0.5986127122873927,V1,voltage,A,0,6,V,,0,,6,-0.005000875743491646,-0.030005254460949878,0,true,true,backward_euler_step_doubling,0.00002,,0.6,dc,5,10,0,50,2
0.5986127122873927,R2,resistor,A,B,1000,Ω,,0,,2.9973727695250814,0.0029973727695250816,0.008984243519490457,0,true,true,backward_euler_step_doubling,0.00002,,0.6,,,,,,
0.5986127122873927,R3,resistor,B,0,1000,Ω,,0,,3.0026272304749186,0.0030026272304749186,0.00901577028518948,0,true,true,backward_euler_step_doubling,0.00002,,0.6,,,,,,
0.5986127122873927,R4,resistor,A,C,1000,Ω,,0,,2.0035029739665644,0.0020035029739665644,0.004014024166692868,0,true,true,backward_euler_step_doubling,0.00002,,0.6,,,,,,
0.5986127122873927,R5,resistor,C,0,2000,Ω,,0,,3.9964970260334356,0.001998248513016718,0.007985994239547049,0,true,true,backward_euler_step_doubling,0.00002,,0.6,,,,,,
0.5986127122873927,C6,capacitor,B,C,100,µF,,0,V,-0.993869795558517,-0.000005254460949855039,0.000005222250030002639,0.00004938885852617641,true,true,backward_euler_step_doubling,0.00002,1e-7,0.6,,,,,,
0.5993063561436963,V1,voltage,A,0,6,V,,0,,6,-0.005000870567516141,-0.030005223405096846,0,true,true,backward_euler_step_doubling,0.00002,,0.6,dc,5,10,0,50,2
0.5993063561436963,R2,resistor,A,B,1000,Ω,,0,,2.9973882974515993,0.002997388297451599,0.008984336605699797,0,true,true,backward_euler_step_doubling,0.00002,,0.6,,,,,,
0.5993063561436963,R3,resistor,B,0,1000,Ω,,0,,3.0026117025484007,0.0030026117025484006,0.009015677036280605,0,true,true,backward_euler_step_doubling,0.00002,,0.6,,,,,,
0.5993063561436963,R4,resistor,A,C,1000,Ω,,0,,2.0034822700645387,0.002003482270064539,0.004013941206462958,0,true,true,backward_euler_step_doubling,0.00002,,0.6,,,,,,
0.5993063561436963,R5,resistor,C,0,2000,Ω,,0,,3.9965177299354613,0.001998258864967731,0.007986076982844247,0,true,true,backward_euler_step_doubling,0.00002,,0.6,,,,,,
0.5993063561436963,C6,capacitor,B,C,100,µF,,0,V,-0.9939060273870606,-0.0000052234050967733,0.000005191573809167275,0.00004939245956381642,true,true,backward_euler_step_doubling,0.00002,1e-7,0.6,,,,,,
0.6,V1,voltage,A,0,6,V,,0,,6,-0.005000865422132607,-0.03000519253279564,0,true,true,backward_euler_step_doubling,0.00002,,0.6,dc,5,10,0,50,2
0.6,R2,resistor,A,B,1000,Ω,,0,,2.9974037336021944,0.0029974037336021942,0.008984429142212374,0,true,true,backward_euler_step_doubling,0.00002,,0.6,,,,,,
0.6,R3,resistor,B,0,1000,Ω,,0,,3.0025962663978056,0.0030025962663978055,0.009015584338986042,0,true,true,backward_euler_step_doubling,0.00002,,0.6,,,,,,
0.6,R4,resistor,A,C,1000,Ω,,0,,2.00346168853041,0.00200346168853041,0.004013858737409122,0,true,true,backward_euler_step_doubling,0.00002,,0.6,,,,,,
0.6,R5,resistor,C,0,2000,Ω,,0,,3.99653831146959,0.001998269155734795,0.0079861592375221,0,true,true,backward_euler_step_doubling,0.00002,,0.6,,,,,,
0.6,C6,capacitor,B,C,100,µF,,0,V,-0.9939420450717842,-0.000005192532795654541,0.000005161076666015183,0.000049396039448074025,true,true,backward_euler_step_doubling,0.00002,1e-7,0.6,,,,,,