time_s,component,type,terminal_a,terminal_b,value,unit,closed,initial_value,initial_unit,voltage_a_minus_b_V,current_a_to_b_A,power_absorbed_W,stored_energy_J,voltage_known,current_known,method,relative_local_tolerance,absolute_state_tolerance,window_s,source_waveform,source_amplitude,source_frequency_Hz,source_phase_deg,pulse_width_percent,pulse_edge_percent,initial_switch_closed,switch_timing_enabled,switch_schedule_s,time_side,switch_events,diode_model,diode_Is_A,diode_emission,diode_thermal_voltage_V,nonlinear_iterations
0,V1,voltage,A,0,5,V,,0,,5,-0.05,-0.25,0,true,true,initial_constraints,0.00002,,0.008,dc,5,10,0,50,2,,,,,,,,,,0
0,S2,switch,A,B,0,,true,0,,0,0.05,0,0,true,true,initial_constraints,0.00002,,0.008,,,,,,,true,true,1@0.003=open,,,,,,,0
0,R3,resistor,B,0,100,Ω,,0,,5,0.05,0.25,0,true,true,initial_constraints,0.00002,,0.008,,,,,,,,,,,,,,,,0
0,L4,inductor,B,0,100,mH,,0,A,5,0,0,0,true,true,initial_constraints,0.00002,1e-10,0.008,,,,,,,,,,,,,,,,0
0.00004,V1,voltage,A,0,5,V,,0,,5,-0.052,-0.26,0,true,true,backward_euler_step_doubling,0.00002,,0.008,dc,5,10,0,50,2,,,,,,,,,,0
0.00004,S2,switch,A,B,0,,true,0,,0,0.052,0,0,true,true,backward_euler_step_doubling,0.00002,,0.008,,,,,,,true,true,1@0.003=open,,,,,,,0
0.00004,R3,resistor,B,0,100,Ω,,0,,5,0.05,0.25,0,true,true,backward_euler_step_doubling,0.00002,,0.008,,,,,,,,,,,,,,,,0
0.00004,L4,inductor,B,0,100,mH,,0,A,5,0.002,0.01,2.0000000000000002e-7,true,true,backward_euler_step_doubling,0.00002,1e-10,0.008,,,,,,,,,,,,,,,,0
0.00008,V1,voltage,A,0,5,V,,0,,5,-0.054,-0.27,0,true,true,backward_euler_step_doubling,0.00002,,0.008,dc,5,10,0,50,2,,,,,,,,,,0
0.00008,S2,switch,A,B,0,,true,0,,0,0.054,0,0,true,true,backward_euler_step_doubling,0.00002,,0.008,,,,,,,true,true,1@0.003=open,,,,,,,0
0.00008,R3,resistor,B,0,100,Ω,,0,,5,0.05,0.25,0,true,true,backward_euler_step_doubling,0.00002,,0.008,,,,,,,,,,,,,,,,0
0.00008,L4,inductor,B,0,100,mH,,0,A,5,0.004,0.02,8.000000000000001e-7,true,true,backward_euler_step_doubling,0.00002,1e-10,0.008,,,,,,,,,,,,,,,,0
0.00012000000000000002,V1,voltage,A,0,5,V,,0,,5,-0.055999999999999994,-0.27999999999999997,0,true,true,backward_euler_step_doubling,0.00002,,0.008,dc,5,10,0,50,2,,,,,,,,,,0
0.00012000000000000002,S2,switch,A,B,0,,true,0,,0,0.055999999999999994,0,0,true,true,backward_euler_step_doubling,0.00002,,0.008,,,,,,,true,true,1@0.003=open,,,,,,,0
0.00012000000000000002,R3,resistor,B,0,100,Ω,,0,,5,0.05,0.25,0,true,true,backward_euler_step_doubling,0.00002,,0.008,,,,,,,,,,,,,,,,0
0.00012000000000000002,L4,inductor,B,0,100,mH,,0,A,5,0.006,0.03,0.0000018000000000000001,true,true,backward_euler_step_doubling,0.00002,1e-10,0.008,,,,,,,,,,,,,,,,0
0.00016,V1,voltage,A,0,5,V,,0,,5,-0.057999999999999996,-0.29,0,true,true,backward_euler_step_doubling,0.00002,,0.008,dc,5,10,0,50,2,,,,,,,,,,0
0.00016,S2,switch,A,B,0,,true,0,,0,0.057999999999999996,0,0,true,true,backward_euler_step_doubling,0.00002,,0.008,,,,,,,true,true,1@0.003=open,,,,,,,0
0.00016,R3,resistor,B,0,100,Ω,,0,,5,0.05,0.25,0,true,true,backward_euler_step_doubling,0.00002,,0.008,,,,,,,,,,,,,,,,0
0.00016,L4,inductor,B,0,100,mH,,0,A,5,0.008,0.04,0.0000032000000000000003,true,true,backward_euler_step_doubling,0.00002,1e-10,0.008,,,,,,,,,,,,,,,,0
0.00020000000000000004,V1,voltage,A,0,5,V,,0,,5,-0.06,-0.3,0,true,true,backward_euler_step_doubling,0.00002,,0.008,dc,5,10,0,50,2,,,,,,,,,,0
0.00020000000000000004,S2,switch,A,B,0,,true,0,,0,0.06,0,0,true,true,backward_euler_step_doubling,0.00002,,0.008,,,,,,,true,true,1@0.003=open,,,,,,,0
0.00020000000000000004,R3,resistor,B,0,100,Ω,,0,,5,0.05,0.25,0,true,true,backward_euler_step_doubling,0.00002,,0.008,,,,,,,,,,,,,,,,0
0.00020000000000000004,L4,inductor,B,0,100,mH,,0,A,5,0.01,0.05,0.000005,true,true,backward_euler_step_doubling,0.00002,1e-10,0.008,,,,,,,,,,,,,,,,0
0.00024000000000000003,V1,voltage,A,0,5,V,,0,,5,-0.062,-0.31,0,true,true,backward_euler_step_doubling,0.00002,,0.008,dc,5,10,0,50,2,,,,,,,,,,0
0.00024000000000000003,S2,switch,A,B,0,,true,0,,0,0.062,0,0,true,true,backward_euler_step_doubling,0.00002,,0.008,,,,,,,true,true,1@0.003=open,,,,,,,0
0.00024000000000000003,R3,resistor,B,0,100,Ω,,0,,5,0.05,0.25,0,true,true,backward_euler_step_doubling,0.00002,,0.008,,,,,,,,,,,,,,,,0
0.00024000000000000003,L4,inductor,B,0,100,mH,,0,A,5,0.012,0.06,0.0000072000000000000005,true,true,backward_euler_step_doubling,0.00002,1e-10,0.008,,,,,,,,,,,,,,,,0
0.00028000000000000003,V1,voltage,A,0,5,V,,0,,5,-0.064,-0.32,0,true,true,backward_euler_step_doubling,0.00002,,0.008,dc,5,10,0,50,2,,,,,,,,,,0
0.00028000000000000003,S2,switch,A,B,0,,true,0,,0,0.064,0,0,true,true,backward_euler_step_doubling,0.00002,,0.008,,,,,,,true,true,1@0.003=open,,,,,,,0
0.00028000000000000003,R3,resistor,B,0,100,Ω,,0,,5,0.05,0.25,0,true,true,backward_euler_step_doubling,0.00002,,0.008,,,,,,,,,,,,,,,,0
0.00028000000000000003,L4,inductor,B,0,100,mH,,0,A,5,0.014,0.07,0.000009800000000000001,true,true,backward_euler_step_doubling,0.00002,1e-10,0.008,,,,,,,,,,,,,,,,0
0.00032,V1,voltage,A,0,5,V,,0,,5,-0.066,-0.33,0,true,true,backward_euler_step_doubling,0.00002,,0.008,dc,5,10,0,50,2,,,,,,,,,,0
0.00032,S2,switch,A,B,0,,true,0,,0,0.066,0,0,true,true,backward_euler_step_doubling,0.00002,,0.008,,,,,,,true,true,1@0.003=open,,,,,,,0
0.00032,R3,resistor,B,0,100,Ω,,0,,5,0.05,0.25,0,true,true,backward_euler_step_doubling,0.00002,,0.008,,,,,,,,,,,,,,,,0
0.00032,L4,inductor,B,0,100,mH,,0,A,5,0.016,0.08,0.000012800000000000001,true,true,backward_euler_step_doubling,0.00002,1e-10,0.008,,,,,,,,,,,,,,,,0
0.00036,V1,voltage,A,0,5,V,,0,,5,-0.068,-0.34,0,true,true,backward_euler_step_doubling,0.00002,,0.008,dc,5,10,0,50,2,,,,,,,,,,0
0.00036,S2,switch,A,B,0,,true,0,,0,0.068,0,0,true,true,backward_euler_step_doubling,0.00002,,0.008,,,,,,,true,true,1@0.003=open,,,,,,,0
0.00036,R3,resistor,B,0,100,Ω,,0,,5,0.05,0.25,0,true,true,backward_euler_step_doubling,0.00002,,0.008,,,,,,,,,,,,,,,,0
0.00036,L4,inductor,B,0,100,mH,,0,A,5,0.018000000000000002,0.09000000000000001,0.000016200000000000004,true,true,backward_euler_step_doubling,0.00002,1e-10,0.008,,,,,,,,,,,,,,,,0
0.0004,V1,voltage,A,0,5,V,,0,,5,-0.07,-0.35000000000000003,0,true,true,backward_euler_step_doubling,0.00002,,0.008,dc,5,10,0,50,2,,,,,,,,,,0
0.0004,S2,switch,A,B,0,,true,0,,0,0.07,0,0,true,true,backward_euler_step_doubling,0.00002,,0.008,,,,,,,true,true,1@0.003=open,,,,,,,0
0.0004,R3,resistor,B,0,100,Ω,,0,,5,0.05,0.25,0,true,true,backward_euler_step_doubling,0.00002,,0.008,,,,,,,,,,,,,,,,0
0.0004,L4,inductor,B,0,100,mH,,0,A,5,0.020000000000000004,0.10000000000000002,0.00002000000000000001,true,true,backward_euler_step_doubling,0.00002,1e-10,0.008,,,,,,,,,,,,,,,,0
0.00044,V1,voltage,A,0,5,V,,0,,5,-0.07200000000000001,-0.36000000000000004,0,true,true,backward_euler_step_doubling,0.00002,,0.008,dc,5,10,0,50,2,,,,,,,,,,0
0.00044,S2,switch,A,B,0,,true,0,,0,0.07200000000000001,0,0,true,true,backward_euler_step_doubling,0.00002,,0.008,,,,,,,true,true,1@0.003=open,,,,,,,0
0.00044,R3,resistor,B,0,100,Ω,,0,,5,0.05,0.25,0,true,true,backward_euler_step_doubling,0.00002,,0.008,,,,,,,,,,,,,,,,0
0.00044,L4,inductor,B,0,100,mH,,0,A,5,0.022000000000000006,0.11000000000000003,0.000024200000000000012,true,true,backward_euler_step_doubling,0.00002,1e-10,0.008,,,,,,,,,,,,,,,,0
0.00048,V1,voltage,A,0,5,V,,0,,5,-0.07400000000000001,-0.37000000000000005,0,true,true,backward_euler_step_doubling,0.00002,,0.008,dc,5,10,0,50,2,,,,,,,,,,0
0.00048,S2,switch,A,B,0,,true,0,,0,0.07400000000000001,0,0,true,true,backward_euler_step_doubling,0.00002,,0.008,,,,,,,true,true,1@0.003=open,,,,,,,0
0.00048,R3,resistor,B,0,100,Ω,,0,,5,0.05,0.25,0,true,true,backward_euler_step_doubling,0.00002,,0.008,,,,,,,,,,,,,,,,0
0.00048,L4,inductor,B,0,100,mH,,0,A,5,0.024000000000000007,0.12000000000000004,0.000028800000000000022,true,true,backward_euler_step_doubling,0.00002,1e-10,0.008,,,,,,,,,,,,,,,,0
0.0005200000000000001,V1,voltage,A,0,5,V,,0,,5,-0.07600000000000001,-0.38000000000000006,0,true,true,backward_euler_step_doubling,0.00002,,0.008,dc,5,10,0,50,2,,,,,,,,,,0
0.0005200000000000001,S2,switch,A,B,0,,true,0,,0,0.07600000000000001,0,0,true,true,backward_euler_step_doubling,0.00002,,0.008,,,,,,,true,true,1@0.003=open,,,,,,,0
0.0005200000000000001,R3,resistor,B,0,100,Ω,,0,,5,0.05,0.25,0,true,true,backward_euler_step_doubling,0.00002,,0.008,,,,,,,,,,,,,,,,0
0.0005200000000000001,L4,inductor,B,0,100,mH,,0,A,5,0.02600000000000001,0.13000000000000006,0.00003380000000000003,true,true,backward_euler_step_doubling,0.00002,1e-10,0.008,,,,,,,,,,,,,,,,0
0.0005600000000000001,V1,voltage,A,0,5,V,,0,,5,-0.07800000000000001,-0.39000000000000007,0,true,true,backward_euler_step_doubling,0.00002,,0.008,dc,5,10,0,50,2,,,,,,,,,,0
0.0005600000000000001,S2,switch,A,B,0,,true,0,,0,0.07800000000000001,0,0,true,true,backward_euler_step_doubling,0.00002,,0.008,,,,,,,true,true,1@0.003=open,,,,,,,0
0.0005600000000000001,R3,resistor,B,0,100,Ω,,0,,5,0.05,0.25,0,true,true,backward_euler_step_doubling,0.00002,,0.008,,,,,,,,,,,,,,,,0
0.0005600000000000001,L4,inductor,B,0,100,mH,,0,A,5,0.02800000000000001,0.14000000000000007,0.00003920000000000003,true,true,backward_euler_step_doubling,0.00002,1e-10,0.008,,,,,,,,,,,,,,,,0
0.0006000000000000001,V1,voltage,A,0,5,V,,0,,5,-0.08000000000000002,-0.4000000000000001,0,true,true,backward_euler_step_doubling,0.00002,,0.008,dc,5,10,0,50,2,,,,,,,,,,0
0.0006000000000000001,S2,switch,A,B,0,,true,0,,0,0.08000000000000002,0,0,true,true,backward_euler_step_doubling,0.00002,,0.008,,,,,,,true,true,1@0.003=open,,,,,,,0
0.0006000000000000001,R3,resistor,B,0,100,Ω,,0,,5,0.05,0.25,0,true,true,backward_euler_step_doubling,0.00002,,0.008,,,,,,,,,,,,,,,,0
0.0006000000000000001,L4,inductor,B,0,100,mH,,0,A,5,0.030000000000000013,0.15000000000000008,0.00004500000000000004,true,true,backward_euler_step_doubling,0.00002,1e-10,0.008,,,,,,,,,,,,,,,,0
0.00064,V1,voltage,A,0,5,V,,0,,5,-0.08200000000000002,-0.4100000000000001,0,true,true,backward_euler_step_doubling,0.00002,,0.008,dc,5,10,0,50,2,,,,,,,,,,0
0.00064,S2,switch,A,B,0,,true,0,,0,0.08200000000000002,0,0,true,true,backward_euler_step_doubling,0.00002,,0.008,,,,,,,true,true,1@0.003=open,,,,,,,0
0.00064,R3,resistor,B,0,100,Ω,,0,,5,0.05,0.25,0,true,true,backward_euler_step_doubling,0.00002,,0.008,,,,,,,,,,,,,,,,0
0.00064,L4,inductor,B,0,100,mH,,0,A,5,0.032000000000000015,0.1600000000000001,0.000051200000000000045,true,true,backward_euler_step_doubling,0.00002,1e-10,0.008,,,,,,,,,,,,,,,,0
0.00068,V1,voltage,A,0,5,V,,0,,5,-0.08400000000000002,-0.4200000000000001,0,true,true,backward_euler_step_doubling,0.00002,,0.008,dc,5,10,0,50,2,,,,,,,,,,0
0.00068,S2,switch,A,B,0,,true,0,,0,0.08400000000000002,0,0,true,true,backward_euler_step_doubling,0.00002,,0.008,,,,,,,true,true,1@0.003=open,,,,,,,0
0.00068,R3,resistor,B,0,100,Ω,,0,,5,0.05,0.25,0,true,true,backward_euler_step_doubling,0.00002,,0.008,,,,,,,,,,,,,,,,0
0.00068,L4,inductor,B,0,100,mH,,0,A,5,0.034000000000000016,0.1700000000000001,0.00005780000000000006,true,true,backward_euler_step_doubling,0.00002,1e-10,0.008,,,,,,,,,,,,,,,,0
0.00072,V1,voltage,A,0,5,V,,0,,5,-0.08600000000000002,-0.4300000000000001,0,true,true,backward_euler_step_doubling,0.00002,,0.008,dc,5,10,0,50,2,,,,,,,,,,0
0.00072,S2,switch,A,B,0,,true,0,,0,0.08600000000000002,0,0,true,true,backward_euler_step_doubling,0.00002,,0.008,,,,,,,true,true,1@0.003=open,,,,,,,0
0.00072,R3,resistor,B,0,100,Ω,,0,,5,0.05,0.25,0,true,true,backward_euler_step_doubling,0.00002,,0.008,,,,,,,,,,,,,,,,0
0.00072,L4,inductor,B,0,100,mH,,0,A,5,0.03600000000000002,0.1800000000000001,0.00006480000000000007,true,true,backward_euler_step_doubling,0.00002,1e-10,0.008,,,,,,,,,,,,,,,,0
0.00076,V1,voltage,A,0,5,V,,0,,5,-0.08800000000000002,-0.4400000000000001,0,true,true,backward_euler_step_doubling,0.00002,,0.008,dc,5,10,0,50,2,,,,,,,,,,0
0.00076,S2,switch,A,B,0,,true,0,,0,0.08800000000000002,0,0,true,true,backward_euler_step_doubling,0.00002,,0.008,,,,,,,true,true,1@0.003=open,,,,,,,0
0.00076,R3,resistor,B,0,100,Ω,,0,,5,0.05,0.25,0,true,true,backward_euler_step_doubling,0.00002,,0.008,,,,,,,,,,,,,,,,0
0.00076,L4,inductor,B,0,100,mH,,0,A,5,0.03800000000000002,0.1900000000000001,0.00007220000000000007,true,true,backward_euler_step_doubling,0.00002,1e-10,0.008,,,,,,,,,,,,,,,,0
0.0008,V1,voltage,A,0,5,V,,0,,5,-0.09000000000000002,-0.4500000000000001,0,true,true,backward_euler_step_doubling,0.00002,,0.008,dc,5,10,0,50,2,,,,,,,,,,0
0.0008,S2,switch,A,B,0,,true,0,,0,0.09000000000000002,0,0,true,true,backward_euler_step_doubling,0.00002,,0.008,,,,,,,true,true,1@0.003=open,,,,,,,0
0.0008,R3,resistor,B,0,100,Ω,,0,,5,0.05,0.25,0,true,true,backward_euler_step_doubling,0.00002,,0.008,,,,,,,,,,,,,,,,0
0.0008,L4,inductor,B,0,100,mH,,0,A,5,0.04000000000000002,0.20000000000000012,0.0000800000000000001,true,true,backward_euler_step_doubling,0.00002,1e-10,0.008,,,,,,,,,,,,,,,,0
0.00084,V1,voltage,A,0,5,V,,0,,5,-0.09200000000000003,-0.46000000000000013,0,true,true,backward_euler_step_doubling,0.00002,,0.008,dc,5,10,0,50,2,,,,,,,,,,0
0.00084,S2,switch,A,B,0,,true,0,,0,0.09200000000000003,0,0,true,true,backward_euler_step_doubling,0.00002,,0.008,,,,,,,true,true,1@0.003=open,,,,,,,0
0.00084,R3,resistor,B,0,100,Ω,,0,,5,0.05,0.25,0,true,true,backward_euler_step_doubling,0.00002,,0.008,,,,,,,,,,,,,,,,0
0.00084,L4,inductor,B,0,100,mH,,0,A,5,0.04200000000000002,0.21000000000000013,0.0000882000000000001,true,true,backward_euler_step_doubling,0.00002,1e-10,0.008,,,,,,,,,,,,,,,,0
0.00088,V1,voltage,A,0,5,V,,0,,5,-0.09400000000000003,-0.47000000000000014,0,true,true,backward_euler_step_doubling,0.00002,,0.008,dc,5,10,0,50,2,,,,,,,,,,0
0.00088,S2,switch,A,B,0,,true,0,,0,0.09400000000000003,0,0,true,true,backward_euler_step_doubling,0.00002,,0.008,,,,,,,true,true,1@0.003=open,,,,,,,0
0.00088,R3,resistor,B,0,100,Ω,,0,,5,0.05,0.25,0,true,true,backward_euler_step_doubling,0.00002,,0.008,,,,,,,,,,,,,,,,0
0.00088,L4,inductor,B,0,100,mH,,0,A,5,0.044000000000000025,0.22000000000000014,0.00009680000000000012,true,true,backward_euler_step_doubling,0.00002,1e-10,0.008,,,,,,,,,,,,,,,,0
0.00092,V1,voltage,A,0,5,V,,0,,5,-0.09600000000000003,-0.48000000000000015,0,true,true,backward_euler_step_doubling,0.00002,,0.008,dc,5,10,0,50,2,,,,,,,,,,0
0.00092,S2,switch,A,B,0,,true,0,,0,0.09600000000000003,0,0,true,true,backward_euler_step_doubling,0.00002,,0.008,,,,,,,true,true,1@0.003=open,,,,,,,0
0.00092,R3,resistor,B,0,100,Ω,,0,,5,0.05,0.25,0,true,true,backward_euler_step_doubling,0.00002,,0.008,,,,,,,,,,,,,,,,0
0.00092,L4,inductor,B,0,100,mH,,0,A,5,0.04600000000000003,0.23000000000000015,0.00010580000000000012,true,true,backward_euler_step_doubling,0.00002,1e-10,0.008,,,,,,,,,,,,,,,,0
0.00096,V1,voltage,A,0,5,V,,0,,5,-0.09800000000000003,-0.49000000000000016,0,true,true,backward_euler_step_doubling,0.00002,,0.008,dc,5,10,0,50,2,,,,,,,,,,0
0.00096,S2,switch,A,B,0,,true,0,,0,0.09800000000000003,0,0,true,true,backward_euler_step_doubling,0.00002,,0.008,,,,,,,true,true,1@0.003=open,,,,,,,0
0.00096,R3,resistor,B,0,100,Ω,,0,,5,0.05,0.25,0,true,true,backward_euler_step_doubling,0.00002,,0.008,,,,,,,,,,,,,,,,0
0.00096,L4,inductor,B,0,100,mH,,0,A,5,0.04800000000000003,0.24000000000000016,0.00011520000000000014,true,true,backward_euler_step_doubling,0.00002,1e-10,0.008,,,,,,,,,,,,,,,,0
0.001,V1,voltage,A,0,5,V,,0,,5,-0.10000000000000003,-0.5000000000000002,0,true,true,backward_euler_step_doubling,0.00002,,0.008,dc,5,10,0,50,2,,,,,,,,,,0
0.001,S2,switch,A,B,0,,true,0,,0,0.10000000000000003,0,0,true,true,backward_euler_step_doubling,0.00002,,0.008,,,,,,,true,true,1@0.003=open,,,,,,,0
0.001,R3,resistor,B,0,100,Ω,,0,,5,0.05,0.25,0,true,true,backward_euler_step_doubling,0.00002,,0.008,,,,,,,,,,,,,,,,0
0.001,L4,inductor,B,0,100,mH,,0,A,5,0.05000000000000003,0.25000000000000017,0.00012500000000000017,true,true,backward_euler_step_doubling,0.00002,1e-10,0.008,,,,,,,,,,,,,,,,0
0.0010400000000000001,V1,voltage,A,0,5,V,,0,,5,-0.10200000000000004,-0.5100000000000002,0,true,true,backward_euler_step_doubling,0.00002,,0.008,dc,5,10,0,50,2,,,,,,,,,,0
0.0010400000000000001,S2,switch,A,B,0,,true,0,,0,0.10200000000000004,0,0,true,true,backward_euler_step_doubling,0.00002,,0.008,,,,,,,true,true,1@0.003=open,,,,,,,0
0.0010400000000000001,R3,resistor,B,0,100,Ω,,0,,5,0.05,0.25,0,true,true,backward_euler_step_doubling,0.00002,,0.008,,,,,,,,,,,,,,,,0
0.0010400000000000001,L4,inductor,B,0,100,mH,,0,A,5,0.05200000000000003,0.2600000000000002,0.00013520000000000017,true,true,backward_euler_step_doubling,0.00002,1e-10,0.008,,,,,,,,,,,,,,,,0
0.0010800000000000002,V1,voltage,A,0,5,V,,0,,5,-0.10400000000000004,-0.5200000000000002,0,true,true,backward_euler_step_doubling,0.00002,,0.008,dc,5,10,0,50,2,,,,,,,,,,0
0.0010800000000000002,S2,switch,A,B,0,,true,0,,0,0.10400000000000004,0,0,true,true,backward_euler_step_doubling,0.00002,,0.008,,,,,,,true,true,1@0.003=open,,,,,,,0
0.0010800000000000002,R3,resistor,B,0,100,Ω,,0,,5,0.05,0.25,0,true,true,backward_euler_step_doubling,0.00002,,0.008,,,,,,,,,,,,,,,,0
0.0010800000000000002,L4,inductor,B,0,100,mH,,0,A,5,0.054000000000000034,0.2700000000000002,0.00014580000000000018,true,true,backward_euler_step_doubling,0.00002,1e-10,0.008,,,,,,,,,,,,,,,,0
0.0011200000000000001,V1,voltage,A,0,5,V,,0,,5,-0.10600000000000004,-0.5300000000000002,0,true,true,backward_euler_step_doubling,0.00002,,0.008,dc,5,10,0,50,2,,,,,,,,,,0
0.0011200000000000001,S2,switch,A,B,0,,true,0,,0,0.10600000000000004,0,0,true,true,backward_euler_step_doubling,0.00002,,0.008,,,,,,,true,true,1@0.003=open,,,,,,,0
0.0011200000000000001,R3,resistor,B,0,100,Ω,,0,,5,0.05,0.25,0,true,true,backward_euler_step_doubling,0.00002,,0.008,,,,,,,,,,,,,,,,0
0.0011200000000000001,L4,inductor,B,0,100,mH,,0,A,5,0.056000000000000036,0.2800000000000002,0.00015680000000000023,true,true,backward_euler_step_doubling,0.00002,1e-10,0.008,,,,,,,,,,,,,,,,0
0.00116,V1,voltage,A,0,5,V,,0,,5,-0.10800000000000004,-0.5400000000000003,0,true,true,backward_euler_step_doubling,0.00002,,0.008,dc,5,10,0,50,2,,,,,,,,,,0
0.00116,S2,switch,A,B,0,,true,0,,0,0.10800000000000004,0,0,true,true,backward_euler_step_doubling,0.00002,,0.008,,,,,,,true,true,1@0.003=open,,,,,,,0
0.00116,R3,resistor,B,0,100,Ω,,0,,5,0.05,0.25,0,true,true,backward_euler_step_doubling,0.00002,,0.008,,,,,,,,,,,,,,,,0
0.00116,L4,inductor,B,0,100,mH,,0,A,5,0.05800000000000004,0.2900000000000002,0.0001682000000000002,true,true,backward_euler_step_doubling,0.00002,1e-10,0.008,,,,,,,,,,,,,,,,0
0.0012000000000000001,V1,voltage,A,0,5,V,,0,,5,-0.11000000000000004,-0.5500000000000003,0,true,true,backward_euler_step_doubling,0.00002,,0.008,dc,5,10,0,50,2,,,,,,,,,,0
0.0012000000000000001,S2,switch,A,B,0,,true,0,,0,0.11000000000000004,0,0,true,true,backward_euler_step_doubling,0.00002,,0.008,,,,,,,true,true,1@0.003=open,,,,,,,0
0.0012000000000000001,R3,resistor,B,0,100,Ω,,0,,5,0.05,0.25,0,true,true,backward_euler_step_doubling,0.00002,,0.008,,,,,,,,,,,,,,,,0
0.0012000000000000001,L4,inductor,B,0,100,mH,,0,A,5,0.06000000000000004,0.3000000000000002,0.00018000000000000026,true,true,backward_euler_step_doubling,0.00002,1e-10,0.008,,,,,,,,,,,,,,,,0
0.0012400000000000002,V1,voltage,A,0,5,V,,0,,5,-0.11200000000000004,-0.5600000000000003,0,true,true,backward_euler_step_doubling,0.00002,,0.008,dc,5,10,0,50,2,,,,,,,,,,0
0.0012400000000000002,S2,switch,A,B,0,,true,0,,0,0.11200000000000004,0,0,true,true,backward_euler_step_doubling,0.00002,,0.008,,,,,,,true,true,1@0.003=open,,,,,,,0
0.0012400000000000002,R3,resistor,B,0,100,Ω,,0,,5,0.05,0.25,0,true,true,backward_euler_step_doubling,0.00002,,0.008,,,,,,,,,,,,,,,,0
0.0012400000000000002,L4,inductor,B,0,100,mH,,0,A,5,0.06200000000000004,0.3100000000000002,0.00019220000000000025,true,true,backward_euler_step_doubling,0.00002,1e-10,0.008,,,,,,,,,,,,,,,,0
0.00128,V1,voltage,A,0,5,V,,0,,5,-0.11400000000000005,-0.5700000000000003,0,true,true,backward_euler_step_doubling,0.00002,,0.008,dc,5,10,0,50,2,,,,,,,,,,0
0.00128,S2,switch,A,B,0,,true,0,,0,0.11400000000000005,0,0,true,true,backward_euler_step_doubling,0.00002,,0.008,,,,,,,true,true,1@0.003=open,,,,,,,0
0.00128,R3,resistor,B,0,100,Ω,,0,,5,0.05,0.25,0,true,true,backward_euler_step_doubling,0.00002,,0.008,,,,,,,,,,,,,,,,0
0.00128,L4,inductor,B,0,100,mH,,0,A,5,0.06400000000000004,0.32000000000000023,0.0002048000000000003,true,true,backward_euler_step_doubling,0.00002,1e-10,0.008,,,,,,,,,,,,,,,,0
0.00132,V1,voltage,A,0,5,V,,0,,5,-0.11600000000000005,-0.5800000000000003,0,true,true,backward_euler_step_doubling,0.00002,,0.008,dc,5,10,0,50,2,,,,,,,,,,0
0.00132,S2,switch,A,B,0,,true,0,,0,0.11600000000000005,0,0,true,true,backward_euler_step_doubling,0.00002,,0.008,,,,,,,true,true,1@0.003=open,,,,,,,0
0.00132,R3,resistor,B,0,100,Ω,,0,,5,0.05,0.25,0,true,true,backward_euler_step_doubling,0.00002,,0.008,,,,,,,,,,,,,,,,0
0.00132,L4,inductor,B,0,100,mH,,0,A,5,0.06600000000000004,0.33000000000000024,0.0002178000000000003,true,true,backward_euler_step_doubling,0.00002,1e-10,0.008,,,,,,,,,,,,,,,,0
0.00136,V1,voltage,A,0,5,V,,0,,5,-0.11800000000000005,-0.5900000000000003,0,true,true,backward_euler_step_doubling,0.00002,,0.008,dc,5,10,0,50,2,,,,,,,,,,0
0.00136,S2,switch,A,B,0,,true,0,,0,0.11800000000000005,0,0,true,true,backward_euler_step_doubling,0.00002,,0.008,,,,,,,true,true,1@0.003=open,,,,,,,0
0.00136,R3,resistor,B,0,100,Ω,,0,,5,0.05,0.25,0,true,true,backward_euler_step_doubling,0.00002,,0.008,,,,,,,,,,,,,,,,0
0.00136,L4,inductor,B,0,100,mH,,0,A,5,0.06800000000000005,0.34000000000000025,0.00023120000000000033,true,true,backward_euler_step_doubling,0.00002,1e-10,0.008,,,,,,,,,,,,,,,,0
0.0014000000000000002,V1,voltage,A,0,5,V,,0,,5,-0.12000000000000005,-0.6000000000000003,0,true,true,backward_euler_step_doubling,0.00002,,0.008,dc,5,10,0,50,2,,,,,,,,,,0
0.0014000000000000002,S2,switch,A,B,0,,true,0,,0,0.12000000000000005,0,0,true,true,backward_euler_step_doubling,0.00002,,0.008,,,,,,,true,true,1@0.003=open,,,,,,,0
0.0014000000000000002,R3,resistor,B,0,100,Ω,,0,,5,0.05,0.25,0,true,true,backward_euler_step_doubling,0.00002,,0.008,,,,,,,,,,,,,,,,0
0.0014000000000000002,L4,inductor,B,0,100,mH,,0,A,5,0.07000000000000005,0.35000000000000026,0.00024500000000000037,true,true,backward_euler_step_doubling,0.00002,1e-10,0.008,,,,,,,,,,,,,,,,0
0.00144,V1,voltage,A,0,5,V,,0,,5,-0.12200000000000005,-0.6100000000000003,0,true,true,backward_euler_step_doubling,0.00002,,0.008,dc,5,10,0,50,2,,,,,,,,,,0
0.00144,S2,switch,A,B,0,,true,0,,0,0.12200000000000005,0,0,true,true,backward_euler_step_doubling,0.00002,,0.008,,,,,,,true,true,1@0.003=open,,,,,,,0
0.00144,R3,resistor,B,0,100,Ω,,0,,5,0.05,0.25,0,true,true,backward_euler_step_doubling,0.00002,,0.008,,,,,,,,,,,,,,,,0
0.00144,L4,inductor,B,0,100,mH,,0,A,5,0.07200000000000005,0.36000000000000026,0.00025920000000000034,true,true,backward_euler_step_doubling,0.00002,1e-10,0.008,,,,,,,,,,,,,,,,0
0.00148,V1,voltage,A,0,5,V,,0,,5,-0.12400000000000005,-0.6200000000000003,0,true,true,backward_euler_step_doubling,0.00002,,0.008,dc,5,10,0,50,2,,,,,,,,,,0
0.00148,S2,switch,A,B,0,,true,0,,0,0.12400000000000005,0,0,true,true,backward_euler_step_doubling,0.00002,,0.008,,,,,,,true,true,1@0.003=open,,,,,,,0
0.00148,R3,resistor,B,0,100,Ω,,0,,5,0.05,0.25,0,true,true,backward_euler_step_doubling,0.00002,,0.008,,,,,,,,,,,,,,,,0
0.00148,L4,inductor,B,0,100,mH,,0,A,5,0.07400000000000005,0.3700000000000003,0.0002738000000000004,true,true,backward_euler_step_doubling,0.00002,1e-10,0.008,,,,,,,,,,,,,,,,0
0.00152,V1,voltage,A,0,5,V,,0,,5,-0.12600000000000006,-0.6300000000000003,0,true,true,backward_euler_step_doubling,0.00002,,0.008,dc,5,10,0,50,2,,,,,,,,,,0
0.00152,S2,switch,A,B,0,,true,0,,0,0.12600000000000006,0,0,true,true,backward_euler_step_doubling,0.00002,,0.008,,,,,,,true,true,1@0.003=open,,,,,,,0
0.00152,R3,resistor,B,0,100,Ω,,0,,5,0.05,0.25,0,true,true,backward_euler_step_doubling,0.00002,,0.008,,,,,,,,,,,,,,,,0
0.00152,L4,inductor,B,0,100,mH,,0,A,5,0.07600000000000005,0.3800000000000003,0.00028880000000000046,true,true,backward_euler_step_doubling,0.00002,1e-10,0.008,,,,,,,,,,,,,,,,0
0.0015600000000000002,V1,voltage,A,0,5,V,,0,,5,-0.12800000000000006,-0.6400000000000003,0,true,true,backward_euler_step_doubling,0.00002,,0.008,dc,5,10,0,50,2,,,,,,,,,,0
0.0015600000000000002,S2,switch,A,B,0,,true,0,,0,0.12800000000000006,0,0,true,true,backward_euler_step_doubling,0.00002,,0.008,,,,,,,true,true,1@0.003=open,,,,,,,0
0.0015600000000000002,R3,resistor,B,0,100,Ω,,0,,5,0.05,0.25,0,true,true,backward_euler_step_doubling,0.00002,,0.008,,,,,,,,,,,,,,,,0
0.0015600000000000002,L4,inductor,B,0,100,mH,,0,A,5,0.07800000000000006,0.3900000000000003,0.00030420000000000046,true,true,backward_euler_step_doubling,0.00002,1e-10,0.008,,,,,,,,,,,,,,,,0
0.0016,V1,voltage,A,0,5,V,,0,,5,-0.13000000000000006,-0.6500000000000004,0,true,true,backward_euler_step_doubling,0.00002,,0.008,dc,5,10,0,50,2,,,,,,,,,,0
0.0016,S2,switch,A,B,0,,true,0,,0,0.13000000000000006,0,0,true,true,backward_euler_step_doubling,0.00002,,0.008,,,,,,,true,true,1@0.003=open,,,,,,,0
0.0016,R3,resistor,B,0,100,Ω,,0,,5,0.05,0.25,0,true,true,backward_euler_step_doubling,0.00002,,0.008,,,,,,,,,,,,,,,,0
0.0016,L4,inductor,B,0,100,mH,,0,A,5,0.08000000000000006,0.4000000000000003,0.00032000000000000046,true,true,backward_euler_step_doubling,0.00002,1e-10,0.008,,,,,,,,,,,,,,,,0
0.00164,V1,voltage,A,0,5,V,,0,,5,-0.13200000000000006,-0.6600000000000004,0,true,true,backward_euler_step_doubling,0.00002,,0.008,dc,5,10,0,50,2,,,,,,,,,,0
0.00164,S2,switch,A,B,0,,true,0,,0,0.13200000000000006,0,0,true,true,backward_euler_step_doubling,0.00002,,0.008,,,,,,,true,true,1@0.003=open,,,,,,,0
0.00164,R3,resistor,B,0,100,Ω,,0,,5,0.05,0.25,0,true,true,backward_euler_step_doubling,0.00002,,0.008,,,,,,,,,,,,,,,,0
0.00164,L4,inductor,B,0,100,mH,,0,A,5,0.08200000000000006,0.4100000000000003,0.0003362000000000005,true,true,backward_euler_step_doubling,0.00002,1e-10,0.008,,,,,,,,,,,,,,,,0
0.00168,V1,voltage,A,0,5,V,,0,,5,-0.13400000000000006,-0.6700000000000004,0,true,true,backward_euler_step_doubling,0.00002,,0.008,dc,5,10,0,50,2,,,,,,,,,,0
0.00168,S2,switch,A,B,0,,true,0,,0,0.13400000000000006,0,0,true,true,backward_euler_step_doubling,0.00002,,0.008,,,,,,,true,true,1@0.003=open,,,,,,,0
0.00168,R3,resistor,B,0,100,Ω,,0,,5,0.05,0.25,0,true,true,backward_euler_step_doubling,0.00002,,0.008,,,,,,,,,,,,,,,,0
0.00168,L4,inductor,B,0,100,mH,,0,A,5,0.08400000000000006,0.4200000000000003,0.0003528000000000005,true,true,backward_euler_step_doubling,0.00002,1e-10,0.008,,,,,,,,,,,,,,,,0
0.0017200000000000002,V1,voltage,A,0,5,V,,0,,5,-0.13600000000000007,-0.6800000000000004,0,true,true,backward_euler_step_doubling,0.00002,,0.008,dc,5,10,0,50,2,,,,,,,,,,0
0.0017200000000000002,S2,switch,A,B,0,,true,0,,0,0.13600000000000007,0,0,true,true,backward_euler_step_doubling,0.00002,,0.008,,,,,,,true,true,1@0.003=open,,,,,,,0
0.0017200000000000002,R3,resistor,B,0,100,Ω,,0,,5,0.05,0.25,0,true,true,backward_euler_step_doubling,0.00002,,0.008,,,,,,,,,,,,,,,,0
0.0017200000000000002,L4,inductor,B,0,100,mH,,0,A,5,0.08600000000000006,0.4300000000000003,0.0003698000000000006,true,true,backward_euler_step_doubling,0.00002,1e-10,0.008,,,,,,,,,,,,,,,,0
0.00176,V1,voltage,A,0,5,V,,0,,5,-0.13800000000000007,-0.6900000000000004,0,true,true,backward_euler_step_doubling,0.00002,,0.008,dc,5,10,0,50,2,,,,,,,,,,0
0.00176,S2,switch,A,B,0,,true,0,,0,0.13800000000000007,0,0,true,true,backward_euler_step_doubling,0.00002,,0.008,,,,,,,true,true,1@0.003=open,,,,,,,0
0.00176,R3,resistor,B,0,100,Ω,,0,,5,0.05,0.25,0,true,true,backward_euler_step_doubling,0.00002,,0.008,,,,,,,,,,,,,,,,0
0.00176,L4,inductor,B,0,100,mH,,0,A,5,0.08800000000000006,0.44000000000000034,0.00038720000000000063,true,true,backward_euler_step_doubling,0.00002,1e-10,0.008,,,,,,,,,,,,,,,,0
0.0018,V1,voltage,A,0,5,V,,0,,5,-0.14000000000000007,-0.7000000000000004,0,true,true,backward_euler_step_doubling,0.00002,,0.008,dc,5,10,0,50,2,,,,,,,,,,0
0.0018,S2,switch,A,B,0,,true,0,,0,0.14000000000000007,0,0,true,true,backward_euler_step_doubling,0.00002,,0.008,,,,,,,true,true,1@0.003=open,,,,,,,0
0.0018,R3,resistor,B,0,100,Ω,,0,,5,0.05,0.25,0,true,true,backward_euler_step_doubling,0.00002,,0.008,,,,,,,,,,,,,,,,0
0.0018,L4,inductor,B,0,100,mH,,0,A,5,0.09000000000000007,0.45000000000000034,0.0004050000000000006,true,true,backward_euler_step_doubling,0.00002,1e-10,0.008,,,,,,,,,,,,,,,,0
0.00184,V1,voltage,A,0,5,V,,0,,5,-0.14200000000000007,-0.7100000000000004,0,true,true,backward_euler_step_doubling,0.00002,,0.008,dc,5,10,0,50,2,,,,,,,,,,0
0.00184,S2,switch,A,B,0,,true,0,,0,0.14200000000000007,0,0,true,true,backward_euler_step_doubling,0.00002,,0.008,,,,,,,true,true,1@0.003=open,,,,,,,0
0.00184,R3,resistor,B,0,100,Ω,,0,,5,0.05,0.25,0,true,true,backward_euler_step_doubling,0.00002,,0.008,,,,,,,,,,,,,,,,0
0.00184,L4,inductor,B,0,100,mH,,0,A,5,0.09200000000000007,0.46000000000000035,0.00042320000000000064,true,true,backward_euler_step_doubling,0.00002,1e-10,0.008,,,,,,,,,,,,,,,,0
0.0018800000000000002,V1,voltage,A,0,5,V,,0,,5,-0.14400000000000007,-0.7200000000000004,0,true,true,backward_euler_step_doubling,0.00002,,0.008,dc,5,10,0,50,2,,,,,,,,,,0
0.0018800000000000002,S2,switch,A,B,0,,true,0,,0,0.14400000000000007,0,0,true,true,backward_euler_step_doubling,0.00002,,0.008,,,,,,,true,true,1@0.003=open,,,,,,,0
0.0018800000000000002,R3,resistor,B,0,100,Ω,,0,,5,0.05,0.25,0,true,true,backward_euler_step_doubling,0.00002,,0.008,,,,,,,,,,,,,,,,0
0.0018800000000000002,L4,inductor,B,0,100,mH,,0,A,5,0.09400000000000007,0.47000000000000036,0.00044180000000000066,true,true,backward_euler_step_doubling,0.00002,1e-10,0.008,,,,,,,,,,,,,,,,0
0.00192,V1,voltage,A,0,5,V,,0,,5,-0.14600000000000007,-0.7300000000000004,0,true,true,backward_euler_step_doubling,0.00002,,0.008,dc,5,10,0,50,2,,,,,,,,,,0
0.00192,S2,switch,A,B,0,,true,0,,0,0.14600000000000007,0,0,true,true,backward_euler_step_doubling,0.00002,,0.008,,,,,,,true,true,1@0.003=open,,,,,,,0
0.00192,R3,resistor,B,0,100,Ω,,0,,5,0.05,0.25,0,true,true,backward_euler_step_doubling,0.00002,,0.008,,,,,,,,,,,,,,,,0
0.00192,L4,inductor,B,0,100,mH,,0,A,5,0.09600000000000007,0.48000000000000037,0.00046080000000000074,true,true,backward_euler_step_doubling,0.00002,1e-10,0.008,,,,,,,,,,,,,,,,0
0.00196,V1,voltage,A,0,5,V,,0,,5,-0.14800000000000008,-0.7400000000000004,0,true,true,backward_euler_step_doubling,0.00002,,0.008,dc,5,10,0,50,2,,,,,,,,,,0
0.00196,S2,switch,A,B,0,,true,0,,0,0.14800000000000008,0,0,true,true,backward_euler_step_doubling,0.00002,,0.008,,,,,,,true,true,1@0.003=open,,,,,,,0
0.00196,R3,resistor,B,0,100,Ω,,0,,5,0.05,0.25,0,true,true,backward_euler_step_doubling,0.00002,,0.008,,,,,,,,,,,,,,,,0
0.00196,L4,inductor,B,0,100,mH,,0,A,5,0.09800000000000007,0.4900000000000004,0.0004802000000000008,true,true,backward_euler_step_doubling,0.00002,1e-10,0.008,,,,,,,,,,,,,,,,0
0.002,V1,voltage,A,0,5,V,,0,,5,-0.15000000000000008,-0.7500000000000004,0,true,true,backward_euler_step_doubling,0.00002,,0.008,dc,5,10,0,50,2,,,,,,,,,,0
0.002,S2,switch,A,B,0,,true,0,,0,0.15000000000000008,0,0,true,true,backward_euler_step_doubling,0.00002,,0.008,,,,,,,true,true,1@0.003=open,,,,,,,0
0.002,R3,resistor,B,0,100,Ω,,0,,5,0.05,0.25,0,true,true,backward_euler_step_doubling,0.00002,,0.008,,,,,,,,,,,,,,,,0
0.002,L4,inductor,B,0,100,mH,,0,A,5,0.10000000000000007,0.5000000000000003,0.0005000000000000008,true,true,backward_euler_step_doubling,0.00002,1e-10,0.008,,,,,,,,,,,,,,,,0
0.00204,V1,voltage,A,0,5,V,,0,,5,-0.15200000000000008,-0.7600000000000005,0,true,true,backward_euler_step_doubling,0.00002,,0.008,dc,5,10,0,50,2,,,,,,,,,,0
0.00204,S2,switch,A,B,0,,true,0,,0,0.15200000000000008,0,0,true,true,backward_euler_step_doubling,0.00002,,0.008,,,,,,,true,true,1@0.003=open,,,,,,,0
0.00204,R3,resistor,B,0,100,Ω,,0,,5,0.05,0.25,0,true,true,backward_euler_step_doubling,0.00002,,0.008,,,,,,,,,,,,,,,,0
0.00204,L4,inductor,B,0,100,mH,,0,A,5,0.10200000000000008,0.5100000000000003,0.0005202000000000008,true,true,backward_euler_step_doubling,0.00002,1e-10,0.008,,,,,,,,,,,,,,,,0
0.0020800000000000003,V1,voltage,A,0,5,V,,0,,5,-0.15400000000000008,-0.7700000000000005,0,true,true,backward_euler_step_doubling,0.00002,,0.008,dc,5,10,0,50,2,,,,,,,,,,0
0.0020800000000000003,S2,switch,A,B,0,,true,0,,0,0.15400000000000008,0,0,true,true,backward_euler_step_doubling,0.00002,,0.008,,,,,,,true,true,1@0.003=open,,,,,,,0
0.0020800000000000003,R3,resistor,B,0,100,Ω,,0,,5,0.05,0.25,0,true,true,backward_euler_step_doubling,0.00002,,0.008,,,,,,,,,,,,,,,,0
0.0020800000000000003,L4,inductor,B,0,100,mH,,0,A,5,0.10400000000000008,0.5200000000000004,0.0005408000000000008,true,true,backward_euler_step_doubling,0.00002,1e-10,0.008,,,,,,,,,,,,,,,,0
0.0021200000000000004,V1,voltage,A,0,5,V,,0,,5,-0.15600000000000008,-0.7800000000000005,0,true,true,backward_euler_step_doubling,0.00002,,0.008,dc,5,10,0,50,2,,,,,,,,,,0
0.0021200000000000004,S2,switch,A,B,0,,true,0,,0,0.15600000000000008,0,0,true,true,backward_euler_step_doubling,0.00002,,0.008,,,,,,,true,true,1@0.003=open,,,,,,,0
0.0021200000000000004,R3,resistor,B,0,100,Ω,,0,,5,0.05,0.25,0,true,true,backward_euler_step_doubling,0.00002,,0.008,,,,,,,,,,,,,,,,0
0.0021200000000000004,L4,inductor,B,0,100,mH,,0,A,5,0.10600000000000008,0.5300000000000004,0.0005618000000000009,true,true,backward_euler_step_doubling,0.00002,1e-10,0.008,,,,,,,,,,,,,,,,0
0.0021600000000000005,V1,voltage,A,0,5,V,,0,,5,-0.15800000000000008,-0.7900000000000005,0,true,true,backward_euler_step_doubling,0.00002,,0.008,dc,5,10,0,50,2,,,,,,,,,,0
0.0021600000000000005,S2,switch,A,B,0,,true,0,,0,0.15800000000000008,0,0,true,true,backward_euler_step_doubling,0.00002,,0.008,,,,,,,true,true,1@0.003=open,,,,,,,0
0.0021600000000000005,R3,resistor,B,0,100,Ω,,0,,5,0.05,0.25,0,true,true,backward_euler_step_doubling,0.00002,,0.008,,,,,,,,,,,,,,,,0
0.0021600000000000005,L4,inductor,B,0,100,mH,,0,A,5,0.10800000000000008,0.5400000000000004,0.000583200000000001,true,true,backward_euler_step_doubling,0.00002,1e-10,0.008,,,,,,,,,,,,,,,,0
0.0022000000000000006,V1,voltage,A,0,5,V,,0,,5,-0.1600000000000001,-0.8000000000000005,0,true,true,backward_euler_step_doubling,0.00002,,0.008,dc,5,10,0,50,2,,,,,,,,,,0
0.0022000000000000006,S2,switch,A,B,0,,true,0,,0,0.1600000000000001,0,0,true,true,backward_euler_step_doubling,0.00002,,0.008,,,,,,,true,true,1@0.003=open,,,,,,,0
0.0022000000000000006,R3,resistor,B,0,100,Ω,,0,,5,0.05,0.25,0,true,true,backward_euler_step_doubling,0.00002,,0.008,,,,,,,,,,,,,,,,0
0.0022000000000000006,L4,inductor,B,0,100,mH,,0,A,5,0.11000000000000008,0.5500000000000004,0.000605000000000001,true,true,backward_euler_step_doubling,0.00002,1e-10,0.008,,,,,,,,,,,,,,,,0
0.0022400000000000007,V1,voltage,A,0,5,V,,0,,5,-0.1620000000000001,-0.8100000000000005,0,true,true,backward_euler_step_doubling,0.00002,,0.008,dc,5,10,0,50,2,,,,,,,,,,0
0.0022400000000000007,S2,switch,A,B,0,,true,0,,0,0.1620000000000001,0,0,true,true,backward_euler_step_doubling,0.00002,,0.008,,,,,,,true,true,1@0.003=open,,,,,,,0
0.0022400000000000007,R3,resistor,B,0,100,Ω,,0,,5,0.05,0.25,0,true,true,backward_euler_step_doubling,0.00002,,0.008,,,,,,,,,,,,,,,,0
0.0022400000000000007,L4,inductor,B,0,100,mH,,0,A,5,0.11200000000000009,0.5600000000000004,0.0006272000000000009,true,true,backward_euler_step_doubling,0.00002,1e-10,0.008,,,,,,,,,,,,,,,,0
0.0022800000000000008,V1,voltage,A,0,5,V,,0,,5,-0.1640000000000001,-0.8200000000000005,0,true,true,backward_euler_step_doubling,0.00002,,0.008,dc,5,10,0,50,2,,,,,,,,,,0
0.0022800000000000008,S2,switch,A,B,0,,true,0,,0,0.1640000000000001,0,0,true,true,backward_euler_step_doubling,0.00002,,0.008,,,,,,,true,true,1@0.003=open,,,,,,,0
0.0022800000000000008,R3,resistor,B,0,100,Ω,,0,,5,0.05,0.25,0,true,true,backward_euler_step_doubling,0.00002,,0.008,,,,,,,,,,,,,,,,0
0.0022800000000000008,L4,inductor,B,0,100,mH,,0,A,5,0.11400000000000009,0.5700000000000004,0.000649800000000001,true,true,backward_euler_step_doubling,0.00002,1e-10,0.008,,,,,,,,,,,,,,,,0
0.002320000000000001,V1,voltage,A,0,5,V,,0,,5,-0.1660000000000001,-0.8300000000000005,0,true,true,backward_euler_step_doubling,0.00002,,0.008,dc,5,10,0,50,2,,,,,,,,,,0
0.002320000000000001,S2,switch,A,B,0,,true,0,,0,0.1660000000000001,0,0,true,true,backward_euler_step_doubling,0.00002,,0.008,,,,,,,true,true,1@0.003=open,,,,,,,0
0.002320000000000001,R3,resistor,B,0,100,Ω,,0,,5,0.05,0.25,0,true,true,backward_euler_step_doubling,0.00002,,0.008,,,,,,,,,,,,,,,,0
0.002320000000000001,L4,inductor,B,0,100,mH,,0,A,5,0.11600000000000009,0.5800000000000004,0.0006728000000000011,true,true,backward_euler_step_doubling,0.00002,1e-10,0.008,,,,,,,,,,,,,,,,0
0.002360000000000001,V1,voltage,A,0,5,V,,0,,5,-0.1680000000000001,-0.8400000000000005,0,true,true,backward_euler_step_doubling,0.00002,,0.008,dc,5,10,0,50,2,,,,,,,,,,0
0.002360000000000001,S2,switch,A,B,0,,true,0,,0,0.1680000000000001,0,0,true,true,backward_euler_step_doubling,0.00002,,0.008,,,,,,,true,true,1@0.003=open,,,,,,,0
0.002360000000000001,R3,resistor,B,0,100,Ω,,0,,5,0.05,0.25,0,true,true,backward_euler_step_doubling,0.00002,,0.008,,,,,,,,,,,,,,,,0
0.002360000000000001,L4,inductor,B,0,100,mH,,0,A,5,0.11800000000000009,0.5900000000000004,0.0006962000000000011,true,true,backward_euler_step_doubling,0.00002,1e-10,0.008,,,,,,,,,,,,,,,,0
0.002400000000000001,V1,voltage,A,0,5,V,,0,,5,-0.1700000000000001,-0.8500000000000005,0,true,true,backward_euler_step_doubling,0.00002,,0.008,dc,5,10,0,50,2,,,,,,,,,,0
0.002400000000000001,S2,switch,A,B,0,,true,0,,0,0.1700000000000001,0,0,true,true,backward_euler_step_doubling,0.00002,,0.008,,,,,,,true,true,1@0.003=open,,,,,,,0
0.002400000000000001,R3,resistor,B,0,100,Ω,,0,,5,0.05,0.25,0,true,true,backward_euler_step_doubling,0.00002,,0.008,,,,,,,,,,,,,,,,0
0.002400000000000001,L4,inductor,B,0,100,mH,,0,A,5,0.12000000000000009,0.6000000000000004,0.0007200000000000012,true,true,backward_euler_step_doubling,0.00002,1e-10,0.008,,,,,,,,,,,,,,,,0
0.002440000000000001,V1,voltage,A,0,5,V,,0,,5,-0.1720000000000001,-0.8600000000000005,0,true,true,backward_euler_step_doubling,0.00002,,0.008,dc,5,10,0,50,2,,,,,,,,,,0
0.002440000000000001,S2,switch,A,B,0,,true,0,,0,0.1720000000000001,0,0,true,true,backward_euler_step_doubling,0.00002,,0.008,,,,,,,true,true,1@0.003=open,,,,,,,0
0.002440000000000001,R3,resistor,B,0,100,Ω,,0,,5,0.05,0.25,0,true,true,backward_euler_step_doubling,0.00002,,0.008,,,,,,,,,,,,,,,,0
0.002440000000000001,L4,inductor,B,0,100,mH,,0,A,5,0.1220000000000001,0.6100000000000004,0.0007442000000000012,true,true,backward_euler_step_doubling,0.00002,1e-10,0.008,,,,,,,,,,,,,,,,0
0.0024800000000000013,V1,voltage,A,0,5,V,,0,,5,-0.1740000000000001,-0.8700000000000006,0,true,true,backward_euler_step_doubling,0.00002,,0.008,dc,5,10,0,50,2,,,,,,,,,,0
0.0024800000000000013,S2,switch,A,B,0,,true,0,,0,0.1740000000000001,0,0,true,true,backward_euler_step_doubling,0.00002,,0.008,,,,,,,true,true,1@0.003=open,,,,,,,0
0.0024800000000000013,R3,resistor,B,0,100,Ω,,0,,5,0.05,0.25,0,true,true,backward_euler_step_doubling,0.00002,,0.008,,,,,,,,,,,,,,,,0
0.0024800000000000013,L4,inductor,B,0,100,mH,,0,A,5,0.1240000000000001,0.6200000000000004,0.0007688000000000012,true,true,backward_euler_step_doubling,0.00002,1e-10,0.008,,,,,,,,,,,,,,,,0
0.0025200000000000014,V1,voltage,A,0,5,V,,0,,5,-0.1760000000000001,-0.8800000000000006,0,true,true,backward_euler_step_doubling,0.00002,,0.008,dc,5,10,0,50,2,,,,,,,,,,0
0.0025200000000000014,S2,switch,A,B,0,,true,0,,0,0.1760000000000001,0,0,true,true,backward_euler_step_doubling,0.00002,,0.008,,,,,,,true,true,1@0.003=open,,,,,,,0
0.0025200000000000014,R3,resistor,B,0,100,Ω,,0,,5,0.05,0.25,0,true,true,backward_euler_step_doubling,0.00002,,0.008,,,,,,,,,,,,,,,,0
0.0025200000000000014,L4,inductor,B,0,100,mH,,0,A,5,0.1260000000000001,0.6300000000000006,0.0007938000000000015,true,true,backward_euler_step_doubling,0.00002,1e-10,0.008,,,,,,,,,,,,,,,,0
0.0025600000000000015,V1,voltage,A,0,5,V,,0,,5,-0.1780000000000001,-0.8900000000000006,0,true,true,backward_euler_step_doubling,0.00002,,0.008,dc,5,10,0,50,2,,,,,,,,,,0
0.0025600000000000015,S2,switch,A,B,0,,true,0,,0,0.1780000000000001,0,0,true,true,backward_euler_step_doubling,0.00002,,0.008,,,,,,,true,true,1@0.003=open,,,,,,,0
0.0025600000000000015,R3,resistor,B,0,100,Ω,,0,,5,0.05,0.25,0,true,true,backward_euler_step_doubling,0.00002,,0.008,,,,,,,,,,,,,,,,0
0.0025600000000000015,L4,inductor,B,0,100,mH,,0,A,5,0.1280000000000001,0.6400000000000006,0.0008192000000000016,true,true,backward_euler_step_doubling,0.00002,1e-10,0.008,,,,,,,,,,,,,,,,0
0.0026000000000000016,V1,voltage,A,0,5,V,,0,,5,-0.1800000000000001,-0.9000000000000006,0,true,true,backward_euler_step_doubling,0.00002,,0.008,dc,5,10,0,50,2,,,,,,,,,,0
0.0026000000000000016,S2,switch,A,B,0,,true,0,,0,0.1800000000000001,0,0,true,true,backward_euler_step_doubling,0.00002,,0.008,,,,,,,true,true,1@0.003=open,,,,,,,0
0.0026000000000000016,R3,resistor,B,0,100,Ω,,0,,5,0.05,0.25,0,true,true,backward_euler_step_doubling,0.00002,,0.008,,,,,,,,,,,,,,,,0
0.0026000000000000016,L4,inductor,B,0,100,mH,,0,A,5,0.13000000000000012,0.6500000000000006,0.0008450000000000015,true,true,backward_euler_step_doubling,0.00002,1e-10,0.008,,,,,,,,,,,,,,,,0
0.0026400000000000017,V1,voltage,A,0,5,V,,0,,5,-0.1820000000000001,-0.9100000000000006,0,true,true,backward_euler_step_doubling,0.00002,,0.008,dc,5,10,0,50,2,,,,,,,,,,0
0.0026400000000000017,S2,switch,A,B,0,,true,0,,0,0.1820000000000001,0,0,true,true,backward_euler_step_doubling,0.00002,,0.008,,,,,,,true,true,1@0.003=open,,,,,,,0
0.0026400000000000017,R3,resistor,B,0,100,Ω,,0,,5,0.05,0.25,0,true,true,backward_euler_step_doubling,0.00002,,0.008,,,,,,,,,,,,,,,,0
0.0026400000000000017,L4,inductor,B,0,100,mH,,0,A,5,0.13200000000000012,0.6600000000000006,0.0008712000000000016,true,true,backward_euler_step_doubling,0.00002,1e-10,0.008,,,,,,,,,,,,,,,,0
0.002680000000000002,V1,voltage,A,0,5,V,,0,,5,-0.1840000000000001,-0.9200000000000006,0,true,true,backward_euler_step_doubling,0.00002,,0.008,dc,5,10,0,50,2,,,,,,,,,,0
0.002680000000000002,S2,switch,A,B,0,,true,0,,0,0.1840000000000001,0,0,true,true,backward_euler_step_doubling,0.00002,,0.008,,,,,,,true,true,1@0.003=open,,,,,,,0
0.002680000000000002,R3,resistor,B,0,100,Ω,,0,,5,0.05,0.25,0,true,true,backward_euler_step_doubling,0.00002,,0.008,,,,,,,,,,,,,,,,0
0.002680000000000002,L4,inductor,B,0,100,mH,,0,A,5,0.13400000000000012,0.6700000000000006,0.0008978000000000017,true,true,backward_euler_step_doubling,0.00002,1e-10,0.008,,,,,,,,,,,,,,,,0
0.002720000000000002,V1,voltage,A,0,5,V,,0,,5,-0.1860000000000001,-0.9300000000000006,0,true,true,backward_euler_step_doubling,0.00002,,0.008,dc,5,10,0,50,2,,,,,,,,,,0
0.002720000000000002,S2,switch,A,B,0,,true,0,,0,0.1860000000000001,0,0,true,true,backward_euler_step_doubling,0.00002,,0.008,,,,,,,true,true,1@0.003=open,,,,,,,0
0.002720000000000002,R3,resistor,B,0,100,Ω,,0,,5,0.05,0.25,0,true,true,backward_euler_step_doubling,0.00002,,0.008,,,,,,,,,,,,,,,,0
0.002720000000000002,L4,inductor,B,0,100,mH,,0,A,5,0.13600000000000012,0.6800000000000006,0.0009248000000000017,true,true,backward_euler_step_doubling,0.00002,1e-10,0.008,,,,,,,,,,,,,,,,0
0.002760000000000002,V1,voltage,A,0,5,V,,0,,5,-0.1880000000000001,-0.9400000000000006,0,true,true,backward_euler_step_doubling,0.00002,,0.008,dc,5,10,0,50,2,,,,,,,,,,0
0.002760000000000002,S2,switch,A,B,0,,true,0,,0,0.1880000000000001,0,0,true,true,backward_euler_step_doubling,0.00002,,0.008,,,,,,,true,true,1@0.003=open,,,,,,,0
0.002760000000000002,R3,resistor,B,0,100,Ω,,0,,5,0.05,0.25,0,true,true,backward_euler_step_doubling,0.00002,,0.008,,,,,,,,,,,,,,,,0
0.002760000000000002,L4,inductor,B,0,100,mH,,0,A,5,0.13800000000000012,0.6900000000000006,0.0009522000000000018,true,true,backward_euler_step_doubling,0.00002,1e-10,0.008,,,,,,,,,,,,,,,,0
0.002800000000000002,V1,voltage,A,0,5,V,,0,,5,-0.1900000000000001,-0.9500000000000006,0,true,true,backward_euler_step_doubling,0.00002,,0.008,dc,5,10,0,50,2,,,,,,,,,,0
0.002800000000000002,S2,switch,A,B,0,,true,0,,0,0.1900000000000001,0,0,true,true,backward_euler_step_doubling,0.00002,,0.008,,,,,,,true,true,1@0.003=open,,,,,,,0
0.002800000000000002,R3,resistor,B,0,100,Ω,,0,,5,0.05,0.25,0,true,true,backward_euler_step_doubling,0.00002,,0.008,,,,,,,,,,,,,,,,0
0.002800000000000002,L4,inductor,B,0,100,mH,,0,A,5,0.14000000000000012,0.7000000000000006,0.0009800000000000017,true,true,backward_euler_step_doubling,0.00002,1e-10,0.008,,,,,,,,,,,,,,,,0
0.0028400000000000022,V1,voltage,A,0,5,V,,0,,5,-0.19200000000000012,-0.9600000000000006,0,true,true,backward_euler_step_doubling,0.00002,,0.008,dc,5,10,0,50,2,,,,,,,,,,0
0.0028400000000000022,S2,switch,A,B,0,,true,0,,0,0.19200000000000012,0,0,true,true,backward_euler_step_doubling,0.00002,,0.008,,,,,,,true,true,1@0.003=open,,,,,,,0
0.0028400000000000022,R3,resistor,B,0,100,Ω,,0,,5,0.05,0.25,0,true,true,backward_euler_step_doubling,0.00002,,0.008,,,,,,,,,,,,,,,,0
0.0028400000000000022,L4,inductor,B,0,100,mH,,0,A,5,0.14200000000000013,0.7100000000000006,0.0010082000000000018,true,true,backward_euler_step_doubling,0.00002,1e-10,0.008,,,,,,,,,,,,,,,,0
0.0028800000000000023,V1,voltage,A,0,5,V,,0,,5,-0.19400000000000012,-0.9700000000000006,0,true,true,backward_euler_step_doubling,0.00002,,0.008,dc,5,10,0,50,2,,,,,,,,,,0
0.0028800000000000023,S2,switch,A,B,0,,true,0,,0,0.19400000000000012,0,0,true,true,backward_euler_step_doubling,0.00002,,0.008,,,,,,,true,true,1@0.003=open,,,,,,,0
0.0028800000000000023,R3,resistor,B,0,100,Ω,,0,,5,0.05,0.25,0,true,true,backward_euler_step_doubling,0.00002,,0.008,,,,,,,,,,,,,,,,0
0.0028800000000000023,L4,inductor,B,0,100,mH,,0,A,5,0.14400000000000013,0.7200000000000006,0.001036800000000002,true,true,backward_euler_step_doubling,0.00002,1e-10,0.008,,,,,,,,,,,,,,,,0
0.0029200000000000025,V1,voltage,A,0,5,V,,0,,5,-0.19600000000000012,-0.9800000000000006,0,true,true,backward_euler_step_doubling,0.00002,,0.008,dc,5,10,0,50,2,,,,,,,,,,0
0.0029200000000000025,S2,switch,A,B,0,,true,0,,0,0.19600000000000012,0,0,true,true,backward_euler_step_doubling,0.00002,,0.008,,,,,,,true,true,1@0.003=open,,,,,,,0
0.0029200000000000025,R3,resistor,B,0,100,Ω,,0,,5,0.05,0.25,0,true,true,backward_euler_step_doubling,0.00002,,0.008,,,,,,,,,,,,,,,,0
0.0029200000000000025,L4,inductor,B,0,100,mH,,0,A,5,0.14600000000000013,0.7300000000000006,0.001065800000000002,true,true,backward_euler_step_doubling,0.00002,1e-10,0.008,,,,,,,,,,,,,,,,0
0.0029600000000000026,V1,voltage,A,0,5,V,,0,,5,-0.19800000000000012,-0.9900000000000007,0,true,true,backward_euler_step_doubling,0.00002,,0.008,dc,5,10,0,50,2,,,,,,,,,,0
0.0029600000000000026,S2,switch,A,B,0,,true,0,,0,0.19800000000000012,0,0,true,true,backward_euler_step_doubling,0.00002,,0.008,,,,,,,true,true,1@0.003=open,,,,,,,0
0.0029600000000000026,R3,resistor,B,0,100,Ω,,0,,5,0.05,0.25,0,true,true,backward_euler_step_doubling,0.00002,,0.008,,,,,,,,,,,,,,,,0
0.0029600000000000026,L4,inductor,B,0,100,mH,,0,A,5,0.14800000000000013,0.7400000000000007,0.0010952000000000021,true,true,backward_euler_step_doubling,0.00002,1e-10,0.008,,,,,,,,,,,,,,,,0
0.0029800000000000013,V1,voltage,A,0,5,V,,0,,5,-0.19900000000000007,-0.9950000000000003,0,true,true,backward_euler_step_doubling,0.00002,,0.008,dc,5,10,0,50,2,,,,,,,,,,0
0.0029800000000000013,S2,switch,A,B,0,,true,0,,0,0.19900000000000007,0,0,true,true,backward_euler_step_doubling,0.00002,,0.008,,,,,,,true,true,1@0.003=open,,,,,,,0
0.0029800000000000013,R3,resistor,B,0,100,Ω,,0,,5,0.05,0.25,0,true,true,backward_euler_step_doubling,0.00002,,0.008,,,,,,,,,,,,,,,,0
0.0029800000000000013,L4,inductor,B,0,100,mH,,0,A,5,0.14900000000000008,0.7450000000000003,0.0011100500000000013,true,true,backward_euler_step_doubling,0.00002,1e-10,0.008,,,,,,,,,,,,,,,,0
0.003,V1,voltage,A,0,5,V,,0,,5,-0.2,-1,0,true,true,backward_euler_step_doubling,0.00002,,0.008,dc,5,10,0,50,2,,,,before,S2=open,,,,,0
0.003,S2,switch,A,B,0,,true,0,,0,0.2,0,0,true,true,backward_euler_step_doubling,0.00002,,0.008,,,,,,,true,true,1@0.003=open,before,S2=open,,,,,0
0.003,R3,resistor,B,0,100,Ω,,0,,5,0.05,0.25,0,true,true,backward_euler_step_doubling,0.00002,,0.008,,,,,,,,,,before,S2=open,,,,,0
0.003,L4,inductor,B,0,100,mH,,0,A,5,0.15000000000000002,0.7500000000000001,0.0011250000000000003,true,true,backward_euler_step_doubling,0.00002,1e-10,0.008,,,,,,,,,,before,S2=open,,,,,0
0.003,V1,voltage,A,0,5,V,,0,,5,0,0,0,true,true,switch_constraints,0.00002,,0.008,dc,5,10,0,50,2,,,,after,S2=open,,,,,0
0.003,S2,switch,A,B,0,,false,0,,20,0,0,0,true,true,switch_constraints,0.00002,,0.008,,,,,,,true,true,1@0.003=open,after,S2=open,,,,,0
0.003,R3,resistor,B,0,100,Ω,,0,,-15.000000000000002,-0.15000000000000002,2.2500000000000004,0,true,true,switch_constraints,0.00002,,0.008,,,,,,,,,,after,S2=open,,,,,0
0.003,L4,inductor,B,0,100,mH,,0,A,-15.000000000000002,0.15000000000000002,-2.2500000000000004,0.0011250000000000003,true,true,switch_constraints,0.00002,1e-10,0.008,,,,,,,,,,after,S2=open,,,,,0
0.0030038470638876855,V1,voltage,A,0,5,V,,0,,5,0,0,0,true,true,backward_euler_step_doubling,0.00002,,0.008,dc,5,10,0,50,2,,,,,,,,,,0
0.0030038470638876855,S2,switch,A,B,0,,false,0,,19.94251518942358,0,0,0,true,true,backward_euler_step_doubling,0.00002,,0.008,,,,,,,true,true,1@0.003=open,,,,,,,0
0.0030038470638876855,R3,resistor,B,0,100,Ω,,0,,-14.942515189423581,-0.1494251518942358,2.2327876018615442,0,true,true,backward_euler_step_doubling,0.00002,,0.008,,,,,,,,,,,,,,,,0
0.0030038470638876855,L4,inductor,B,0,100,mH,,0,A,-14.942515189423581,0.14942515189423583,-2.2327876018615447,0.0011163938009307727,true,true,backward_euler_step_doubling,0.00002,1e-10,0.008,,,,,,,,,,,,,,,,0
0.0030076941277753706,V1,voltage,A,0,5,V,,0,,5,0,0,0,true,true,backward_euler_step_doubling,0.00002,,0.008,dc,5,10,0,50,2,,,,,,,,,,0
0.0030076941277753706,S2,switch,A,B,0,,false,0,,19.88525067907696,0,0,0,true,true,backward_euler_step_doubling,0.00002,,0.008,,,,,,,true,true,1@0.003=open,,,,,,,0
0.0030076941277753706,R3,resistor,B,0,100,Ω,,0,,-14.885250679076963,-0.14885250679076964,2.215706877789612,0,true,true,backward_euler_step_doubling,0.00002,,0.008,,,,,,,,,,,,,,,,0
0.0030076941277753706,L4,inductor,B,0,100,mH,,0,A,-14.885250679076963,0.14885250679076964,-2.215706877789612,0.0011078534388948061,true,true,backward_euler_step_doubling,0.00002,1e-10,0.008,,,,,,,,,,,,,,,,0
0.0030115247831168698,V1,voltage,A,0,5,V,,0,,5,0,0,0,true,true,backward_euler_step_doubling,0.00002,,0.008,dc,5,10,0,50,2,,,,,,,,,,0
0.0030115247831168698,S2,switch,A,B,0,,false,0,,19.828448005518478,0,0,0,true,true,backward_euler_step_doubling,0.00002,,0.008,,,,,,,true,true,1@0.003=open,,,,,,,0
0.0030115247831168698,R3,resistor,B,0,100,Ω,,0,,-14.828448005518478,-0.14828448005518477,2.1988287025236493,0,true,true,backward_euler_step_doubling,0.00002,,0.008,,,,,,,,,,,,,,,,0
0.0030115247831168698,L4,inductor,B,0,100,mH,,0,A,-14.828448005518478,0.1482844800551848,-2.1988287025236497,0.001099414351261825,true,true,backward_euler_step_doubling,0.00002,1e-10,0.008,,,,,,,,,,,,,,,,0
0.0030153554384583694,V1,voltage,A,0,5,V,,0,,5,0,0,0,true,true,backward_euler_step_doubling,0.00002,,0.008,dc,5,10,0,50,2,,,,,,,,,,0
0.0030153554384583694,S2,switch,A,B,0,,false,0,,19.771862093087698,0,0,0,true,true,backward_euler_step_doubling,0.00002,,0.008,,,,,,,true,true,1@0.003=open,,,,,,,0
0.0030153554384583694,R3,resistor,B,0,100,Ω,,0,,-14.7718620930877,-0.147718620930877,2.1820790969720134,0,true,true,backward_euler_step_doubling,0.00002,,0.008,,,,,,,,,,,,,,,,0
0.0030153554384583694,L4,inductor,B,0,100,mH,,0,A,-14.7718620930877,0.147718620930877,-2.1820790969720134,0.0010910395484860069,true,true,backward_euler_step_doubling,0.00002,1e-10,0.008,,,,,,,,,,,,,,,,0
0.003019200705105211,V1,voltage,A,0,5,V,,0,,5,0,0,0,true,true,backward_euler_step_doubling,0.00002,,0.008,dc,5,10,0,50,2,,,,,,,,,,0
0.003019200705105211,S2,switch,A,B,0,,false,0,,19.71527792568108,0,0,0,true,true,backward_euler_step_doubling,0.00002,,0.008,,,,,,,true,true,1@0.003=open,,,,,,,0
0.003019200705105211,R3,resistor,B,0,100,Ω,,0,,-14.715277925681077,-0.14715277925681078,2.165394044300368,0,true,true,backward_euler_step_doubling,0.00002,,0.008,,,,,,,,,,,,,,,,0
0.003019200705105211,L4,inductor,B,0,100,mH,,0,A,-14.715277925681077,0.14715277925681078,-2.165394044300368,0.0010826970221501841,true,true,backward_euler_step_doubling,0.00002,1e-10,0.008,,,,,,,,,,,,,,,,0
0.0030230459717520523,V1,voltage,A,0,5,V,,0,,5,0,0,0,true,true,backward_euler_step_doubling,0.00002,,0.008,dc,5,10,0,50,2,,,,,,,,,,0
0.0030230459717520523,S2,switch,A,B,0,,false,0,,19.658910506033195,0,0,0,true,true,backward_euler_step_doubling,0.00002,,0.008,,,,,,,true,true,1@0.003=open,,,,,,,0
0.0030230459717520523,R3,resistor,B,0,100,Ω,,0,,-14.658910506033195,-0.14658910506033196,2.148836572238904,0,true,true,backward_euler_step_doubling,0.00002,,0.008,,,,,,,,,,,,,,,,0
0.0030230459717520523,L4,inductor,B,0,100,mH,,0,A,-14.658910506033195,0.14658910506033193,-2.1488365722389036,0.0010744182861194516,true,true,backward_euler_step_doubling,0.00002,1e-10,0.008,,,,,,,,,,,,,,,,0
0.0030269060804456512,V1,voltage,A,0,5,V,,0,,5,0,0,0,true,true,backward_euler_step_doubling,0.00002,,0.008,dc,5,10,0,50,2,,,,,,,,,,0
0.0030269060804456512,S2,switch,A,B,0,,false,0,,19.602543102454757,0,0,0,true,true,backward_euler_step_doubling,0.00002,,0.008,,,,,,,true,true,1@0.003=open,,,,,,,0
0.0030269060804456512,R3,resistor,B,0,100,Ω,,0,,-14.602543102454757,-0.14602543102454757,2.13234265059049,0,true,true,backward_euler_step_doubling,0.00002,,0.008,,,,,,,,,,,,,,,,0
0.0030269060804456512,L4,inductor,B,0,100,mH,,0,A,-14.602543102454757,0.14602543102454757,-2.13234265059049,0.001066171325295245,true,true,backward_euler_step_doubling,0.00002,1e-10,0.008,,,,,,,,,,,,,,,,0
0.0030307661891392497,V1,voltage,A,0,5,V,,0,,5,0,0,0,true,true,backward_euler_step_doubling,0.00002,,0.008,dc,5,10,0,50,2,,,,,,,,,,0
0.0030307661891392497,S2,switch,A,B,0,,false,0,,19.54639244651148,0,0,0,true,true,backward_euler_step_doubling,0.00002,,0.008,,,,,,,true,true,1@0.003=open,,,,,,,0
0.0030307661891392497,R3,resistor,B,0,100,Ω,,0,,-14.54639244651148,-0.1454639244651148,2.1159753320792625,0,true,true,backward_euler_step_doubling,0.00002,,0.008,,,,,,,,,,,,,,,,0
0.0030307661891392497,L4,inductor,B,0,100,mH,,0,A,-14.54639244651148,0.1454639244651148,-2.1159753320792625,0.0010579876660396312,true,true,backward_euler_step_doubling,0.00002,1e-10,0.008,,,,,,,,,,,,,,,,0
0.003034641255345685,V1,voltage,A,0,5,V,,0,,5,0,0,0,true,true,backward_euler_step_doubling,0.00002,,0.008,dc,5,10,0,50,2,,,,,,,,,,0
0.003034641255345685,S2,switch,A,B,0,,false,0,,19.490241800188493,0,0,0,true,true,backward_euler_step_doubling,0.00002,,0.008,,,,,,,true,true,1@0.003=open,,,,,,,0
0.003034641255345685,R3,resistor,B,0,100,Ω,,0,,-14.490241800188493,-0.14490241800188491,2.099671074279298,0,true,true,backward_euler_step_doubling,0.00002,,0.008,,,,,,,,,,,,,,,,0
0.003034641255345685,L4,inductor,B,0,100,mH,,0,A,-14.490241800188493,0.14490241800188494,-2.0996710742792986,0.0010498355371396494,true,true,backward_euler_step_doubling,0.00002,1e-10,0.008,,,,,,,,,,,,,,,,0
0.0030385163215521202,V1,voltage,A,0,5,V,,0,,5,0,0,0,true,true,backward_euler_step_doubling,0.00002,,0.008,dc,5,10,0,50,2,,,,,,,,,,0
0.0030385163215521202,S2,switch,A,B,0,,false,0,,19.434307901426394,0,0,0,true,true,backward_euler_step_doubling,0.00002,,0.008,,,,,,,true,true,1@0.003=open,,,,,,,0
0.0030385163215521202,R3,resistor,B,0,100,Ω,,0,,-14.434307901426394,-0.14434307901426394,2.083492445931804,0,true,true,backward_euler_step_doubling,0.00002,,0.008,,,,,,,,,,,,,,,,0
0.0030385163215521202,L4,inductor,B,0,100,mH,,0,A,-14.434307901426394,0.14434307901426396,-2.0834924459318045,0.0010417462229659025,true,true,backward_euler_step_doubling,0.00002,1e-10,0.008,,,,,,,,,,,,,,,,0
0.00304240646163645,V1,voltage,A,0,5,V,,0,,5,0,0,0,true,true,backward_euler_step_doubling,0.00002,,0.008,dc,5,10,0,50,2,,,,,,,,,,0
0.00304240646163645,S2,switch,A,B,0,,false,0,,19.37837401233353,0,0,0,true,true,backward_euler_step_doubling,0.00002,,0.008,,,,,,,true,true,1@0.003=open,,,,,,,0
0.00304240646163645,R3,resistor,B,0,100,Ω,,0,,-14.37837401233353,-0.1437837401233353,2.067376392385482,0,true,true,backward_euler_step_doubling,0.00002,,0.008,,,,,,,,,,,,,,,,0
0.00304240646163645,L4,inductor,B,0,100,mH,,0,A,-14.37837401233353,0.1437837401233353,-2.067376392385482,0.0010336881961927411,true,true,backward_euler_step_doubling,0.00002,1e-10,0.008,,,,,,,,,,,,,,,,0
0.00304629660172078,V1,voltage,A,0,5,V,,0,,5,0,0,0,true,true,backward_euler_step_doubling,0.00002,,0.008,dc,5,10,0,50,2,,,,,,,,,,0
0.00304629660172078,S2,switch,A,B,0,,false,0,,19.322656870726615,0,0,0,true,true,backward_euler_step_doubling,0.00002,,0.008,,,,,,,true,true,1@0.003=open,,,,,,,0
0.00304629660172078,R3,resistor,B,0,100,Ω,,0,,-14.322656870726615,-0.14322656870726613,2.0513849983657226,0,true,true,backward_euler_step_doubling,0.00002,,0.008,,,,,,,,,,,,,,,,0
0.00304629660172078,L4,inductor,B,0,100,mH,,0,A,-14.322656870726615,0.14322656870726613,-2.0513849983657226,0.0010256924991828614,true,true,backward_euler_step_doubling,0.00002,1e-10,0.008,,,,,,,,,,,,,,,,0
0.0030502019334094155,V1,voltage,A,0,5,V,,0,,5,0,0,0,true,true,backward_euler_step_doubling,0.00002,,0.008,dc,5,10,0,50,2,,,,,,,,,,0
0.0030502019334094155,S2,switch,A,B,0,,false,0,,19.266939738864572,0,0,0,true,true,backward_euler_step_doubling,0.00002,,0.008,,,,,,,true,true,1@0.003=open,,,,,,,0
0.0030502019334094155,R3,resistor,B,0,100,Ω,,0,,-14.26693973886457,-0.1426693973886457,2.0354556951239307,0,true,true,backward_euler_step_doubling,0.00002,,0.008,,,,,,,,,,,,,,,,0
0.0030502019334094155,L4,inductor,B,0,100,mH,,0,A,-14.26693973886457,0.14266939738864573,-2.035455695123931,0.0010177278475619657,true,true,backward_euler_step_doubling,0.00002,1e-10,0.008,,,,,,,,,,,,,,,,0
0.003054107265098051,V1,voltage,A,0,5,V,,0,,5,0,0,0,true,true,backward_euler_step_doubling,0.00002,,0.008,dc,5,10,0,50,2,,,,,,,,,,0
0.003054107265098051,S2,switch,A,B,0,,false,0,,19.21143935441266,0,0,0,true,true,backward_euler_step_doubling,0.00002,,0.008,,,,,,,true,true,1@0.003=open,,,,,,,0
0.003054107265098051,R3,resistor,B,0,100,Ω,,0,,-14.211439354412661,-0.1421143935441266,2.0196500852414894,0,true,true,backward_euler_step_doubling,0.00002,,0.008,,,,,,,,,,,,,,,,0
0.003054107265098051,L4,inductor,B,0,100,mH,,0,A,-14.211439354412661,0.14211439354412664,-2.01965008524149,0.0010098250426207453,true,true,backward_euler_step_doubling,0.00002,1e-10,0.008,,,,,,,,,,,,,,,,0
0.003058027907501995,V1,voltage,A,0,5,V,,0,,5,0,0,0,true,true,backward_euler_step_doubling,0.00002,,0.008,dc,5,10,0,50,2,,,,,,,,,,0
0.003058027907501995,S2,switch,A,B,0,,false,0,,19.155938979780895,0,0,0,true,true,backward_euler_step_doubling,0.00002,,0.008,,,,,,,true,true,1@0.003=open,,,,,,,0
0.003058027907501995,R3,resistor,B,0,100,Ω,,0,,-14.155938979780895,-0.14155938979780897,2.003906083992802,0,true,true,backward_euler_step_doubling,0.00002,,0.008,,,,,,,,,,,,,,,,0
0.003058027907501995,L4,inductor,B,0,100,mH,,0,A,-14.155938979780895,0.14155938979780894,-2.0039060839928013,0.0010019530419964008,true,true,backward_euler_step_doubling,0.00002,1e-10,0.008,,,,,,,,,,,,,,,,0
0.0030619485499059386,V1,voltage,A,0,5,V,,0,,5,0,0,0,true,true,backward_euler_step_doubling,0.00002,,0.008,dc,5,10,0,50,2,,,,,,,,,,0
0.0030619485499059386,S2,switch,A,B,0,,false,0,,19.100655352482555,0,0,0,true,true,backward_euler_step_doubling,0.00002,,0.008,,,,,,,true,true,1@0.003=open,,,,,,,0
0.0030619485499059386,R3,resistor,B,0,100,Ω,,0,,-14.100655352482555,-0.14100655352482555,1.9882848136949494,0,true,true,backward_euler_step_doubling,0.00002,,0.008,,,,,,,,,,,,,,,,0
0.0030619485499059386,L4,inductor,B,0,100,mH,,0,A,-14.100655352482555,0.14100655352482555,-1.9882848136949494,0.0009941424068474747,true,true,backward_euler_step_doubling,0.00002,1e-10,0.008,,,,,,,,,,,,,,,,0
0.003065884623542416,V1,voltage,A,0,5,V,,0,,5,0,0,0,true,true,backward_euler_step_doubling,0.00002,,0.008,dc,5,10,0,50,2,,,,,,,,,,0
0.003065884623542416,S2,switch,A,B,0,,false,0,,19.045371735081574,0,0,0,true,true,backward_euler_step_doubling,0.00002,,0.008,,,,,,,true,true,1@0.003=open,,,,,,,0
0.003065884623542416,R3,resistor,B,0,100,Ω,,0,,-14.045371735081574,-0.14045371735081574,1.9727246717662839,0,true,true,backward_euler_step_doubling,0.00002,,0.008,,,,,,,,,,,,,,,,0
0.003065884623542416,L4,inductor,B,0,100,mH,,0,A,-14.045371735081574,0.14045371735081574,-1.9727246717662839,0.000986362335883142,true,true,backward_euler_step_doubling,0.00002,1e-10,0.008,,,,,,,,,,,,,,,,0
0.0030698206971788936,V1,voltage,A,0,5,V,,0,,5,0,0,0,true,true,backward_euler_step_doubling,0.00002,,0.008,dc,5,10,0,50,2,,,,,,,,,,0
0.0030698206971788936,S2,switch,A,B,0,,false,0,,18.990304864936412,0,0,0,true,true,backward_euler_step_doubling,0.00002,,0.008,,,,,,,true,true,1@0.003=open,,,,,,,0
0.0030698206971788936,R3,resistor,B,0,100,Ω,,0,,-13.990304864936414,-0.13990304864936415,1.957286302138635,0,true,true,backward_euler_step_doubling,0.00002,,0.008,,,,,,,,,,,,,,,,0
0.0030698206971788936,L4,inductor,B,0,100,mH,,0,A,-13.990304864936414,0.13990304864936415,-1.957286302138635,0.0009786431510693176,true,true,backward_euler_step_doubling,0.00002,1e-10,0.008,,,,,,,,,,,,,,,,0
0.0030737723239937084,V1,voltage,A,0,5,V,,0,,5,0,0,0,true,true,backward_euler_step_doubling,0.00002,,0.008,dc,5,10,0,50,2,,,,,,,,,,0
0.0030737723239937084,S2,switch,A,B,0,,false,0,,18.935238004765953,0,0,0,true,true,backward_euler_step_doubling,0.00002,,0.008,,,,,,,true,true,1@0.003=open,,,,,,,0
0.0030737723239937084,R3,resistor,B,0,100,Ω,,0,,-13.935238004765953,-0.13935238004765954,1.941908582494734,0,true,true,backward_euler_step_doubling,0.00002,,0.008,,,,,,,,,,,,,,,,0
0.0030737723239937084,L4,inductor,B,0,100,mH,,0,A,-13.935238004765953,0.13935238004765954,-1.941908582494734,0.000970954291247367,true,true,backward_euler_step_doubling,0.00002,1e-10,0.008,,,,,,,,,,,,,,,,0
0.0030777239508085236,V1,voltage,A,0,5,V,,0,,5,0,0,0,true,true,backward_euler_step_doubling,0.00002,,0.008,dc,5,10,0,50,2,,,,,,,,,,0
0.0030777239508085236,S2,switch,A,B,0,,false,0,,18.88038789177279,0,0,0,true,true,backward_euler_step_doubling,0.00002,,0.008,,,,,,,true,true,1@0.003=open,,,,,,,0
0.0030777239508085236,R3,resistor,B,0,100,Ω,,0,,-13.880387891772791,-0.1388038789177279,1.9266516802607272,0,true,true,backward_euler_step_doubling,0.00002,,0.008,,,,,,,,,,,,,,,,0
0.0030777239508085236,L4,inductor,B,0,100,mH,,0,A,-13.880387891772791,0.1388038789177279,-1.9266516802607272,0.0009633258401303636,true,true,backward_euler_step_doubling,0.00002,1e-10,0.008,,,,,,,,,,,,,,,,0
0.0030816912541986154,V1,voltage,A,0,5,V,,0,,5,0,0,0,true,true,backward_euler_step_doubling,0.00002,,0.008,dc,5,10,0,50,2,,,,,,,,,,0
0.0030816912541986154,S2,switch,A,B,0,,false,0,,18.825537788833316,0,0,0,true,true,backward_euler_step_doubling,0.00002,,0.008,,,,,,,true,true,1@0.003=open,,,,,,,0
0.0030816912541986154,R3,resistor,B,0,100,Ω,,0,,-13.825537788833314,-0.13825537788833314,1.9114549515045796,0,true,true,backward_euler_step_doubling,0.00002,,0.008,,,,,,,,,,,,,,,,0
0.0030816912541986154,L4,inductor,B,0,100,mH,,0,A,-13.825537788833314,0.13825537788833314,-1.9114549515045796,0.0009557274757522899,true,true,backward_euler_step_doubling,0.00002,1e-10,0.008,,,,,,,,,,,,,,,,0
0.0030856585575887068,V1,voltage,A,0,5,V,,0,,5,0,0,0,true,true,backward_euler_step_doubling,0.00002,,0.008,dc,5,10,0,50,2,,,,,,,,,,0
0.0030856585575887068,S2,switch,A,B,0,,false,0,,18.770904432991678,0,0,0,true,true,backward_euler_step_doubling,0.00002,,0.008,,,,,,,true,true,1@0.003=open,,,,,,,0
0.0030856585575887068,R3,resistor,B,0,100,Ω,,0,,-13.77090443299168,-0.1377090443299168,1.8963780890258988,0,true,true,backward_euler_step_doubling,0.00002,,0.008,,,,,,,,,,,,,,,,0
0.0030856585575887068,L4,inductor,B,0,100,mH,,0,A,-13.77090443299168,0.1377090443299168,-1.8963780890258988,0.0009481890445129494,true,true,backward_euler_step_doubling,0.00002,1e-10,0.008,,,,,,,,,,,,,,,,0
0.003089641662425374,V1,voltage,A,0,5,V,,0,,5,0,0,0,true,true,backward_euler_step_doubling,0.00002,,0.008,dc,5,10,0,50,2,,,,,,,,,,0
0.003089641662425374,S2,switch,A,B,0,,false,0,,18.716271087282887,0,0,0,true,true,backward_euler_step_doubling,0.00002,,0.008,,,,,,,true,true,1@0.003=open,,,,,,,0
0.003089641662425374,R3,resistor,B,0,100,Ω,,0,,-13.716271087282887,-0.13716271087282889,1.881360925398325,0,true,true,backward_euler_step_doubling,0.00002,,0.008,,,,,,,,,,,,,,,,0
0.003089641662425374,L4,inductor,B,0,100,mH,,0,A,-13.716271087282887,0.13716271087282889,-1.881360925398325,0.0009406804626991627,true,true,backward_euler_step_doubling,0.00002,1e-10,0.008,,,,,,,,,,,,,,,,0
0.0030936247672620405,V1,voltage,A,0,5,V,,0,,5,0,0,0,true,true,backward_euler_step_doubling,0.00002,,0.008,dc,5,10,0,50,2,,,,,,,,,,0
0.0030936247672620405,S2,switch,A,B,0,,false,0,,18.66185448859154,0,0,0,true,true,backward_euler_step_doubling,0.00002,,0.008,,,,,,,true,true,1@0.003=open,,,,,,,0
0.0030936247672620405,R3,resistor,B,0,100,Ω,,0,,-13.66185448859154,-0.1366185448859154,1.8664626806744882,0,true,true,backward_euler_step_doubling,0.00002,,0.008,,,,,,,,,,,,,,,,0
0.0030936247672620405,L4,inductor,B,0,100,mH,,0,A,-13.66185448859154,0.1366185448859154,-1.8664626806744882,0.0009332313403372441,true,true,backward_euler_step_doubling,0.00002,1e-10,0.008,,,,,,,,,,,,,,,,0
0.003097623799914409,V1,voltage,A,0,5,V,,0,,5,0,0,0,true,true,backward_euler_step_doubling,0.00002,,0.008,dc,5,10,0,50,2,,,,,,,,,,0
0.003097623799914409,S2,switch,A,B,0,,false,0,,18.607437900113908,0,0,0,true,true,backward_euler_step_doubling,0.00002,,0.008,,,,,,,true,true,1@0.003=open,,,,,,,0
0.003097623799914409,R3,resistor,B,0,100,Ω,,0,,-13.607437900113908,-0.13607437900113908,1.851623662054564,0,true,true,backward_euler_step_doubling,0.00002,,0.008,,,,,,,,,,,,,,,,0
0.003097623799914409,L4,inductor,B,0,100,mH,,0,A,-13.607437900113908,0.13607437900113908,-1.851623662054564,0.000925811831027282,true,true,backward_euler_step_doubling,0.00002,1e-10,0.008,,,,,,,,,,,,,,,,0
0.0031016228325667773,V1,voltage,A,0,5,V,,0,,5,0,0,0,true,true,backward_euler_step_doubling,0.00002,,0.008,dc,5,10,0,50,2,,,,,,,,,,0
0.0031016228325667773,S2,switch,A,B,0,,false,0,,18.553238058572354,0,0,0,true,true,backward_euler_step_doubling,0.00002,,0.008,,,,,,,true,true,1@0.003=open,,,,,,,0
0.0031016228325667773,R3,resistor,B,0,100,Ω,,0,,-13.553238058572354,-0.13553238058572353,1.836902618723341,0,true,true,backward_euler_step_doubling,0.00002,,0.008,,,,,,,,,,,,,,,,0
0.0031016228325667773,L4,inductor,B,0,100,mH,,0,A,-13.553238058572354,0.13553238058572356,-1.8369026187233415,0.000918451309361671,true,true,backward_euler_step_doubling,0.00002,1e-10,0.008,,,,,,,,,,,,,,,,0
0.003105637920925982,V1,voltage,A,0,5,V,,0,,5,0,0,0,true,true,backward_euler_step_doubling,0.00002,,0.008,dc,5,10,0,50,2,,,,,,,,,,0
0.003105637920925982,S2,switch,A,B,0,,false,0,,18.49903822732536,0,0,0,true,true,backward_euler_step_doubling,0.00002,,0.008,,,,,,,true,true,1@0.003=open,,,,,,,0
0.003105637920925982,R3,resistor,B,0,100,Ω,,0,,-13.49903822732536,-0.1349903822732536,1.8222403306279142,0,true,true,backward_euler_step_doubling,0.00002,,0.008,,,,,,,,,,,,,,,,0
0.003105637920925982,L4,inductor,B,0,100,mH,,0,A,-13.49903822732536,0.13499038227325363,-1.8222403306279145,0.0009111201653139576,true,true,backward_euler_step_doubling,0.00002,1e-10,0.008,,,,,,,,,,,,,,,,0
0.0031096530092851868,V1,voltage,A,0,5,V,,0,,5,0,0,0,true,true,backward_euler_step_doubling,0.00002,,0.008,dc,5,10,0,50,2,,,,,,,,,,0
0.0031096530092851868,S2,switch,A,B,0,,false,0,,18.445055142932112,0,0,0,true,true,backward_euler_step_doubling,0.00002,,0.008,,,,,,,true,true,1@0.003=open,,,,,,,0
0.0031096530092851868,R3,resistor,B,0,100,Ω,,0,,-13.44505514293211,-0.1344505514293211,1.807695077964852,0,true,true,backward_euler_step_doubling,0.00002,,0.008,,,,,,,,,,,,,,,,0
0.0031096530092851868,L4,inductor,B,0,100,mH,,0,A,-13.44505514293211,0.1344505514293211,-1.807695077964852,0.000903847538982426,true,true,backward_euler_step_doubling,0.00002,1e-10,0.008,,,,,,,,,,,,,,,,0
0.0031136842827887605,V1,voltage,A,0,5,V,,0,,5,0,0,0,true,true,backward_euler_step_doubling,0.00002,,0.008,dc,5,10,0,50,2,,,,,,,,,,0
0.0031136842827887605,S2,switch,A,B,0,,false,0,,18.391072068916245,0,0,0,true,true,backward_euler_step_doubling,0.00002,,0.008,,,,,,,true,true,1@0.003=open,,,,,,,0
0.0031136842827887605,R3,resistor,B,0,100,Ω,,0,,-13.391072068916245,-0.13391072068916243,1.7932081115490877,0,true,true,backward_euler_step_doubling,0.00002,,0.008,,,,,,,,,,,,,,,,0
0.0031136842827887605,L4,inductor,B,0,100,mH,,0,A,-13.391072068916245,0.13391072068916246,-1.793208111549088,0.0008966040557745441,true,true,backward_euler_step_doubling,0.00002,1e-10,0.008,,,,,,,,,,,,,,,,0
0.003117715556292334,V1,voltage,A,0,5,V,,0,,5,0,0,0,true,true,backward_euler_step_doubling,0.00002,,0.008,dc,5,10,0,50,2,,,,,,,,,,0
0.003117715556292334,S2,switch,A,B,0,,false,0,,18.33730574167079,0,0,0,true,true,backward_euler_step_doubling,0.00002,,0.008,,,,,,,true,true,1@0.003=open,,,,,,,0
0.003117715556292334,R3,resistor,B,0,100,Ω,,0,,-13.337305741670788,-0.13337305741670788,1.7788372444680456,0,true,true,backward_euler_step_doubling,0.00002,,0.008,,,,,,,,,,,,,,,,0
0.003117715556292334,L4,inductor,B,0,100,mH,,0,A,-13.337305741670788,0.13337305741670788,-1.7788372444680456,0.0008894186222340229,true,true,backward_euler_step_doubling,0.00002,1e-10,0.008,,,,,,,,,,,,,,,,0
0.0031217631459493564,V1,voltage,A,0,5,V,,0,,5,0,0,0,true,true,backward_euler_step_doubling,0.00002,,0.008,dc,5,10,0,50,2,,,,,,,,,,0
0.0031217631459493564,S2,switch,A,B,0,,false,0,,18.283539424885966,0,0,0,true,true,backward_euler_step_doubling,0.00002,,0.008,,,,,,,true,true,1@0.003=open,,,,,,,0
0.0031217631459493564,R3,resistor,B,0,100,Ω,,0,,-13.283539424885966,-0.13283539424885965,1.7645241965249976,0,true,true,backward_euler_step_doubling,0.00002,,0.008,,,,,,,,,,,,,,,,0
0.0031217631459493564,L4,inductor,B,0,100,mH,,0,A,-13.283539424885966,0.13283539424885965,-1.7645241965249976,0.0008822620982624988,true,true,backward_euler_step_doubling,0.00002,1e-10,0.008,,,,,,,,,,,,,,,,0
0.0031258107356063793,V1,voltage,A,0,5,V,,0,,5,0,0,0,true,true,backward_euler_step_doubling,0.00002,,0.008,dc,5,10,0,50,2,,,,,,,,,,0
0.0031258107356063793,S2,switch,A,B,0,,false,0,,18.229989854787213,0,0,0,true,true,backward_euler_step_doubling,0.00002,,0.008,,,,,,,true,true,1@0.003=open,,,,,,,0
0.0031258107356063793,R3,resistor,B,0,100,Ω,,0,,-13.229989854787211,-0.1322998985478721,1.7503263155777253,0,true,true,backward_euler_step_doubling,0.00002,,0.008,,,,,,,,,,,,,,,,0
0.0031258107356063793,L4,inductor,B,0,100,mH,,0,A,-13.229989854787211,0.13229989854787214,-1.7503263155777258,0.000875163157788863,true,true,backward_euler_step_doubling,0.00002,1e-10,0.008,,,,,,,,,,,,,,,,0
0.00312987477402296,V1,voltage,A,0,5,V,,0,,5,0,0,0,true,true,backward_euler_step_doubling,0.00002,,0.008,dc,5,10,0,50,2,,,,,,,,,,0
0.00312987477402296,S2,switch,A,B,0,,false,0,,18.176440295233608,0,0,0,true,true,backward_euler_step_doubling,0.00002,,0.008,,,,,,,true,true,1@0.003=open,,,,,,,0
0.00312987477402296,R3,resistor,B,0,100,Ω,,0,,-13.176440295233608,-0.13176440295233607,1.7361857885385592,0,true,true,backward_euler_step_doubling,0.00002,,0.008,,,,,,,,,,,,,,,,0
0.00312987477402296,L4,inductor,B,0,100,mH,,0,A,-13.176440295233608,0.13176440295233607,-1.7361857885385592,0.0008680928942692796,true,true,backward_euler_step_doubling,0.00002,1e-10,0.008,,,,,,,,,,,,,,,,0
0.00313393881243954,V1,voltage,A,0,5,V,,0,,5,0,0,0,true,true,backward_euler_step_doubling,0.00002,,0.008,dc,5,10,0,50,2,,,,,,,,,,0
0.00313393881243954,S2,switch,A,B,0,,false,0,,18.123107482280705,0,0,0,true,true,backward_euler_step_doubling,0.00002,,0.008,,,,,,,true,true,1@0.003=open,,,,,,,0
0.00313393881243954,R3,resistor,B,0,100,Ω,,0,,-13.123107482280705,-0.13123107482280705,1.7221594999149183,0,true,true,backward_euler_step_doubling,0.00002,,0.008,,,,,,,,,,,,,,,,0
0.00313393881243954,L4,inductor,B,0,100,mH,,0,A,-13.123107482280705,0.13123107482280708,-1.7221594999149186,0.0008610797499574596,true,true,backward_euler_step_doubling,0.00002,1e-10,0.008,,,,,,,,,,,,,,,,0
0.0031380194338449215,V1,voltage,A,0,5,V,,0,,5,0,0,0,true,true,backward_euler_step_doubling,0.00002,,0.008,dc,5,10,0,50,2,,,,,,,,,,0
0.0031380194338449215,S2,switch,A,B,0,,false,0,,18.069774679958158,0,0,0,true,true,backward_euler_step_doubling,0.00002,,0.008,,,,,,,true,true,1@0.003=open,,,,,,,0
0.0031380194338449215,R3,resistor,B,0,100,Ω,,0,,-13.069774679958158,-0.13069774679958157,1.7081901018487535,0,true,true,backward_euler_step_doubling,0.00002,,0.008,,,,,,,,,,,,,,,,0
0.0031380194338449215,L4,inductor,B,0,100,mH,,0,A,-13.069774679958158,0.13069774679958157,-1.7081901018487535,0.0008540950509243768,true,true,backward_euler_step_doubling,0.00002,1e-10,0.008,,,,,,,,,,,,,,,,0
0.0031421000552503027,V1,voltage,A,0,5,V,,0,,5,0,0,0,true,true,backward_euler_step_doubling,0.00002,,0.008,dc,5,10,0,50,2,,,,,,,,,,0
0.0031421000552503027,S2,switch,A,B,0,,false,0,,18.01665862414991,0,0,0,true,true,backward_euler_step_doubling,0.00002,,0.008,,,,,,,true,true,1@0.003=open,,,,,,,0
0.0031421000552503027,R3,resistor,B,0,100,Ω,,0,,-13.016658624149908,-0.13016658624149907,1.6943340173765618,0,true,true,backward_euler_step_doubling,0.00002,,0.008,,,,,,,,,,,,,,,,0
0.0031421000552503027,L4,inductor,B,0,100,mH,,0,A,-13.016658624149908,0.13016658624149907,-1.6943340173765618,0.0008471670086882808,true,true,backward_euler_step_doubling,0.00002,1e-10,0.008,,,,,,,,,,,,,,,,0
0.0031461973955233726,V1,voltage,A,0,5,V,,0,,5,0,0,0,true,true,backward_euler_step_doubling,0.00002,,0.008,dc,5,10,0,50,2,,,,,,,,,,0
0.0031461973955233726,S2,switch,A,B,0,,false,0,,17.963542579059073,0,0,0,true,true,backward_euler_step_doubling,0.00002,,0.008,,,,,,,true,true,1@0.003=open,,,,,,,0
0.0031461973955233726,R3,resistor,B,0,100,Ω,,0,,-12.963542579059071,-0.1296354257905907,1.680534361990775,0,true,true,backward_euler_step_doubling,0.00002,,0.008,,,,,,,,,,,,,,,,0
0.0031461973955233726,L4,inductor,B,0,100,mH,,0,A,-12.963542579059071,0.12963542579059073,-1.6805343619907753,0.0008402671809953879,true,true,backward_euler_step_doubling,0.00002,1e-10,0.008,,,,,,,,,,,,,,,,0
0.0031502947357964425,V1,voltage,A,0,5,V,,0,,5,0,0,0,true,true,backward_euler_step_doubling,0.00002,,0.008,dc,5,10,0,50,2,,,,,,,,,,0
0.0031502947357964425,S2,switch,A,B,0,,false,0,,17.91064328039507,0,0,0,true,true,backward_euler_step_doubling,0.00002,,0.008,,,,,,,true,true,1@0.003=open,,,,,,,0
0.0031502947357964425,R3,resistor,B,0,100,Ω,,0,,-12.910643280395071,-0.1291064328039507,1.666847099136104,0,true,true,backward_euler_step_doubling,0.00002,,0.008,,,,,,,,,,,,,,,,0
0.0031502947357964425,L4,inductor,B,0,100,mH,,0,A,-12.910643280395071,0.1291064328039507,-1.666847099136104,0.000833423549568052,true,true,backward_euler_step_doubling,0.00002,1e-10,0.008,,,,,,,,,,,,,,,,0
0.003154408932493049,V1,voltage,A,0,5,V,,0,,5,0,0,0,true,true,backward_euler_step_doubling,0.00002,,0.008,dc,5,10,0,50,2,,,,,,,,,,0
0.003154408932493049,S2,switch,A,B,0,,false,0,,17.85774399253517,0,0,0,true,true,backward_euler_step_doubling,0.00002,,0.008,,,,,,,true,true,1@0.003=open,,,,,,,0
0.003154408932493049,R3,resistor,B,0,100,Ω,,0,,-12.857743992535172,-0.12857743992535173,1.6532158057757431,0,true,true,backward_euler_step_doubling,0.00002,,0.008,,,,,,,,,,,,,,,,0
0.003154408932493049,L4,inductor,B,0,100,mH,,0,A,-12.857743992535172,0.1285774399253517,-1.6532158057757427,0.0008266079028878713,true,true,backward_euler_step_doubling,0.00002,1e-10,0.008,,,,,,,,,,,,,,,,0
0.0031585231291896554,V1,voltage,A,0,5,V,,0,,5,0,0,0,true,true,backward_euler_step_doubling,0.00002,,0.008,dc,5,10,0,50,2,,,,,,,,,,0
0.0031585231291896554,S2,switch,A,B,0,,false,0,,17.805061451013568,0,0,0,true,true,backward_euler_step_doubling,0.00002,,0.008,,,,,,,true,true,1@0.003=open,,,,,,,0
0.0031585231291896554,R3,resistor,B,0,100,Ω,,0,,-12.805061451013568,-0.1280506145101357,1.6396959876423371,0,true,true,backward_euler_step_doubling,0.00002,,0.008,,,,,,,,,,,,,,,,0
0.0031585231291896554,L4,inductor,B,0,100,mH,,0,A,-12.805061451013568,0.12805061451013566,-1.639695987642337,0.0008198479938211683,true,true,backward_euler_step_doubling,0.00002,1e-10,0.008,,,,,,,,,,,,,,,,0
0.0031626543215700553,V1,voltage,A,0,5,V,,0,,5,0,0,0,true,true,backward_euler_step_doubling,0.00002,,0.008,dc,5,10,0,50,2,,,,,,,,,,0
0.0031626543215700553,S2,switch,A,B,0,,false,0,,17.752378920385695,0,0,0,true,true,backward_euler_step_doubling,0.00002,,0.008,,,,,,,true,true,1@0.003=open,,,,,,,0
0.0031626543215700553,R3,resistor,B,0,100,Ω,,0,,-12.752378920385693,-0.12752378920385693,1.6262316812909738,0,true,true,backward_euler_step_doubling,0.00002,,0.008,,,,,,,,,,,,,,,,0
0.0031626543215700553,L4,inductor,B,0,100,mH,,0,A,-12.752378920385693,0.12752378920385693,-1.6262316812909738,0.0008131158406454868,true,true,backward_euler_step_doubling,0.00002,1e-10,0.008,,,,,,,,,,,,,,,,0
0.0031667855139504556,V1,voltage,A,0,5,V,,0,,5,0,0,0,true,true,backward_euler_step_doubling,0.00002,,0.008,dc,5,10,0,50,2,,,,,,,,,,0
0.0031667855139504556,S2,switch,A,B,0,,false,0,,17.69991313600648,0,0,0,true,true,backward_euler_step_doubling,0.00002,,0.008,,,,,,,true,true,1@0.003=open,,,,,,,0
0.0031667855139504556,R3,resistor,B,0,100,Ω,,0,,-12.69991313600648,-0.1269991313600648,1.6128779366210995,0,true,true,backward_euler_step_doubling,0.00002,,0.008,,,,,,,,,,,,,,,,0
0.0031667855139504556,L4,inductor,B,0,100,mH,,0,A,-12.69991313600648,0.1269991313600648,-1.6128779366210995,0.0008064389683105497,true,true,backward_euler_step_doubling,0.00002,1e-10,0.008,,,,,,,,,,,,,,,,0
0.003170933843007889,V1,voltage,A,0,5,V,,0,,5,0,0,0,true,true,backward_euler_step_doubling,0.00002,,0.008,dc,5,10,0,50,2,,,,,,,,,,0
0.003170933843007889,S2,switch,A,B,0,,false,0,,17.64744736260981,0,0,0,true,true,backward_euler_step_doubling,0.00002,,0.008,,,,,,,true,true,1@0.003=open,,,,,,,0
0.003170933843007889,R3,resistor,B,0,100,Ω,,0,,-12.647447362609809,-0.1264744736260981,1.599579247899858,0,true,true,backward_euler_step_doubling,0.00002,,0.008,,,,,,,,,,,,,,,,0
0.003170933843007889,L4,inductor,B,0,100,mH,,0,A,-12.647447362609809,0.1264744736260981,-1.599579247899858,0.0007997896239499291,true,true,backward_euler_step_doubling,0.00002,1e-10,0.008,,,,,,,,,,,,,,,,0
0.003175082172065322,V1,voltage,A,0,5,V,,0,,5,0,0,0,true,true,backward_euler_step_doubling,0.00002,,0.008,dc,5,10,0,50,2,,,,,,,,,,0
0.003175082172065322,S2,switch,A,B,0,,false,0,,17.595198335371055,0,0,0,true,true,backward_euler_step_doubling,0.00002,,0.008,,,,,,,true,true,1@0.003=open,,,,,,,0
0.003175082172065322,R3,resistor,B,0,100,Ω,,0,,-12.595198335371055,-0.12595198335371055,1.5863902110733379,0,true,true,backward_euler_step_doubling,0.00002,,0.008,,,,,,,,,,,,,,,,0
0.003175082172065322,L4,inductor,B,0,100,mH,,0,A,-12.595198335371055,0.12595198335371055,-1.5863902110733379,0.000793195105536669,true,true,backward_euler_step_doubling,0.00002,1e-10,0.008,,,,,,,,,,,,,,,,0
0.003179247780554658,V1,voltage,A,0,5,V,,0,,5,0,0,0,true,true,backward_euler_step_doubling,0.00002,,0.008,dc,5,10,0,50,2,,,,,,,,,,0
0.003179247780554658,S2,switch,A,B,0,,false,0,,17.54294931920567,0,0,0,true,true,backward_euler_step_doubling,0.00002,,0.008,,,,,,,true,true,1@0.003=open,,,,,,,0
0.003179247780554658,R3,resistor,B,0,100,Ω,,0,,-12.542949319205666,-0.12542949319205665,1.5732557762416188,0,true,true,backward_euler_step_doubling,0.00002,,0.008,,,,,,,,,,,,,,,,0
0.003179247780554658,L4,inductor,B,0,100,mH,,0,A,-12.542949319205666,0.12542949319205668,-1.573255776241619,0.0007866278881208097,true,true,backward_euler_step_doubling,0.00002,1e-10,0.008,,,,,,,,,,,,,,,,0
0.003183413389043993,V1,voltage,A,0,5,V,,0,,5,0,0,0,true,true,backward_euler_step_doubling,0.00002,,0.008,dc,5,10,0,50,2,,,,,,,,,,0
0.003183413389043993,S2,switch,A,B,0,,false,0,,17.490917049106322,0,0,0,true,true,backward_euler_step_doubling,0.00002,,0.008,,,,,,,true,true,1@0.003=open,,,,,,,0
0.003183413389043993,R3,resistor,B,0,100,Ω,,0,,-12.490917049106324,-0.12490917049106325,1.5602300872765504,0,true,true,backward_euler_step_doubling,0.00002,,0.008,,,,,,,,,,,,,,,,0
0.003183413389043993,L4,inductor,B,0,100,mH,,0,A,-12.490917049106324,0.12490917049106325,-1.5602300872765504,0.0007801150436382753,true,true,backward_euler_step_doubling,0.00002,1e-10,0.008,,,,,,,,,,,,,,,,0
0.003187596421511233,V1,voltage,A,0,5,V,,0,,5,0,0,0,true,true,backward_euler_step_doubling,0.00002,,0.008,dc,5,10,0,50,2,,,,,,,,,,0
0.003187596421511233,S2,switch,A,B,0,,false,0,,17.43888479017278,0,0,0,true,true,backward_euler_step_doubling,0.00002,,0.008,,,,,,,true,true,1@0.003=open,,,,,,,0
0.003187596421511233,R3,resistor,B,0,100,Ω,,0,,-12.438884790172777,-0.12438884790172777,1.5472585482319166,0,true,true,backward_euler_step_doubling,0.00002,,0.008,,,,,,,,,,,,,,,,0
0.003187596421511233,L4,inductor,B,0,100,mH,,0,A,-12.438884790172777,0.12438884790172776,-1.5472585482319163,0.0007736292741159582,true,true,backward_euler_step_doubling,0.00002,1e-10,0.008,,,,,,,,,,,,,,,,0
0.003191779453978473,V1,voltage,A,0,5,V,,0,,5,0,0,0,true,true,backward_euler_step_doubling,0.00002,,0.008,dc,5,10,0,50,2,,,,,,,,,,0
0.003191779453978473,S2,switch,A,B,0,,false,0,,17.387069277212248,0,0,0,true,true,backward_euler_step_doubling,0.00002,,0.008,,,,,,,true,true,1@0.003=open,,,,,,,0
0.003191779453978473,R3,resistor,B,0,100,Ω,,0,,-12.387069277212248,-0.12387069277212248,1.5343948527845557,0,true,true,backward_euler_step_doubling,0.00002,,0.008,,,,,,,,,,,,,,,,0
0.003191779453978473,L4,inductor,B,0,100,mH,,0,A,-12.387069277212248,0.12387069277212247,-1.5343948527845555,0.0007671974263922777,true,true,backward_euler_step_doubling,0.00002,1e-10,0.008,,,,,,,,,,,,,,,,0
0.003195980056790915,V1,voltage,A,0,5,V,,0,,5,0,0,0,true,true,backward_euler_step_doubling,0.00002,,0.008,dc,5,10,0,50,2,,,,,,,,,,0
0.003195980056790915,S2,switch,A,B,0,,false,0,,17.335253775510648,0,0,0,true,true,backward_euler_step_doubling,0.00002,,0.008,,,,,,,true,true,1@0.003=open,,,,,,,0
0.003195980056790915,R3,resistor,B,0,100,Ω,,0,,-12.335253775510648,-0.12335253775510648,1.5215848570624968,0,true,true,backward_euler_step_doubling,0.00002,,0.008,,,,,,,,,,,,,,,,0
0.003195980056790915,L4,inductor,B,0,100,mH,,0,A,-12.335253775510648,0.1233525377551065,-1.5215848570624972,0.0007607924285312488,true,true,backward_euler_step_doubling,0.00002,1e-10,0.008,,,,,,,,,,,,,,,,0
0.003200180659603357,V1,voltage,A,0,5,V,,0,,5,0,0,0,true,true,backward_euler_step_doubling,0.00002,,0.008,dc,5,10,0,50,2,,,,,,,,,,0
0.003200180659603357,S2,switch,A,B,0,,false,0,,17.283655019687878,0,0,0,true,true,backward_euler_step_doubling,0.00002,,0.008,,,,,,,true,true,1@0.003=open,,,,,,,0
0.003200180659603357,R3,resistor,B,0,100,Ω,,0,,-12.28365501968788,-0.1228365501968788,1.5088818064270324,0,true,true,backward_euler_step_doubling,0.00002,,0.008,,,,,,,,,,,,,,,,0
0.003200180659603357,L4,inductor,B,0,100,mH,,0,A,-12.28365501968788,0.12283655019687881,-1.5088818064270326,0.0007544409032135163,true,true,backward_euler_step_doubling,0.00002,1e-10,0.008,,,,,,,,,,,,,,,,0
0.003204398980980308,V1,voltage,A,0,5,V,,0,,5,0,0,0,true,true,backward_euler_step_doubling,0.00002,,0.008,dc,5,10,0,50,2,,,,,,,,,,0
0.003204398980980308,S2,switch,A,B,0,,false,0,,17.232056275218063,0,0,0,true,true,backward_euler_step_doubling,0.00002,,0.008,,,,,,,true,true,1@0.003=open,,,,,,,0
0.003204398980980308,R3,resistor,B,0,100,Ω,,0,,-12.232056275218065,-0.12232056275218066,1.4962320072010165,0,true,true,backward_euler_step_doubling,0.00002,,0.008,,,,,,,,,,,,,,,,0
0.003204398980980308,L4,inductor,B,0,100,mH,,0,A,-12.232056275218065,0.12232056275218064,-1.4962320072010165,0.0007481160036005082,true,true,backward_euler_step_doubling,0.00002,1e-10,0.008,,,,,,,,,,,,,,,,0
0.0032086173023572586,V1,voltage,A,0,5,V,,0,,5,0,0,0,true,true,backward_euler_step_doubling,0.00002,,0.008,dc,5,10,0,50,2,,,,,,,,,,0
0.0032086173023572586,S2,switch,A,B,0,,false,0,,17.180674276531697,0,0,0,true,true,backward_euler_step_doubling,0.00002,,0.008,,,,,,,true,true,1@0.003=open,,,,,,,0
0.0032086173023572586,R3,resistor,B,0,100,Ω,,0,,-12.180674276531697,-0.12180674276531697,1.4836882583096098,0,true,true,backward_euler_step_doubling,0.00002,,0.008,,,,,,,,,,,,,,,,0
0.0032086173023572586,L4,inductor,B,0,100,mH,,0,A,-12.180674276531697,0.12180674276531697,-1.4836882583096098,0.000741844129154805,true,true,backward_euler_step_doubling,0.00002,1e-10,0.008,,,,,,,,,,,,,,,,0
0.0032128534924013618,V1,voltage,A,0,5,V,,0,,5,0,0,0,true,true,backward_euler_step_doubling,0.00002,,0.008,dc,5,10,0,50,2,,,,,,,,,,0
0.0032128534924013618,S2,switch,A,B,0,,false,0,,17.129292289293772,0,0,0,true,true,backward_euler_step_doubling,0.00002,,0.008,,,,,,,true,true,1@0.003=open,,,,,,,0
0.0032128534924013618,R3,resistor,B,0,100,Ω,,0,,-12.12929228929377,-0.12129292289293771,1.4711973143912132,0,true,true,backward_euler_step_doubling,0.00002,,0.008,,,,,,,,,,,,,,,,0
0.0032128534924013618,L4,inductor,B,0,100,mH,,0,A,-12.12929228929377,0.12129292289293771,-1.4711973143912132,0.0007355986571956066,true,true,backward_euler_step_doubling,0.00002,1e-10,0.008,,,,,,,,,,,,,,,,0
0.0032170896824454654,V1,voltage,A,0,5,V,,0,,5,0,0,0,true,true,backward_euler_step_doubling,0.00002,,0.008,dc,5,10,0,50,2,,,,,,,,,,0
0.0032170896824454654,S2,switch,A,B,0,,false,0,,17.078127047742708,0,0,0,true,true,backward_euler_step_doubling,0.00002,,0.008,,,,,,,true,true,1@0.003=open,,,,,,,0
0.0032170896824454654,R3,resistor,B,0,100,Ω,,0,,-12.078127047742708,-0.12078127047742708,1.4588115298141398,0,true,true,backward_euler_step_doubling,0.00002,,0.008,,,,,,,,,,,,,,,,0
0.0032170896824454654,L4,inductor,B,0,100,mH,,0,A,-12.078127047742708,0.12078127047742707,-1.4588115298141398,0.0007294057649070698,true,true,backward_euler_step_doubling,0.00002,1e-10,0.008,,,,,,,,,,,,,,,,0
0.003221343893174758,V1,voltage,A,0,5,V,,0,,5,0,0,0,true,true,backward_euler_step_doubling,0.00002,,0.008,dc,5,10,0,50,2,,,,,,,,,,0
0.003221343893174758,S2,switch,A,B,0,,false,0,,17.026961817736897,0,0,0,true,true,backward_euler_step_doubling,0.00002,,0.008,,,,,,,true,true,1@0.003=open,,,,,,,0
0.003221343893174758,R3,resistor,B,0,100,Ω,,0,,-12.026961817736899,-0.12026961817736899,1.4464781056530125,0,true,true,backward_euler_step_doubling,0.00002,,0.008,,,,,,,,,,,,,,,,0
0.003221343893174758,L4,inductor,B,0,100,mH,,0,A,-12.026961817736899,0.12026961817736899,-1.4464781056530125,0.0007232390528265063,true,true,backward_euler_step_doubling,0.00002,1e-10,0.008,,,,,,,,,,,,,,,,0
0.0032255981039040504,V1,voltage,A,0,5,V,,0,,5,0,0,0,true,true,backward_euler_step_doubling,0.00002,,0.008,dc,5,10,0,50,2,,,,,,,,,,0
0.0032255981039040504,S2,switch,A,B,0,,false,0,,16.97601333332014,0,0,0,true,true,backward_euler_step_doubling,0.00002,,0.008,,,,,,,true,true,1@0.003=open,,,,,,,0
0.0032255981039040504,R3,resistor,B,0,100,Ω,,0,,-11.976013333320138,-0.11976013333320137,1.4342489535986171,0,true,true,backward_euler_step_doubling,0.00002,,0.008,,,,,,,,,,,,,,,,0
0.0032255981039040504,L4,inductor,B,0,100,mH,,0,A,-11.976013333320138,0.11976013333320139,-1.4342489535986174,0.0007171244767993088,true,true,backward_euler_step_doubling,0.00002,1e-10,0.008,,,,,,,,,,,,,,,,0
0.0032298704892847288,V1,voltage,A,0,5,V,,0,,5,0,0,0,true,true,backward_euler_step_doubling,0.00002,,0.008,dc,5,10,0,50,2,,,,,,,,,,0
0.0032298704892847288,S2,switch,A,B,0,,false,0,,16.9250648605463,0,0,0,true,true,backward_euler_step_doubling,0.00002,,0.008,,,,,,,true,true,1@0.003=open,,,,,,,0
0.0032298704892847288,R3,resistor,B,0,100,Ω,,0,,-11.9250648605463,-0.119250648605463,1.4220717192823615,0,true,true,backward_euler_step_doubling,0.00002,,0.008,,,,,,,,,,,,,,,,0
0.0032298704892847288,L4,inductor,B,0,100,mH,,0,A,-11.9250648605463,0.119250648605463,-1.4220717192823615,0.0007110358596411808,true,true,backward_euler_step_doubling,0.00002,1e-10,0.008,,,,,,,,,,,,,,,,0
0.003234142874665407,V1,voltage,A,0,5,V,,0,,5,0,0,0,true,true,backward_euler_step_doubling,0.00002,,0.008,dc,5,10,0,50,2,,,,,,,,,,0
0.003234142874665407,S2,switch,A,B,0,,false,0,,16.874333133262446,0,0,0,true,true,backward_euler_step_doubling,0.00002,,0.008,,,,,,,true,true,1@0.003=open,,,,,,,0
0.003234142874665407,R3,resistor,B,0,100,Ω,,0,,-11.874333133262445,-0.11874333133262445,1.4099978735969432,0,true,true,backward_euler_step_doubling,0.00002,,0.008,,,,,,,,,,,,,,,,0
0.003234142874665407,L4,inductor,B,0,100,mH,,0,A,-11.874333133262445,0.11874333133262445,-1.4099978735969432,0.0007049989367984716,true,true,backward_euler_step_doubling,0.00002,1e-10,0.008,,,,,,,,,,,,,,,,0
0.003238433590645201,V1,voltage,A,0,5,V,,0,,5,0,0,0,true,true,backward_euler_step_doubling,0.00002,,0.008,dc,5,10,0,50,2,,,,,,,,,,0
0.003238433590645201,S2,switch,A,B,0,,false,0,,16.823601417720717,0,0,0,true,true,backward_euler_step_doubling,0.00002,,0.008,,,,,,,true,true,1@0.003=open,,,,,,,0
0.003238433590645201,R3,resistor,B,0,100,Ω,,0,,-11.823601417720715,-0.11823601417720715,1.397975504851273,0,true,true,backward_euler_step_doubling,0.00002,,0.008,,,,,,,,,,,,,,,,0
0.003238433590645201,L4,inductor,B,0,100,mH,,0,A,-11.823601417720715,0.11823601417720715,-1.397975504851273,0.0006989877524256365,true,true,backward_euler_step_doubling,0.00002,1e-10,0.008,,,,,,,,,,,,,,,,0
0.003242724306624995,V1,voltage,A,0,5,V,,0,,5,0,0,0,true,true,backward_euler_step_doubling,0.00002,,0.008,dc,5,10,0,50,2,,,,,,,,,,0
0.003242724306624995,S2,switch,A,B,0,,false,0,,16.773086447568637,0,0,0,true,true,backward_euler_step_doubling,0.00002,,0.008,,,,,,,true,true,1@0.003=open,,,,,,,0
0.003242724306624995,R3,resistor,B,0,100,Ω,,0,,-11.773086447568636,-0.11773086447568636,1.3860556450192427,0,true,true,backward_euler_step_doubling,0.00002,,0.008,,,,,,,,,,,,,,,,0
0.003242724306624995,L4,inductor,B,0,100,mH,,0,A,-11.773086447568636,0.11773086447568636,-1.3860556450192427,0.0006930278225096214,true,true,backward_euler_step_doubling,0.00002,1e-10,0.008,,,,,,,,,,,,,,,,0
0.0032470335111673236,V1,voltage,A,0,5,V,,0,,5,0,0,0,true,true,backward_euler_step_doubling,0.00002,,0.008,dc,5,10,0,50,2,,,,,,,,,,0
0.0032470335111673236,S2,switch,A,B,0,,false,0,,16.722571489259348,0,0,0,true,true,backward_euler_step_doubling,0.00002,,0.008,,,,,,,true,true,1@0.003=open,,,,,,,0
0.0032470335111673236,R3,resistor,B,0,100,Ω,,0,,-11.722571489259348,-0.11722571489259348,1.3741868232079613,0,true,true,backward_euler_step_doubling,0.00002,,0.008,,,,,,,,,,,,,,,,0
0.0032470335111673236,L4,inductor,B,0,100,mH,,0,A,-11.722571489259348,0.1172257148925935,-1.3741868232079615,0.0006870934116039808,true,true,backward_euler_step_doubling,0.00002,1e-10,0.008,,,,,,,,,,,,,,,,0
0.003251342715709652,V1,voltage,A,0,5,V,,0,,5,0,0,0,true,true,backward_euler_step_doubling,0.00002,,0.008,dc,5,10,0,50,2,,,,,,,,,,0
0.003251342715709652,S2,switch,A,B,0,,false,0,,16.672273276238087,0,0,0,true,true,backward_euler_step_doubling,0.00002,,0.008,,,,,,,true,true,1@0.003=open,,,,,,,0
0.003251342715709652,R3,resistor,B,0,100,Ω,,0,,-11.672273276238085,-0.11672273276238085,1.3624196343518176,0,true,true,backward_euler_step_doubling,0.00002,,0.008,,,,,,,,,,,,,,,,0
0.003251342715709652,L4,inductor,B,0,100,mH,,0,A,-11.672273276238085,0.11672273276238085,-1.3624196343518176,0.0006812098171759088,true,true,backward_euler_step_doubling,0.00002,1e-10,0.008,,,,,,,,,,,,,,,,0
0.003255670568828567,V1,voltage,A,0,5,V,,0,,5,0,0,0,true,true,backward_euler_step_doubling,0.00002,,0.008,dc,5,10,0,50,2,,,,,,,,,,0
0.003255670568828567,S2,switch,A,B,0,,false,0,,16.621975075161096,0,0,0,true,true,backward_euler_step_doubling,0.00002,,0.008,,,,,,,true,true,1@0.003=open,,,,,,,0
0.003255670568828567,R3,resistor,B,0,100,Ω,,0,,-11.621975075161096,-0.11621975075161096,1.3507030464766576,0,true,true,backward_euler_step_doubling,0.00002,,0.008,,,,,,,,,,,,,,,,0
0.003255670568828567,L4,inductor,B,0,100,mH,,0,A,-11.621975075161096,0.11621975075161095,-1.3507030464766576,0.0006753515232383288,true,true,backward_euler_step_doubling,0.00002,1e-10,0.008,,,,,,,,,,,,,,,,0
0.0032599984219474822,V1,voltage,A,0,5,V,,0,,5,0,0,0,true,true,backward_euler_step_doubling,0.00002,,0.008,dc,5,10,0,50,2,,,,,,,,,,0
0.0032599984219474822,S2,switch,A,B,0,,false,0,,16.57189361926919,0,0,0,true,true,backward_euler_step_doubling,0.00002,,0.008,,,,,,,true,true,1@0.003=open,,,,,,,0
0.0032599984219474822,R3,resistor,B,0,100,Ω,,0,,-11.571893619269188,-0.11571893619269188,1.3390872193568295,0,true,true,backward_euler_step_doubling,0.00002,,0.008,,,,,,,,,,,,,,,,0
0.0032599984219474822,L4,inductor,B,0,100,mH,,0,A,-11.571893619269188,0.11571893619269187,-1.3390872193568293,0.0006695436096784146,true,true,backward_euler_step_doubling,0.00002,1e-10,0.008,,,,,,,,,,,,,,,,0
0.0032643450857432347,V1,voltage,A,0,5,V,,0,,5,0,0,0,true,true,backward_euler_step_doubling,0.00002,,0.008,dc,5,10,0,50,2,,,,,,,,,,0
0.0032643450857432347,S2,switch,A,B,0,,false,0,,16.521812175424806,0,0,0,true,true,backward_euler_step_doubling,0.00002,,0.008,,,,,,,true,true,1@0.003=open,,,,,,,0
0.0032643450857432347,R3,resistor,B,0,100,Ω,,0,,-11.521812175424808,-0.11521812175424807,1.3275215580576734,0,true,true,backward_euler_step_doubling,0.00002,,0.008,,,,,,,,,,,,,,,,0
0.0032643450857432347,L4,inductor,B,0,100,mH,,0,A,-11.521812175424808,0.11521812175424809,-1.3275215580576736,0.0006637607790288369,true,true,backward_euler_step_doubling,0.00002,1e-10,0.008,,,,,,,,,,,,,,,,0
0.003268691749538987,V1,voltage,A,0,5,V,,0,,5,0,0,0,true,true,backward_euler_step_doubling,0.00002,,0.008,dc,5,10,0,50,2,,,,,,,,,,0
0.003268691749538987,S2,switch,A,B,0,,false,0,,16.47194747666123,0,0,0,true,true,backward_euler_step_doubling,0.00002,,0.008,,,,,,,true,true,1@0.003=open,,,,,,,0
0.003268691749538987,R3,resistor,B,0,100,Ω,,0,,-11.471947476661231,-0.11471947476661232,1.31605578907274,0,true,true,backward_euler_step_doubling,0.00002,,0.008,,,,,,,,,,,,,,,,0
0.003268691749538987,L4,inductor,B,0,100,mH,,0,A,-11.471947476661231,0.11471947476661232,-1.31605578907274,0.00065802789453637,true,true,backward_euler_step_doubling,0.00002,1e-10,0.008,,,,,,,,,,,,,,,,0
0.0032730573882345368,V1,voltage,A,0,5,V,,0,,5,0,0,0,true,true,backward_euler_step_doubling,0.00002,,0.008,dc,5,10,0,50,2,,,,,,,,,,0
0.0032730573882345368,S2,switch,A,B,0,,false,0,,16.422082790049217,0,0,0,true,true,backward_euler_step_doubling,0.00002,,0.008,,,,,,,true,true,1@0.003=open,,,,,,,0
0.0032730573882345368,R3,resistor,B,0,100,Ω,,0,,-11.422082790049219,-0.11422082790049219,1.3046397526273854,0,true,true,backward_euler_step_doubling,0.00002,,0.008,,,,,,,,,,,,,,,,0
0.0032730573882345368,L4,inductor,B,0,100,mH,,0,A,-11.422082790049219,0.11422082790049218,-1.3046397526273854,0.0006523198763136927,true,true,backward_euler_step_doubling,0.00002,1e-10,0.008,,,,,,,,,,,,,,,,0
0.003277423026930087,V1,voltage,A,0,5,V,,0,,5,0,0,0,true,true,backward_euler_step_doubling,0.00002,,0.008,dc,5,10,0,50,2,,,,,,,,,,0
0.003277423026930087,S2,switch,A,B,0,,false,0,,16.372434848412368,0,0,0,true,true,backward_euler_step_doubling,0.00002,,0.008,,,,,,,true,true,1@0.003=open,,,,,,,0
0.003277423026930087,R3,resistor,B,0,100,Ω,,0,,-11.37243484841237,-0.1137243484841237,1.2933227438138408,0,true,true,backward_euler_step_doubling,0.00002,,0.008,,,,,,,,,,,,,,,,0
0.003277423026930087,L4,inductor,B,0,100,mH,,0,A,-11.37243484841237,0.11372434848412369,-1.2933227438138406,0.0006466613719069203,true,true,backward_euler_step_doubling,0.00002,1e-10,0.008,,,,,,,,,,,,,,,,0
0.003281807806908228,V1,voltage,A,0,5,V,,0,,5,0,0,0,true,true,backward_euler_step_doubling,0.00002,,0.008,dc,5,10,0,50,2,,,,,,,,,,0
0.003281807806908228,S2,switch,A,B,0,,false,0,,16.322786919033035,0,0,0,true,true,backward_euler_step_doubling,0.00002,,0.008,,,,,,,true,true,1@0.003=open,,,,,,,0
0.003281807806908228,R3,resistor,B,0,100,Ω,,0,,-11.322786919033037,-0.11322786919033037,1.2820550361382566,0,true,true,backward_euler_step_doubling,0.00002,,0.008,,,,,,,,,,,,,,,,0
0.003281807806908228,L4,inductor,B,0,100,mH,,0,A,-11.322786919033037,0.11322786919033037,-1.2820550361382566,0.0006410275180691284,true,true,backward_euler_step_doubling,0.00002,1e-10,0.008,,,,,,,,,,,,,,,,0
0.0032861925868863688,V1,voltage,A,0,5,V,,0,,5,0,0,0,true,true,backward_euler_step_doubling,0.00002,,0.008,dc,5,10,0,50,2,,,,,,,,,,0
0.0032861925868863688,S2,switch,A,B,0,,false,0,,16.273355734521843,0,0,0,true,true,backward_euler_step_doubling,0.00002,,0.008,,,,,,,true,true,1@0.003=open,,,,,,,0
0.0032861925868863688,R3,resistor,B,0,100,Ω,,0,,-11.273355734521845,-0.11273355734521845,1.2708854951707655,0,true,true,backward_euler_step_doubling,0.00002,,0.008,,,,,,,,,,,,,,,,0
0.0032861925868863688,L4,inductor,B,0,100,mH,,0,A,-11.273355734521845,0.11273355734521845,-1.2708854951707655,0.0006354427475853829,true,true,backward_euler_step_doubling,0.00002,1e-10,0.008,,,,,,,,,,,,,,,,0
0.0032905966767278463,V1,voltage,A,0,5,V,,0,,5,0,0,0,true,true,backward_euler_step_doubling,0.00002,,0.008,dc,5,10,0,50,2,,,,,,,,,,0
0.0032905966767278463,S2,switch,A,B,0,,false,0,,16.223924562375178,0,0,0,true,true,backward_euler_step_doubling,0.00002,,0.008,,,,,,,true,true,1@0.003=open,,,,,,,0
0.0032905966767278463,R3,resistor,B,0,100,Ω,,0,,-11.223924562375178,-0.11223924562375177,1.2597648258188883,0,true,true,backward_euler_step_doubling,0.00002,,0.008,,,,,,,,,,,,,,,,0
0.0032905966767278463,L4,inductor,B,0,100,mH,,0,A,-11.223924562375178,0.11223924562375179,-1.2597648258188883,0.0006298824129094443,true,true,backward_euler_step_doubling,0.00002,1e-10,0.008,,,,,,,,,,,,,,,,0
0.003295000766569324,V1,voltage,A,0,5,V,,0,,5,0,0,0,true,true,backward_euler_step_doubling,0.00002,,0.008,dc,5,10,0,50,2,,,,,,,,,,0
0.003295000766569324,S2,switch,A,B,0,,false,0,,16.17471013498822,0,0,0,true,true,backward_euler_step_doubling,0.00002,,0.008,,,,,,,true,true,1@0.003=open,,,,,,,0
0.003295000766569324,R3,resistor,B,0,100,Ω,,0,,-11.17471013498822,-0.11174710134988221,1.2487414660100846,0,true,true,backward_euler_step_doubling,0.00002,,0.008,,,,,,,,,,,,,,,,0
0.003295000766569324,L4,inductor,B,0,100,mH,,0,A,-11.17471013498822,0.11174710134988221,-1.2487414660100846,0.0006243707330050424,true,true,backward_euler_step_doubling,0.00002,1e-10,0.008,,,,,,,,,,,,,,,,0
0.0032994243370916723,V1,voltage,A,0,5,V,,0,,5,0,0,0,true,true,backward_euler_step_doubling,0.00002,,0.008,dc,5,10,0,50,2,,,,,,,,,,0
0.0032994243370916723,S2,switch,A,B,0,,false,0,,16.125495720074383,0,0,0,true,true,backward_euler_step_doubling,0.00002,,0.008,,,,,,,true,true,1@0.003=open,,,,,,,0
0.0032994243370916723,R3,resistor,B,0,100,Ω,,0,,-11.125495720074385,-0.11125495720074385,1.2377665501739346,0,true,true,backward_euler_step_doubling,0.00002,,0.008,,,,,,,,,,,,,,,,0
0.0032994243370916723,L4,inductor,B,0,100,mH,,0,A,-11.125495720074385,0.11125495720074385,-1.2377665501739346,0.0006188832750869674,true,true,backward_euler_step_doubling,0.00002,1e-10,0.008,,,,,,,,,,,,,,,,0
0.0033038479076140208,V1,voltage,A,0,5,V,,0,,5,0,0,0,true,true,backward_euler_step_doubling,0.00002,,0.008,dc,5,10,0,50,2,,,,,,,,,,0
0.0033038479076140208,S2,switch,A,B,0,,false,0,,16.076498049810393,0,0,0,true,true,backward_euler_step_doubling,0.00002,,0.008,,,,,,,true,true,1@0.003=open,,,,,,,0
0.0033038479076140208,R3,resistor,B,0,100,Ω,,0,,-11.076498049810393,-0.11076498049810393,1.2268880904745345,0,true,true,backward_euler_step_doubling,0.00002,,0.008,,,,,,,,,,,,,,,,0
0.0033038479076140208,L4,inductor,B,0,100,mH,,0,A,-11.076498049810393,0.11076498049810393,-1.2268880904745345,0.0006134440452372673,true,true,backward_euler_step_doubling,0.00002,1e-10,0.008,,,,,,,,,,,,,,,,0
0.0033082911319113196,V1,voltage,A,0,5,V,,0,,5,0,0,0,true,true,backward_euler_step_doubling,0.00002,,0.008,dc,5,10,0,50,2,,,,,,,,,,0
0.0033082911319113196,S2,switch,A,B,0,,false,0,,16.02750039212961,0,0,0,true,true,backward_euler_step_doubling,0.00002,,0.008,,,,,,,true,true,1@0.003=open,,,,,,,0
0.0033082911319113196,R3,resistor,B,0,100,Ω,,0,,-11.02750039212961,-0.1102750039212961,1.2160576489841872,0,true,true,backward_euler_step_doubling,0.00002,,0.008,,,,,,,,,,,,,,,,0
0.0033082911319113196,L4,inductor,B,0,100,mH,,0,A,-11.02750039212961,0.1102750039212961,-1.2160576489841872,0.0006080288244920936,true,true,backward_euler_step_doubling,0.00002,1e-10,0.008,,,,,,,,,,,,,,,,0
0.0033127343562086185,V1,voltage,A,0,5,V,,0,,5,0,0,0,true,true,backward_euler_step_doubling,0.00002,,0.008,dc,5,10,0,50,2,,,,,,,,,,0
0.0033127343562086185,S2,switch,A,B,0,,false,0,,15.978719478987346,0,0,0,true,true,backward_euler_step_doubling,0.00002,,0.008,,,,,,,true,true,1@0.003=open,,,,,,,0
0.0033127343562086185,R3,resistor,B,0,100,Ω,,0,,-10.978719478987346,-0.10978719478987346,1.205322813982962,0,true,true,backward_euler_step_doubling,0.00002,,0.008,,,,,,,,,,,,,,,,0
0.0033127343562086185,L4,inductor,B,0,100,mH,,0,A,-10.978719478987346,0.10978719478987346,-1.205322813982962,0.000602661406991481,true,true,backward_euler_step_doubling,0.00002,1e-10,0.008,,,,,,,,,,,,,,,,0
0.0033171974096921756,V1,voltage,A,0,5,V,,0,,5,0,0,0,true,true,backward_euler_step_doubling,0.00002,,0.008,dc,5,10,0,50,2,,,,,,,,,,0
0.0033171974096921756,S2,switch,A,B,0,,false,0,,15.929938578539332,0,0,0,true,true,backward_euler_step_doubling,0.00002,,0.008,,,,,,,true,true,1@0.003=open,,,,,,,0
0.0033171974096921756,R3,resistor,B,0,100,Ω,,0,,-10.929938578539332,-0.10929938578539332,1.194635573306424,0,true,true,backward_euler_step_doubling,0.00002,,0.008,,,,,,,,,,,,,,,,0
0.0033171974096921756,L4,inductor,B,0,100,mH,,0,A,-10.929938578539332,0.1092993857853933,-1.1946355733064238,0.0005973177866532118,true,true,backward_euler_step_doubling,0.00002,1e-10,0.008,,,,,,,,,,,,,,,,0
0.0033216604631757327,V1,voltage,A,0,5,V,,0,,5,0,0,0,true,true,backward_euler_step_doubling,0.00002,,0.008,dc,5,10,0,50,2,,,,,,,,,,0
0.0033216604631757327,S2,switch,A,B,0,,false,0,,15.881374422517027,0,0,0,true,true,backward_euler_step_doubling,0.00002,,0.008,,,,,,,true,true,1@0.003=open,,,,,,,0
0.0033216604631757327,R3,resistor,B,0,100,Ω,,0,,-10.881374422517027,-0.10881374422517026,1.1840430932300776,0,true,true,backward_euler_step_doubling,0.00002,,0.008,,,,,,,,,,,,,,,,0
0.0033216604631757327,L4,inductor,B,0,100,mH,,0,A,-10.881374422517027,0.10881374422517026,-1.1840430932300776,0.0005920215466150388,true,true,backward_euler_step_doubling,0.00002,1e-10,0.008,,,,,,,,,,,,,,,,0
0.0033261435236154975,V1,voltage,A,0,5,V,,0,,5,0,0,0,true,true,backward_euler_step_doubling,0.00002,,0.008,dc,5,10,0,50,2,,,,,,,,,,0
0.0033261435236154975,S2,switch,A,B,0,,false,0,,15.83281027930241,0,0,0,true,true,backward_euler_step_doubling,0.00002,,0.008,,,,,,,true,true,1@0.003=open,,,,,,,0
0.0033261435236154975,R3,resistor,B,0,100,Ω,,0,,-10.83281027930241,-0.10832810279302411,1.1734977854735997,0,true,true,backward_euler_step_doubling,0.00002,,0.008,,,,,,,,,,,,,,,,0
0.0033261435236154975,L4,inductor,B,0,100,mH,,0,A,-10.83281027930241,0.10832810279302411,-1.1734977854735997,0.0005867488927368001,true,true,backward_euler_step_doubling,0.00002,1e-10,0.008,,,,,,,,,,,,,,,,0
0.0033306265840552618,V1,voltage,A,0,5,V,,0,,5,0,0,0,true,true,backward_euler_step_doubling,0.00002,,0.008,dc,5,10,0,50,2,,,,,,,,,,0
0.0033306265840552618,S2,switch,A,B,0,,false,0,,15.784462880399184,0,0,0,true,true,backward_euler_step_doubling,0.00002,,0.008,,,,,,,true,true,1@0.003=open,,,,,,,0
0.0033306265840552618,R3,resistor,B,0,100,Ω,,0,,-10.784462880399184,-0.10784462880399184,1.1630463961870787,0,true,true,backward_euler_step_doubling,0.00002,,0.008,,,,,,,,,,,,,,,,0
0.0033306265840552618,L4,inductor,B,0,100,mH,,0,A,-10.784462880399184,0.10784462880399184,-1.1630463961870787,0.0005815231980935394,true,true,backward_euler_step_doubling,0.00002,1e-10,0.008,,,,,,,,,,,,,,,,0
0.0033351298316224775,V1,voltage,A,0,5,V,,0,,5,0,0,0,true,true,backward_euler_step_doubling,0.00002,,0.008,dc,5,10,0,50,2,,,,,,,,,,0
0.0033351298316224775,S2,switch,A,B,0,,false,0,,15.736115494417602,0,0,0,true,true,backward_euler_step_doubling,0.00002,,0.008,,,,,,,true,true,1@0.003=open,,,,,,,0
0.0033351298316224775,R3,resistor,B,0,100,Ω,,0,,-10.736115494417602,-0.10736115494417602,1.152641759094737,0,true,true,backward_euler_step_doubling,0.00002,,0.008,,,,,,,,,,,,,,,,0
0.0033351298316224775,L4,inductor,B,0,100,mH,,0,A,-10.736115494417602,0.10736115494417602,-1.152641759094737,0.0005763208795473685,true,true,backward_euler_step_doubling,0.00002,1e-10,0.008,,,,,,,,,,,,,,,,0
0.0033396330791896933,V1,voltage,A,0,5,V,,0,,5,0,0,0,true,true,backward_euler_step_doubling,0.00002,,0.008,dc,5,10,0,50,2,,,,,,,,,,0
0.0033396330791896933,S2,switch,A,B,0,,false,0,,15.687984852631551,0,0,0,true,true,backward_euler_step_doubling,0.00002,,0.008,,,,,,,true,true,1@0.003=open,,,,,,,0
0.0033396330791896933,R3,resistor,B,0,100,Ω,,0,,-10.687984852631551,-0.10687984852631552,1.1423302021008148,0,true,true,backward_euler_step_doubling,0.00002,,0.008,,,,,,,,,,,,,,,,0
0.0033396330791896933,L4,inductor,B,0,100,mH,,0,A,-10.687984852631551,0.1068798485263155,-1.1423302021008148,0.0005711651010504074,true,true,backward_euler_step_doubling,0.00002,1e-10,0.008,,,,,,,,,,,,,,,,0
0.003344156696500193,V1,voltage,A,0,5,V,,0,,5,0,0,0,true,true,backward_euler_step_doubling,0.00002,,0.008,dc,5,10,0,50,2,,,,,,,,,,0
0.003344156696500193,S2,switch,A,B,0,,false,0,,15.639854223883198,0,0,0,true,true,backward_euler_step_doubling,0.00002,,0.008,,,,,,,true,true,1@0.003=open,,,,,,,0
0.003344156696500193,R3,resistor,B,0,100,Ω,,0,,-10.639854223883198,-0.10639854223883198,1.1320649790548514,0,true,true,backward_euler_step_doubling,0.00002,,0.008,,,,,,,,,,,,,,,,0
0.003344156696500193,L4,inductor,B,0,100,mH,,0,A,-10.639854223883198,0.10639854223883198,-1.1320649790548514,0.0005660324895274257,true,true,backward_euler_step_doubling,0.00002,1e-10,0.008,,,,,,,,,,,,,,,,0
0.003348680313810693,V1,voltage,A,0,5,V,,0,,5,0,0,0,true,true,backward_euler_step_doubling,0.00002,,0.008,dc,5,10,0,50,2,,,,,,,,,,0
0.003348680313810693,S2,switch,A,B,0,,false,0,,15.591940339212954,0,0,0,true,true,backward_euler_step_doubling,0.00002,,0.008,,,,,,,true,true,1@0.003=open,,,,,,,0
0.003348680313810693,R3,resistor,B,0,100,Ω,,0,,-10.591940339212954,-0.10591940339212953,1.1218920014944662,0,true,true,backward_euler_step_doubling,0.00002,,0.008,,,,,,,,,,,,,,,,0
0.003348680313810693,L4,inductor,B,0,100,mH,,0,A,-10.591940339212954,0.10591940339212953,-1.1218920014944662,0.0005609460007472331,true,true,backward_euler_step_doubling,0.00002,1e-10,0.008,,,,,,,,,,,,,,,,0
0.0033532244859693617,V1,voltage,A,0,5,V,,0,,5,0,0,0,true,true,backward_euler_step_doubling,0.00002,,0.008,dc,5,10,0,50,2,,,,,,,,,,0
0.0033532244859693617,S2,switch,A,B,0,,false,0,,15.544026467698172,0,0,0,true,true,backward_euler_step_doubling,0.00002,,0.008,,,,,,,true,true,1@0.003=open,,,,,,,0
0.0033532244859693617,R3,resistor,B,0,100,Ω,,0,,-10.544026467698172,-0.10544026467698173,1.111764941515196,0,true,true,backward_euler_step_doubling,0.00002,,0.008,,,,,,,,,,,,,,,,0
0.0033532244859693617,L4,inductor,B,0,100,mH,,0,A,-10.544026467698172,0.10544026467698173,-1.111764941515196,0.0005558824707575981,true,true,backward_euler_step_doubling,0.00002,1e-10,0.008,,,,,,,,,,,,,,,,0
0.0033577686581280305,V1,voltage,A,0,5,V,,0,,5,0,0,0,true,true,backward_euler_step_doubling,0.00002,,0.008,dc,5,10,0,50,2,,,,,,,,,,0
0.0033577686581280305,S2,switch,A,B,0,,false,0,,15.496329340142479,0,0,0,true,true,backward_euler_step_doubling,0.00002,,0.008,,,,,,,true,true,1@0.003=open,,,,,,,0
0.0033577686581280305,R3,resistor,B,0,100,Ω,,0,,-10.496329340142479,-0.1049632934014248,1.1017292961673586,0,true,true,backward_euler_step_doubling,0.00002,,0.008,,,,,,,,,,,,,,,,0
0.0033577686581280305,L4,inductor,B,0,100,mH,,0,A,-10.496329340142479,0.10496329340142478,-1.1017292961673584,0.0005508646480836791,true,true,backward_euler_step_doubling,0.00002,1e-10,0.008,,,,,,,,,,,,,,,,0
0.0033623335727742867,V1,voltage,A,0,5,V,,0,,5,0,0,0,true,true,backward_euler_step_doubling,0.00002,,0.008,dc,5,10,0,50,2,,,,,,,,,,0
0.0033623335727742867,S2,switch,A,B,0,,false,0,,15.448632225861298,0,0,0,true,true,backward_euler_step_doubling,0.00002,,0.008,,,,,,,true,true,1@0.003=open,,,,,,,0
0.0033623335727742867,R3,resistor,B,0,100,Ω,,0,,-10.448632225861298,-0.10448632225861297,1.091739153913072,0,true,true,backward_euler_step_doubling,0.00002,,0.008,,,,,,,,,,,,,,,,0
0.0033623335727742867,L4,inductor,B,0,100,mH,,0,A,-10.448632225861298,0.10448632225861297,-1.091739153913072,0.0005458695769565361,true,true,backward_euler_step_doubling,0.00002,1e-10,0.008,,,,,,,,,,,,,,,,0
0.0033668984874205433,V1,voltage,A,0,5,V,,0,,5,0,0,0,true,true,backward_euler_step_doubling,0.00002,,0.008,dc,5,10,0,50,2,,,,,,,,,,0
0.0033668984874205433,S2,switch,A,B,0,,false,0,,15.40115185541856,0,0,0,true,true,backward_euler_step_doubling,0.00002,,0.008,,,,,,,true,true,1@0.003=open,,,,,,,0
0.0033668984874205433,R3,resistor,B,0,100,Ω,,0,,-10.40115185541856,-0.1040115185541856,1.0818395991947694,0,true,true,backward_euler_step_doubling,0.00002,,0.008,,,,,,,,,,,,,,,,0
0.0033668984874205433,L4,inductor,B,0,100,mH,,0,A,-10.40115185541856,0.1040115185541856,-1.0818395991947694,0.0005409197995973848,true,true,backward_euler_step_doubling,0.00002,1e-10,0.008,,,,,,,,,,,,,,,,0
0.0033714843347747896,V1,voltage,A,0,5,V,,0,,5,0,0,0,true,true,backward_euler_step_doubling,0.00002,,0.008,dc,5,10,0,50,2,,,,,,,,,,0
0.0033714843347747896,S2,switch,A,B,0,,false,0,,15.353671498371018,0,0,0,true,true,backward_euler_step_doubling,0.00002,,0.008,,,,,,,true,true,1@0.003=open,,,,,,,0
0.0033714843347747896,R3,resistor,B,0,100,Ω,,0,,-10.353671498371018,-0.10353671498371017,1.0719851349618035,0,true,true,backward_euler_step_doubling,0.00002,,0.008,,,,,,,,,,,,,,,,0
0.0033714843347747896,L4,inductor,B,0,100,mH,,0,A,-10.353671498371018,0.10353671498371017,-1.0719851349618035,0.0005359925674809018,true,true,backward_euler_step_doubling,0.00002,1e-10,0.008,,,,,,,,,,,,,,,,0
0.0033760701821290364,V1,voltage,A,0,5,V,,0,,5,0,0,0,true,true,backward_euler_step_doubling,0.00002,,0.008,dc,5,10,0,50,2,,,,,,,,,,0
0.0033760701821290364,S2,switch,A,B,0,,false,0,,15.306407885039622,0,0,0,true,true,backward_euler_step_doubling,0.00002,,0.008,,,,,,,true,true,1@0.003=open,,,,,,,0
0.0033760701821290364,R3,resistor,B,0,100,Ω,,0,,-10.306407885039622,-0.10306407885039622,1.0622204349280688,0,true,true,backward_euler_step_doubling,0.00002,,0.008,,,,,,,,,,,,,,,,0
0.0033760701821290364,L4,inductor,B,0,100,mH,,0,A,-10.306407885039622,0.10306407885039623,-1.062220434928069,0.0005311102174640346,true,true,backward_euler_step_doubling,0.00002,1e-10,0.008,,,,,,,,,,,,,,,,0
0.0033806771550402032,V1,voltage,A,0,5,V,,0,,5,0,0,0,true,true,backward_euler_step_doubling,0.00002,,0.008,dc,5,10,0,50,2,,,,,,,,,,0
0.0033806771550402032,S2,switch,A,B,0,,false,0,,15.259144285225831,0,0,0,true,true,backward_euler_step_doubling,0.00002,,0.008,,,,,,,true,true,1@0.003=open,,,,,,,0
0.0033806771550402032,R3,resistor,B,0,100,Ω,,0,,-10.259144285225831,-0.10259144285225831,1.0525004146508183,0,true,true,backward_euler_step_doubling,0.00002,,0.008,,,,,,,,,,,,,,,,0
0.0033806771550402032,L4,inductor,B,0,100,mH,,0,A,-10.259144285225831,0.10259144285225832,-1.0525004146508186,0.0005262502073254094,true,true,backward_euler_step_doubling,0.00002,1e-10,0.008,,,,,,,,,,,,,,,,0
0.0033852841279513705,V1,voltage,A,0,5,V,,0,,5,0,0,0,true,true,backward_euler_step_doubling,0.00002,,0.008,dc,5,10,0,50,2,,,,,,,,,,0
0.0033852841279513705,S2,switch,A,B,0,,false,0,,15.21209742900421,0,0,0,true,true,backward_euler_step_doubling,0.00002,,0.008,,,,,,,true,true,1@0.003=open,,,,,,,0
0.0033852841279513705,R3,resistor,B,0,100,Ω,,0,,-10.21209742900421,-0.1021209742900421,1.042869338994744,0,true,true,backward_euler_step_doubling,0.00002,,0.008,,,,,,,,,,,,,,,,0
0.0033852841279513705,L4,inductor,B,0,100,mH,,0,A,-10.21209742900421,0.1021209742900421,-1.042869338994744,0.000521434669497372,true,true,backward_euler_step_doubling,0.00002,1e-10,0.008,,,,,,,,,,,,,,,,0
0.0033899124219455654,V1,voltage,A,0,5,V,,0,,5,0,0,0,true,true,backward_euler_step_doubling,0.00002,,0.008,dc,5,10,0,50,2,,,,,,,,,,0
0.0033899124219455654,S2,switch,A,B,0,,false,0,,15.165050586424375,0,0,0,true,true,backward_euler_step_doubling,0.00002,,0.008,,,,,,,true,true,1@0.003=open,,,,,,,0
0.0033899124219455654,R3,resistor,B,0,100,Ω,,0,,-10.165050586424375,-0.10165050586424375,1.0332825342456653,0,true,true,backward_euler_step_doubling,0.00002,,0.008,,,,,,,,,,,,,,,,0
0.0033899124219455654,L4,inductor,B,0,100,mH,,0,A,-10.165050586424375,0.10165050586424375,-1.0332825342456653,0.0005166412671228327,true,true,backward_euler_step_doubling,0.00002,1e-10,0.008,,,,,,,,,,,,,,,,0
0.0033945407159397603,V1,voltage,A,0,5,V,,0,,5,0,0,0,true,true,backward_euler_step_doubling,0.00002,,0.008,dc,5,10,0,50,2,,,,,,,,,,0
0.0033945407159397603,S2,switch,A,B,0,,false,0,,15.118220487311014,0,0,0,true,true,backward_euler_step_doubling,0.00002,,0.008,,,,,,,true,true,1@0.003=open,,,,,,,0
0.0033945407159397603,R3,resistor,B,0,100,Ω,,0,,-10.118220487311014,-0.10118220487311014,1.0237838582984033,0,true,true,backward_euler_step_doubling,0.00002,,0.008,,,,,,,,,,,,,,,,0
0.0033945407159397603,L4,inductor,B,0,100,mH,,0,A,-10.118220487311014,0.10118220487311014,-1.0237838582984033,0.0005118919291492017,true,true,backward_euler_step_doubling,0.00002,1e-10,0.008,,,,,,,,,,,,,,,,0
0.0033991905292700773,V1,voltage,A,0,5,V,,0,,5,0,0,0,true,true,backward_euler_step_doubling,0.00002,,0.008,dc,5,10,0,50,2,,,,,,,,,,0
0.0033991905292700773,S2,switch,A,B,0,,false,0,,15.071390401965132,0,0,0,true,true,backward_euler_step_doubling,0.00002,,0.008,,,,,,,true,true,1@0.003=open,,,,,,,0
0.0033991905292700773,R3,resistor,B,0,100,Ω,,0,,-10.071390401965132,-0.10071390401965133,1.014329046287954,0,true,true,backward_euler_step_doubling,0.00002,,0.008,,,,,,,,,,,,,,,,0
0.0033991905292700773,L4,inductor,B,0,100,mH,,0,A,-10.071390401965132,0.10071390401965132,-1.0143290462879537,0.0005071645231439769,true,true,backward_euler_step_doubling,0.00002,1e-10,0.008,,,,,,,,,,,,,,,,0
0.003403840342600394,V1,voltage,A,0,5,V,,0,,5,0,0,0,true,true,backward_euler_step_doubling,0.00002,,0.008,dc,5,10,0,50,2,,,,,,,,,,0
0.003403840342600394,S2,switch,A,B,0,,false,0,,15.024777059958284,0,0,0,true,true,backward_euler_step_doubling,0.00002,,0.008,,,,,,,true,true,1@0.003=open,,,,,,,0
0.003403840342600394,R3,resistor,B,0,100,Ω,,0,,-10.024777059958284,-0.10024777059958284,1.0049615510186585,0,true,true,backward_euler_step_doubling,0.00002,,0.008,,,,,,,,,,,,,,,,0
0.003403840342600394,L4,inductor,B,0,100,mH,,0,A,-10.024777059958284,0.10024777059958284,-1.0049615510186585,0.0005024807755093293,true,true,backward_euler_step_doubling,0.00002,1e-10,0.008,,,,,,,,,,,,,,,,0
0.0034085118762978203,V1,voltage,A,0,5,V,,0,,5,0,0,0,true,true,backward_euler_step_doubling,0.00002,,0.008,dc,5,10,0,50,2,,,,,,,,,,0
0.0034085118762978203,S2,switch,A,B,0,,false,0,,14.978163731846523,0,0,0,true,true,backward_euler_step_doubling,0.00002,,0.008,,,,,,,true,true,1@0.003=open,,,,,,,0
0.0034085118762978203,R3,resistor,B,0,100,Ω,,0,,-9.978163731846523,-0.09978163731846523,0.9956375145953733,0,true,true,backward_euler_step_doubling,0.00002,,0.008,,,,,,,,,,,,,,,,0
0.0034085118762978203,L4,inductor,B,0,100,mH,,0,A,-9.978163731846523,0.09978163731846525,-0.9956375145953735,0.0004978187572976869,true,true,backward_euler_step_doubling,0.00002,1e-10,0.008,,,,,,,,,,,,,,,,0
0.0034131834099952467,V1,voltage,A,0,5,V,,0,,5,0,0,0,true,true,backward_euler_step_doubling,0.00002,,0.008,dc,5,10,0,50,2,,,,,,,,,,0
0.0034131834099952467,S2,switch,A,B,0,,false,0,,14.931767146944578,0,0,0,true,true,backward_euler_step_doubling,0.00002,,0.008,,,,,,,true,true,1@0.003=open,,,,,,,0
0.0034131834099952467,R3,resistor,B,0,100,Ω,,0,,-9.931767146944578,-0.09931767146944578,0.9863999866112765,0,true,true,backward_euler_step_doubling,0.00002,,0.008,,,,,,,,,,,,,,,,0
0.0034131834099952467,L4,inductor,B,0,100,mH,,0,A,-9.931767146944578,0.0993176714694458,-0.9863999866112766,0.0004931999933056384,true,true,backward_euler_step_doubling,0.00002,1e-10,0.008,,,,,,,,,,,,,,,,0
0.00341787686792083,V1,voltage,A,0,5,V,,0,,5,0,0,0,true,true,backward_euler_step_doubling,0.00002,,0.008,dc,5,10,0,50,2,,,,,,,,,,0
0.00341787686792083,S2,switch,A,B,0,,false,0,,14.885370576067007,0,0,0,true,true,backward_euler_step_doubling,0.00002,,0.008,,,,,,,true,true,1@0.003=open,,,,,,,0
0.00341787686792083,R3,resistor,B,0,100,Ω,,0,,-9.885370576067007,-0.09885370576067007,0.9772055142617135,0,true,true,backward_euler_step_doubling,0.00002,,0.008,,,,,,,,,,,,,,,,0
0.00341787686792083,L4,inductor,B,0,100,mH,,0,A,-9.885370576067007,0.09885370576067007,-0.9772055142617135,0.0004886027571308568,true,true,backward_euler_step_doubling,0.00002,1e-10,0.008,,,,,,,,,,,,,,,,0
0.003422570325846414,V1,voltage,A,0,5,V,,0,,5,0,0,0,true,true,backward_euler_step_doubling,0.00002,,0.008,dc,5,10,0,50,2,,,,,,,,,,0
0.003422570325846414,S2,switch,A,B,0,,false,0,,14.839190748268217,0,0,0,true,true,backward_euler_step_doubling,0.00002,,0.008,,,,,,,true,true,1@0.003=open,,,,,,,0
0.003422570325846414,R3,resistor,B,0,100,Ω,,0,,-9.839190748268217,-0.09839190748268217,0.9680967458080688,0,true,true,backward_euler_step_doubling,0.00002,,0.008,,,,,,,,,,,,,,,,0
0.003422570325846414,L4,inductor,B,0,100,mH,,0,A,-9.839190748268217,0.09839190748268219,-0.9680967458080689,0.0004840483729040346,true,true,backward_euler_step_doubling,0.00002,1e-10,0.008,,,,,,,,,,,,,,,,0
0.0034272859147446108,V1,voltage,A,0,5,V,,0,,5,0,0,0,true,true,backward_euler_step_doubling,0.00002,,0.008,dc,5,10,0,50,2,,,,,,,,,,0
0.0034272859147446108,S2,switch,A,B,0,,false,0,,14.793010934624979,0,0,0,true,true,backward_euler_step_doubling,0.00002,,0.008,,,,,,,true,true,1@0.003=open,,,,,,,0
0.0034272859147446108,R3,resistor,B,0,100,Ω,,0,,-9.793010934624979,-0.0979301093462498,0.9590306316568441,0,true,true,backward_euler_step_doubling,0.00002,,0.008,,,,,,,,,,,,,,,,0
0.0034272859147446108,L4,inductor,B,0,100,mH,,0,A,-9.793010934624979,0.09793010934624981,-0.9590306316568442,0.0004795153158284222,true,true,backward_euler_step_doubling,0.00002,1e-10,0.008,,,,,,,,,,,,,,,,0
0.0034320015036428076,V1,voltage,A,0,5,V,,0,,5,0,0,0,true,true,backward_euler_step_doubling,0.00002,,0.008,dc,5,10,0,50,2,,,,,,,,,,0
0.0034320015036428076,S2,switch,A,B,0,,false,0,,14.74704786392765,0,0,0,true,true,backward_euler_step_doubling,0.00002,,0.008,,,,,,,true,true,1@0.003=open,,,,,,,0
0.0034320015036428076,R3,resistor,B,0,100,Ω,,0,,-9.74704786392765,-0.09747047863927649,0.9500494206169655,0,true,true,backward_euler_step_doubling,0.00002,,0.008,,,,,,,,,,,,,,,,0
0.0034320015036428076,L4,inductor,B,0,100,mH,,0,A,-9.74704786392765,0.09747047863927649,-0.9500494206169655,0.00047502471030848277,true,true,backward_euler_step_doubling,0.00002,1e-10,0.008,,,,,,,,,,,,,,,,0
0.0034367394331961186,V1,voltage,A,0,5,V,,0,,5,0,0,0,true,true,backward_euler_step_doubling,0.00002,,0.008,dc,5,10,0,50,2,,,,,,,,,,0
0.0034367394331961186,S2,switch,A,B,0,,false,0,,14.701084807518928,0,0,0,true,true,backward_euler_step_doubling,0.00002,,0.008,,,,,,,true,true,1@0.003=open,,,,,,,0
0.0034367394331961186,R3,resistor,B,0,100,Ω,,0,,-9.701084807518928,-0.09701084807518928,0.9411104644267456,0,true,true,backward_euler_step_doubling,0.00002,,0.008,,,,,,,,,,,,,,,,0
0.0034367394331961186,L4,inductor,B,0,100,mH,,0,A,-9.701084807518928,0.0970108480751893,-0.9411104644267457,0.000470555232213373,true,true,backward_euler_step_doubling,0.00002,1e-10,0.008,,,,,,,,,,,,,,,,0
0.0034414773627494295,V1,voltage,A,0,5,V,,0,,5,0,0,0,true,true,backward_euler_step_doubling,0.00002,,0.008,dc,5,10,0,50,2,,,,,,,,,,0
0.0034414773627494295,S2,switch,A,B,0,,false,0,,14.655338493921358,0,0,0,true,true,backward_euler_step_doubling,0.00002,,0.008,,,,,,,true,true,1@0.003=open,,,,,,,0
0.0034414773627494295,R3,resistor,B,0,100,Ω,,0,,-9.655338493921358,-0.09655338493921357,0.9322556143219954,0,true,true,backward_euler_step_doubling,0.00002,,0.008,,,,,,,,,,,,,,,,0
0.0034414773627494295,L4,inductor,B,0,100,mH,,0,A,-9.655338493921358,0.09655338493921359,-0.9322556143219957,0.0004661278071609979,true,true,backward_euler_step_doubling,0.00002,1e-10,0.008,,,,,,,,,,,,,,,,0
0.0034462378456343533,V1,voltage,A,0,5,V,,0,,5,0,0,0,true,true,backward_euler_step_doubling,0.00002,,0.008,dc,5,10,0,50,2,,,,,,,,,,0
0.0034462378456343533,S2,switch,A,B,0,,false,0,,14.609592194747169,0,0,0,true,true,backward_euler_step_doubling,0.00002,,0.008,,,,,,,true,true,1@0.003=open,,,,,,,0
0.0034462378456343533,R3,resistor,B,0,100,Ω,,0,,-9.609592194747169,-0.09609592194747169,0.923442621493457,0,true,true,backward_euler_step_doubling,0.00002,,0.008,,,,,,,,,,,,,,,,0
0.0034462378456343533,L4,inductor,B,0,100,mH,,0,A,-9.609592194747169,0.09609592194747167,-0.9234426214934569,0.00046172131074672843,true,true,backward_euler_step_doubling,0.00002,1e-10,0.008,,,,,,,,,,,,,,,,0
0.003450998328519277,V1,voltage,A,0,5,V,,0,,5,0,0,0,true,true,backward_euler_step_doubling,0.00002,,0.008,dc,5,10,0,50,2,,,,,,,,,,0
0.003450998328519277,S2,switch,A,B,0,,false,0,,14.564062638247451,0,0,0,true,true,backward_euler_step_doubling,0.00002,,0.008,,,,,,,true,true,1@0.003=open,,,,,,,0
0.003450998328519277,R3,resistor,B,0,100,Ω,,0,,-9.564062638247451,-0.09564062638247452,0.914712941483208,0,true,true,backward_euler_step_doubling,0.00002,,0.008,,,,,,,,,,,,,,,,0
0.003450998328519277,L4,inductor,B,0,100,mH,,0,A,-9.564062638247451,0.0956406263824745,-0.9147129414832079,0.00045735647074160397,true,true,backward_euler_step_doubling,0.00002,1e-10,0.008,,,,,,,,,,,,,,,,0
0.0034557815804635208,V1,voltage,A,0,5,V,,0,,5,0,0,0,true,true,backward_euler_step_doubling,0.00002,,0.008,dc,5,10,0,50,2,,,,,,,,,,0
0.0034557815804635208,S2,switch,A,B,0,,false,0,,14.518533096308186,0,0,0,true,true,backward_euler_step_doubling,0.00002,,0.008,,,,,,,true,true,1@0.003=open,,,,,,,0
0.0034557815804635208,R3,resistor,B,0,100,Ω,,0,,-9.518533096308186,-0.09518533096308186,0.906024723055143,0,true,true,backward_euler_step_doubling,0.00002,,0.008,,,,,,,,,,,,,,,,0
0.0034557815804635208,L4,inductor,B,0,100,mH,,0,A,-9.518533096308186,0.09518533096308186,-0.906024723055143,0.00045301236152757153,true,true,backward_euler_step_doubling,0.00002,1e-10,0.008,,,,,,,,,,,,,,,,0
0.0034605648324077644,V1,voltage,A,0,5,V,,0,,5,0,0,0,true,true,backward_euler_step_doubling,0.00002,,0.008,dc,5,10,0,50,2,,,,,,,,,,0
0.0034605648324077644,S2,switch,A,B,0,,false,0,,14.473220296904769,0,0,0,true,true,backward_euler_step_doubling,0.00002,,0.008,,,,,,,true,true,1@0.003=open,,,,,,,0
0.0034605648324077644,R3,resistor,B,0,100,Ω,,0,,-9.473220296904769,-0.09473220296904769,0.8974190279368848,0,true,true,backward_euler_step_doubling,0.00002,,0.008,,,,,,,,,,,,,,,,0
0.0034605648324077644,L4,inductor,B,0,100,mH,,0,A,-9.473220296904769,0.09473220296904768,-0.8974190279368847,0.00044870951396844234,true,true,backward_euler_step_doubling,0.00002,1e-10,0.008,,,,,,,,,,,,,,,,0
0.0034653710722489725,V1,voltage,A,0,5,V,,0,,5,0,0,0,true,true,backward_euler_step_doubling,0.00002,,0.008,dc,5,10,0,50,2,,,,,,,,,,0
0.0034653710722489725,S2,switch,A,B,0,,false,0,,14.427907512200404,0,0,0,true,true,backward_euler_step_doubling,0.00002,,0.008,,,,,,,true,true,1@0.003=open,,,,,,,0
0.0034653710722489725,R3,resistor,B,0,100,Ω,,0,,-9.427907512200404,-0.09427907512200404,0.888854400586048,0,true,true,backward_euler_step_doubling,0.00002,,0.008,,,,,,,,,,,,,,,,0
0.0034653710722489725,L4,inductor,B,0,100,mH,,0,A,-9.427907512200404,0.09427907512200404,-0.888854400586048,0.0004444272002930241,true,true,backward_euler_step_doubling,0.00002,1e-10,0.008,,,,,,,,,,,,,,,,0
0.003470177312090181,V1,voltage,A,0,5,V,,0,,5,0,0,0,true,true,backward_euler_step_doubling,0.00002,,0.008,dc,5,10,0,50,2,,,,,,,,,,0
0.003470177312090181,S2,switch,A,B,0,,false,0,,14.382811469891266,0,0,0,true,true,backward_euler_step_doubling,0.00002,,0.008,,,,,,,true,true,1@0.003=open,,,,,,,0
0.003470177312090181,R3,resistor,B,0,100,Ω,,0,,-9.382811469891266,-0.09382811469891265,0.8803715107952309,0,true,true,backward_euler_step_doubling,0.00002,,0.008,,,,,,,,,,,,,,,,0
0.003470177312090181,L4,inductor,B,0,100,mH,,0,A,-9.382811469891266,0.09382811469891265,-0.8803715107952309,0.0004401857553976155,true,true,backward_euler_step_doubling,0.00002,1e-10,0.008,,,,,,,,,,,,,,,,0
0.003475006761835958,V1,voltage,A,0,5,V,,0,,5,0,0,0,true,true,backward_euler_step_doubling,0.00002,,0.008,dc,5,10,0,50,2,,,,,,,,,,0
0.003475006761835958,S2,switch,A,B,0,,false,0,,14.337715442421725,0,0,0,true,true,backward_euler_step_doubling,0.00002,,0.008,,,,,,,true,true,1@0.003=open,,,,,,,0
0.003475006761835958,R3,resistor,B,0,100,Ω,,0,,-9.337715442421725,-0.09337715442421725,0.8719292968364115,0,true,true,backward_euler_step_doubling,0.00002,,0.008,,,,,,,,,,,,,,,,0
0.003475006761835958,L4,inductor,B,0,100,mH,,0,A,-9.337715442421725,0.09337715442421725,-0.8719292968364115,0.0004359646484182058,true,true,backward_euler_step_doubling,0.00002,1e-10,0.008,,,,,,,,,,,,,,,,0
0.003479836211581735,V1,voltage,A,0,5,V,,0,,5,0,0,0,true,true,backward_euler_step_doubling,0.00002,,0.008,dc,5,10,0,50,2,,,,,,,,,,0
0.003479836211581735,S2,switch,A,B,0,,false,0,,14.292836157204766,0,0,0,true,true,backward_euler_step_doubling,0.00002,,0.008,,,,,,,true,true,1@0.003=open,,,,,,,0
0.003479836211581735,R3,resistor,B,0,100,Ω,,0,,-9.292836157204766,-0.09292836157204766,0.8635680384465224,0,true,true,backward_euler_step_doubling,0.00002,,0.008,,,,,,,,,,,,,,,,0
0.003479836211581735,L4,inductor,B,0,100,mH,,0,A,-9.292836157204766,0.09292836157204766,-0.8635680384465224,0.0004317840192232613,true,true,backward_euler_step_doubling,0.00002,1e-10,0.008,,,,,,,,,,,,,,,,0
0.0034846890964711124,V1,voltage,A,0,5,V,,0,,5,0,0,0,true,true,backward_euler_step_doubling,0.00002,,0.008,dc,5,10,0,50,2,,,,,,,,,,0
0.0034846890964711124,S2,switch,A,B,0,,false,0,,14.247956886970373,0,0,0,true,true,backward_euler_step_doubling,0.00002,,0.008,,,,,,,true,true,1@0.003=open,,,,,,,0
0.0034846890964711124,R3,resistor,B,0,100,Ω,,0,,-9.247956886970373,-0.09247956886970372,0.8552470658326274,0,true,true,backward_euler_step_doubling,0.00002,,0.008,,,,,,,,,,,,,,,,0
0.0034846890964711124,L4,inductor,B,0,100,mH,,0,A,-9.247956886970373,0.09247956886970374,-0.8552470658326276,0.00042762353291631386,true,true,backward_euler_step_doubling,0.00002,1e-10,0.008,,,,,,,,,,,,,,,,0
0.0034895419813604895,V1,voltage,A,0,5,V,,0,,5,0,0,0,true,true,backward_euler_step_doubling,0.00002,,0.008,dc,5,10,0,50,2,,,,,,,,,,0
0.0034895419813604895,S2,switch,A,B,0,,false,0,,14.203294358843848,0,0,0,true,true,backward_euler_step_doubling,0.00002,,0.008,,,,,,,true,true,1@0.003=open,,,,,,,0
0.0034895419813604895,R3,resistor,B,0,100,Ω,,0,,-9.203294358843848,-0.09203294358843848,0.84700627055527,0,true,true,backward_euler_step_doubling,0.00002,,0.008,,,,,,,,,,,,,,,,0
0.0034895419813604895,L4,inductor,B,0,100,mH,,0,A,-9.203294358843848,0.09203294358843848,-0.84700627055527,0.00042350313527763506,true,true,backward_euler_step_doubling,0.00002,1e-10,0.008,,,,,,,,,,,,,,,,0
0.003494418529927005,V1,voltage,A,0,5,V,,0,,5,0,0,0,true,true,backward_euler_step_doubling,0.00002,,0.008,dc,5,10,0,50,2,,,,,,,,,,0
0.003494418529927005,S2,switch,A,B,0,,false,0,,14.158631845844752,0,0,0,true,true,backward_euler_step_doubling,0.00002,,0.008,,,,,,,true,true,1@0.003=open,,,,,,,0
0.003494418529927005,R3,resistor,B,0,100,Ω,,0,,-9.158631845844752,-0.09158631845844752,0.8388053728772165,0,true,true,backward_euler_step_doubling,0.00002,,0.008,,,,,,,,,,,,,,,,0
0.003494418529927005,L4,inductor,B,0,100,mH,,0,A,-9.158631845844752,0.09158631845844753,-0.8388053728772166,0.0004194026864386084,true,true,backward_euler_step_doubling,0.00002,1e-10,0.008,,,,,,,,,,,,,,,,0
0.00349929507849352,V1,voltage,A,0,5,V,,0,,5,0,0,0,true,true,backward_euler_step_doubling,0.00002,,0.008,dc,5,10,0,50,2,,,,,,,,,,0
0.00349929507849352,S2,switch,A,B,0,,false,0,,14.1141860748067,0,0,0,true,true,backward_euler_step_doubling,0.00002,,0.008,,,,,,,true,true,1@0.003=open,,,,,,,0
0.00349929507849352,R3,resistor,B,0,100,Ω,,0,,-9.1141860748067,-0.091141860748067,0.8306838780620036,0,true,true,backward_euler_step_doubling,0.00002,,0.008,,,,,,,,,,,,,,,,0
0.00349929507849352,L4,inductor,B,0,100,mH,,0,A,-9.1141860748067,0.091141860748067,-0.8306838780620036,0.00041534193903100183,true,true,backward_euler_step_doubling,0.00002,1e-10,0.008,,,,,,,,,,,,,,,,0
0.00350419552262977,V1,voltage,A,0,5,V,,0,,5,0,0,0,true,true,backward_euler_step_doubling,0.00002,,0.008,dc,5,10,0,50,2,,,,,,,,,,0
0.00350419552262977,S2,switch,A,B,0,,false,0,,14.069740319042936,0,0,0,true,true,backward_euler_step_doubling,0.00002,,0.008,,,,,,,true,true,1@0.003=open,,,,,,,0
0.00350419552262977,R3,resistor,B,0,100,Ω,,0,,-9.069740319042936,-0.09069740319042935,0.8226018945487305,0,true,true,backward_euler_step_doubling,0.00002,,0.008,,,,,,,,,,,,,,,,0
0.00350419552262977,L4,inductor,B,0,100,mH,,0,A,-9.069740319042936,0.09069740319042935,-0.8226018945487305,0.00041130094727436525,true,true,backward_euler_step_doubling,0.00002,1e-10,0.008,,,,,,,,,,,,,,,,0
0.0035090959667660204,V1,voltage,A,0,5,V,,0,,5,0,0,0,true,true,backward_euler_step_doubling,0.00002,,0.008,dc,5,10,0,50,2,,,,,,,,,,0
0.0035090959667660204,S2,switch,A,B,0,,false,0,,14.025511305091241,0,0,0,true,true,backward_euler_step_doubling,0.00002,,0.008,,,,,,,true,true,1@0.003=open,,,,,,,0
0.0035090959667660204,R3,resistor,B,0,100,Ω,,0,,-9.025511305091241,-0.09025511305091241,0.8145985431832979,0,true,true,backward_euler_step_doubling,0.00002,,0.008,,,,,,,,,,,,,,,,0
0.0035090959667660204,L4,inductor,B,0,100,mH,,0,A,-9.025511305091241,0.09025511305091241,-0.8145985431832979,0.00040729927159164904,true,true,backward_euler_step_doubling,0.00002,1e-10,0.008,,,,,,,,,,,,,,,,0
0.003514020541789756,V1,voltage,A,0,5,V,,0,,5,0,0,0,true,true,backward_euler_step_doubling,0.00002,,0.008,dc,5,10,0,50,2,,,,,,,,,,0
0.003514020541789756,S2,switch,A,B,0,,false,0,,13.98128230656322,0,0,0,true,true,backward_euler_step_doubling,0.00002,,0.008,,,,,,,true,true,1@0.003=open,,,,,,,0
0.003514020541789756,R3,resistor,B,0,100,Ω,,0,,-8.98128230656322,-0.0898128230656322,0.8066343187018554,0,true,true,backward_euler_step_doubling,0.00002,,0.008,,,,,,,,,,,,,,,,0
0.003514020541789756,L4,inductor,B,0,100,mH,,0,A,-8.98128230656322,0.0898128230656322,-0.8066343187018554,0.00040331715935092773,true,true,backward_euler_step_doubling,0.00002,1e-10,0.008,,,,,,,,,,,,,,,,0
0.003518945116813492,V1,voltage,A,0,5,V,,0,,5,0,0,0,true,true,backward_euler_step_doubling,0.00002,,0.008,dc,5,10,0,50,2,,,,,,,,,,0
0.003518945116813492,S2,switch,A,B,0,,false,0,,13.937270049696103,0,0,0,true,true,backward_euler_step_doubling,0.00002,,0.008,,,,,,,true,true,1@0.003=open,,,,,,,0
0.003518945116813492,R3,resistor,B,0,100,Ω,,0,,-8.937270049696103,-0.08937270049696103,0.7987479594119498,0,true,true,backward_euler_step_doubling,0.00002,,0.008,,,,,,,,,,,,,,,,0
0.003518945116813492,L4,inductor,B,0,100,mH,,0,A,-8.937270049696103,0.08937270049696104,-0.79874795941195,0.000399373979705975,true,true,backward_euler_step_doubling,0.00002,1e-10,0.008,,,,,,,,,,,,,,,,0
0.0035238940615355033,V1,voltage,A,0,5,V,,0,,5,0,0,0,true,true,backward_euler_step_doubling,0.00002,,0.008,dc,5,10,0,50,2,,,,,,,,,,0
0.0035238940615355033,S2,switch,A,B,0,,false,0,,13.89325780840372,0,0,0,true,true,backward_euler_step_doubling,0.00002,,0.008,,,,,,,true,true,1@0.003=open,,,,,,,0
0.0035238940615355033,R3,resistor,B,0,100,Ω,,0,,-8.89325780840372,-0.08893257808403719,0.7909003444673373,0,true,true,backward_euler_step_doubling,0.00002,,0.008,,,,,,,,,,,,,,,,0
0.0035238940615355033,L4,inductor,B,0,100,mH,,0,A,-8.89325780840372,0.08893257808403718,-0.7909003444673371,0.00039545017223366856,true,true,backward_euler_step_doubling,0.00002,1e-10,0.008,,,,,,,,,,,,,,,,0
0.0035288430062575147,V1,voltage,A,0,5,V,,0,,5,0,0,0,true,true,backward_euler_step_doubling,0.00002,,0.008,dc,5,10,0,50,2,,,,,,,,,,0
0.0035288430062575147,S2,switch,A,B,0,,false,0,,13.84946230861884,0,0,0,true,true,backward_euler_step_doubling,0.00002,,0.008,,,,,,,true,true,1@0.003=open,,,,,,,0
0.0035288430062575147,R3,resistor,B,0,100,Ω,,0,,-8.84946230861884,-0.0884946230861884,0.7831298315166548,0,true,true,backward_euler_step_doubling,0.00002,,0.008,,,,,,,,,,,,,,,,0
0.0035288430062575147,L4,inductor,B,0,100,mH,,0,A,-8.84946230861884,0.0884946230861884,-0.7831298315166548,0.0003915649157583274,true,true,backward_euler_step_doubling,0.00002,1e-10,0.008,,,,,,,,,,,,,,,,0
0.003533816563051011,V1,voltage,A,0,5,V,,0,,5,0,0,0,true,true,backward_euler_step_doubling,0.00002,,0.008,dc,5,10,0,50,2,,,,,,,,,,0
0.003533816563051011,S2,switch,A,B,0,,false,0,,13.805666824562273,0,0,0,true,true,backward_euler_step_doubling,0.00002,,0.008,,,,,,,true,true,1@0.003=open,,,,,,,0
0.003533816563051011,R3,resistor,B,0,100,Ω,,0,,-8.805666824562273,-0.08805666824562274,0.7753976822519663,0,true,true,backward_euler_step_doubling,0.00002,,0.008,,,,,,,,,,,,,,,,0
0.003533816563051011,L4,inductor,B,0,100,mH,,0,A,-8.805666824562273,0.08805666824562272,-0.7753976822519661,0.00038769884112598306,true,true,backward_euler_step_doubling,0.00002,1e-10,0.008,,,,,,,,,,,,,,,,0
0.0035387901198445076,V1,voltage,A,0,5,V,,0,,5,0,0,0,true,true,backward_euler_step_doubling,0.00002,,0.008,dc,5,10,0,50,2,,,,,,,,,,0
0.0035387901198445076,S2,switch,A,B,0,,false,0,,13.762088081857536,0,0,0,true,true,backward_euler_step_doubling,0.00002,,0.008,,,,,,,true,true,1@0.003=open,,,,,,,0
0.0035387901198445076,R3,resistor,B,0,100,Ω,,0,,-8.762088081857536,-0.08762088081857536,0.7677418755422988,0,true,true,backward_euler_step_doubling,0.00002,,0.008,,,,,,,,,,,,,,,,0
0.0035387901198445076,L4,inductor,B,0,100,mH,,0,A,-8.762088081857536,0.08762088081857536,-0.7677418755422988,0.0003838709377711494,true,true,backward_euler_step_doubling,0.00002,1e-10,0.008,,,,,,,,,,,,,,,,0
0.0035437885347163705,V1,voltage,A,0,5,V,,0,,5,0,0,0,true,true,backward_euler_step_doubling,0.00002,,0.008,dc,5,10,0,50,2,,,,,,,,,,0
0.0035437885347163705,S2,switch,A,B,0,,false,0,,13.718509355036844,0,0,0,true,true,backward_euler_step_doubling,0.00002,,0.008,,,,,,,true,true,1@0.003=open,,,,,,,0
0.0035437885347163705,R3,resistor,B,0,100,Ω,,0,,-8.718509355036844,-0.08718509355036844,0.7601240537386496,0,true,true,backward_euler_step_doubling,0.00002,,0.008,,,,,,,,,,,,,,,,0
0.0035437885347163705,L4,inductor,B,0,100,mH,,0,A,-8.718509355036844,0.08718509355036844,-0.7601240537386496,0.0003800620268693248,true,true,backward_euler_step_doubling,0.00002,1e-10,0.008,,,,,,,,,,,,,,,,0
0.0035487869495882335,V1,voltage,A,0,5,V,,0,,5,0,0,0,true,true,backward_euler_step_doubling,0.00002,,0.008,dc,5,10,0,50,2,,,,,,,,,,0
0.0035487869495882335,S2,switch,A,B,0,,false,0,,13.675147369409983,0,0,0,true,true,backward_euler_step_doubling,0.00002,,0.008,,,,,,,true,true,1@0.003=open,,,,,,,0
0.0035487869495882335,R3,resistor,B,0,100,Ω,,0,,-8.675147369409983,-0.08675147369409983,0.7525818188098095,0,true,true,backward_euler_step_doubling,0.00002,,0.008,,,,,,,,,,,,,,,,0
0.0035487869495882335,L4,inductor,B,0,100,mH,,0,A,-8.675147369409983,0.08675147369409981,-0.7525818188098093,0.0003762909094049046,true,true,backward_euler_step_doubling,0.00002,1e-10,0.008,,,,,,,,,,,,,,,,0
0.0035538104722519625,V1,voltage,A,0,5,V,,0,,5,0,0,0,true,true,backward_euler_step_doubling,0.00002,,0.008,dc,5,10,0,50,2,,,,,,,,,,0
0.0035538104722519625,S2,switch,A,B,0,,false,0,,13.631785399825514,0,0,0,true,true,backward_euler_step_doubling,0.00002,,0.008,,,,,,,true,true,1@0.003=open,,,,,,,0
0.0035538104722519625,R3,resistor,B,0,100,Ω,,0,,-8.631785399825514,-0.08631785399825515,0.7450771918864091,0,true,true,backward_euler_step_doubling,0.00002,,0.008,,,,,,,,,,,,,,,,0
0.0035538104722519625,L4,inductor,B,0,100,mH,,0,A,-8.631785399825514,0.08631785399825515,-0.7450771918864091,0.00037253859594320456,true,true,backward_euler_step_doubling,0.00002,1e-10,0.008,,,,,,,,,,,,,,,,0
0.003558833994915691,V1,voltage,A,0,5,V,,0,,5,0,0,0,true,true,backward_euler_step_doubling,0.00002,,0.008,dc,5,10,0,50,2,,,,,,,,,,0
0.003558833994915691,S2,switch,A,B,0,,false,0,,13.588640171274506,0,0,0,true,true,backward_euler_step_doubling,0.00002,,0.008,,,,,,,true,true,1@0.003=open,,,,,,,0
0.003558833994915691,R3,resistor,B,0,100,Ω,,0,,-8.588640171274506,-0.08588640171274506,0.7376473999163017,0,true,true,backward_euler_step_doubling,0.00002,,0.008,,,,,,,,,,,,,,,,0
0.003558833994915691,L4,inductor,B,0,100,mH,,0,A,-8.588640171274506,0.08588640171274506,-0.7376473999163017,0.0003688236999581509,true,true,backward_euler_step_doubling,0.00002,1e-10,0.008,,,,,,,,,,,,,,,,0
0.003563882878866295,V1,voltage,A,0,5,V,,0,,5,0,0,0,true,true,backward_euler_step_doubling,0.00002,,0.008,dc,5,10,0,50,2,,,,,,,,,,0
0.003563882878866295,S2,switch,A,B,0,,false,0,,13.545494958926419,0,0,0,true,true,backward_euler_step_doubling,0.00002,,0.008,,,,,,,true,true,1@0.003=open,,,,,,,0
0.003563882878866295,R3,resistor,B,0,100,Ω,,0,,-8.545494958926419,-0.0854549495892642,0.7302548409303684,0,true,true,backward_euler_step_doubling,0.00002,,0.008,,,,,,,,,,,,,,,,0
0.003563882878866295,L4,inductor,B,0,100,mH,,0,A,-8.545494958926419,0.08545494958926418,-0.7302548409303683,0.00036512742046518413,true,true,backward_euler_step_doubling,0.00002,1e-10,0.008,,,,,,,,,,,,,,,,0
0.003568931762816898,V1,voltage,A,0,5,V,,0,,5,0,0,0,true,true,backward_euler_step_doubling,0.00002,,0.008,dc,5,10,0,50,2,,,,,,,,,,0
0.003568931762816898,S2,switch,A,B,0,,false,0,,13.502566487448997,0,0,0,true,true,backward_euler_step_doubling,0.00002,,0.008,,,,,,,true,true,1@0.003=open,,,,,,,0
0.003568931762816898,R3,resistor,B,0,100,Ω,,0,,-8.502566487448997,-0.08502566487448997,0.7229363687349077,0,true,true,backward_euler_step_doubling,0.00002,,0.008,,,,,,,,,,,,,,,,0
0.003568931762816898,L4,inductor,B,0,100,mH,,0,A,-8.502566487448997,0.08502566487448997,-0.7229363687349077,0.00036146818436745386,true,true,backward_euler_step_doubling,0.00002,1e-10,0.008,,,,,,,,,,,,,,,,0
0.0035740062654076206,V1,voltage,A,0,5,V,,0,,5,0,0,0,true,true,backward_euler_step_doubling,0.00002,,0.008,dc,5,10,0,50,2,,,,,,,,,,0
0.0035740062654076206,S2,switch,A,B,0,,false,0,,13.459638032337326,0,0,0,true,true,backward_euler_step_doubling,0.00002,,0.008,,,,,,,true,true,1@0.003=open,,,,,,,0
0.0035740062654076206,R3,resistor,B,0,100,Ω,,0,,-8.459638032337326,-0.08459638032337326,0.7156547563816814,0,true,true,backward_euler_step_doubling,0.00002,,0.008,,,,,,,,,,,,,,,,0
0.0035740062654076206,L4,inductor,B,0,100,mH,,0,A,-8.459638032337326,0.08459638032337326,-0.7156547563816814,0.0003578273781908407,true,true,backward_euler_step_doubling,0.00002,1e-10,0.008,,,,,,,,,,,,,,,,0
0.0035790807679983434,V1,voltage,A,0,5,V,,0,,5,0,0,0,true,true,backward_euler_step_doubling,0.00002,,0.008,dc,5,10,0,50,2,,,,,,,,,,0
0.0035790807679983434,S2,switch,A,B,0,,false,0,,13.416926317931063,0,0,0,true,true,backward_euler_step_doubling,0.00002,,0.008,,,,,,,true,true,1@0.003=open,,,,,,,0
0.0035790807679983434,R3,resistor,B,0,100,Ω,,0,,-8.416926317931063,-0.08416926317931063,0.7084464864148056,0,true,true,backward_euler_step_doubling,0.00002,,0.008,,,,,,,,,,,,,,,,0
0.0035790807679983434,L4,inductor,B,0,100,mH,,0,A,-8.416926317931063,0.08416926317931063,-0.7084464864148056,0.0003542232432074028,true,true,backward_euler_step_doubling,0.00002,1e-10,0.008,,,,,,,,,,,,,,,,0
0.003584181150519318,V1,voltage,A,0,5,V,,0,,5,0,0,0,true,true,backward_euler_step_doubling,0.00002,,0.008,dc,5,10,0,50,2,,,,,,,,,,0
0.003584181150519318,S2,switch,A,B,0,,false,0,,13.374214620056037,0,0,0,true,true,backward_euler_step_doubling,0.00002,,0.008,,,,,,,true,true,1@0.003=open,,,,,,,0
0.003584181150519318,R3,resistor,B,0,100,Ω,,0,,-8.374214620056037,-0.08374214620056036,0.7012747050276027,0,true,true,backward_euler_step_doubling,0.00002,,0.008,,,,,,,,,,,,,,,,0
0.003584181150519318,L4,inductor,B,0,100,mH,,0,A,-8.374214620056037,0.08374214620056038,-0.7012747050276028,0.0003506373525138014,true,true,backward_euler_step_doubling,0.00002,1e-10,0.008,,,,,,,,,,,,,,,,0
0.003589281533040293,V1,voltage,A,0,5,V,,0,,5,0,0,0,true,true,backward_euler_step_doubling,0.00002,,0.008,dc,5,10,0,50,2,,,,,,,,,,0
0.003589281533040293,S2,switch,A,B,0,,false,0,,13.331719662718644,0,0,0,true,true,backward_euler_step_doubling,0.00002,,0.008,,,,,,,true,true,1@0.003=open,,,,,,,0
0.003589281533040293,R3,resistor,B,0,100,Ω,,0,,-8.331719662718644,-0.08331719662718644,0.6941755253813248,0,true,true,backward_euler_step_doubling,0.00002,,0.008,,,,,,,,,,,,,,,,0
0.003589281533040293,L4,inductor,B,0,100,mH,,0,A,-8.331719662718644,0.08331719662718645,-0.6941755253813249,0.00034708776269066246,true,true,backward_euler_step_doubling,0.00002,1e-10,0.008,,,,,,,,,,,,,,,,0
0.003594408060799274,V1,voltage,A,0,5,V,,0,,5,0,0,0,true,true,backward_euler_step_doubling,0.00002,,0.008,dc,5,10,0,50,2,,,,,,,,,,0
0.003594408060799274,S2,switch,A,B,0,,false,0,,13.289224722080471,0,0,0,true,true,backward_euler_step_doubling,0.00002,,0.008,,,,,,,true,true,1@0.003=open,,,,,,,0
0.003594408060799274,R3,resistor,B,0,100,Ω,,0,,-8.289224722080471,-0.08289224722080471,0.6871124649315006,0,true,true,backward_euler_step_doubling,0.00002,,0.008,,,,,,,,,,,,,,,,0
0.003594408060799274,L4,inductor,B,0,100,mH,,0,A,-8.289224722080471,0.08289224722080471,-0.6871124649315006,0.00034355623246575033,true,true,backward_euler_step_doubling,0.00002,1e-10,0.008,,,,,,,,,,,,,,,,0
0.0035995345885582544,V1,voltage,A,0,5,V,,0,,5,0,0,0,true,true,backward_euler_step_doubling,0.00002,,0.008,dc,5,10,0,50,2,,,,,,,,,,0
0.0035995345885582544,S2,switch,A,B,0,,false,0,,13.246946521809585,0,0,0,true,true,backward_euler_step_doubling,0.00002,,0.008,,,,,,,true,true,1@0.003=open,,,,,,,0
0.0035995345885582544,R3,resistor,B,0,100,Ω,,0,,-8.246946521809585,-0.08246946521809585,0.6801212693358721,0,true,true,backward_euler_step_doubling,0.00002,,0.008,,,,,,,,,,,,,,,,0
0.0035995345885582544,L4,inductor,B,0,100,mH,,0,A,-8.246946521809585,0.08246946521809585,-0.6801212693358721,0.0003400606346679361,true,true,backward_euler_step_doubling,0.00002,1e-10,0.008,,,,,,,,,,,,,,,,0
0.0036046875309634118,V1,voltage,A,0,5,V,,0,,5,0,0,0,true,true,backward_euler_step_doubling,0.00002,,0.008,dc,5,10,0,50,2,,,,,,,,,,0
0.0036046875309634118,S2,switch,A,B,0,,false,0,,13.204668338408348,0,0,0,true,true,backward_euler_step_doubling,0.00002,,0.008,,,,,,,true,true,1@0.003=open,,,,,,,0
0.0036046875309634118,R3,resistor,B,0,100,Ω,,0,,-8.204668338408348,-0.08204668338408348,0.6731658254328041,0,true,true,backward_euler_step_doubling,0.00002,,0.008,,,,,,,,,,,,,,,,0
0.0036046875309634118,L4,inductor,B,0,100,mH,,0,A,-8.204668338408348,0.08204668338408348,-0.6731658254328041,0.000336582912716402,true,true,backward_euler_step_doubling,0.00002,1e-10,0.008,,,,,,,,,,,,,,,,0
0.003609840473368569,V1,voltage,A,0,5,V,,0,,5,0,0,0,true,true,backward_euler_step_doubling,0.00002,,0.008,dc,5,10,0,50,2,,,,,,,,,,0
0.003609840473368569,S2,switch,A,B,0,,false,0,,13.162606895201433,0,0,0,true,true,backward_euler_step_doubling,0.00002,,0.008,,,,,,,true,true,1@0.003=open,,,,,,,0
0.003609840473368569,R3,resistor,B,0,100,Ω,,0,,-8.162606895201433,-0.08162606895201434,0.6662815132558999,0,true,true,backward_euler_step_doubling,0.00002,,0.008,,,,,,,,,,,,,,,,0
0.003609840473368569,L4,inductor,B,0,100,mH,,0,A,-8.162606895201433,0.08162606895201435,-0.6662815132559,0.00033314075662795007,true,true,backward_euler_step_doubling,0.00002,1e-10,0.008,,,,,,,,,,,,,,,,0
0.0036150201040133895,V1,voltage,A,0,5,V,,0,,5,0,0,0,true,true,backward_euler_step_doubling,0.00002,,0.008,dc,5,10,0,50,2,,,,,,,,,,0
0.0036150201040133895,S2,switch,A,B,0,,false,0,,13.120545469037353,0,0,0,true,true,backward_euler_step_doubling,0.00002,,0.008,,,,,,,true,true,1@0.003=open,,,,,,,0
0.0036150201040133895,R3,resistor,B,0,100,Ω,,0,,-8.120545469037353,-0.08120545469037353,0.6594325871470308,0,true,true,backward_euler_step_doubling,0.00002,,0.008,,,,,,,,,,,,,,,,0
0.0036150201040133895,L4,inductor,B,0,100,mH,,0,A,-8.120545469037353,0.08120545469037352,-0.6594325871470307,0.00032971629357351535,true,true,backward_euler_step_doubling,0.00002,1e-10,0.008,,,,,,,,,,,,,,,,0
0.00362019973465821,V1,voltage,A,0,5,V,,0,,5,0,0,0,true,true,backward_euler_step_doubling,0.00002,,0.008,dc,5,10,0,50,2,,,,,,,,,,0
0.00362019973465821,S2,switch,A,B,0,,false,0,,13.07870078289195,0,0,0,true,true,backward_euler_step_doubling,0.00002,,0.008,,,,,,,true,true,1@0.003=open,,,,,,,0
0.00362019973465821,R3,resistor,B,0,100,Ω,,0,,-8.07870078289195,-0.0807870078289195,0.65265406339499,0,true,true,backward_euler_step_doubling,0.00002,,0.008,,,,,,,,,,,,,,,,0
0.00362019973465821,L4,inductor,B,0,100,mH,,0,A,-8.07870078289195,0.08078700782891951,-0.6526540633949901,0.00032632703169749517,true,true,backward_euler_step_doubling,0.00002,1e-10,0.008,,,,,,,,,,,,,,,,0
0.0036254063314086495,V1,voltage,A,0,5,V,,0,,5,0,0,0,true,true,backward_euler_step_doubling,0.00002,,0.008,dc,5,10,0,50,2,,,,,,,,,,0
0.0036254063314086495,S2,switch,A,B,0,,false,0,,13.036856113965229,0,0,0,true,true,backward_euler_step_doubling,0.00002,,0.008,,,,,,,true,true,1@0.003=open,,,,,,,0
0.0036254063314086495,R3,resistor,B,0,100,Ω,,0,,-8.036856113965229,-0.08036856113965228,0.6459105619658028,0,true,true,backward_euler_step_doubling,0.00002,,0.008,,,,,,,,,,,,,,,,0
0.0036254063314086495,L4,inductor,B,0,100,mH,,0,A,-8.036856113965229,0.08036856113965228,-0.6459105619658028,0.0003229552809829013,true,true,backward_euler_step_doubling,0.00002,1e-10,0.008,,,,,,,,,,,,,,,,0
0.003630612928159089,V1,voltage,A,0,5,V,,0,,5,0,0,0,true,true,backward_euler_step_doubling,0.00002,,0.008,dc,5,10,0,50,2,,,,,,,,,,0
0.003630612928159089,S2,switch,A,B,0,,false,0,,12.995228184878815,0,0,0,true,true,backward_euler_step_doubling,0.00002,,0.008,,,,,,,true,true,1@0.003=open,,,,,,,0
0.003630612928159089,R3,resistor,B,0,100,Ω,,0,,-7.9952281848788145,-0.07995228184878815,0.6392367372828058,0,true,true,backward_euler_step_doubling,0.00002,,0.008,,,,,,,,,,,,,,,,0
0.003630612928159089,L4,inductor,B,0,100,mH,,0,A,-7.9952281848788145,0.07995228184878815,-0.6392367372828058,0.00031961836864140297,true,true,backward_euler_step_doubling,0.00002,1e-10,0.008,,,,,,,,,,,,,,,,0
0.003635846773243013,V1,voltage,A,0,5,V,,0,,5,0,0,0,true,true,backward_euler_step_doubling,0.00002,,0.008,dc,5,10,0,50,2,,,,,,,,,,0
0.003635846773243013,S2,switch,A,B,0,,false,0,,12.95360027318949,0,0,0,true,true,backward_euler_step_doubling,0.00002,,0.008,,,,,,,true,true,1@0.003=open,,,,,,,0
0.003635846773243013,R3,resistor,B,0,100,Ω,,0,,-7.9536002731894895,-0.0795360027318949,0.6325975730567993,0,true,true,backward_euler_step_doubling,0.00002,,0.008,,,,,,,,,,,,,,,,0
0.003635846773243013,L4,inductor,B,0,100,mH,,0,A,-7.9536002731894895,0.0795360027318949,-0.6325975730567993,0.00031629878652839966,true,true,backward_euler_step_doubling,0.00002,1e-10,0.008,,,,,,,,,,,,,,,,0
0.003641080618326936,V1,voltage,A,0,5,V,,0,,5,0,0,0,true,true,backward_euler_step_doubling,0.00002,,0.008,dc,5,10,0,50,2,,,,,,,,,,0
0.003641080618326936,S2,switch,A,B,0,,false,0,,12.912189101159314,0,0,0,true,true,backward_euler_step_doubling,0.00002,,0.008,,,,,,,true,true,1@0.003=open,,,,,,,0
0.003641080618326936,R3,resistor,B,0,100,Ω,,0,,-7.912189101159314,-0.07912189101159314,0.6260273637250424,0,true,true,backward_euler_step_doubling,0.00002,,0.008,,,,,,,,,,,,,,,,0
0.003641080618326936,L4,inductor,B,0,100,mH,,0,A,-7.912189101159314,0.07912189101159314,-0.6260273637250424,0.0003130136818625212,true,true,backward_euler_step_doubling,0.00002,1e-10,0.008,,,,,,,,,,,,,,,,0
0.0036463419984258286,V1,voltage,A,0,5,V,,0,,5,0,0,0,true,true,backward_euler_step_doubling,0.00002,,0.008,dc,5,10,0,50,2,,,,,,,,,,0
0.0036463419984258286,S2,switch,A,B,0,,false,0,,12.870777946707706,0,0,0,true,true,backward_euler_step_doubling,0.00002,,0.008,,,,,,,true,true,1@0.003=open,,,,,,,0
0.0036463419984258286,R3,resistor,B,0,100,Ω,,0,,-7.870777946707706,-0.07870777946707706,0.6194914548638037,0,true,true,backward_euler_step_doubling,0.00002,,0.008,,,,,,,,,,,,,,,,0
0.0036463419984258286,L4,inductor,B,0,100,mH,,0,A,-7.870777946707706,0.07870777946707705,-0.6194914548638036,0.0003097457274319018,true,true,backward_euler_step_doubling,0.00002,1e-10,0.008,,,,,,,,,,,,,,,,0
0.003651603378524721,V1,voltage,A,0,5,V,,0,,5,0,0,0,true,true,backward_euler_step_doubling,0.00002,,0.008,dc,5,10,0,50,2,,,,,,,,,,0
0.003651603378524721,S2,switch,A,B,0,,false,0,,12.829583531731238,0,0,0,true,true,backward_euler_step_doubling,0.00002,,0.008,,,,,,,true,true,1@0.003=open,,,,,,,0
0.003651603378524721,R3,resistor,B,0,100,Ω,,0,,-7.829583531731239,-0.07829583531731239,0.6130237828035703,0,true,true,backward_euler_step_doubling,0.00002,,0.008,,,,,,,,,,,,,,,,0
0.003651603378524721,L4,inductor,B,0,100,mH,,0,A,-7.829583531731239,0.07829583531731239,-0.6130237828035703,0.00030651189140178516,true,true,backward_euler_step_doubling,0.00002,1e-10,0.008,,,,,,,,,,,,,,,,0
0.00365689258486794,V1,voltage,A,0,5,V,,0,,5,0,0,0,true,true,backward_euler_step_doubling,0.00002,,0.008,dc,5,10,0,50,2,,,,,,,,,,0
0.00365689258486794,S2,switch,A,B,0,,false,0,,12.788389134517491,0,0,0,true,true,backward_euler_step_doubling,0.00002,,0.008,,,,,,,true,true,1@0.003=open,,,,,,,0
0.00365689258486794,R3,resistor,B,0,100,Ω,,0,,-7.788389134517491,-0.07788389134517491,0.6065900531067011,0,true,true,backward_euler_step_doubling,0.00002,,0.008,,,,,,,,,,,,,,,,0
0.00365689258486794,L4,inductor,B,0,100,mH,,0,A,-7.788389134517491,0.0778838913451749,-0.606590053106701,0.00030329502655335053,true,true,backward_euler_step_doubling,0.00002,1e-10,0.008,,,,,,,,,,,,,,,,0
0.003662181791211159,V1,voltage,A,0,5,V,,0,,5,0,0,0,true,true,backward_euler_step_doubling,0.00002,,0.008,dc,5,10,0,50,2,,,,,,,,,,0
0.003662181791211159,S2,switch,A,B,0,,false,0,,12.74741147659197,0,0,0,true,true,backward_euler_step_doubling,0.00002,,0.008,,,,,,,true,true,1@0.003=open,,,,,,,0
0.003662181791211159,R3,resistor,B,0,100,Ω,,0,,-7.747411476591972,-0.07747411476591971,0.60022384587629,0,true,true,backward_euler_step_doubling,0.00002,,0.008,,,,,,,,,,,,,,,,0
0.003662181791211159,L4,inductor,B,0,100,mH,,0,A,-7.747411476591972,0.07747411476591971,-0.60022384587629,0.00030011192293814495,true,true,backward_euler_step_doubling,0.00002,1e-10,0.008,,,,,,,,,,,,,,,,0
0.00366749911967259,V1,voltage,A,0,5,V,,0,,5,0,0,0,true,true,backward_euler_step_doubling,0.00002,,0.008,dc,5,10,0,50,2,,,,,,,,,,0
0.00366749911967259,S2,switch,A,B,0,,false,0,,12.7064338366164,0,0,0,true,true,backward_euler_step_doubling,0.00002,,0.008,,,,,,,true,true,1@0.003=open,,,,,,,0
0.00366749911967259,R3,resistor,B,0,100,Ω,,0,,-7.7064338366164,-0.077064338366164,0.5938912247814616,0,true,true,backward_euler_step_doubling,0.00002,,0.008,,,,,,,,,,,,,,,,0
0.00366749911967259,L4,inductor,B,0,100,mH,,0,A,-7.7064338366164,0.077064338366164,-0.5938912247814616,0.0002969456123907308,true,true,backward_euler_step_doubling,0.00002,1e-10,0.008,,,,,,,,,,,,,,,,0
0.00367281644813402,V1,voltage,A,0,5,V,,0,,5,0,0,0,true,true,backward_euler_step_doubling,0.00002,,0.008,dc,5,10,0,50,2,,,,,,,,,,0
0.00367281644813402,S2,switch,A,B,0,,false,0,,12.665672935739178,0,0,0,true,true,backward_euler_step_doubling,0.00002,,0.008,,,,,,,true,true,1@0.003=open,,,,,,,0
0.00367281644813402,R3,resistor,B,0,100,Ω,,0,,-7.665672935739177,-0.07665672935739176,0.5876254155772408,0,true,true,backward_euler_step_doubling,0.00002,,0.008,,,,,,,,,,,,,,,,0
0.00367281644813402,L4,inductor,B,0,100,mH,,0,A,-7.665672935739177,0.07665672935739176,-0.5876254155772408,0.0002938127077886204,true,true,backward_euler_step_doubling,0.00002,1e-10,0.008,,,,,,,,,,,,,,,,0
0.003678162199331417,V1,voltage,A,0,5,V,,0,,5,0,0,0,true,true,backward_euler_step_doubling,0.00002,,0.008,dc,5,10,0,50,2,,,,,,,,,,0
0.003678162199331417,S2,switch,A,B,0,,false,0,,12.624912053001797,0,0,0,true,true,backward_euler_step_doubling,0.00002,,0.008,,,,,,,true,true,1@0.003=open,,,,,,,0
0.003678162199331417,R3,resistor,B,0,100,Ω,,0,,-7.624912053001796,-0.07624912053001796,0.5813928381601207,0,true,true,backward_euler_step_doubling,0.00002,,0.008,,,,,,,,,,,,,,,,0
0.003678162199331417,L4,inductor,B,0,100,mH,,0,A,-7.624912053001796,0.07624912053001796,-0.5813928381601207,0.0002906964190800604,true,true,backward_euler_step_doubling,0.00002,1e-10,0.008,,,,,,,,,,,,,,,,0
0.0036835079505288136,V1,voltage,A,0,5,V,,0,,5,0,0,0,true,true,backward_euler_step_doubling,0.00002,,0.008,dc,5,10,0,50,2,,,,,,,,,,0
0.0036835079505288136,S2,switch,A,B,0,,false,0,,12.584367909169853,0,0,0,true,true,backward_euler_step_doubling,0.00002,,0.008,,,,,,,true,true,1@0.003=open,,,,,,,0
0.0036835079505288136,R3,resistor,B,0,100,Ω,,0,,-7.5843679091698535,-0.07584367909169853,0.5752263658164549,0,true,true,backward_euler_step_doubling,0.00002,,0.008,,,,,,,,,,,,,,,,0
0.0036835079505288136,L4,inductor,B,0,100,mH,,0,A,-7.5843679091698535,0.07584367909169855,-0.575226365816455,0.0002876131829082276,true,true,backward_euler_step_doubling,0.00002,1e-10,0.008,,,,,,,,,,,,,,,,0
0.003688882429925683,V1,voltage,A,0,5,V,,0,,5,0,0,0,true,true,backward_euler_step_doubling,0.00002,,0.008,dc,5,10,0,50,2,,,,,,,,,,0
0.003688882429925683,S2,switch,A,B,0,,false,0,,12.543823783670902,0,0,0,true,true,backward_euler_step_doubling,0.00002,,0.008,,,,,,,true,true,1@0.003=open,,,,,,,0
0.003688882429925683,R3,resistor,B,0,100,Ω,,0,,-7.543823783670903,-0.07543823783670903,0.5690927727907877,0,true,true,backward_euler_step_doubling,0.00002,,0.008,,,,,,,,,,,,,,,,0
0.003688882429925683,L4,inductor,B,0,100,mH,,0,A,-7.543823783670903,0.07543823783670903,-0.5690927727907877,0.00028454638639539387,true,true,backward_euler_step_doubling,0.00002,1e-10,0.008,,,,,,,,,,,,,,,,0
0.003694256909322552,V1,voltage,A,0,5,V,,0,,5,0,0,0,true,true,backward_euler_step_doubling,0.00002,,0.008,dc,5,10,0,50,2,,,,,,,,,,0
0.003694256909322552,S2,switch,A,B,0,,false,0,,12.503496396881381,0,0,0,true,true,backward_euler_step_doubling,0.00002,,0.008,,,,,,,true,true,1@0.003=open,,,,,,,0
0.003694256909322552,R3,resistor,B,0,100,Ω,,0,,-7.503496396881381,-0.07503496396881382,0.5630245817801187,0,true,true,backward_euler_step_doubling,0.00002,,0.008,,,,,,,,,,,,,,,,0
0.003694256909322552,L4,inductor,B,0,100,mH,,0,A,-7.503496396881381,0.0750349639688138,-0.5630245817801186,0.00028151229089005926,true,true,backward_euler_step_doubling,0.00002,1e-10,0.008,,,,,,,,,,,,,,,,0
0.003699660427332864,V1,voltage,A,0,5,V,,0,,5,0,0,0,true,true,backward_euler_step_doubling,0.00002,,0.008,dc,5,10,0,50,2,,,,,,,,,,0
0.003699660427332864,S2,switch,A,B,0,,false,0,,12.463169028621223,0,0,0,true,true,backward_euler_step_doubling,0.00002,,0.008,,,,,,,true,true,1@0.003=open,,,,,,,0
0.003699660427332864,R3,resistor,B,0,100,Ω,,0,,-7.4631690286212224,-0.07463169028621222,0.5569889194977103,0,true,true,backward_euler_step_doubling,0.00002,,0.008,,,,,,,,,,,,,,,,0
0.003699660427332864,L4,inductor,B,0,100,mH,,0,A,-7.4631690286212224,0.07463169028621222,-0.5569889194977103,0.0002784944597488552,true,true,backward_euler_step_doubling,0.00002,1e-10,0.008,,,,,,,,,,,,,,,,0
0.0037050639453431763,V1,voltage,A,0,5,V,,0,,5,0,0,0,true,true,backward_euler_step_doubling,0.00002,,0.008,dc,5,10,0,50,2,,,,,,,,,,0
0.0037050639453431763,S2,switch,A,B,0,,false,0,,12.423058398871323,0,0,0,true,true,backward_euler_step_doubling,0.00002,,0.008,,,,,,,true,true,1@0.003=open,,,,,,,0
0.0037050639453431763,R3,resistor,B,0,100,Ω,,0,,-7.423058398871323,-0.07423058398871323,0.5510179599305408,0,true,true,backward_euler_step_doubling,0.00002,,0.008,,,,,,,,,,,,,,,,0
0.0037050639453431763,L4,inductor,B,0,100,mH,,0,A,-7.423058398871323,0.07423058398871323,-0.5510179599305408,0.00027550897996527044,true,true,backward_euler_step_doubling,0.00002,1e-10,0.008,,,,,,,,,,,,,,,,0
0.0037104968174389887,V1,voltage,A,0,5,V,,0,,5,0,0,0,true,true,backward_euler_step_doubling,0.00002,,0.008,dc,5,10,0,50,2,,,,,,,,,,0
0.0037104968174389887,S2,switch,A,B,0,,false,0,,12.382947787849876,0,0,0,true,true,backward_euler_step_doubling,0.00002,,0.008,,,,,,,true,true,1@0.003=open,,,,,,,0
0.0037104968174389887,R3,resistor,B,0,100,Ω,,0,,-7.382947787849876,-0.07382947787849875,0.5450791803811736,0,true,true,backward_euler_step_doubling,0.00002,,0.008,,,,,,,,,,,,,,,,0
0.0037104968174389887,L4,inductor,B,0,100,mH,,0,A,-7.382947787849876,0.07382947787849875,-0.5450791803811736,0.00027253959019058686,true,true,backward_euler_step_doubling,0.00002,1e-10,0.008,,,,,,,,,,,,,,,,0
0.0037159296895348005,V1,voltage,A,0,5,V,,0,,5,0,0,0,true,true,backward_euler_step_doubling,0.00002,,0.008,dc,5,10,0,50,2,,,,,,,,,,0
0.0037159296895348005,S2,switch,A,B,0,,false,0,,12.343053915136288,0,0,0,true,true,backward_euler_step_doubling,0.00002,,0.008,,,,,,,true,true,1@0.003=open,,,,,,,0
0.0037159296895348005,R3,resistor,B,0,100,Ω,,0,,-7.343053915136287,-0.07343053915136287,0.5392044080059836,0,true,true,backward_euler_step_doubling,0.00002,,0.008,,,,,,,,,,,,,,,,0
0.0037159296895348005,L4,inductor,B,0,100,mH,,0,A,-7.343053915136287,0.07343053915136287,-0.5392044080059836,0.00026960220400299177,true,true,backward_euler_step_doubling,0.00002,1e-10,0.008,,,,,,,,,,,,,,,,0
0.003721392236356603,V1,voltage,A,0,5,V,,0,,5,0,0,0,true,true,backward_euler_step_doubling,0.00002,,0.008,dc,5,10,0,50,2,,,,,,,,,,0
0.003721392236356603,S2,switch,A,B,0,,false,0,,12.30316006135402,0,0,0,true,true,backward_euler_step_doubling,0.00002,,0.008,,,,,,,true,true,1@0.003=open,,,,,,,0
0.003721392236356603,R3,resistor,B,0,100,Ω,,0,,-7.303160061354021,-0.0730316006135402,0.5333614688175646,0,true,true,backward_euler_step_doubling,0.00002,,0.008,,,,,,,,,,,,,,,,0
0.003721392236356603,L4,inductor,B,0,100,mH,,0,A,-7.303160061354021,0.0730316006135402,-0.5333614688175646,0.0002666807344087823,true,true,backward_euler_step_doubling,0.00002,1e-10,0.008,,,,,,,,,,,,,,,,0
0.003726854783178406,V1,voltage,A,0,5,V,,0,,5,0,0,0,true,true,backward_euler_step_doubling,0.00002,,0.008,dc,5,10,0,50,2,,,,,,,,,,0
0.003726854783178406,S2,switch,A,B,0,,false,0,,12.26348294567391,0,0,0,true,true,backward_euler_step_doubling,0.00002,,0.008,,,,,,,true,true,1@0.003=open,,,,,,,0
0.003726854783178406,R3,resistor,B,0,100,Ω,,0,,-7.2634829456739105,-0.0726348294567391,0.5275818450209575,0,true,true,backward_euler_step_doubling,0.00002,,0.008,,,,,,,,,,,,,,,,0
0.003726854783178406,L4,inductor,B,0,100,mH,,0,A,-7.2634829456739105,0.0726348294567391,-0.5275818450209575,0.0002637909225104787,true,true,backward_euler_step_doubling,0.00002,1e-10,0.008,,,,,,,,,,,,,,,,0
0.003732347330648766,V1,voltage,A,0,5,V,,0,,5,0,0,0,true,true,backward_euler_step_doubling,0.00002,,0.008,dc,5,10,0,50,2,,,,,,,,,,0
0.003732347330648766,S2,switch,A,B,0,,false,0,,12.223805849130894,0,0,0,true,true,backward_euler_step_doubling,0.00002,,0.008,,,,,,,true,true,1@0.003=open,,,,,,,0
0.003732347330648766,R3,resistor,B,0,100,Ω,,0,,-7.223805849130894,-0.07223805849130895,0.5218337094593772,0,true,true,backward_euler_step_doubling,0.00002,,0.008,,,,,,,,,,,,,,,,0
0.003732347330648766,L4,inductor,B,0,100,mH,,0,A,-7.223805849130894,0.07223805849130895,-0.5218337094593772,0.00026091685472968864,true,true,backward_euler_step_doubling,0.00002,1e-10,0.008,,,,,,,,,,,,,,,,0
0.003737839878119126,V1,voltage,A,0,5,V,,0,,5,0,0,0,true,true,backward_euler_step_doubling,0.00002,,0.008,dc,5,10,0,50,2,,,,,,,,,,0
0.003737839878119126,S2,switch,A,B,0,,false,0,,12.184345490480961,0,0,0,true,true,backward_euler_step_doubling,0.00002,,0.008,,,,,,,true,true,1@0.003=open,,,,,,,0
0.003737839878119126,R3,resistor,B,0,100,Ω,,0,,-7.184345490480961,-0.07184345490480962,0.5161482012659413,0,true,true,backward_euler_step_doubling,0.00002,,0.008,,,,,,,,,,,,,,,,0
0.003737839878119126,L4,inductor,B,0,100,mH,,0,A,-7.184345490480961,0.0718434549048096,-0.5161482012659412,0.00025807410063297055,true,true,backward_euler_step_doubling,0.00002,1e-10,0.008,,,,,,,,,,,,,,,,0
0.0037433627575592524,V1,voltage,A,0,5,V,,0,,5,0,0,0,true,true,backward_euler_step_doubling,0.00002,,0.008,dc,5,10,0,50,2,,,,,,,,,,0
0.0037433627575592524,S2,switch,A,B,0,,false,0,,12.144885151177462,0,0,0,true,true,backward_euler_step_doubling,0.00002,,0.008,,,,,,,true,true,1@0.003=open,,,,,,,0
0.0037433627575592524,R3,resistor,B,0,100,Ω,,0,,-7.144885151177461,-0.07144885151177462,0.5104938382351617,0,true,true,backward_euler_step_doubling,0.00002,,0.008,,,,,,,,,,,,,,,,0
0.0037433627575592524,L4,inductor,B,0,100,mH,,0,A,-7.144885151177461,0.07144885151177462,-0.5104938382351617,0.0002552469191175809,true,true,backward_euler_step_doubling,0.00002,1e-10,0.008,,,,,,,,,,,,,,,,0
0.003748885636999378,V1,voltage,A,0,5,V,,0,,5,0,0,0,true,true,backward_euler_step_doubling,0.00002,,0.008,dc,5,10,0,50,2,,,,,,,,,,0
0.003748885636999378,S2,switch,A,B,0,,false,0,,12.105641549554523,0,0,0,true,true,backward_euler_step_doubling,0.00002,,0.008,,,,,,,true,true,1@0.003=open,,,,,,,0
0.003748885636999378,R3,resistor,B,0,100,Ω,,0,,-7.105641549554522,-0.07105641549554523,0.504901418307556,0,true,true,backward_euler_step_doubling,0.00002,,0.008,,,,,,,,,,,,,,,,0
0.003748885636999378,L4,inductor,B,0,100,mH,,0,A,-7.105641549554522,0.07105641549554523,-0.504901418307556,0.000252450709153778,true,true,backward_euler_step_doubling,0.00002,1e-10,0.008,,,,,,,,,,,,,,,,0
0.003754439185249068,V1,voltage,A,0,5,V,,0,,5,0,0,0,true,true,backward_euler_step_doubling,0.00002,,0.008,dc,5,10,0,50,2,,,,,,,,,,0
0.003754439185249068,S2,switch,A,B,0,,false,0,,12.066397967490555,0,0,0,true,true,backward_euler_step_doubling,0.00002,,0.008,,,,,,,true,true,1@0.003=open,,,,,,,0
0.003754439185249068,R3,resistor,B,0,100,Ω,,0,,-7.0663979674905555,-0.07066397967490555,0.4993398023495465,0,true,true,backward_euler_step_doubling,0.00002,,0.008,,,,,,,,,,,,,,,,0
0.003754439185249068,L4,inductor,B,0,100,mH,,0,A,-7.0663979674905555,0.07066397967490556,-0.4993398023495466,0.00024966990117477337,true,true,backward_euler_step_doubling,0.00002,1e-10,0.008,,,,,,,,,,,,,,,,0
0.003759992733498757,V1,voltage,A,0,5,V,,0,,5,0,0,0,true,true,backward_euler_step_doubling,0.00002,,0.008,dc,5,10,0,50,2,,,,,,,,,,0
0.003759992733498757,S2,switch,A,B,0,,false,0,,12.027371122891106,0,0,0,true,true,backward_euler_step_doubling,0.00002,,0.008,,,,,,,true,true,1@0.003=open,,,,,,,0
0.003759992733498757,R3,resistor,B,0,100,Ω,,0,,-7.027371122891106,-0.07027371122891106,0.493839448988438,0,true,true,backward_euler_step_doubling,0.00002,,0.008,,,,,,,,,,,,,,,,0
0.003759992733498757,L4,inductor,B,0,100,mH,,0,A,-7.027371122891106,0.07027371122891106,-0.493839448988438,0.000246919724494219,true,true,backward_euler_step_doubling,0.00002,1e-10,0.008,,,,,,,,,,,,,,,,0
0.003765577293039513,V1,voltage,A,0,5,V,,0,,5,0,0,0,true,true,backward_euler_step_doubling,0.00002,,0.008,dc,5,10,0,50,2,,,,,,,,,,0
0.003765577293039513,S2,switch,A,B,0,,false,0,,11.988344298067247,0,0,0,true,true,backward_euler_step_doubling,0.00002,,0.008,,,,,,,true,true,1@0.003=open,,,,,,,0
0.003765577293039513,R3,resistor,B,0,100,Ω,,0,,-6.988344298067246,-0.06988344298067246,0.4883695602832899,0,true,true,backward_euler_step_doubling,0.00002,,0.008,,,,,,,,,,,,,,,,0
0.003765577293039513,L4,inductor,B,0,100,mH,,0,A,-6.988344298067246,0.06988344298067246,-0.4883695602832899,0.00024418478014164496,true,true,backward_euler_step_doubling,0.00002,1e-10,0.008,,,,,,,,,,,,,,,,0
0.0037711618525802693,V1,voltage,A,0,5,V,,0,,5,0,0,0,true,true,backward_euler_step_doubling,0.00002,,0.008,dc,5,10,0,50,2,,,,,,,,,,0
0.0037711618525802693,S2,switch,A,B,0,,false,0,,11.949534210488252,0,0,0,true,true,backward_euler_step_doubling,0.00002,,0.008,,,,,,,true,true,1@0.003=open,,,,,,,0
0.0037711618525802693,R3,resistor,B,0,100,Ω,,0,,-6.949534210488253,-0.06949534210488253,0.4829602574274659,0,true,true,backward_euler_step_doubling,0.00002,,0.008,,,,,,,,,,,,,,,,0
0.0037711618525802693,L4,inductor,B,0,100,mH,,0,A,-6.949534210488253,0.06949534210488253,-0.4829602574274659,0.00024148012871373298,true,true,backward_euler_step_doubling,0.00002,1e-10,0.008,,,,,,,,,,,,,,,,0
0.003776777771662146,V1,voltage,A,0,5,V,,0,,5,0,0,0,true,true,backward_euler_step_doubling,0.00002,,0.008,dc,5,10,0,50,2,,,,,,,,,,0
0.003776777771662146,S2,switch,A,B,0,,false,0,,11.910724142904527,0,0,0,true,true,backward_euler_step_doubling,0.00002,,0.008,,,,,,,true,true,1@0.003=open,,,,,,,0
0.003776777771662146,R3,resistor,B,0,100,Ω,,0,,-6.910724142904528,-0.06910724142904529,0.4775810817932353,0,true,true,backward_euler_step_doubling,0.00002,,0.008,,,,,,,,,,,,,,,,0
0.003776777771662146,L4,inductor,B,0,100,mH,,0,A,-6.910724142904528,0.06910724142904529,-0.4775810817932353,0.00023879054089661765,true,true,backward_euler_step_doubling,0.00002,1e-10,0.008,,,,,,,,,,,,,,,,0
0.003782393690744023,V1,voltage,A,0,5,V,,0,,5,0,0,0,true,true,backward_euler_step_doubling,0.00002,,0.008,dc,5,10,0,50,2,,,,,,,,,,0
0.003782393690744023,S2,switch,A,B,0,,false,0,,11.872130812342341,0,0,0,true,true,backward_euler_step_doubling,0.00002,,0.008,,,,,,,true,true,1@0.003=open,,,,,,,0
0.003782393690744023,R3,resistor,B,0,100,Ω,,0,,-6.872130812342341,-0.06872130812342342,0.47226181901945014,0,true,true,backward_euler_step_doubling,0.00002,,0.008,,,,,,,,,,,,,,,,0
0.003782393690744023,L4,inductor,B,0,100,mH,,0,A,-6.872130812342341,0.06872130812342342,-0.47226181901945014,0.0002361309095097251,true,true,backward_euler_step_doubling,0.00002,1e-10,0.008,,,,,,,,,,,,,,,,0
0.003788041323515778,V1,voltage,A,0,5,V,,0,,5,0,0,0,true,true,backward_euler_step_doubling,0.00002,,0.008,dc,5,10,0,50,2,,,,,,,,,,0
0.003788041323515778,S2,switch,A,B,0,,false,0,,11.833537501999032,0,0,0,true,true,backward_euler_step_doubling,0.00002,,0.008,,,,,,,true,true,1@0.003=open,,,,,,,0
0.003788041323515778,R3,resistor,B,0,100,Ω,,0,,-6.833537501999032,-0.06833537501999032,0.4669723479122717,0,true,true,backward_euler_step_doubling,0.00002,,0.008,,,,,,,,,,,,,,,,0
0.003788041323515778,L4,inductor,B,0,100,mH,,0,A,-6.833537501999032,0.06833537501999032,-0.4669723479122717,0.00023348617395613585,true,true,backward_euler_step_doubling,0.00002,1e-10,0.008,,,,,,,,,,,,,,,,0
0.003793688956287534,V1,voltage,A,0,5,V,,0,,5,0,0,0,true,true,backward_euler_step_doubling,0.00002,,0.008,dc,5,10,0,50,2,,,,,,,,,,0
0.003793688956287534,S2,switch,A,B,0,,false,0,,11.795160928450166,0,0,0,true,true,backward_euler_step_doubling,0.00002,,0.008,,,,,,,true,true,1@0.003=open,,,,,,,0
0.003793688956287534,R3,resistor,B,0,100,Ω,,0,,-6.795160928450165,-0.06795160928450165,0.4617421204353571,0,true,true,backward_euler_step_doubling,0.00002,,0.008,,,,,,,,,,,,,,,,0
0.003793688956287534,L4,inductor,B,0,100,mH,,0,A,-6.795160928450165,0.06795160928450164,-0.461742120435357,0.0002308710602176785,true,true,backward_euler_step_doubling,0.00002,1e-10,0.008,,,,,,,,,,,,,,,,0
0.003799368662930622,V1,voltage,A,0,5,V,,0,,5,0,0,0,true,true,backward_euler_step_doubling,0.00002,,0.008,dc,5,10,0,50,2,,,,,,,,,,0
0.003799368662930622,S2,switch,A,B,0,,false,0,,11.756784375347587,0,0,0,true,true,backward_euler_step_doubling,0.00002,,0.008,,,,,,,true,true,1@0.003=open,,,,,,,0
0.003799368662930622,R3,resistor,B,0,100,Ω,,0,,-6.756784375347587,-0.06756784375347587,0.45654135094941284,0,true,true,backward_euler_step_doubling,0.00002,,0.008,,,,,,,,,,,,,,,,0
0.003799368662930622,L4,inductor,B,0,100,mH,,0,A,-6.756784375347587,0.06756784375347588,-0.4565413509494129,0.00022827067547470648,true,true,backward_euler_step_doubling,0.00002,1e-10,0.008,,,,,,,,,,,,,,,,0
0.0038050483695737103,V1,voltage,A,0,5,V,,0,,5,0,0,0,true,true,backward_euler_step_doubling,0.00002,,0.008,dc,5,10,0,50,2,,,,,,,,,,0
0.0038050483695737103,S2,switch,A,B,0,,false,0,,11.718624558808507,0,0,0,true,true,backward_euler_step_doubling,0.00002,,0.008,,,,,,,true,true,1@0.003=open,,,,,,,0
0.0038050483695737103,R3,resistor,B,0,100,Ω,,0,,-6.718624558808507,-0.06718624558808507,0.4513991596222481,0,true,true,backward_euler_step_doubling,0.00002,,0.008,,,,,,,,,,,,,,,,0
0.0038050483695737103,L4,inductor,B,0,100,mH,,0,A,-6.718624558808507,0.06718624558808509,-0.4513991596222482,0.00022569957981112416,true,true,backward_euler_step_doubling,0.00002,1e-10,0.008,,,,,,,,,,,,,,,,0
0.0038107605164401145,V1,voltage,A,0,5,V,,0,,5,0,0,0,true,true,backward_euler_step_doubling,0.00002,,0.008,dc,5,10,0,50,2,,,,,,,,,,0
0.0038107605164401145,S2,switch,A,B,0,,false,0,,11.68046476294672,0,0,0,true,true,backward_euler_step_doubling,0.00002,,0.008,,,,,,,true,true,1@0.003=open,,,,,,,0
0.0038107605164401145,R3,resistor,B,0,100,Ω,,0,,-6.68046476294672,-0.0668046476294672,0.4462860944897277,0,true,true,backward_euler_step_doubling,0.00002,,0.008,,,,,,,,,,,,,,,,0
0.0038107605164401145,L4,inductor,B,0,100,mH,,0,A,-6.68046476294672,0.06680464762946721,-0.4462860944897278,0.00022314304724486395,true,true,backward_euler_step_doubling,0.00002,1e-10,0.008,,,,,,,,,,,,,,,,0
0.0038164726633065182,V1,voltage,A,0,5,V,,0,,5,0,0,0,true,true,backward_euler_step_doubling,0.00002,,0.008,dc,5,10,0,50,2,,,,,,,,,,0
0.0038164726633065182,S2,switch,A,B,0,,false,0,,11.642521703413546,0,0,0,true,true,backward_euler_step_doubling,0.00002,,0.008,,,,,,,true,true,1@0.003=open,,,,,,,0
0.0038164726633065182,R3,resistor,B,0,100,Ω,,0,,-6.642521703413546,-0.06642521703413547,0.44123094580320005,0,true,true,backward_euler_step_doubling,0.00002,,0.008,,,,,,,,,,,,,,,,0
0.0038164726633065182,L4,inductor,B,0,100,mH,,0,A,-6.642521703413546,0.06642521703413547,-0.44123094580320005,0.00022061547290160006,true,true,backward_euler_step_doubling,0.00002,1e-10,0.008,,,,,,,,,,,,,,,,0
0.003822217623060403,V1,voltage,A,0,5,V,,0,,5,0,0,0,true,true,backward_euler_step_doubling,0.00002,,0.008,dc,5,10,0,50,2,,,,,,,,,,0
0.003822217623060403,S2,switch,A,B,0,,false,0,,11.604578664792946,0,0,0,true,true,backward_euler_step_doubling,0.00002,,0.008,,,,,,,true,true,1@0.003=open,,,,,,,0
0.003822217623060403,R3,resistor,B,0,100,Ω,,0,,-6.604578664792947,-0.06604578664792947,0.43620459339438183,0,true,true,backward_euler_step_doubling,0.00002,,0.008,,,,,,,,,,,,,,,,0
0.003822217623060403,L4,inductor,B,0,100,mH,,0,A,-6.604578664792947,0.06604578664792947,-0.43620459339438183,0.00021810229669719092,true,true,backward_euler_step_doubling,0.00002,1e-10,0.008,,,,,,,,,,,,,,,,0
0.003827962582814287,V1,voltage,A,0,5,V,,0,,5,0,0,0,true,true,backward_euler_step_doubling,0.00002,,0.008,dc,5,10,0,50,2,,,,,,,,,,0
0.003827962582814287,S2,switch,A,B,0,,false,0,,11.56685236226205,0,0,0,true,true,backward_euler_step_doubling,0.00002,,0.008,,,,,,,true,true,1@0.003=open,,,,,,,0
0.003827962582814287,R3,resistor,B,0,100,Ω,,0,,-6.5668523622620505,-0.0656685236226205,0.4312354994774667,0,true,true,backward_euler_step_doubling,0.00002,,0.008,,,,,,,,,,,,,,,,0
0.003827962582814287,L4,inductor,B,0,100,mH,,0,A,-6.5668523622620505,0.0656685236226205,-0.4312354994774667,0.00021561774973873337,true,true,backward_euler_step_doubling,0.00002,1e-10,0.008,,,,,,,,,,,,,,,,0
0.0038337407345778994,V1,voltage,A,0,5,V,,0,,5,0,0,0,true,true,backward_euler_step_doubling,0.00002,,0.008,dc,5,10,0,50,2,,,,,,,,,,0
0.0038337407345778994,S2,switch,A,B,0,,false,0,,11.52912608088295,0,0,0,true,true,backward_euler_step_doubling,0.00002,,0.008,,,,,,,true,true,1@0.003=open,,,,,,,0
0.0038337407345778994,R3,resistor,B,0,100,Ω,,0,,-6.529126080882949,-0.0652912608088295,0.4262948738006594,0,true,true,backward_euler_step_doubling,0.00002,,0.008,,,,,,,,,,,,,,,,0
0.0038337407345778994,L4,inductor,B,0,100,mH,,0,A,-6.529126080882949,0.0652912608088295,-0.4262948738006594,0.0002131474369003297,true,true,backward_euler_step_doubling,0.00002,1e-10,0.008,,,,,,,,,,,,,,,,0
0.0038395188863415116,V1,voltage,A,0,5,V,,0,,5,0,0,0,true,true,backward_euler_step_doubling,0.00002,,0.008,dc,5,10,0,50,2,,,,,,,,,,0
0.0038395188863415116,S2,switch,A,B,0,,false,0,,11.49161653535052,0,0,0,true,true,backward_euler_step_doubling,0.00002,,0.008,,,,,,,true,true,1@0.003=open,,,,,,,0
0.0038395188863415116,R3,resistor,B,0,100,Ω,,0,,-6.491616535350519,-0.0649161653535052,0.4214108524203628,0,true,true,backward_euler_step_doubling,0.00002,,0.008,,,,,,,,,,,,,,,,0
0.0038395188863415116,L4,inductor,B,0,100,mH,,0,A,-6.491616535350519,0.0649161653535052,-0.4214108524203628,0.0002107054262101814,true,true,backward_euler_step_doubling,0.00002,1e-10,0.008,,,,,,,,,,,,,,,,0
0.0038453306158452473,V1,voltage,A,0,5,V,,0,,5,0,0,0,true,true,backward_euler_step_doubling,0.00002,,0.008,dc,5,10,0,50,2,,,,,,,,,,0
0.0038453306158452473,S2,switch,A,B,0,,false,0,,11.454107011213184,0,0,0,true,true,backward_euler_step_doubling,0.00002,,0.008,,,,,,,true,true,1@0.003=open,,,,,,,0
0.0038453306158452473,R3,resistor,B,0,100,Ω,,0,,-6.454107011213184,-0.06454107011213184,0.41655497312191175,0,true,true,backward_euler_step_doubling,0.00002,,0.008,,,,,,,,,,,,,,,,0
0.0038453306158452473,L4,inductor,B,0,100,mH,,0,A,-6.454107011213184,0.06454107011213184,-0.41655497312191175,0.00020827748656095587,true,true,backward_euler_step_doubling,0.00002,1e-10,0.008,,,,,,,,,,,,,,,,0
0.003851142345348983,V1,voltage,A,0,5,V,,0,,5,0,0,0,true,true,backward_euler_step_doubling,0.00002,,0.008,dc,5,10,0,50,2,,,,,,,,,,0
0.003851142345348983,S2,switch,A,B,0,,false,0,,11.41681422267527,0,0,0,true,true,backward_euler_step_doubling,0.00002,,0.008,,,,,,,true,true,1@0.003=open,,,,,,,0
0.003851142345348983,R3,resistor,B,0,100,Ω,,0,,-6.416814222675271,-0.06416814222675271,0.4117550476832764,0,true,true,backward_euler_step_doubling,0.00002,,0.008,,,,,,,,,,,,,,,,0
0.003851142345348983,L4,inductor,B,0,100,mH,,0,A,-6.416814222675271,0.06416814222675271,-0.4117550476832764,0.00020587752384163823,true,true,backward_euler_step_doubling,0.00002,1e-10,0.008,,,,,,,,,,,,,,,,0
0.003856988045085872,V1,voltage,A,0,5,V,,0,,5,0,0,0,true,true,backward_euler_step_doubling,0.00002,,0.008,dc,5,10,0,50,2,,,,,,,,,,0
0.003856988045085872,S2,switch,A,B,0,,false,0,,11.379521455779742,0,0,0,true,true,backward_euler_step_doubling,0.00002,,0.008,,,,,,,true,true,1@0.003=open,,,,,,,0
0.003856988045085872,R3,resistor,B,0,100,Ω,,0,,-6.379521455779742,-0.06379521455779742,0.4069829400475408,0,true,true,backward_euler_step_doubling,0.00002,,0.008,,,,,,,,,,,,,,,,0
0.003856988045085872,L4,inductor,B,0,100,mH,,0,A,-6.379521455779742,0.06379521455779742,-0.4069829400475408,0.00020349147002377043,true,true,backward_euler_step_doubling,0.00002,1e-10,0.008,,,,,,,,,,,,,,,,0
0.0038628337448227607,V1,voltage,A,0,5,V,,0,,5,0,0,0,true,true,backward_euler_step_doubling,0.00002,,0.008,dc,5,10,0,50,2,,,,,,,,,,0
0.0038628337448227607,S2,switch,A,B,0,,false,0,,11.342445424232077,0,0,0,true,true,backward_euler_step_doubling,0.00002,,0.008,,,,,,,true,true,1@0.003=open,,,,,,,0
0.0038628337448227607,R3,resistor,B,0,100,Ω,,0,,-6.342445424232077,-0.06342445424232077,0.40226613959362406,0,true,true,backward_euler_step_doubling,0.00002,,0.008,,,,,,,,,,,,,,,,0
0.0038628337448227607,L4,inductor,B,0,100,mH,,0,A,-6.342445424232077,0.06342445424232077,-0.40226613959362406,0.00020113306979681203,true,true,backward_euler_step_doubling,0.00002,1e-10,0.008,,,,,,,,,,,,,,,,0
0.003868713814207349,V1,voltage,A,0,5,V,,0,,5,0,0,0,true,true,backward_euler_step_doubling,0.00002,,0.008,dc,5,10,0,50,2,,,,,,,,,,0
0.003868713814207349,S2,switch,A,B,0,,false,0,,11.305369414578893,0,0,0,true,true,backward_euler_step_doubling,0.00002,,0.008,,,,,,,true,true,1@0.003=open,,,,,,,0
0.003868713814207349,R3,resistor,B,0,100,Ω,,0,,-6.305369414578893,-0.06305369414578893,0.3975768345430697,0,true,true,backward_euler_step_doubling,0.00002,,0.008,,,,,,,,,,,,,,,,0
0.003868713814207349,L4,inductor,B,0,100,mH,,0,A,-6.305369414578893,0.06305369414578893,-0.3975768345430697,0.00019878841727153488,true,true,backward_euler_step_doubling,0.00002,1e-10,0.008,,,,,,,,,,,,,,,,0
0.003874593883591937,V1,voltage,A,0,5,V,,0,,5,0,0,0,true,true,backward_euler_step_doubling,0.00002,,0.008,dc,5,10,0,50,2,,,,,,,,,,0
0.003874593883591937,S2,switch,A,B,0,,false,0,,11.268510140017595,0,0,0,true,true,backward_euler_step_doubling,0.00002,,0.008,,,,,,,true,true,1@0.003=open,,,,,,,0
0.003874593883591937,R3,resistor,B,0,100,Ω,,0,,-6.268510140017595,-0.06268510140017595,0.3929421937550341,0,true,true,backward_euler_step_doubling,0.00002,,0.008,,,,,,,,,,,,,,,,0
0.003874593883591937,L4,inductor,B,0,100,mH,,0,A,-6.268510140017595,0.06268510140017595,-0.3929421937550341,0.00019647109687751709,true,true,backward_euler_step_doubling,0.00002,1e-10,0.008,,,,,,,,,,,,,,,,0
0.0038805087291241365,V1,voltage,A,0,5,V,,0,,5,0,0,0,true,true,backward_euler_step_doubling,0.00002,,0.008,dc,5,10,0,50,2,,,,,,,,,,0
0.0038805087291241365,S2,switch,A,B,0,,false,0,,11.231650887606808,0,0,0,true,true,backward_euler_step_doubling,0.00002,,0.008,,,,,,,true,true,1@0.003=open,,,,,,,0
0.0038805087291241365,R3,resistor,B,0,100,Ω,,0,,-6.231650887606807,-0.06231650887606807,0.38833472785010703,0,true,true,backward_euler_step_doubling,0.00002,,0.008,,,,,,,,,,,,,,,,0
0.0038805087291241365,L4,inductor,B,0,100,mH,,0,A,-6.231650887606807,0.06231650887606807,-0.38833472785010703,0.00019416736392505356,true,true,backward_euler_step_doubling,0.00002,1e-10,0.008,,,,,,,,,,,,,,,,0
0.003886423574656336,V1,voltage,A,0,5,V,,0,,5,0,0,0,true,true,backward_euler_step_doubling,0.00002,,0.008,dc,5,10,0,50,2,,,,,,,,,,0
0.003886423574656336,S2,switch,A,B,0,,false,0,,11.195008370027413,0,0,0,true,true,backward_euler_step_doubling,0.00002,,0.008,,,,,,,true,true,1@0.003=open,,,,,,,0
0.003886423574656336,R3,resistor,B,0,100,Ω,,0,,-6.195008370027412,-0.06195008370027412,0.3837812870470969,0,true,true,backward_euler_step_doubling,0.00002,,0.008,,,,,,,,,,,,,,,,0
0.003886423574656336,L4,inductor,B,0,100,mH,,0,A,-6.195008370027412,0.06195008370027412,-0.3837812870470969,0.00019189064352354848,true,true,backward_euler_step_doubling,0.00002,1e-10,0.008,,,,,,,,,,,,,,,,0
0.003892373610089842,V1,voltage,A,0,5,V,,0,,5,0,0,0,true,true,backward_euler_step_doubling,0.00002,,0.008,dc,5,10,0,50,2,,,,,,,,,,0
0.003892373610089842,S2,switch,A,B,0,,false,0,,11.158365874859502,0,0,0,true,true,backward_euler_step_doubling,0.00002,,0.008,,,,,,,true,true,1@0.003=open,,,,,,,0
0.003892373610089842,R3,resistor,B,0,100,Ω,,0,,-6.158365874859502,-0.06158365874859502,0.3792547024863404,0,true,true,backward_euler_step_doubling,0.00002,,0.008,,,,,,,,,,,,,,,,0
0.003892373610089842,L4,inductor,B,0,100,mH,,0,A,-6.158365874859502,0.061583658748595026,-0.3792547024863404,0.00018962735124317026,true,true,backward_euler_step_doubling,0.00002,1e-10,0.008,,,,,,,,,,,,,,,,0
0.0038983236455233483,V1,voltage,A,0,5,V,,0,,5,0,0,0,true,true,backward_euler_step_doubling,0.00002,,0.008,dc,5,10,0,50,2,,,,,,,,,,0
0.0038983236455233483,S2,switch,A,B,0,,false,0,,11.121940114257864,0,0,0,true,true,backward_euler_step_doubling,0.00002,,0.008,,,,,,,true,true,1@0.003=open,,,,,,,0
0.0038983236455233483,R3,resistor,B,0,100,Ω,,0,,-6.121940114257865,-0.06121940114257865,0.374781507625596,0,true,true,backward_euler_step_doubling,0.00002,,0.008,,,,,,,,,,,,,,,,0
0.0038983236455233483,L4,inductor,B,0,100,mH,,0,A,-6.121940114257865,0.06121940114257866,-0.37478150762559603,0.00018739075381279808,true,true,backward_euler_step_doubling,0.00002,1e-10,0.008,,,,,,,,,,,,,,,,0
0.00390430929203937,V1,voltage,A,0,5,V,,0,,5,0,0,0,true,true,backward_euler_step_doubling,0.00002,,0.008,dc,5,10,0,50,2,,,,,,,,,,0
0.00390430929203937,S2,switch,A,B,0,,false,0,,11.08551437633297,0,0,0,true,true,backward_euler_step_doubling,0.00002,,0.008,,,,,,,true,true,1@0.003=open,,,,,,,0
0.00390430929203937,R3,resistor,B,0,100,Ω,,0,,-6.08551437633297,-0.0608551437633297,0.37033485224555257,0,true,true,backward_euler_step_doubling,0.00002,,0.008,,,,,,,,,,,,,,,,0
0.00390430929203937,L4,inductor,B,0,100,mH,,0,A,-6.08551437633297,0.06085514376332969,-0.3703348522455525,0.00018516742612277625,true,true,backward_euler_step_doubling,0.00002,1e-10,0.008,,,,,,,,,,,,,,,,0
0.003910294938555391,V1,voltage,A,0,5,V,,0,,5,0,0,0,true,true,backward_euler_step_doubling,0.00002,,0.008,dc,5,10,0,50,2,,,,,,,,,,0
0.003910294938555391,S2,switch,A,B,0,,false,0,,11.049305372704492,0,0,0,true,true,backward_euler_step_doubling,0.00002,,0.008,,,,,,,true,true,1@0.003=open,,,,,,,0
0.003910294938555391,R3,resistor,B,0,100,Ω,,0,,-6.049305372704491,-0.06049305372704491,0.3659409549223142,0,true,true,backward_euler_step_doubling,0.00002,,0.008,,,,,,,,,,,,,,,,0
0.003910294938555391,L4,inductor,B,0,100,mH,,0,A,-6.049305372704491,0.0604930537270449,-0.36594095492231415,0.00018297047746115706,true,true,backward_euler_step_doubling,0.00002,1e-10,0.008,,,,,,,,,,,,,,,,0
0.003916316624941378,V1,voltage,A,0,5,V,,0,,5,0,0,0,true,true,backward_euler_step_doubling,0.00002,,0.008,dc,5,10,0,50,2,,,,,,,,,,0
0.003916316624941378,S2,switch,A,B,0,,false,0,,11.013096392023021,0,0,0,true,true,backward_euler_step_doubling,0.00002,,0.008,,,,,,,true,true,1@0.003=open,,,,,,,0
0.003916316624941378,R3,resistor,B,0,100,Ω,,0,,-6.013096392023021,-0.060130963920230214,0.36157328219760276,0,true,true,backward_euler_step_doubling,0.00002,,0.008,,,,,,,,,,,,,,,,0
0.003916316624941378,L4,inductor,B,0,100,mH,,0,A,-6.013096392023021,0.060130963920230214,-0.36157328219760276,0.0001807866410988014,true,true,backward_euler_step_doubling,0.00002,1e-10,0.008,,,,,,,,,,,,,,,,0
0.003922338311327364,V1,voltage,A,0,5,V,,0,,5,0,0,0,true,true,backward_euler_step_doubling,0.00002,,0.008,dc,5,10,0,50,2,,,,,,,,,,0
0.003922338311327364,S2,switch,A,B,0,,false,0,,10.977104145363263,0,0,0,true,true,backward_euler_step_doubling,0.00002,,0.008,,,,,,,true,true,1@0.003=open,,,,,,,0
0.003922338311327364,R3,resistor,B,0,100,Ω,,0,,-5.977104145363264,-0.05977104145363264,0.3572577396451872,0,true,true,backward_euler_step_doubling,0.00002,,0.008,,,,,,,,,,,,,,,,0
0.003922338311327364,L4,inductor,B,0,100,mH,,0,A,-5.977104145363264,0.05977104145363265,-0.3572577396451872,0.00017862886982259363,true,true,backward_euler_step_doubling,0.00002,1e-10,0.008,,,,,,,,,,,,,,,,0
0.003928396474161331,V1,voltage,A,0,5,V,,0,,5,0,0,0,true,true,backward_euler_step_doubling,0.00002,,0.008,dc,5,10,0,50,2,,,,,,,,,,0
0.003928396474161331,S2,switch,A,B,0,,false,0,,10.94111192192542,0,0,0,true,true,backward_euler_step_doubling,0.00002,,0.008,,,,,,,true,true,1@0.003=open,,,,,,,0
0.003928396474161331,R3,resistor,B,0,100,Ω,,0,,-5.941111921925421,-0.05941111921925421,0.3529681086884437,0,true,true,backward_euler_step_doubling,0.00002,,0.008,,,,,,,,,,,,,,,,0
0.003928396474161331,L4,inductor,B,0,100,mH,,0,A,-5.941111921925421,0.05941111921925421,-0.3529681086884437,0.00017648405434422186,true,true,backward_euler_step_doubling,0.00002,1e-10,0.008,,,,,,,,,,,,,,,,0
0.003934454636995297,V1,voltage,A,0,5,V,,0,,5,0,0,0,true,true,backward_euler_step_doubling,0.00002,,0.008,dc,5,10,0,50,2,,,,,,,,,,0
0.003934454636995297,S2,switch,A,B,0,,false,0,,10.905336432229618,0,0,0,true,true,backward_euler_step_doubling,0.00002,,0.008,,,,,,,true,true,1@0.003=open,,,,,,,0
0.003934454636995297,R3,resistor,B,0,100,Ω,,0,,-5.9053364322296185,-0.05905336432229619,0.3487299837781844,0,true,true,backward_euler_step_doubling,0.00002,,0.008,,,,,,,,,,,,,,,,0
0.003934454636995297,L4,inductor,B,0,100,mH,,0,A,-5.9053364322296185,0.05905336432229619,-0.3487299837781844,0.00017436499188909222,true,true,backward_euler_step_doubling,0.00002,1e-10,0.008,,,,,,,,,,,,,,,,0
0.003940549720835615,V1,voltage,A,0,5,V,,0,,5,0,0,0,true,true,backward_euler_step_doubling,0.00002,,0.008,dc,5,10,0,50,2,,,,,,,,,,0
0.003940549720835615,S2,switch,A,B,0,,false,0,,10.86956096603577,0,0,0,true,true,backward_euler_step_doubling,0.00002,,0.008,,,,,,,true,true,1@0.003=open,,,,,,,0
0.003940549720835615,R3,resistor,B,0,100,Ω,,0,,-5.869560966035771,-0.058695609660357716,0.3445174593401078,0,true,true,backward_euler_step_doubling,0.00002,,0.008,,,,,,,,,,,,,,,,0
0.003940549720835615,L4,inductor,B,0,100,mH,,0,A,-5.869560966035771,0.058695609660357716,-0.3445174593401078,0.0001722587296700539,true,true,backward_euler_step_doubling,0.00002,1e-10,0.008,,,,,,,,,,,,,,,,0
0.0039466448046759335,V1,voltage,A,0,5,V,,0,,5,0,0,0,true,true,backward_euler_step_doubling,0.00002,,0.008,dc,5,10,0,50,2,,,,,,,,,,0
0.0039466448046759335,S2,switch,A,B,0,,false,0,,10.83400223329921,0,0,0,true,true,backward_euler_step_doubling,0.00002,,0.008,,,,,,,true,true,1@0.003=open,,,,,,,0
0.0039466448046759335,R3,resistor,B,0,100,Ω,,0,,-5.834002233299209,-0.05834002233299209,0.3403558205814016,0,true,true,backward_euler_step_doubling,0.00002,,0.008,,,,,,,,,,,,,,,,0
0.0039466448046759335,L4,inductor,B,0,100,mH,,0,A,-5.834002233299209,0.0583400223329921,-0.3403558205814016,0.00017017791029070084,true,true,backward_euler_step_doubling,0.00002,1e-10,0.008,,,,,,,,,,,,,,,,0
0.00395277726225704,V1,voltage,A,0,5,V,,0,,5,0,0,0,true,true,backward_euler_step_doubling,0.00002,,0.008,dc,5,10,0,50,2,,,,,,,,,,0
0.00395277726225704,S2,switch,A,B,0,,false,0,,10.798443524349695,0,0,0,true,true,backward_euler_step_doubling,0.00002,,0.008,,,,,,,true,true,1@0.003=open,,,,,,,0
0.00395277726225704,R3,resistor,B,0,100,Ω,,0,,-5.798443524349695,-0.05798443524349695,0.33621947305072913,0,true,true,backward_euler_step_doubling,0.00002,,0.008,,,,,,,,,,,,,,,,0
0.00395277726225704,L4,inductor,B,0,100,mH,,0,A,-5.798443524349695,0.05798443524349696,-0.3362194730507292,0.00016810973652536462,true,true,backward_euler_step_doubling,0.00002,1e-10,0.008,,,,,,,,,,,,,,,,0
0.003958909719838146,V1,voltage,A,0,5,V,,0,,5,0,0,0,true,true,backward_euler_step_doubling,0.00002,,0.008,dc,5,10,0,50,2,,,,,,,,,,0
0.003958909719838146,S2,switch,A,B,0,,false,0,,10.763101548567498,0,0,0,true,true,backward_euler_step_doubling,0.00002,,0.008,,,,,,,true,true,1@0.003=open,,,,,,,0
0.003958909719838146,R3,resistor,B,0,100,Ω,,0,,-5.763101548567498,-0.05763101548567498,0.33213339459101093,0,true,true,backward_euler_step_doubling,0.00002,,0.008,,,,,,,,,,,,,,,,0
0.003958909719838146,L4,inductor,B,0,100,mH,,0,A,-5.763101548567498,0.05763101548567499,-0.332133394591011,0.00016606669729550552,true,true,backward_euler_step_doubling,0.00002,1e-10,0.008,,,,,,,,,,,,,,,,0
0.003965080012272243,V1,voltage,A,0,5,V,,0,,5,0,0,0,true,true,backward_euler_step_doubling,0.00002,,0.008,dc,5,10,0,50,2,,,,,,,,,,0
0.003965080012272243,S2,switch,A,B,0,,false,0,,10.727759596862647,0,0,0,true,true,backward_euler_step_doubling,0.00002,,0.008,,,,,,,true,true,1@0.003=open,,,,,,,0
0.003965080012272243,R3,resistor,B,0,100,Ω,,0,,-5.727759596862647,-0.05727759596862647,0.32807229999452153,0,true,true,backward_euler_step_doubling,0.00002,,0.008,,,,,,,,,,,,,,,,0
0.003965080012272243,L4,inductor,B,0,100,mH,,0,A,-5.727759596862647,0.05727759596862647,-0.32807229999452153,0.0001640361499972608,true,true,backward_euler_step_doubling,0.00002,1e-10,0.008,,,,,,,,,,,,,,,,0
0.003971250304706341,V1,voltage,A,0,5,V,,0,,5,0,0,0,true,true,backward_euler_step_doubling,0.00002,,0.008,dc,5,10,0,50,2,,,,,,,,,,0
0.003971250304706341,S2,switch,A,B,0,,false,0,,10.692634378029805,0,0,0,true,true,backward_euler_step_doubling,0.00002,,0.008,,,,,,,true,true,1@0.003=open,,,,,,,0
0.003971250304706341,R3,resistor,B,0,100,Ω,,0,,-5.692634378029806,-0.05692634378029806,0.32406086161926795,0,true,true,backward_euler_step_doubling,0.00002,,0.008,,,,,,,,,,,,,,,,0
0.003971250304706341,L4,inductor,B,0,100,mH,,0,A,-5.692634378029806,0.05692634378029806,-0.32406086161926795,0.000162030430809634,true,true,backward_euler_step_doubling,0.00002,1e-10,0.008,,,,,,,,,,,,,,,,0
0.003977458901691361,V1,voltage,A,0,5,V,,0,,5,0,0,0,true,true,backward_euler_step_doubling,0.00002,,0.008,dc,5,10,0,50,2,,,,,,,,,,0
0.003977458901691361,S2,switch,A,B,0,,false,0,,10.65750918356997,0,0,0,true,true,backward_euler_step_doubling,0.00002,,0.008,,,,,,,true,true,1@0.003=open,,,,,,,0
0.003977458901691361,R3,resistor,B,0,100,Ω,,0,,-5.657509183569969,-0.05657509183569969,0.3200741016217854,0,true,true,backward_euler_step_doubling,0.00002,,0.008,,,,,,,,,,,,,,,,0
0.003977458901691361,L4,inductor,B,0,100,mH,,0,A,-5.657509183569969,0.0565750918356997,-0.3200741016217854,0.00016003705081089274,true,true,backward_euler_step_doubling,0.00002,1e-10,0.008,,,,,,,,,,,,,,,,0
0.003983667498676381,V1,voltage,A,0,5,V,,0,,5,0,0,0,true,true,backward_euler_step_doubling,0.00002,,0.008,dc,5,10,0,50,2,,,,,,,,,,0
0.003983667498676381,S2,switch,A,B,0,,false,0,,10.622600721681366,0,0,0,true,true,backward_euler_step_doubling,0.00002,,0.008,,,,,,,true,true,1@0.003=open,,,,,,,0
0.003983667498676381,R3,resistor,B,0,100,Ω,,0,,-5.6226007216813665,-0.056226007216813666,0.3161363887545182,0,true,true,backward_euler_step_doubling,0.00002,,0.008,,,,,,,,,,,,,,,,0
0.003983667498676381,L4,inductor,B,0,100,mH,,0,A,-5.6226007216813665,0.056226007216813666,-0.3161363887545182,0.0001580681943772591,true,true,backward_euler_step_doubling,0.00002,1e-10,0.008,,,,,,,,,,,,,,,,0
0.00398991487871047,V1,voltage,A,0,5,V,,0,,5,0,0,0,true,true,backward_euler_step_doubling,0.00002,,0.008,dc,5,10,0,50,2,,,,,,,,,,0
0.00398991487871047,S2,switch,A,B,0,,false,0,,10.587692284466762,0,0,0,true,true,backward_euler_step_doubling,0.00002,,0.008,,,,,,,true,true,1@0.003=open,,,,,,,0
0.00398991487871047,R3,resistor,B,0,100,Ω,,0,,-5.587692284466762,-0.055876922844667616,0.3122230506588938,0,true,true,backward_euler_step_doubling,0.00002,,0.008,,,,,,,,,,,,,,,,0
0.00398991487871047,L4,inductor,B,0,100,mH,,0,A,-5.587692284466762,0.055876922844667616,-0.3122230506588938,0.0001561115253294469,true,true,backward_euler_step_doubling,0.00002,1e-10,0.008,,,,,,,,,,,,,,,,0
0.003996162258744557,V1,voltage,A,0,5,V,,0,,5,0,0,0,true,true,backward_euler_step_doubling,0.00002,,0.008,dc,5,10,0,50,2,,,,,,,,,,0
0.003996162258744557,S2,switch,A,B,0,,false,0,,10.553000579517008,0,0,0,true,true,backward_euler_step_doubling,0.00002,,0.008,,,,,,,true,true,1@0.003=open,,,,,,,0
0.003996162258744557,R3,resistor,B,0,100,Ω,,0,,-5.5530005795170085,-0.05553000579517008,0.3083581543611623,0,true,true,backward_euler_step_doubling,0.00002,,0.008,,,,,,,,,,,,,,,,0
0.003996162258744557,L4,inductor,B,0,100,mH,,0,A,-5.5530005795170085,0.05553000579517008,-0.3083581543611623,0.00015417907718058116,true,true,backward_euler_step_doubling,0.00002,1e-10,0.008,,,,,,,,,,,,,,,,0
0.004002448909347209,V1,voltage,A,0,5,V,,0,,5,0,0,0,true,true,backward_euler_step_doubling,0.00002,,0.008,dc,5,10,0,50,2,,,,,,,,,,0
0.004002448909347209,S2,switch,A,B,0,,false,0,,10.518308899548046,0,0,0,true,true,backward_euler_step_doubling,0.00002,,0.008,,,,,,,true,true,1@0.003=open,,,,,,,0
0.004002448909347209,R3,resistor,B,0,100,Ω,,0,,-5.518308899548047,-0.05518308899548047,0.30451733110831175,0,true,true,backward_euler_step_doubling,0.00002,,0.008,,,,,,,,,,,,,,,,0
0.004002448909347209,L4,inductor,B,0,100,mH,,0,A,-5.518308899548047,0.055183088995480474,-0.3045173311083118,0.00015225866555415593,true,true,backward_euler_step_doubling,0.00002,1e-10,0.008,,,,,,,,,,,,,,,,0
0.00400873555994986,V1,voltage,A,0,5,V,,0,,5,0,0,0,true,true,backward_euler_step_doubling,0.00002,,0.008,dc,5,10,0,50,2,,,,,,,,,,0
0.00400873555994986,S2,switch,A,B,0,,false,0,,10.483833951531809,0,0,0,true,true,backward_euler_step_doubling,0.00002,,0.008,,,,,,,true,true,1@0.003=open,,,,,,,0
0.00400873555994986,R3,resistor,B,0,100,Ω,,0,,-5.483833951531809,-0.05483833951531809,0.3007243480797297,0,true,true,backward_euler_step_doubling,0.00002,,0.008,,,,,,,,,,,,,,,,0
0.00400873555994986,L4,inductor,B,0,100,mH,,0,A,-5.483833951531809,0.054838339515318094,-0.30072434807972975,0.0001503621740398649,true,true,backward_euler_step_doubling,0.00002,1e-10,0.008,,,,,,,,,,,,,,,,0
0.004015061977890142,V1,voltage,A,0,5,V,,0,,5,0,0,0,true,true,backward_euler_step_doubling,0.00002,,0.008,dc,5,10,0,50,2,,,,,,,,,,0
0.004015061977890142,S2,switch,A,B,0,,false,0,,10.449359028808917,0,0,0,true,true,backward_euler_step_doubling,0.00002,,0.008,,,,,,,true,true,1@0.003=open,,,,,,,0
0.004015061977890142,R3,resistor,B,0,100,Ω,,0,,-5.449359028808918,-0.05449359028808918,0.29695513824861275,0,true,true,backward_euler_step_doubling,0.00002,,0.008,,,,,,,,,,,,,,,,0
0.004015061977890142,L4,inductor,B,0,100,mH,,0,A,-5.449359028808918,0.05449359028808918,-0.29695513824861275,0.00014847756912430635,true,true,backward_euler_step_doubling,0.00002,1e-10,0.008,,,,,,,,,,,,,,,,0
0.004021388395830423,V1,voltage,A,0,5,V,,0,,5,0,0,0,true,true,backward_euler_step_doubling,0.00002,,0.008,dc,5,10,0,50,2,,,,,,,,,,0
0.004021388395830423,S2,switch,A,B,0,,false,0,,10.415100837720729,0,0,0,true,true,backward_euler_step_doubling,0.00002,,0.008,,,,,,,true,true,1@0.003=open,,,,,,,0
0.004021388395830423,R3,resistor,B,0,100,Ω,,0,,-5.415100837720728,-0.05415100837720728,0.2932331708268373,0,true,true,backward_euler_step_doubling,0.00002,,0.008,,,,,,,,,,,,,,,,0
0.004021388395830423,L4,inductor,B,0,100,mH,,0,A,-5.415100837720728,0.05415100837720729,-0.29323317082683736,0.0001466165854134187,true,true,backward_euler_step_doubling,0.00002,1e-10,0.008,,,,,,,,,,,,,,,,0
0.004027755087362443,V1,voltage,A,0,5,V,,0,,5,0,0,0,true,true,backward_euler_step_doubling,0.00002,,0.008,dc,5,10,0,50,2,,,,,,,,,,0
0.004027755087362443,S2,switch,A,B,0,,false,0,,10.380842672244217,0,0,0,true,true,backward_euler_step_doubling,0.00002,,0.008,,,,,,,true,true,1@0.003=open,,,,,,,0
0.004027755087362443,R3,resistor,B,0,100,Ω,,0,,-5.380842672244217,-0.05380842672244217,0.2895346786344429,0,true,true,backward_euler_step_doubling,0.00002,,0.008,,,,,,,,,,,,,,,,0
0.004027755087362443,L4,inductor,B,0,100,mH,,0,A,-5.380842672244217,0.05380842672244218,-0.28953467863444293,0.0001447673393172215,true,true,backward_euler_step_doubling,0.00002,1e-10,0.008,,,,,,,,,,,,,,,,0
0.004034121778894464,V1,voltage,A,0,5,V,,0,,5,0,0,0,true,true,backward_euler_step_doubling,0.00002,,0.008,dc,5,10,0,50,2,,,,,,,,,,0
0.004034121778894464,S2,switch,A,B,0,,false,0,,10.34680123807835,0,0,0,true,true,backward_euler_step_doubling,0.00002,,0.008,,,,,,,true,true,1@0.003=open,,,,,,,0
0.004034121778894464,R3,resistor,B,0,100,Ω,,0,,-5.346801238078348,-0.05346801238078348,0.2858828347951616,0,true,true,backward_euler_step_doubling,0.00002,,0.008,,,,,,,,,,,,,,,,0
0.004034121778894464,L4,inductor,B,0,100,mH,,0,A,-5.346801238078348,0.05346801238078349,-0.28588283479516163,0.00014294141739758085,true,true,backward_euler_step_doubling,0.00002,1e-10,0.008,,,,,,,,,,,,,,,,0
0.004040529260000326,V1,voltage,A,0,5,V,,0,,5,0,0,0,true,true,backward_euler_step_doubling,0.00002,,0.008,dc,5,10,0,50,2,,,,,,,,,,0
0.004040529260000326,S2,switch,A,B,0,,false,0,,10.31275982984861,0,0,0,true,true,backward_euler_step_doubling,0.00002,,0.008,,,,,,,true,true,1@0.003=open,,,,,,,0
0.004040529260000326,R3,resistor,B,0,100,Ω,,0,,-5.312759829848608,-0.05312759829848608,0.28225417009653014,0,true,true,backward_euler_step_doubling,0.00002,,0.008,,,,,,,,,,,,,,,,0
0.004040529260000326,L4,inductor,B,0,100,mH,,0,A,-5.312759829848608,0.05312759829848609,-0.28225417009653014,0.00014112708504826512,true,true,backward_euler_step_doubling,0.00002,1e-10,0.008,,,,,,,,,,,,,,,,0
0.004046936741106189,V1,voltage,A,0,5,V,,0,,5,0,0,0,true,true,backward_euler_step_doubling,0.00002,,0.008,dc,5,10,0,50,2,,,,,,,,,,0
0.004046936741106189,S2,switch,A,B,0,,false,0,,10.278935152599256,0,0,0,true,true,backward_euler_step_doubling,0.00002,,0.008,,,,,,,true,true,1@0.003=open,,,,,,,0
0.004046936741106189,R3,resistor,B,0,100,Ω,,0,,-5.278935152599256,-0.05278935152599255,0.27867156345348126,0,true,true,backward_euler_step_doubling,0.00002,,0.008,,,,,,,,,,,,,,,,0
0.004046936741106189,L4,inductor,B,0,100,mH,,0,A,-5.278935152599256,0.05278935152599255,-0.27867156345348126,0.0001393357817267406,true,true,backward_euler_step_doubling,0.00002,1e-10,0.008,,,,,,,,,,,,,,,,0
0.004053385537746835,V1,voltage,A,0,5,V,,0,,5,0,0,0,true,true,backward_euler_step_doubling,0.00002,,0.008,dc,5,10,0,50,2,,,,,,,,,,0
0.004053385537746835,S2,switch,A,B,0,,false,0,,10.245110501616608,0,0,0,true,true,backward_euler_step_doubling,0.00002,,0.008,,,,,,,true,true,1@0.003=open,,,,,,,0
0.004053385537746835,R3,resistor,B,0,100,Ω,,0,,-5.245110501616609,-0.052451105016166094,0.2751118417416884,0,true,true,backward_euler_step_doubling,0.00002,,0.008,,,,,,,,,,,,,,,,0
0.004053385537746835,L4,inductor,B,0,100,mH,,0,A,-5.245110501616609,0.052451105016166094,-0.2751118417416884,0.0001375559208708442,true,true,backward_euler_step_doubling,0.00002,1e-10,0.008,,,,,,,,,,,,,,,,0
0.004059834334387482,V1,voltage,A,0,5,V,,0,,5,0,0,0,true,true,backward_euler_step_doubling,0.00002,,0.008,dc,5,10,0,50,2,,,,,,,,,,0
0.004059834334387482,S2,switch,A,B,0,,false,0,,10.211502581277744,0,0,0,true,true,backward_euler_step_doubling,0.00002,,0.008,,,,,,,true,true,1@0.003=open,,,,,,,0
0.004059834334387482,R3,resistor,B,0,100,Ω,,0,,-5.211502581277744,-0.05211502581277744,0.27159759154664587,0,true,true,backward_euler_step_doubling,0.00002,,0.008,,,,,,,,,,,,,,,,0
0.004059834334387482,L4,inductor,B,0,100,mH,,0,A,-5.211502581277744,0.05211502581277744,-0.27159759154664587,0.00013579879577332296,true,true,backward_euler_step_doubling,0.00002,1e-10,0.008,,,,,,,,,,,,,,,,0
0.00406632498276161,V1,voltage,A,0,5,V,,0,,5,0,0,0,true,true,backward_euler_step_doubling,0.00002,,0.008,dc,5,10,0,50,2,,,,,,,,,,0
0.00406632498276161,S2,switch,A,B,0,,false,0,,10.177894687542643,0,0,0,true,true,backward_euler_step_doubling,0.00002,,0.008,,,,,,,true,true,1@0.003=open,,,,,,,0
0.00406632498276161,R3,resistor,B,0,100,Ω,,0,,-5.1778946875426435,-0.05177894687542643,0.2681059339528233,0,true,true,backward_euler_step_doubling,0.00002,,0.008,,,,,,,,,,,,,,,,0
0.00406632498276161,L4,inductor,B,0,100,mH,,0,A,-5.1778946875426435,0.051778946875426446,-0.26810593395282334,0.0001340529669764117,true,true,backward_euler_step_doubling,0.00002,1e-10,0.008,,,,,,,,,,,,,,,,0
0.004072815631135736,V1,voltage,A,0,5,V,,0,,5,0,0,0,true,true,backward_euler_step_doubling,0.00002,,0.008,dc,5,10,0,50,2,,,,,,,,,,0
0.004072815631135736,S2,switch,A,B,0,,false,0,,10.1445035241082,0,0,0,true,true,backward_euler_step_doubling,0.00002,,0.008,,,,,,,true,true,1@0.003=open,,,,,,,0
0.004072815631135736,R3,resistor,B,0,100,Ω,,0,,-5.144503524108201,-0.05144503524108201,0.264659165095617,0,true,true,backward_euler_step_doubling,0.00002,,0.008,,,,,,,,,,,,,,,,0
0.004072815631135736,L4,inductor,B,0,100,mH,,0,A,-5.144503524108201,0.05144503524108201,-0.264659165095617,0.0001323295825478085,true,true,backward_euler_step_doubling,0.00002,1e-10,0.008,,,,,,,,,,,,,,,,0
0.004079348677947238,V1,voltage,A,0,5,V,,0,,5,0,0,0,true,true,backward_euler_step_doubling,0.00002,,0.008,dc,5,10,0,50,2,,,,,,,,,,0
0.004079348677947238,S2,switch,A,B,0,,false,0,,10.111112387621024,0,0,0,true,true,backward_euler_step_doubling,0.00002,,0.008,,,,,,,true,true,1@0.003=open,,,,,,,0
0.004079348677947238,R3,resistor,B,0,100,Ω,,0,,-5.1111123876210245,-0.051111123876210245,0.2612346983889309,0,true,true,backward_euler_step_doubling,0.00002,,0.008,,,,,,,,,,,,,,,,0
0.004079348677947238,L4,inductor,B,0,100,mH,,0,A,-5.1111123876210245,0.051111123876210245,-0.2612346983889309,0.00013061734919446544,true,true,backward_euler_step_doubling,0.00002,1e-10,0.008,,,,,,,,,,,,,,,,0
0.00408588172475874,V1,voltage,A,0,5,V,,0,,5,0,0,0,true,true,backward_euler_step_doubling,0.00002,,0.008,dc,5,10,0,50,2,,,,,,,,,,0
0.00408588172475874,S2,switch,A,B,0,,false,0,,10.077937981084695,0,0,0,true,true,backward_euler_step_doubling,0.00002,,0.008,,,,,,,true,true,1@0.003=open,,,,,,,0
0.00408588172475874,R3,resistor,B,0,100,Ω,,0,,-5.077937981084694,-0.05077937981084694,0.257854541397425,0,true,true,backward_euler_step_doubling,0.00002,,0.008,,,,,,,,,,,,,,,,0
0.00408588172475874,L4,inductor,B,0,100,mH,,0,A,-5.077937981084694,0.05077937981084694,-0.257854541397425,0.00012892727069871248,true,true,backward_euler_step_doubling,0.00002,1e-10,0.008,,,,,,,,,,,,,,,,0
0.004092457727492879,V1,voltage,A,0,5,V,,0,,5,0,0,0,true,true,backward_euler_step_doubling,0.00002,,0.008,dc,5,10,0,50,2,,,,,,,,,,0
0.004092457727492879,S2,switch,A,B,0,,false,0,,10.044763601845874,0,0,0,true,true,backward_euler_step_doubling,0.00002,,0.008,,,,,,,true,true,1@0.003=open,,,,,,,0
0.004092457727492879,R3,resistor,B,0,100,Ω,,0,,-5.044763601845874,-0.05044763601845874,0.25449639798508955,0,true,true,backward_euler_step_doubling,0.00002,,0.008,,,,,,,,,,,,,,,,0
0.004092457727492879,L4,inductor,B,0,100,mH,,0,A,-5.044763601845874,0.05044763601845874,-0.25449639798508955,0.00012724819899254477,true,true,backward_euler_step_doubling,0.00002,1e-10,0.008,,,,,,,,,,,,,,,,0
0.004099033730227017,V1,voltage,A,0,5,V,,0,,5,0,0,0,true,true,backward_euler_step_doubling,0.00002,,0.008,dc,5,10,0,50,2,,,,,,,,,,0
0.004099033730227017,S2,switch,A,B,0,,false,0,,10.011805952201229,0,0,0,true,true,backward_euler_step_doubling,0.00002,,0.008,,,,,,,true,true,1@0.003=open,,,,,,,0
0.004099033730227017,R3,resistor,B,0,100,Ω,,0,,-5.011805952201228,-0.05011805952201228,0.25118198902519656,0,true,true,backward_euler_step_doubling,0.00002,,0.008,,,,,,,,,,,,,,,,0
0.004099033730227017,L4,inductor,B,0,100,mH,,0,A,-5.011805952201228,0.05011805952201228,-0.25118198902519656,0.0001255909945125983,true,true,backward_euler_step_doubling,0.00002,1e-10,0.008,,,,,,,,,,,,,,,,0
0.0041056532574357705,V1,voltage,A,0,5,V,,0,,5,0,0,0,true,true,backward_euler_step_doubling,0.00002,,0.008,dc,5,10,0,50,2,,,,,,,,,,0
0.0041056532574357705,S2,switch,A,B,0,,false,0,,9.97884833021114,0,0,0,true,true,backward_euler_step_doubling,0.00002,,0.008,,,,,,,true,true,1@0.003=open,,,,,,,0
0.0041056532574357705,R3,resistor,B,0,100,Ω,,0,,-4.978848330211139,-0.049788483302111386,0.24788930695246242,0,true,true,backward_euler_step_doubling,0.00002,,0.008,,,,,,,,,,,,,,,,0
0.0041056532574357705,L4,inductor,B,0,100,mH,,0,A,-4.978848330211139,0.049788483302111386,-0.24788930695246242,0.00012394465347623123,true,true,backward_euler_step_doubling,0.00002,1e-10,0.008,,,,,,,,,,,,,,,,0
0.004112272784644524,V1,voltage,A,0,5,V,,0,,5,0,0,0,true,true,backward_euler_step_doubling,0.00002,,0.008,dc,5,10,0,50,2,,,,,,,,,,0
0.004112272784644524,S2,switch,A,B,0,,false,0,,9.94610743745151,0,0,0,true,true,backward_euler_step_doubling,0.00002,,0.008,,,,,,,true,true,1@0.003=open,,,,,,,0
0.004112272784644524,R3,resistor,B,0,100,Ω,,0,,-4.94610743745151,-0.0494610743745151,0.24463978782813145,0,true,true,backward_euler_step_doubling,0.00002,,0.008,,,,,,,,,,,,,,,,0
0.004112272784644524,L4,inductor,B,0,100,mH,,0,A,-4.94610743745151,0.04946107437451511,-0.24463978782813148,0.00012231989391406575,true,true,backward_euler_step_doubling,0.00002,1e-10,0.008,,,,,,,,,,,,,,,,0
0.004118936416241389,V1,voltage,A,0,5,V,,0,,5,0,0,0,true,true,backward_euler_step_doubling,0.00002,,0.008,dc,5,10,0,50,2,,,,,,,,,,0
0.004118936416241389,S2,switch,A,B,0,,false,0,,9.913366572710618,0,0,0,true,true,backward_euler_step_doubling,0.00002,,0.008,,,,,,,true,true,1@0.003=open,,,,,,,0
0.004118936416241389,R3,resistor,B,0,100,Ω,,0,,-4.913366572710619,-0.049133665727106195,0.24141171077830098,0,true,true,backward_euler_step_doubling,0.00002,,0.008,,,,,,,,,,,,,,,,0
0.004118936416241389,L4,inductor,B,0,100,mH,,0,A,-4.913366572710619,0.049133665727106195,-0.24141171077830098,0.0001207058553891505,true,true,backward_euler_step_doubling,0.00002,1e-10,0.008,,,,,,,,,,,,,,,,0
0.0041256000478382526,V1,voltage,A,0,5,V,,0,,5,0,0,0,true,true,backward_euler_step_doubling,0.00002,,0.008,dc,5,10,0,50,2,,,,,,,,,,0
0.0041256000478382526,S2,switch,A,B,0,,false,0,,9.880842436829248,0,0,0,true,true,backward_euler_step_doubling,0.00002,,0.008,,,,,,,true,true,1@0.003=open,,,,,,,0
0.0041256000478382526,R3,resistor,B,0,100,Ω,,0,,-4.880842436829248,-0.048808424368292476,0.2382262289315327,0,true,true,backward_euler_step_doubling,0.00002,,0.008,,,,,,,,,,,,,,,,0
0.0041256000478382526,L4,inductor,B,0,100,mH,,0,A,-4.880842436829248,0.04880842436829248,-0.23822622893153272,0.00011911311446576638,true,true,backward_euler_step_doubling,0.00002,1e-10,0.008,,,,,,,,,,,,,,,,0
0.0041323083754029755,V1,voltage,A,0,5,V,,0,,5,0,0,0,true,true,backward_euler_step_doubling,0.00002,,0.008,dc,5,10,0,50,2,,,,,,,,,,0
0.0041323083754029755,S2,switch,A,B,0,,false,0,,9.848318329338,0,0,0,true,true,backward_euler_step_doubling,0.00002,,0.008,,,,,,,true,true,1@0.003=open,,,,,,,0
0.0041323083754029755,R3,resistor,B,0,100,Ω,,0,,-4.8483183293379986,-0.048483183293379986,0.23506190622594803,0,true,true,backward_euler_step_doubling,0.00002,,0.008,,,,,,,,,,,,,,,,0
0.0041323083754029755,L4,inductor,B,0,100,mH,,0,A,-4.8483183293379986,0.048483183293379986,-0.23506190622594803,0.00011753095311297401,true,true,backward_euler_step_doubling,0.00002,1e-10,0.008,,,,,,,,,,,,,,,,0
0.0041390167029676985,V1,voltage,A,0,5,V,,0,,5,0,0,0,true,true,backward_euler_step_doubling,0.00002,,0.008,dc,5,10,0,50,2,,,,,,,,,,0
0.0041390167029676985,S2,switch,A,B,0,,false,0,,9.816010950327907,0,0,0,true,true,backward_euler_step_doubling,0.00002,,0.008,,,,,,,true,true,1@0.003=open,,,,,,,0
0.0041390167029676985,R3,resistor,B,0,100,Ω,,0,,-4.8160109503279065,-0.048160109503279064,0.23193961473678304,0,true,true,backward_euler_step_doubling,0.00002,,0.008,,,,,,,,,,,,,,,,0
0.0041390167029676985,L4,inductor,B,0,100,mH,,0,A,-4.8160109503279065,0.048160109503279064,-0.23193961473678304,0.00011596980736839153,true,true,backward_euler_step_doubling,0.00002,1e-10,0.008,,,,,,,,,,,,,,,,0
0.00414577033006127,V1,voltage,A,0,5,V,,0,,5,0,0,0,true,true,backward_euler_step_doubling,0.00002,,0.008,dc,5,10,0,50,2,,,,,,,,,,0
0.00414577033006127,S2,switch,A,B,0,,false,0,,9.783703600086742,0,0,0,true,true,backward_euler_step_doubling,0.00002,,0.008,,,,,,,true,true,1@0.003=open,,,,,,,0
0.00414577033006127,R3,resistor,B,0,100,Ω,,0,,-4.783703600086742,-0.047837036000867424,0.22883820133482857,0,true,true,backward_euler_step_doubling,0.00002,,0.008,,,,,,,,,,,,,,,,0
0.00414577033006127,L4,inductor,B,0,100,mH,,0,A,-4.783703600086742,0.04783703600086743,-0.22883820133482863,0.00011441910066741435,true,true,backward_euler_step_doubling,0.00002,1e-10,0.008,,,,,,,,,,,,,,,,0
0.004152523957154842,V1,voltage,A,0,5,V,,0,,5,0,0,0,true,true,backward_euler_step_doubling,0.00002,,0.008,dc,5,10,0,50,2,,,,,,,,,,0
0.004152523957154842,S2,switch,A,B,0,,false,0,,9.751612977940754,0,0,0,true,true,backward_euler_step_doubling,0.00002,,0.008,,,,,,,true,true,1@0.003=open,,,,,,,0
0.004152523957154842,R3,resistor,B,0,100,Ω,,0,,-4.751612977940754,-0.047516129779407536,0.22577825892134998,0,true,true,backward_euler_step_doubling,0.00002,,0.008,,,,,,,,,,,,,,,,0
0.004152523957154842,L4,inductor,B,0,100,mH,,0,A,-4.751612977940754,0.04751612977940754,-0.22577825892135,0.00011288912946067503,true,true,backward_euler_step_doubling,0.00002,1e-10,0.008,,,,,,,,,,,,,,,,0
0.004159323499645184,V1,voltage,A,0,5,V,,0,,5,0,0,0,true,true,backward_euler_step_doubling,0.00002,,0.008,dc,5,10,0,50,2,,,,,,,,,,0
0.004159323499645184,S2,switch,A,B,0,,false,0,,9.719522384950164,0,0,0,true,true,backward_euler_step_doubling,0.00002,,0.008,,,,,,,true,true,1@0.003=open,,,,,,,0
0.004159323499645184,R3,resistor,B,0,100,Ω,,0,,-4.719522384950165,-0.047195223849501644,0.2227389154204569,0,true,true,backward_euler_step_doubling,0.00002,,0.008,,,,,,,,,,,,,,,,0
0.004159323499645184,L4,inductor,B,0,100,mH,,0,A,-4.719522384950165,0.047195223849501644,-0.2227389154204569,0.00011136945771022845,true,true,backward_euler_step_doubling,0.00002,1e-10,0.008,,,,,,,,,,,,,,,,0
0.004166123042135527,V1,voltage,A,0,5,V,,0,,5,0,0,0,true,true,backward_euler_step_doubling,0.00002,,0.008,dc,5,10,0,50,2,,,,,,,,,,0
0.004166123042135527,S2,switch,A,B,0,,false,0,,9.68764851966094,0,0,0,true,true,backward_euler_step_doubling,0.00002,,0.008,,,,,,,true,true,1@0.003=open,,,,,,,0
0.004166123042135527,R3,resistor,B,0,100,Ω,,0,,-4.68764851966094,-0.046876485196609405,0.21974048643879407,0,true,true,backward_euler_step_doubling,0.00002,,0.008,,,,,,,,,,,,,,,,0
0.004166123042135527,L4,inductor,B,0,100,mH,,0,A,-4.68764851966094,0.046876485196609405,-0.21974048643879407,0.00010987024321939705,true,true,backward_euler_step_doubling,0.00002,1e-10,0.008,,,,,,,,,,,,,,,,0
0.004172969128534359,V1,voltage,A,0,5,V,,0,,5,0,0,0,true,true,backward_euler_step_doubling,0.00002,,0.008,dc,5,10,0,50,2,,,,,,,,,,0
0.004172969128534359,S2,switch,A,B,0,,false,0,,9.655774683921317,0,0,0,true,true,backward_euler_step_doubling,0.00002,,0.008,,,,,,,true,true,1@0.003=open,,,,,,,0
0.004172969128534359,R3,resistor,B,0,100,Ω,,0,,-4.655774683921317,-0.04655774683921317,0.2167623790744264,0,true,true,backward_euler_step_doubling,0.00002,,0.008,,,,,,,,,,,,,,,,0
0.004172969128534359,L4,inductor,B,0,100,mH,,0,A,-4.655774683921317,0.046557746839213175,-0.21676237907442641,0.00010838118953721323,true,true,backward_euler_step_doubling,0.00002,1e-10,0.008,,,,,,,,,,,,,,,,0
0.004179815214933192,V1,voltage,A,0,5,V,,0,,5,0,0,0,true,true,backward_euler_step_doubling,0.00002,,0.008,dc,5,10,0,50,2,,,,,,,,,,0
0.004179815214933192,S2,switch,A,B,0,,false,0,,9.624117575481213,0,0,0,true,true,backward_euler_step_doubling,0.00002,,0.008,,,,,,,true,true,1@0.003=open,,,,,,,0
0.004179815214933192,R3,resistor,B,0,100,Ω,,0,,-4.624117575481213,-0.04624117575481213,0.21382463351874254,0,true,true,backward_euler_step_doubling,0.00002,,0.008,,,,,,,,,,,,,,,,0
0.004179815214933192,L4,inductor,B,0,100,mH,,0,A,-4.624117575481213,0.04624117575481213,-0.21382463351874254,0.00010691231675937128,true,true,backward_euler_step_doubling,0.00002,1e-10,0.008,,,,,,,,,,,,,,,,0
0.00418670848674442,V1,voltage,A,0,5,V,,0,,5,0,0,0,true,true,backward_euler_step_doubling,0.00002,,0.008,dc,5,10,0,50,2,,,,,,,,,,0
0.00418670848674442,S2,switch,A,B,0,,false,0,,9.59246049699311,0,0,0,true,true,backward_euler_step_doubling,0.00002,,0.008,,,,,,,true,true,1@0.003=open,,,,,,,0
0.00418670848674442,R3,resistor,B,0,100,Ω,,0,,-4.592460496993111,-0.04592460496993111,0.2109069341644221,0,true,true,backward_euler_step_doubling,0.00002,,0.008,,,,,,,,,,,,,,,,0
0.00418670848674442,L4,inductor,B,0,100,mH,,0,A,-4.592460496993111,0.0459246049699311,-0.21090693416442208,0.00010545346708221102,true,true,backward_euler_step_doubling,0.00002,1e-10,0.008,,,,,,,,,,,,,,,,0
0.004193601758555649,V1,voltage,A,0,5,V,,0,,5,0,0,0,true,true,backward_euler_step_doubling,0.00002,,0.008,dc,5,10,0,50,2,,,,,,,,,,0
0.004193601758555649,S2,switch,A,B,0,,false,0,,9.561020145394417,0,0,0,true,true,backward_euler_step_doubling,0.00002,,0.008,,,,,,,true,true,1@0.003=open,,,,,,,0
0.004193601758555649,R3,resistor,B,0,100,Ω,,0,,-4.5610201453944175,-0.04561020145394418,0.20802904766693714,0,true,true,backward_euler_step_doubling,0.00002,,0.008,,,,,,,,,,,,,,,,0
0.004193601758555649,L4,inductor,B,0,100,mH,,0,A,-4.5610201453944175,0.04561020145394418,-0.20802904766693714,0.00010401452383346857,true,true,backward_euler_step_doubling,0.00002,1e-10,0.008,,,,,,,,,,,,,,,,0
0.004200542870635951,V1,voltage,A,0,5,V,,0,,5,0,0,0,true,true,backward_euler_step_doubling,0.00002,,0.008,dc,5,10,0,50,2,,,,,,,,,,0
0.004200542870635951,S2,switch,A,B,0,,false,0,,9.529579824158258,0,0,0,true,true,backward_euler_step_doubling,0.00002,,0.008,,,,,,,true,true,1@0.003=open,,,,,,,0
0.004200542870635951,R3,resistor,B,0,100,Ω,,0,,-4.529579824158259,-0.04529579824158259,0.20517093383421567,0,true,true,backward_euler_step_doubling,0.00002,,0.008,,,,,,,,,,,,,,,,0
0.004200542870635951,L4,inductor,B,0,100,mH,,0,A,-4.529579824158259,0.045295798241582585,-0.2051709338342156,0.00010258546691710781,true,true,backward_euler_step_doubling,0.00002,1e-10,0.008,,,,,,,,,,,,,,,,0
0.004207483982716254,V1,voltage,A,0,5,V,,0,,5,0,0,0,true,true,backward_euler_step_doubling,0.00002,,0.008,dc,5,10,0,50,2,,,,,,,,,,0
0.004207483982716254,S2,switch,A,B,0,,false,0,,9.498356229392915,0,0,0,true,true,backward_euler_step_doubling,0.00002,,0.008,,,,,,,true,true,1@0.003=open,,,,,,,0
0.004207483982716254,R3,resistor,B,0,100,Ω,,0,,-4.498356229392916,-0.04498356229392916,0.20235208766518048,0,true,true,backward_euler_step_doubling,0.00002,,0.008,,,,,,,,,,,,,,,,0
0.004207483982716254,L4,inductor,B,0,100,mH,,0,A,-4.498356229392916,0.04498356229392916,-0.20235208766518048,0.00010117604383259025,true,true,backward_euler_step_doubling,0.00002,1e-10,0.008,,,,,,,,,,,,,,,,0
0.004214473603648124,V1,voltage,A,0,5,V,,0,,5,0,0,0,true,true,backward_euler_step_doubling,0.00002,,0.008,dc,5,10,0,50,2,,,,,,,,,,0
0.004214473603648124,S2,switch,A,B,0,,false,0,,9.467132665409324,0,0,0,true,true,backward_euler_step_doubling,0.00002,,0.008,,,,,,,true,true,1@0.003=open,,,,,,,0
0.004214473603648124,R3,resistor,B,0,100,Ω,,0,,-4.467132665409324,-0.04467132665409324,0.19955274250367014,0,true,true,backward_euler_step_doubling,0.00002,,0.008,,,,,,,,,,,,,,,,0
0.004214473603648124,L4,inductor,B,0,100,mH,,0,A,-4.467132665409324,0.04467132665409325,-0.19955274250367017,0.0000997763712518351,true,true,backward_euler_step_doubling,0.00002,1e-10,0.008,,,,,,,,,,,,,,,,0
0.004221463224579996,V1,voltage,A,0,5,V,,0,,5,0,0,0,true,true,backward_euler_step_doubling,0.00002,,0.008,dc,5,10,0,50,2,,,,,,,,,,0
0.004221463224579996,S2,switch,A,B,0,,false,0,,9.43612582746923,0,0,0,true,true,backward_euler_step_doubling,0.00002,,0.008,,,,,,,true,true,1@0.003=open,,,,,,,0
0.004221463224579996,R3,resistor,B,0,100,Ω,,0,,-4.436125827469231,-0.044361258274692304,0.19679212357139564,0,true,true,backward_euler_step_doubling,0.00002,,0.008,,,,,,,,,,,,,,,,0
0.004221463224579996,L4,inductor,B,0,100,mH,,0,A,-4.436125827469231,0.04436125827469231,-0.1967921235713957,0.00009839606178569785,true,true,backward_euler_step_doubling,0.00002,1e-10,0.008,,,,,,,,,,,,,,,,0
0.004228502037058077,V1,voltage,A,0,5,V,,0,,5,0,0,0,true,true,backward_euler_step_doubling,0.00002,,0.008,dc,5,10,0,50,2,,,,,,,,,,0
0.004228502037058077,S2,switch,A,B,0,,false,0,,9.405119020738622,0,0,0,true,true,backward_euler_step_doubling,0.00002,,0.008,,,,,,,true,true,1@0.003=open,,,,,,,0
0.004228502037058077,R3,resistor,B,0,100,Ω,,0,,-4.405119020738622,-0.04405119020738622,0.194050735868732,0,true,true,backward_euler_step_doubling,0.00002,,0.008,,,,,,,,,,,,,,,,0
0.004228502037058077,L4,inductor,B,0,100,mH,,0,A,-4.405119020738622,0.04405119020738622,-0.194050735868732,0.000097025367934366,true,true,backward_euler_step_doubling,0.00002,1e-10,0.008,,,,,,,,,,,,,,,,0
0.004235540849536159,V1,voltage,A,0,5,V,,0,,5,0,0,0,true,true,backward_euler_step_doubling,0.00002,,0.008,dc,5,10,0,50,2,,,,,,,,,,0
0.004235540849536159,S2,switch,A,B,0,,false,0,,9.374328939615225,0,0,0,true,true,backward_euler_step_doubling,0.00002,,0.008,,,,,,,true,true,1@0.003=open,,,,,,,0
0.004235540849536159,R3,resistor,B,0,100,Ω,,0,,-4.374328939615226,-0.04374328939615226,0.19134753671955268,0,true,true,backward_euler_step_doubling,0.00002,,0.008,,,,,,,,,,,,,,,,0
0.004235540849536159,L4,inductor,B,0,100,mH,,0,A,-4.374328939615226,0.04374328939615226,-0.19134753671955268,0.00009567376835977635,true,true,backward_euler_step_doubling,0.00002,1e-10,0.008,,,,,,,,,,,,,,,,0
0.0042426295507670695,V1,voltage,A,0,5,V,,0,,5,0,0,0,true,true,backward_euler_step_doubling,0.00002,,0.008,dc,5,10,0,50,2,,,,,,,,,,0
0.0042426295507670695,S2,switch,A,B,0,,false,0,,9.343538890138195,0,0,0,true,true,backward_euler_step_doubling,0.00002,,0.008,,,,,,,true,true,1@0.003=open,,,,,,,0
0.0042426295507670695,R3,resistor,B,0,100,Ω,,0,,-4.343538890138195,-0.04343538890138195,0.1886633009014294,0,true,true,backward_euler_step_doubling,0.00002,,0.008,,,,,,,,,,,,,,,,0
0.0042426295507670695,L4,inductor,B,0,100,mH,,0,A,-4.343538890138195,0.04343538890138195,-0.1886633009014294,0.00009433165045071471,true,true,backward_euler_step_doubling,0.00002,1e-10,0.008,,,,,,,,,,,,,,,,0
0.00424971825199798,V1,voltage,A,0,5,V,,0,,5,0,0,0,true,true,backward_euler_step_doubling,0.00002,,0.008,dc,5,10,0,50,2,,,,,,,,,,0
0.00424971825199798,S2,switch,A,B,0,,false,0,,9.312965565822871,0,0,0,true,true,backward_euler_step_doubling,0.00002,,0.008,,,,,,,true,true,1@0.003=open,,,,,,,0
0.00424971825199798,R3,resistor,B,0,100,Ω,,0,,-4.3129655658228705,-0.043129655658228704,0.18601671971973793,0,true,true,backward_euler_step_doubling,0.00002,,0.008,,,,,,,,,,,,,,,,0
0.00424971825199798,L4,inductor,B,0,100,mH,,0,A,-4.3129655658228705,0.043129655658228704,-0.18601671971973793,0.00009300835985986897,true,true,backward_euler_step_doubling,0.00002,1e-10,0.008,,,,,,,,,,,,,,,,0
0.004256857554114564,V1,voltage,A,0,5,V,,0,,5,0,0,0,true,true,backward_euler_step_doubling,0.00002,,0.008,dc,5,10,0,50,2,,,,,,,,,,0
0.004256857554114564,S2,switch,A,B,0,,false,0,,9.282392273599914,0,0,0,true,true,backward_euler_step_doubling,0.00002,,0.008,,,,,,,true,true,1@0.003=open,,,,,,,0
0.004256857554114564,R3,resistor,B,0,100,Ω,,0,,-4.282392273599915,-0.04282392273599915,0.1833888358498825,0,true,true,backward_euler_step_doubling,0.00002,,0.008,,,,,,,,,,,,,,,,0
0.004256857554114564,L4,inductor,B,0,100,mH,,0,A,-4.282392273599915,0.04282392273599915,-0.1833888358498825,0.00009169441792494126,true,true,backward_euler_step_doubling,0.00002,1e-10,0.008,,,,,,,,,,,,,,,,0
0.004263996856231148,V1,voltage,A,0,5,V,,0,,5,0,0,0,true,true,backward_euler_step_doubling,0.00002,,0.008,dc,5,10,0,50,2,,,,,,,,,,0
0.004263996856231148,S2,switch,A,B,0,,false,0,,9.252035706083682,0,0,0,true,true,backward_euler_step_doubling,0.00002,,0.008,,,,,,,true,true,1@0.003=open,,,,,,,0
0.004263996856231148,R3,resistor,B,0,100,Ω,,0,,-4.252035706083681,-0.04252035706083681,0.18079807645810547,0,true,true,backward_euler_step_doubling,0.00002,,0.008,,,,,,,,,,,,,,,,0
0.004263996856231148,L4,inductor,B,0,100,mH,,0,A,-4.252035706083681,0.04252035706083681,-0.18079807645810547,0.00009039903822905275,true,true,backward_euler_step_doubling,0.00002,1e-10,0.008,,,,,,,,,,,,,,,,0
0.004271187486721514,V1,voltage,A,0,5,V,,0,,5,0,0,0,true,true,backward_euler_step_doubling,0.00002,,0.008,dc,5,10,0,50,2,,,,,,,,,,0
0.004271187486721514,S2,switch,A,B,0,,false,0,,9.22167917111532,0,0,0,true,true,backward_euler_step_doubling,0.00002,,0.008,,,,,,,true,true,1@0.003=open,,,,,,,0
0.004271187486721514,R3,resistor,B,0,100,Ω,,0,,-4.221679171115318,-0.04221679171115318,0.1782257502382892,0,true,true,backward_euler_step_doubling,0.00002,,0.008,,,,,,,,,,,,,,,,0
0.004271187486721514,L4,inductor,B,0,100,mH,,0,A,-4.221679171115318,0.04221679171115318,-0.1782257502382892,0.0000891128751191446,true,true,backward_euler_step_doubling,0.00002,1e-10,0.008,,,,,,,,,,,,,,,,0
0.004278378117211879,V1,voltage,A,0,5,V,,0,,5,0,0,0,true,true,backward_euler_step_doubling,0.00002,,0.008,dc,5,10,0,50,2,,,,,,,,,,0
0.004278378117211879,S2,switch,A,B,0,,false,0,,9.191539360388939,0,0,0,true,true,backward_euler_step_doubling,0.00002,,0.008,,,,,,,true,true,1@0.003=open,,,,,,,0
0.004278378117211879,R3,resistor,B,0,100,Ω,,0,,-4.191539360388939,-0.041915393603889385,0.17569002209689713,0,true,true,backward_euler_step_doubling,0.00002,,0.008,,,,,,,,,,,,,,,,0
0.004278378117211879,L4,inductor,B,0,100,mH,,0,A,-4.191539360388939,0.041915393603889385,-0.17569002209689713,0.00008784501104844856,true,true,backward_euler_step_doubling,0.00002,1e-10,0.008,,,,,,,,,,,,,,,,0
0.004285620819363953,V1,voltage,A,0,5,V,,0,,5,0,0,0,true,true,backward_euler_step_doubling,0.00002,,0.008,dc,5,10,0,50,2,,,,,,,,,,0
0.004285620819363953,S2,switch,A,B,0,,false,0,,9.161399582675854,0,0,0,true,true,backward_euler_step_doubling,0.00002,,0.008,,,,,,,true,true,1@0.003=open,,,,,,,0
0.004285620819363953,R3,resistor,B,0,100,Ω,,0,,-4.161399582675854,-0.04161399582675854,0.1731724648669477,0,true,true,backward_euler_step_doubling,0.00002,,0.008,,,,,,,,,,,,,,,,0
0.004285620819363953,L4,inductor,B,0,100,mH,,0,A,-4.161399582675854,0.04161399582675854,-0.1731724648669477,0.00008658623243347386,true,true,backward_euler_step_doubling,0.00002,1e-10,0.008,,,,,,,,,,,,,,,,0
0.004292863521516027,V1,voltage,A,0,5,V,,0,,5,0,0,0,true,true,backward_euler_step_doubling,0.00002,,0.008,dc,5,10,0,50,2,,,,,,,,,,0
0.004292863521516027,S2,switch,A,B,0,,false,0,,9.13147652872998,0,0,0,true,true,backward_euler_step_doubling,0.00002,,0.008,,,,,,,true,true,1@0.003=open,,,,,,,0
0.004292863521516027,R3,resistor,B,0,100,Ω,,0,,-4.131476528729979,-0.04131476528729979,0.17069098307446717,0,true,true,backward_euler_step_doubling,0.00002,,0.008,,,,,,,,,,,,,,,,0
0.004292863521516027,L4,inductor,B,0,100,mH,,0,A,-4.131476528729979,0.04131476528729979,-0.17069098307446717,0.0000853454915372336,true,true,backward_euler_step_doubling,0.00002,1e-10,0.008,,,,,,,,,,,,,,,,0
0.004300159054878431,V1,voltage,A,0,5,V,,0,,5,0,0,0,true,true,backward_euler_step_doubling,0.00002,,0.008,dc,5,10,0,50,2,,,,,,,,,,0
0.004300159054878431,S2,switch,A,B,0,,false,0,,9.101553508272687,0,0,0,true,true,backward_euler_step_doubling,0.00002,,0.008,,,,,,,true,true,1@0.003=open,,,,,,,0
0.004300159054878431,R3,resistor,B,0,100,Ω,,0,,-4.101553508272686,-0.04101553508272686,0.1682274118122398,0,true,true,backward_euler_step_doubling,0.00002,,0.008,,,,,,,,,,,,,,,,0
0.004300159054878431,L4,inductor,B,0,100,mH,,0,A,-4.101553508272686,0.04101553508272686,-0.1682274118122398,0.00008411370590611989,true,true,backward_euler_step_doubling,0.00002,1e-10,0.008,,,,,,,,,,,,,,,,0
0.004307454588240837,V1,voltage,A,0,5,V,,0,,5,0,0,0,true,true,backward_euler_step_doubling,0.00002,,0.008,dc,5,10,0,50,2,,,,,,,,,,0
0.004307454588240837,S2,switch,A,B,0,,false,0,,9.07184721109751,0,0,0,true,true,backward_euler_step_doubling,0.00002,,0.008,,,,,,,true,true,1@0.003=open,,,,,,,0
0.004307454588240837,R3,resistor,B,0,100,Ω,,0,,-4.071847211097508,-0.04071847211097508,0.16579939710522557,0,true,true,backward_euler_step_doubling,0.00002,,0.008,,,,,,,,,,,,,,,,0
0.004307454588240837,L4,inductor,B,0,100,mH,,0,A,-4.071847211097508,0.04071847211097508,-0.16579939710522557,0.00008289969855261277,true,true,backward_euler_step_doubling,0.00002,1e-10,0.008,,,,,,,,,,,,,,,,0
0.004314803729100536,V1,voltage,A,0,5,V,,0,,5,0,0,0,true,true,backward_euler_step_doubling,0.00002,,0.008,dc,5,10,0,50,2,,,,,,,,,,0
0.004314803729100536,S2,switch,A,B,0,,false,0,,9.042140947896659,0,0,0,true,true,backward_euler_step_doubling,0.00002,,0.008,,,,,,,true,true,1@0.003=open,,,,,,,0
0.004314803729100536,R3,resistor,B,0,100,Ω,,0,,-4.04214094789666,-0.040421409478966594,0.16338903442662905,0,true,true,backward_euler_step_doubling,0.00002,,0.008,,,,,,,,,,,,,,,,0
0.004314803729100536,L4,inductor,B,0,100,mH,,0,A,-4.04214094789666,0.040421409478966594,-0.16338903442662905,0.00008169451721331452,true,true,backward_euler_step_doubling,0.00002,1e-10,0.008,,,,,,,,,,,,,,,,0
0.004322152869960234,V1,voltage,A,0,5,V,,0,,5,0,0,0,true,true,backward_euler_step_doubling,0.00002,,0.008,dc,5,10,0,50,2,,,,,,,,,,0
0.004322152869960234,S2,switch,A,B,0,,false,0,,9.012651407482204,0,0,0,true,true,backward_euler_step_doubling,0.00002,,0.008,,,,,,,true,true,1@0.003=open,,,,,,,0
0.004322152869960234,R3,resistor,B,0,100,Ω,,0,,-4.012651407482204,-0.040126514074822046,0.16101371317968916,0,true,true,backward_euler_step_doubling,0.00002,,0.008,,,,,,,,,,,,,,,,0
0.004322152869960234,L4,inductor,B,0,100,mH,,0,A,-4.012651407482204,0.040126514074822046,-0.16101371317968916,0.00008050685658984459,true,true,backward_euler_step_doubling,0.00002,1e-10,0.008,,,,,,,,,,,,,,,,0
0.004329556411837966,V1,voltage,A,0,5,V,,0,,5,0,0,0,true,true,backward_euler_step_doubling,0.00002,,0.008,dc,5,10,0,50,2,,,,,,,,,,0
0.004329556411837966,S2,switch,A,B,0,,false,0,,8.98316190153838,0,0,0,true,true,backward_euler_step_doubling,0.00002,,0.008,,,,,,,true,true,1@0.003=open,,,,,,,0
0.004329556411837966,R3,resistor,B,0,100,Ω,,0,,-3.9831619015383803,-0.039831619015383804,0.15865578733866847,0,true,true,backward_euler_step_doubling,0.00002,,0.008,,,,,,,,,,,,,,,,0
0.004329556411837966,L4,inductor,B,0,100,mH,,0,A,-3.9831619015383803,0.039831619015383804,-0.15865578733866847,0.00007932789366933423,true,true,backward_euler_step_doubling,0.00002,1e-10,0.008,,,,,,,,,,,,,,,,0
0.004336959953715697,V1,voltage,A,0,5,V,,0,,5,0,0,0,true,true,backward_euler_step_doubling,0.00002,,0.008,dc,5,10,0,50,2,,,,,,,,,,0
0.004336959953715697,S2,switch,A,B,0,,false,0,,8.95388911787429,0,0,0,true,true,backward_euler_step_doubling,0.00002,,0.008,,,,,,,true,true,1@0.003=open,,,,,,,0
0.004336959953715697,R3,resistor,B,0,100,Ω,,0,,-3.953889117874291,-0.03953889117874291,0.1563323915644474,0,true,true,backward_euler_step_doubling,0.00002,,0.008,,,,,,,,,,,,,,,,0
0.004336959953715697,L4,inductor,B,0,100,mH,,0,A,-3.953889117874291,0.03953889117874291,-0.1563323915644474,0.0000781661957822237,true,true,backward_euler_step_doubling,0.00002,1e-10,0.008,,,,,,,,,,,,,,,,0
0.00434441870787978,V1,voltage,A,0,5,V,,0,,5,0,0,0,true,true,backward_euler_step_doubling,0.00002,,0.008,dc,5,10,0,50,2,,,,,,,,,,0
0.00434441870787978,S2,switch,A,B,0,,false,0,,8.924616369188183,0,0,0,true,true,backward_euler_step_doubling,0.00002,,0.008,,,,,,,true,true,1@0.003=open,,,,,,,0
0.00434441870787978,R3,resistor,B,0,100,Ω,,0,,-3.924616369188182,-0.03924616369188182,0.1540261364529983,0,true,true,backward_euler_step_doubling,0.00002,,0.008,,,,,,,,,,,,,,,,0
0.00434441870787978,L4,inductor,B,0,100,mH,,0,A,-3.924616369188182,0.03924616369188182,-0.1540261364529983,0.00007701306822649916,true,true,backward_euler_step_doubling,0.00002,1e-10,0.008,,,,,,,,,,,,,,,,0
0.004351877462043862,V1,voltage,A,0,5,V,,0,,5,0,0,0,true,true,backward_euler_step_doubling,0.00002,,0.008,dc,5,10,0,50,2,,,,,,,,,,0
0.004351877462043862,S2,switch,A,B,0,,false,0,,8.895560342263886,0,0,0,true,true,backward_euler_step_doubling,0.00002,,0.008,,,,,,,true,true,1@0.003=open,,,,,,,0
0.004351877462043862,R3,resistor,B,0,100,Ω,,0,,-3.8955603422638867,-0.03895560342263887,0.1517539038021913,0,true,true,backward_euler_step_doubling,0.00002,,0.008,,,,,,,,,,,,,,,,0
0.004351877462043862,L4,inductor,B,0,100,mH,,0,A,-3.8955603422638867,0.038955603422638874,-0.15175390380219134,0.00007587695190109568,true,true,backward_euler_step_doubling,0.00002,1e-10,0.008,,,,,,,,,,,,,,,,0
0.004359392258043389,V1,voltage,A,0,5,V,,0,,5,0,0,0,true,true,backward_euler_step_doubling,0.00002,,0.008,dc,5,10,0,50,2,,,,,,,,,,0
0.004359392258043389,S2,switch,A,B,0,,false,0,,8.86650435083607,0,0,0,true,true,backward_euler_step_doubling,0.00002,,0.008,,,,,,,true,true,1@0.003=open,,,,,,,0
0.004359392258043389,R3,resistor,B,0,100,Ω,,0,,-3.8665043508360695,-0.0386650435083607,0.14949855895034256,0,true,true,backward_euler_step_doubling,0.00002,,0.008,,,,,,,,,,,,,,,,0
0.004359392258043389,L4,inductor,B,0,100,mH,,0,A,-3.8665043508360695,0.0386650435083607,-0.14949855895034256,0.00007474927947517129,true,true,backward_euler_step_doubling,0.00002,1e-10,0.008,,,,,,,,,,,,,,,,0
0.004366907054042917,V1,voltage,A,0,5,V,,0,,5,0,0,0,true,true,backward_euler_step_doubling,0.00002,,0.008,dc,5,10,0,50,2,,,,,,,,,,0
0.004366907054042917,S2,switch,A,B,0,,false,0,,8.837665080640546,0,0,0,true,true,backward_euler_step_doubling,0.00002,,0.008,,,,,,,true,true,1@0.003=open,,,,,,,0
0.004366907054042917,R3,resistor,B,0,100,Ω,,0,,-3.837665080640546,-0.03837665080640546,0.1472767327116781,0,true,true,backward_euler_step_doubling,0.00002,,0.008,,,,,,,,,,,,,,,,0
0.004366907054042917,L4,inductor,B,0,100,mH,,0,A,-3.837665080640546,0.03837665080640547,-0.14727673271167813,0.00007363836635583907,true,true,backward_euler_step_doubling,0.00002,1e-10,0.008,,,,,,,,,,,,,,,,0
0.004374478740261001,V1,voltage,A,0,5,V,,0,,5,0,0,0,true,true,backward_euler_step_doubling,0.00002,,0.008,dc,5,10,0,50,2,,,,,,,,,,0
0.004374478740261001,S2,switch,A,B,0,,false,0,,8.808825846471734,0,0,0,true,true,backward_euler_step_doubling,0.00002,,0.008,,,,,,,true,true,1@0.003=open,,,,,,,0
0.004374478740261001,R3,resistor,B,0,100,Ω,,0,,-3.8088258464717337,-0.038088258464717334,0.14507154328751118,0,true,true,backward_euler_step_doubling,0.00002,,0.008,,,,,,,,,,,,,,,,0
0.004374478740261001,L4,inductor,B,0,100,mH,,0,A,-3.8088258464717337,0.03808825846471734,-0.1450715432875112,0.00007253577164375562,true,true,backward_euler_step_doubling,0.00002,1e-10,0.008,,,,,,,,,,,,,,,,0
0.004382050426479085,V1,voltage,A,0,5,V,,0,,5,0,0,0,true,true,backward_euler_step_doubling,0.00002,,0.008,dc,5,10,0,50,2,,,,,,,,,,0
0.004382050426479085,S2,switch,A,B,0,,false,0,,8.78020333299375,0,0,0,true,true,backward_euler_step_doubling,0.00002,,0.008,,,,,,,true,true,1@0.003=open,,,,,,,0
0.004382050426479085,R3,resistor,B,0,100,Ω,,0,,-3.780203332993749,-0.03780203332993749,0.1428993723877705,0,true,true,backward_euler_step_doubling,0.00002,,0.008,,,,,,,,,,,,,,,,0
0.004382050426479085,L4,inductor,B,0,100,mH,,0,A,-3.780203332993749,0.03780203332993749,-0.1428993723877705,0.00007144968619388526,true,true,backward_euler_step_doubling,0.00002,1e-10,0.008,,,,,,,,,,,,,,,,0
0.004389679870707281,V1,voltage,A,0,5,V,,0,,5,0,0,0,true,true,backward_euler_step_doubling,0.00002,,0.008,dc,5,10,0,50,2,,,,,,,,,,0
0.004389679870707281,S2,switch,A,B,0,,false,0,,8.751580856084685,0,0,0,true,true,backward_euler_step_doubling,0.00002,,0.008,,,,,,,true,true,1@0.003=open,,,,,,,0
0.004389679870707281,R3,resistor,B,0,100,Ω,,0,,-3.7515808560846846,-0.037515808560846846,0.14074358919741095,0,true,true,backward_euler_step_doubling,0.00002,,0.008,,,,,,,,,,,,,,,,0
0.004389679870707281,L4,inductor,B,0,100,mH,,0,A,-3.7515808560846846,0.03751580856084684,-0.14074358919741092,0.00007037179459870544,true,true,backward_euler_step_doubling,0.00002,1e-10,0.008,,,,,,,,,,,,,,,,0
0.004397309314935476,V1,voltage,A,0,5,V,,0,,5,0,0,0,true,true,backward_euler_step_doubling,0.00002,,0.008,dc,5,10,0,50,2,,,,,,,,,,0
0.004397309314935476,S2,switch,A,B,0,,false,0,,8.723175099312671,0,0,0,true,true,backward_euler_step_doubling,0.00002,,0.008,,,,,,,true,true,1@0.003=open,,,,,,,0
0.004397309314935476,R3,resistor,B,0,100,Ω,,0,,-3.723175099312671,-0.03723175099312671,0.13862032820141915,0,true,true,backward_euler_step_doubling,0.00002,,0.008,,,,,,,,,,,,,,,,0
0.004397309314935476,L4,inductor,B,0,100,mH,,0,A,-3.723175099312671,0.03723175099312671,-0.13862032820141915,0.00006931016410070958,true,true,backward_euler_step_doubling,0.00002,1e-10,0.008,,,,,,,,,,,,,,,,0
0.004404997404970277,V1,voltage,A,0,5,V,,0,,5,0,0,0,true,true,backward_euler_step_doubling,0.00002,,0.008,dc,5,10,0,50,2,,,,,,,,,,0
0.004404997404970277,S2,switch,A,B,0,,false,0,,8.694769379663992,0,0,0,true,true,backward_euler_step_doubling,0.00002,,0.008,,,,,,,true,true,1@0.003=open,,,,,,,0
0.004404997404970277,R3,resistor,B,0,100,Ω,,0,,-3.6947693796639913,-0.03694769379663991,0.13651320768902633,0,true,true,backward_euler_step_doubling,0.00002,,0.008,,,,,,,,,,,,,,,,0
0.004404997404970277,L4,inductor,B,0,100,mH,,0,A,-3.6947693796639913,0.03694769379663992,-0.13651320768902636,0.00006825660384451319,true,true,backward_euler_step_doubling,0.00002,1e-10,0.008,,,,,,,,,,,,,,,,0
0.004412685495005076,V1,voltage,A,0,5,V,,0,,5,0,0,0,true,true,backward_euler_step_doubling,0.00002,,0.008,dc,5,10,0,50,2,,,,,,,,,,0
0.004412685495005076,S2,switch,A,B,0,,false,0,,8.666580379585904,0,0,0,true,true,backward_euler_step_doubling,0.00002,,0.008,,,,,,,true,true,1@0.003=open,,,,,,,0
0.004412685495005076,R3,resistor,B,0,100,Ω,,0,,-3.6665803795859038,-0.036665803795859035,0.1344381167996431,0,true,true,backward_euler_step_doubling,0.00002,,0.008,,,,,,,,,,,,,,,,0
0.004412685495005076,L4,inductor,B,0,100,mH,,0,A,-3.6665803795859038,0.03666580379585904,-0.13443811679964313,0.00006721905839982157,true,true,backward_euler_step_doubling,0.00002,1e-10,0.008,,,,,,,,,,,,,,,,0
0.004420433139267399,V1,voltage,A,0,5,V,,0,,5,0,0,0,true,true,backward_euler_step_doubling,0.00002,,0.008,dc,5,10,0,50,2,,,,,,,,,,0
0.004420433139267399,S2,switch,A,B,0,,false,0,,8.638391417198363,0,0,0,true,true,backward_euler_step_doubling,0.00002,,0.008,,,,,,,true,true,1@0.003=open,,,,,,,0
0.004420433139267399,R3,resistor,B,0,100,Ω,,0,,-3.638391417198364,-0.03638391417198364,0.13237892104742718,0,true,true,backward_euler_step_doubling,0.00002,,0.008,,,,,,,,,,,,,,,,0
0.004420433139267399,L4,inductor,B,0,100,mH,,0,A,-3.638391417198364,0.03638391417198364,-0.13237892104742718,0.00006618946052371359,true,true,backward_euler_step_doubling,0.00002,1e-10,0.008,,,,,,,,,,,,,,,,0
0.0044281807835297214,V1,voltage,A,0,5,V,,0,,5,0,0,0,true,true,backward_euler_step_doubling,0.00002,,0.008,dc,5,10,0,50,2,,,,,,,,,,0
0.0044281807835297214,S2,switch,A,B,0,,false,0,,8.61041917380188,0,0,0,true,true,backward_euler_step_doubling,0.00002,,0.008,,,,,,,true,true,1@0.003=open,,,,,,,0
0.0044281807835297214,R3,resistor,B,0,100,Ω,,0,,-3.610419173801879,-0.03610419173801879,0.13035126610556244,0,true,true,backward_euler_step_doubling,0.00002,,0.008,,,,,,,,,,,,,,,,0
0.0044281807835297214,L4,inductor,B,0,100,mH,,0,A,-3.610419173801879,0.036104191738018786,-0.1303512661055624,0.0000651756330527812,true,true,backward_euler_step_doubling,0.00002,1e-10,0.008,,,,,,,,,,,,,,,,0
0.004435988911708667,V1,voltage,A,0,5,V,,0,,5,0,0,0,true,true,backward_euler_step_doubling,0.00002,,0.008,dc,5,10,0,50,2,,,,,,,,,,0
0.004435988911708667,S2,switch,A,B,0,,false,0,,8.582446968676178,0,0,0,true,true,backward_euler_step_doubling,0.00002,,0.008,,,,,,,true,true,1@0.003=open,,,,,,,0
0.004435988911708667,R3,resistor,B,0,100,Ω,,0,,-3.582446968676179,-0.03582446968676179,0.12833926283377142,0,true,true,backward_euler_step_doubling,0.00002,,0.008,,,,,,,,,,,,,,,,0
0.004435988911708667,L4,inductor,B,0,100,mH,,0,A,-3.582446968676179,0.035824469686761784,-0.12833926283377142,0.0000641696314168857,true,true,backward_euler_step_doubling,0.00002,1e-10,0.008,,,,,,,,,,,,,,,,0
0.004443797039887613,V1,voltage,A,0,5,V,,0,,5,0,0,0,true,true,backward_euler_step_doubling,0.00002,,0.008,dc,5,10,0,50,2,,,,,,,,,,0
0.004443797039887613,S2,switch,A,B,0,,false,0,,8.554691481948517,0,0,0,true,true,backward_euler_step_doubling,0.00002,,0.008,,,,,,,true,true,1@0.003=open,,,,,,,0
0.004443797039887613,R3,resistor,B,0,100,Ω,,0,,-3.554691481948517,-0.03554691481948517,0.12635831531837347,0,true,true,backward_euler_step_doubling,0.00002,,0.008,,,,,,,,,,,,,,,,0
0.004443797039887613,L4,inductor,B,0,100,mH,,0,A,-3.554691481948517,0.03554691481948517,-0.12635831531837347,0.00006317915765918673,true,true,backward_euler_step_doubling,0.00002,1e-10,0.008,,,,,,,,,,,,,,,,0
0.004451666603609449,V1,voltage,A,0,5,V,,0,,5,0,0,0,true,true,backward_euler_step_doubling,0.00002,,0.008,dc,5,10,0,50,2,,,,,,,,,,0
0.004451666603609449,S2,switch,A,B,0,,false,0,,8.526936034085443,0,0,0,true,true,backward_euler_step_doubling,0.00002,,0.008,,,,,,,true,true,1@0.003=open,,,,,,,0
0.004451666603609449,R3,resistor,B,0,100,Ω,,0,,-3.5269360340854425,-0.03526936034085443,0.12439277788530351,0,true,true,backward_euler_step_doubling,0.00002,,0.008,,,,,,,,,,,,,,,,0
0.004451666603609449,L4,inductor,B,0,100,mH,,0,A,-3.5269360340854425,0.03526936034085443,-0.12439277788530351,0.00006219638894265175,true,true,backward_euler_step_doubling,0.00002,1e-10,0.008,,,,,,,,,,,,,,,,0
0.004459536167331285,V1,voltage,A,0,5,V,,0,,5,0,0,0,true,true,backward_euler_step_doubling,0.00002,,0.008,dc,5,10,0,50,2,,,,,,,,,,0
0.004459536167331285,S2,switch,A,B,0,,false,0,,8.499397304013488,0,0,0,true,true,backward_euler_step_doubling,0.00002,,0.008,,,,,,,true,true,1@0.003=open,,,,,,,0
0.004459536167331285,R3,resistor,B,0,100,Ω,,0,,-3.4993973040134874,-0.03499397304013487,0.12245781491336863,0,true,true,backward_euler_step_doubling,0.00002,,0.008,,,,,,,,,,,,,,,,0
0.004459536167331285,L4,inductor,B,0,100,mH,,0,A,-3.4993973040134874,0.03499397304013488,-0.12245781491336866,0.00006122890745668434,true,true,backward_euler_step_doubling,0.00002,1e-10,0.008,,,,,,,,,,,,,,,,0
0.00446746814085499,V1,voltage,A,0,5,V,,0,,5,0,0,0,true,true,backward_euler_step_doubling,0.00002,,0.008,dc,5,10,0,50,2,,,,,,,,,,0
0.00446746814085499,S2,switch,A,B,0,,false,0,,8.471858613413843,0,0,0,true,true,backward_euler_step_doubling,0.00002,,0.008,,,,,,,true,true,1@0.003=open,,,,,,,0
0.00446746814085499,R3,resistor,B,0,100,Ω,,0,,-3.471858613413844,-0.03471858613413844,0.12053802231535898,0,true,true,backward_euler_step_doubling,0.00002,,0.008,,,,,,,,,,,,,,,,0
0.00446746814085499,L4,inductor,B,0,100,mH,,0,A,-3.471858613413844,0.03471858613413844,-0.12053802231535898,0.0000602690111576795,true,true,backward_euler_step_doubling,0.00002,1e-10,0.008,,,,,,,,,,,,,,,,0
0.004475400114378694,V1,voltage,A,0,5,V,,0,,5,0,0,0,true,true,backward_euler_step_doubling,0.00002,,0.008,dc,5,10,0,50,2,,,,,,,,,,0
0.004475400114378694,S2,switch,A,B,0,,false,0,,8.44453663998406,0,0,0,true,true,backward_euler_step_doubling,0.00002,,0.008,,,,,,,true,true,1@0.003=open,,,,,,,0
0.004475400114378694,R3,resistor,B,0,100,Ω,,0,,-3.4445366399840602,-0.0344453663998406,0.1186483266419268,0,true,true,backward_euler_step_doubling,0.00002,,0.008,,,,,,,,,,,,,,,,0
0.004475400114378694,L4,inductor,B,0,100,mH,,0,A,-3.4445366399840602,0.0344453663998406,-0.1186483266419268,0.0000593241633209634,true,true,backward_euler_step_doubling,0.00002,1e-10,0.008,,,,,,,,,,,,,,,,0
0.004483395495319259,V1,voltage,A,0,5,V,,0,,5,0,0,0,true,true,backward_euler_step_doubling,0.00002,,0.008,dc,5,10,0,50,2,,,,,,,,,,0
0.004483395495319259,S2,switch,A,B,0,,false,0,,8.417214706648704,0,0,0,true,true,backward_euler_step_doubling,0.00002,,0.008,,,,,,,true,true,1@0.003=open,,,,,,,0
0.004483395495319259,R3,resistor,B,0,100,Ω,,0,,-3.4172147066487044,-0.034172147066487045,0.11677356351336192,0,true,true,backward_euler_step_doubling,0.00002,,0.008,,,,,,,,,,,,,,,,0
0.004483395495319259,L4,inductor,B,0,100,mH,,0,A,-3.4172147066487044,0.034172147066487045,-0.11677356351336192,0.00005838678175668096,true,true,backward_euler_step_doubling,0.00002,1e-10,0.008,,,,,,,,,,,,,,,,0
0.004491390876259823,V1,voltage,A,0,5,V,,0,,5,0,0,0,true,true,backward_euler_step_doubling,0.00002,,0.008,dc,5,10,0,50,2,,,,,,,,,,0
0.004491390876259823,S2,switch,A,B,0,,false,0,,8.390109489847154,0,0,0,true,true,backward_euler_step_doubling,0.00002,,0.008,,,,,,,true,true,1@0.003=open,,,,,,,0
0.004491390876259823,R3,resistor,B,0,100,Ω,,0,,-3.3901094898471533,-0.03390109489847153,0.11492842353151726,0,true,true,backward_euler_step_doubling,0.00002,,0.008,,,,,,,,,,,,,,,,0
0.004491390876259823,L4,inductor,B,0,100,mH,,0,A,-3.3901094898471533,0.03390109489847154,-0.11492842353151729,0.00005746421176575866,true,true,backward_euler_step_doubling,0.00002,1e-10,0.008,,,,,,,,,,,,,,,,0
0.004499450686340732,V1,voltage,A,0,5,V,,0,,5,0,0,0,true,true,backward_euler_step_doubling,0.00002,,0.008,dc,5,10,0,50,2,,,,,,,,,,0
0.004499450686340732,S2,switch,A,B,0,,false,0,,8.363004313776834,0,0,0,true,true,backward_euler_step_doubling,0.00002,,0.008,,,,,,,true,true,1@0.003=open,,,,,,,0
0.004499450686340732,R3,resistor,B,0,100,Ω,,0,,-3.363004313776835,-0.03363004313776835,0.11309798014481601,0,true,true,backward_euler_step_doubling,0.00002,,0.008,,,,,,,,,,,,,,,,0
0.004499450686340732,L4,inductor,B,0,100,mH,,0,A,-3.363004313776835,0.03363004313776835,-0.11309798014481601,0.00005654899007240801,true,true,backward_euler_step_doubling,0.00002,1e-10,0.008,,,,,,,,,,,,,,,,0
0.004507510496421641,V1,voltage,A,0,5,V,,0,,5,0,0,0,true,true,backward_euler_step_doubling,0.00002,,0.008,dc,5,10,0,50,2,,,,,,,,,,0
0.004507510496421641,S2,switch,A,B,0,,false,0,,8.336115853588998,0,0,0,true,true,backward_euler_step_doubling,0.00002,,0.008,,,,,,,true,true,1@0.003=open,,,,,,,0
0.004507510496421641,R3,resistor,B,0,100,Ω,,0,,-3.336115853588998,-0.03336115853588998,0.1112966898856785,0,true,true,backward_euler_step_doubling,0.00002,,0.008,,,,,,,,,,,,,,,,0
0.004507510496421641,L4,inductor,B,0,100,mH,,0,A,-3.336115853588998,0.03336115853588998,-0.1112966898856785,0.000055648344942839246,true,true,backward_euler_step_doubling,0.00002,1e-10,0.008,,,,,,,,,,,,,,,,0
0.004515635782257766,V1,voltage,A,0,5,V,,0,,5,0,0,0,true,true,backward_euler_step_doubling,0.00002,,0.008,dc,5,10,0,50,2,,,,,,,,,,0
0.004515635782257766,S2,switch,A,B,0,,false,0,,8.309227434784626,0,0,0,true,true,backward_euler_step_doubling,0.00002,,0.008,,,,,,,true,true,1@0.003=open,,,,,,,0
0.004515635782257766,R3,resistor,B,0,100,Ω,,0,,-3.309227434784626,-0.03309227434784626,0.10950986215131235,0,true,true,backward_euler_step_doubling,0.00002,,0.008,,,,,,,,,,,,,,,,0
0.004515635782257766,L4,inductor,B,0,100,mH,,0,A,-3.309227434784626,0.033092274347846264,-0.10950986215131238,0.000054754931075656195,true,true,backward_euler_step_doubling,0.00002,1e-10,0.008,,,,,,,,,,,,,,,,0
0.004523761068093891,V1,voltage,A,0,5,V,,0,,5,0,0,0,true,true,backward_euler_step_doubling,0.00002,,0.008,dc,5,10,0,50,2,,,,,,,,,,0
0.004523761068093891,S2,switch,A,B,0,,false,0,,8.28255573119565,0,0,0,true,true,backward_euler_step_doubling,0.00002,,0.008,,,,,,,true,true,1@0.003=open,,,,,,,0
0.004523761068093891,R3,resistor,B,0,100,Ω,,0,,-3.282555731195651,-0.03282555731195651,0.10775172128405414,0,true,true,backward_euler_step_doubling,0.00002,,0.008,,,,,,,,,,,,,,,,0
0.004523761068093891,L4,inductor,B,0,100,mH,,0,A,-3.282555731195651,0.032825557311956514,-0.10775172128405416,0.000053875860642027095,true,true,backward_euler_step_doubling,0.00002,1e-10,0.008,,,,,,,,,,,,,,,,0
0.004531952902006584,V1,voltage,A,0,5,V,,0,,5,0,0,0,true,true,backward_euler_step_doubling,0.00002,,0.008,dc,5,10,0,50,2,,,,,,,,,,0
0.004531952902006584,S2,switch,A,B,0,,false,0,,8.25588406965803,0,0,0,true,true,backward_euler_step_doubling,0.00002,,0.008,,,,,,,true,true,1@0.003=open,,,,,,,0
0.004531952902006584,R3,resistor,B,0,100,Ω,,0,,-3.255884069658031,-0.032558840696580306,0.10600781075052941,0,true,true,backward_euler_step_doubling,0.00002,,0.008,,,,,,,,,,,,,,,,0
0.004531952902006584,L4,inductor,B,0,100,mH,,0,A,-3.255884069658031,0.03255884069658031,-0.10600781075052942,0.00005300390537526472,true,true,backward_euler_step_doubling,0.00002,1e-10,0.008,,,,,,,,,,,,,,,,0
0.004540144735919276,V1,voltage,A,0,5,V,,0,,5,0,0,0,true,true,backward_euler_step_doubling,0.00002,,0.008,dc,5,10,0,50,2,,,,,,,,,,0
0.004540144735919276,S2,switch,A,B,0,,false,0,,8.22942912265245,0,0,0,true,true,backward_euler_step_doubling,0.00002,,0.008,,,,,,,true,true,1@0.003=open,,,,,,,0
0.004540144735919276,R3,resistor,B,0,100,Ω,,0,,-3.2294291226524496,-0.032294291226524496,0.1042921245823577,0,true,true,backward_euler_step_doubling,0.00002,,0.008,,,,,,,,,,,,,,,,0
0.004540144735919276,L4,inductor,B,0,100,mH,,0,A,-3.2294291226524496,0.032294291226524496,-0.1042921245823577,0.00005214606229117885,true,true,backward_euler_step_doubling,0.00002,1e-10,0.008,,,,,,,,,,,,,,,,0
0.0045484042167849206,V1,voltage,A,0,5,V,,0,,5,0,0,0,true,true,backward_euler_step_doubling,0.00002,,0.008,dc,5,10,0,50,2,,,,,,,,,,0
0.0045484042167849206,S2,switch,A,B,0,,false,0,,8.202974218382568,0,0,0,true,true,backward_euler_step_doubling,0.00002,,0.008,,,,,,,true,true,1@0.003=open,,,,,,,0
0.0045484042167849206,R3,resistor,B,0,100,Ω,,0,,-3.2029742183825687,-0.032029742183825684,0.10259043843623426,0,true,true,backward_euler_step_doubling,0.00002,,0.008,,,,,,,,,,,,,,,,0
0.0045484042167849206,L4,inductor,B,0,100,mH,,0,A,-3.2029742183825687,0.032029742183825684,-0.10259043843623426,0.000051295219218117125,true,true,backward_euler_step_doubling,0.00002,1e-10,0.008,,,,,,,,,,,,,,,,0
0.004556663697650564,V1,voltage,A,0,5,V,,0,,5,0,0,0,true,true,backward_euler_step_doubling,0.00002,,0.008,dc,5,10,0,50,2,,,,,,,,,,0
0.004556663697650564,S2,switch,A,B,0,,false,0,,8.176736027944559,0,0,0,true,true,backward_euler_step_doubling,0.00002,,0.008,,,,,,,true,true,1@0.003=open,,,,,,,0
0.004556663697650564,R3,resistor,B,0,100,Ω,,0,,-3.176736027944559,-0.03176736027944559,0.10091651791240976,0,true,true,backward_euler_step_doubling,0.00002,,0.008,,,,,,,,,,,,,,,,0
0.004556663697650564,L4,inductor,B,0,100,mH,,0,A,-3.176736027944559,0.03176736027944559,-0.10091651791240976,0.00005045825895620488,true,true,backward_euler_step_doubling,0.00002,1e-10,0.008,,,,,,,,,,,,,,,,0
0.004564991951784605,V1,voltage,A,0,5,V,,0,,5,0,0,0,true,true,backward_euler_step_doubling,0.00002,,0.008,dc,5,10,0,50,2,,,,,,,,,,0
0.004564991951784605,S2,switch,A,B,0,,false,0,,8.150497880943306,0,0,0,true,true,backward_euler_step_doubling,0.00002,,0.008,,,,,,,true,true,1@0.003=open,,,,,,,0
0.004564991951784605,R3,resistor,B,0,100,Ω,,0,,-3.150497880943306,-0.03150497880943306,0.0992563689782826,0,true,true,backward_euler_step_doubling,0.00002,,0.008,,,,,,,,,,,,,,,,0
0.004564991951784605,L4,inductor,B,0,100,mH,,0,A,-3.150497880943306,0.031504978809433065,-0.09925636897828263,0.000049628184489141323,true,true,backward_euler_step_doubling,0.00002,1e-10,0.008,,,,,,,,,,,,,,,,0
0.0045733202059186455,V1,voltage,A,0,5,V,,0,,5,0,0,0,true,true,backward_euler_step_doubling,0.00002,,0.008,dc,5,10,0,50,2,,,,,,,,,,0
0.0045733202059186455,S2,switch,A,B,0,,false,0,,8.124476447056395,0,0,0,true,true,backward_euler_step_doubling,0.00002,,0.008,,,,,,,true,true,1@0.003=open,,,,,,,0
0.0045733202059186455,R3,resistor,B,0,100,Ω,,0,,-3.1244764470563955,-0.031244764470563954,0.09762353068210156,0,true,true,backward_euler_step_doubling,0.00002,,0.008,,,,,,,,,,,,,,,,0
0.0045733202059186455,L4,inductor,B,0,100,mH,,0,A,-3.1244764470563955,0.03124476447056396,-0.09762353068210158,0.000048811765341050806,true,true,backward_euler_step_doubling,0.00002,1e-10,0.008,,,,,,,,,,,,,,,,0
0.004581718387996559,V1,voltage,A,0,5,V,,0,,5,0,0,0,true,true,backward_euler_step_doubling,0.00002,,0.008,dc,5,10,0,50,2,,,,,,,,,,0
0.004581718387996559,S2,switch,A,B,0,,false,0,,8.098455057324752,0,0,0,true,true,backward_euler_step_doubling,0.00002,,0.008,,,,,,,true,true,1@0.003=open,,,,,,,0
0.004581718387996559,R3,resistor,B,0,100,Ω,,0,,-3.0984550573247533,-0.030984550573247532,0.09600423742261341,0,true,true,backward_euler_step_doubling,0.00002,,0.008,,,,,,,,,,,,,,,,0
0.004581718387996559,L4,inductor,B,0,100,mH,,0,A,-3.0984550573247533,0.03098455057324753,-0.0960042374226134,0.000048002118711306687,true,true,backward_euler_step_doubling,0.00002,1e-10,0.008,,,,,,,,,,,,,,,,0
0.004590116570074471,V1,voltage,A,0,5,V,,0,,5,0,0,0,true,true,backward_euler_step_doubling,0.00002,,0.008,dc,5,10,0,50,2,,,,,,,,,,0
0.004590116570074471,S2,switch,A,B,0,,false,0,,8.07265037997198,0,0,0,true,true,backward_euler_step_doubling,0.00002,,0.008,,,,,,,true,true,1@0.003=open,,,,,,,0
0.004590116570074471,R3,resistor,B,0,100,Ω,,0,,-3.0726503799719804,-0.030726503799719803,0.09441180357541955,0,true,true,backward_euler_step_doubling,0.00002,,0.008,,,,,,,,,,,,,,,,0
0.004590116570074471,L4,inductor,B,0,100,mH,,0,A,-3.0726503799719804,0.030726503799719803,-0.09441180357541955,0.00004720590178770978,true,true,backward_euler_step_doubling,0.00002,1e-10,0.008,,,,,,,,,,,,,,,,0
0.0045985858640917796,V1,voltage,A,0,5,V,,0,,5,0,0,0,true,true,backward_euler_step_doubling,0.00002,,0.008,dc,5,10,0,50,2,,,,,,,,,,0
0.0045985858640917796,S2,switch,A,B,0,,false,0,,8.046845747510925,0,0,0,true,true,backward_euler_step_doubling,0.00002,,0.008,,,,,,,true,true,1@0.003=open,,,,,,,0
0.0045985858640917796,R3,resistor,B,0,100,Ω,,0,,-3.0468457475109254,-0.030468457475109255,0.0928326900912541,0,true,true,backward_euler_step_doubling,0.00002,,0.008,,,,,,,,,,,,,,,,0
0.0045985858640917796,L4,inductor,B,0,100,mH,,0,A,-3.0468457475109254,0.03046845747510926,-0.09283269009125411,0.000046416345045627064,true,true,backward_euler_step_doubling,0.00002,1e-10,0.008,,,,,,,,,,,,,,,,0
0.004607055158109087,V1,voltage,A,0,5,V,,0,,5,0,0,0,true,true,backward_euler_step_doubling,0.00002,,0.008,dc,5,10,0,50,2,,,,,,,,,,0
0.004607055158109087,S2,switch,A,B,0,,false,0,,8.021257826674724,0,0,0,true,true,backward_euler_step_doubling,0.00002,,0.008,,,,,,,true,true,1@0.003=open,,,,,,,0
0.004607055158109087,R3,resistor,B,0,100,Ω,,0,,-3.0212578266747245,-0.030212578266747246,0.0912799885524328,0,true,true,backward_euler_step_doubling,0.00002,,0.008,,,,,,,,,,,,,,,,0
0.004607055158109087,L4,inductor,B,0,100,mH,,0,A,-3.0212578266747245,0.030212578266747246,-0.0912799885524328,0.0000456399942762164,true,true,backward_euler_step_doubling,0.00002,1e-10,0.008,,,,,,,,,,,,,,,,0
0.004615596778382305,V1,voltage,A,0,5,V,,0,,5,0,0,0,true,true,backward_euler_step_doubling,0.00002,,0.008,dc,5,10,0,50,2,,,,,,,,,,0
0.004615596778382305,S2,switch,A,B,0,,false,0,,7.995669951485247,0,0,0,true,true,backward_euler_step_doubling,0.00002,,0.008,,,,,,,true,true,1@0.003=open,,,,,,,0
0.004615596778382305,R3,resistor,B,0,100,Ω,,0,,-2.995669951485248,-0.02995669951485248,0.08974038458231627,0,true,true,backward_euler_step_doubling,0.00002,,0.008,,,,,,,,,,,,,,,,0
0.004615596778382305,L4,inductor,B,0,100,mH,,0,A,-2.995669951485248,0.02995669951485248,-0.08974038458231627,0.000044870192291158144,true,true,backward_euler_step_doubling,0.00002,1e-10,0.008,,,,,,,,,,,,,,,,0
0.004624138398655523,V1,voltage,A,0,5,V,,0,,5,0,0,0,true,true,backward_euler_step_doubling,0.00002,,0.008,dc,5,10,0,50,2,,,,,,,,,,0
0.004624138398655523,S2,switch,A,B,0,,false,0,,7.970298787147434,0,0,0,true,true,backward_euler_step_doubling,0.00002,,0.008,,,,,,,true,true,1@0.003=open,,,,,,,0
0.004624138398655523,R3,resistor,B,0,100,Ω,,0,,-2.970298787147434,-0.02970298787147434,0.08822674884929518,0,true,true,backward_euler_step_doubling,0.00002,,0.008,,,,,,,,,,,,,,,,0
0.004624138398655523,L4,inductor,B,0,100,mH,,0,A,-2.970298787147434,0.02970298787147434,-0.08822674884929518,0.000044113374424647594,true,true,backward_euler_step_doubling,0.00002,1e-10,0.008,,,,,,,,,,,,,,,,0
0.0046327535908661545,V1,voltage,A,0,5,V,,0,,5,0,0,0,true,true,backward_euler_step_doubling,0.00002,,0.008,dc,5,10,0,50,2,,,,,,,,,,0
0.0046327535908661545,S2,switch,A,B,0,,false,0,,7.944927669230605,0,0,0,true,true,backward_euler_step_doubling,0.00002,,0.008,,,,,,,true,true,1@0.003=open,,,,,,,0
0.0046327535908661545,R3,resistor,B,0,100,Ω,,0,,-2.944927669230605,-0.02944927669230605,0.08672598977000004,0,true,true,backward_euler_step_doubling,0.00002,,0.008,,,,,,,,,,,,,,,,0
0.0046327535908661545,L4,inductor,B,0,100,mH,,0,A,-2.944927669230605,0.029449276692306053,-0.08672598977000004,0.00004336299488500003,true,true,backward_euler_step_doubling,0.00002,1e-10,0.008,,,,,,,,,,,,,,,,0
0.0046413687830767865,V1,voltage,A,0,5,V,,0,,5,0,0,0,true,true,backward_euler_step_doubling,0.00002,,0.008,dc,5,10,0,50,2,,,,,,,,,,0
0.0046413687830767865,S2,switch,A,B,0,,false,0,,7.919773261372419,0,0,0,true,true,backward_euler_step_doubling,0.00002,,0.008,,,,,,,true,true,1@0.003=open,,,,,,,0
0.0046413687830767865,R3,resistor,B,0,100,Ω,,0,,-2.919773261372419,-0.02919773261372419,0.08525075897825332,0,true,true,backward_euler_step_doubling,0.00002,,0.008,,,,,,,,,,,,,,,,0
0.0046413687830767865,L4,inductor,B,0,100,mH,,0,A,-2.919773261372419,0.029197732613724194,-0.08525075897825334,0.00004262537948912667,true,true,backward_euler_step_doubling,0.00002,1e-10,0.008,,,,,,,,,,,,,,,,0
0.004650058825360692,V1,voltage,A,0,5,V,,0,,5,0,0,0,true,true,backward_euler_step_doubling,0.00002,,0.008,dc,5,10,0,50,2,,,,,,,,,,0
0.004650058825360692,S2,switch,A,B,0,,false,0,,7.8946189007292915,0,0,0,true,true,backward_euler_step_doubling,0.00002,,0.008,,,,,,,true,true,1@0.003=open,,,,,,,0
0.004650058825360692,R3,resistor,B,0,100,Ω,,0,,-2.894618900729292,-0.02894618900729292,0.08378818580459255,0,true,true,backward_euler_step_doubling,0.00002,,0.008,,,,,,,,,,,,,,,,0
0.004650058825360692,L4,inductor,B,0,100,mH,,0,A,-2.894618900729292,0.02894618900729292,-0.08378818580459255,0.00004189409290229628,true,true,backward_euler_step_doubling,0.00002,1e-10,0.008,,,,,,,,,,,,,,,,0
0.004658748867644596,V1,voltage,A,0,5,V,,0,,5,0,0,0,true,true,backward_euler_step_doubling,0.00002,,0.008,dc,5,10,0,50,2,,,,,,,,,,0
0.004658748867644596,S2,switch,A,B,0,,false,0,,7.869681249331275,0,0,0,true,true,backward_euler_step_doubling,0.00002,,0.008,,,,,,,true,true,1@0.003=open,,,,,,,0
0.004658748867644596,R3,resistor,B,0,100,Ω,,0,,-2.8696812493312747,-0.028696812493312747,0.08235070472763506,0,true,true,backward_euler_step_doubling,0.00002,,0.008,,,,,,,,,,,,,,,,0
0.004658748867644596,L4,inductor,B,0,100,mH,,0,A,-2.8696812493312747,0.028696812493312747,-0.08235070472763506,0.00004117535236381753,true,true,backward_euler_step_doubling,0.00002,1e-10,0.008,,,,,,,,,,,,,,,,0
0.004667515071728986,V1,voltage,A,0,5,V,,0,,5,0,0,0,true,true,backward_euler_step_doubling,0.00002,,0.008,dc,5,10,0,50,2,,,,,,,,,,0
0.004667515071728986,S2,switch,A,B,0,,false,0,,7.844743645962992,0,0,0,true,true,backward_euler_step_doubling,0.00002,,0.008,,,,,,,true,true,1@0.003=open,,,,,,,0
0.004667515071728986,R3,resistor,B,0,100,Ω,,0,,-2.844743645962992,-0.028447436459629917,0.08092566411246815,0,true,true,backward_euler_step_doubling,0.00002,,0.008,,,,,,,,,,,,,,,,0
0.004667515071728986,L4,inductor,B,0,100,mH,,0,A,-2.844743645962992,0.028447436459629917,-0.08092566411246815,0.00004046283205623407,true,true,backward_euler_step_doubling,0.00002,1e-10,0.008,,,,,,,,,,,,,,,,0
0.004676281275813376,V1,voltage,A,0,5,V,,0,,5,0,0,0,true,true,backward_euler_step_doubling,0.00002,,0.008,dc,5,10,0,50,2,,,,,,,,,,0
0.004676281275813376,S2,switch,A,B,0,,false,0,,7.820022751005059,0,0,0,true,true,backward_euler_step_doubling,0.00002,,0.008,,,,,,,true,true,1@0.003=open,,,,,,,0
0.004676281275813376,R3,resistor,B,0,100,Ω,,0,,-2.820022751005059,-0.02820022751005059,0.0795252831618614,0,true,true,backward_euler_step_doubling,0.00002,,0.008,,,,,,,,,,,,,,,,0
0.004676281275813376,L4,inductor,B,0,100,mH,,0,A,-2.820022751005059,0.028200227510050586,-0.0795252831618614,0.00003976264158093069,true,true,backward_euler_step_doubling,0.00002,1e-10,0.008,,,,,,,,,,,,,,,,0
0.004685124988204121,V1,voltage,A,0,5,V,,0,,5,0,0,0,true,true,backward_euler_step_doubling,0.00002,,0.008,dc,5,10,0,50,2,,,,,,,,,,0
0.004685124988204121,S2,switch,A,B,0,,false,0,,7.795301904912709,0,0,0,true,true,backward_euler_step_doubling,0.00002,,0.008,,,,,,,true,true,1@0.003=open,,,,,,,0
0.004685124988204121,R3,resistor,B,0,100,Ω,,0,,-2.795301904912709,-0.02795301904912709,0.07813712739608619,0,true,true,backward_euler_step_doubling,0.00002,,0.008,,,,,,,,,,,,,,,,0
0.004685124988204121,L4,inductor,B,0,100,mH,,0,A,-2.795301904912709,0.02795301904912709,-0.07813712739608619,0.0000390685636980431,true,true,backward_euler_step_doubling,0.00002,1e-10,0.008,,,,,,,,,,,,,,,,0
0.004693968700594866,V1,voltage,A,0,5,V,,0,,5,0,0,0,true,true,backward_euler_step_doubling,0.00002,,0.008,dc,5,10,0,50,2,,,,,,,,,,0
0.004693968700594866,S2,switch,A,B,0,,false,0,,7.770797766373979,0,0,0,true,true,backward_euler_step_doubling,0.00002,,0.008,,,,,,,true,true,1@0.003=open,,,,,,,0
0.004693968700594866,R3,resistor,B,0,100,Ω,,0,,-2.770797766373979,-0.02770797766373979,0.07677320262143031,0,true,true,backward_euler_step_doubling,0.00002,,0.008,,,,,,,,,,,,,,,,0
0.004693968700594866,L4,inductor,B,0,100,mH,,0,A,-2.770797766373979,0.027707977663739787,-0.0767732026214303,0.00003838660131071515,true,true,backward_euler_step_doubling,0.00002,1e-10,0.008,,,,,,,,,,,,,,,,0
0.004702891303816605,V1,voltage,A,0,5,V,,0,,5,0,0,0,true,true,backward_euler_step_doubling,0.00002,,0.008,dc,5,10,0,50,2,,,,,,,,,,0
0.004702891303816605,S2,switch,A,B,0,,false,0,,7.74629367755875,0,0,0,true,true,backward_euler_step_doubling,0.00002,,0.008,,,,,,,true,true,1@0.003=open,,,,,,,0
0.004702891303816605,R3,resistor,B,0,100,Ω,,0,,-2.7462936775587496,-0.027462936775587497,0.07542128963399161,0,true,true,backward_euler_step_doubling,0.00002,,0.008,,,,,,,,,,,,,,,,0
0.004702891303816605,L4,inductor,B,0,100,mH,,0,A,-2.7462936775587496,0.027462936775587497,-0.07542128963399161,0.000037710644816995815,true,true,backward_euler_step_doubling,0.00002,1e-10,0.008,,,,,,,,,,,,,,,,0
0.004711813907038345,V1,voltage,A,0,5,V,,0,,5,0,0,0,true,true,backward_euler_step_doubling,0.00002,,0.008,dc,5,10,0,50,2,,,,,,,,,,0
0.004711813907038345,S2,switch,A,B,0,,false,0,,7.7220062954176605,0,0,0,true,true,backward_euler_step_doubling,0.00002,,0.008,,,,,,,true,true,1@0.003=open,,,,,,,0
0.004711813907038345,R3,resistor,B,0,100,Ω,,0,,-2.7220062954176605,-0.027220062954176606,0.07409318272293376,0,true,true,backward_euler_step_doubling,0.00002,,0.008,,,,,,,,,,,,,,,,0
0.004711813907038345,L4,inductor,B,0,100,mH,,0,A,-2.7220062954176605,0.027220062954176606,-0.07409318272293376,0.000037046591361466886,true,true,backward_euler_step_doubling,0.00002,1e-10,0.008,,,,,,,,,,,,,,,,0
0.004720816820930444,V1,voltage,A,0,5,V,,0,,5,0,0,0,true,true,backward_euler_step_doubling,0.00002,,0.008,dc,5,10,0,50,2,,,,,,,,,,0
0.004720816820930444,S2,switch,A,B,0,,false,0,,7.697718963880758,0,0,0,true,true,backward_euler_step_doubling,0.00002,,0.008,,,,,,,true,true,1@0.003=open,,,,,,,0
0.004720816820930444,R3,resistor,B,0,100,Ω,,0,,-2.697718963880759,-0.02697718963880759,0.07277687608081874,0,true,true,backward_euler_step_doubling,0.00002,,0.008,,,,,,,,,,,,,,,,0
0.004720816820930444,L4,inductor,B,0,100,mH,,0,A,-2.697718963880759,0.02697718963880759,-0.07277687608081874,0.000036388438040409376,true,true,backward_euler_step_doubling,0.00002,1e-10,0.008,,,,,,,,,,,,,,,,0
0.004729819734822544,V1,voltage,A,0,5,V,,0,,5,0,0,0,true,true,backward_euler_step_doubling,0.00002,,0.008,dc,5,10,0,50,2,,,,,,,,,,0
0.004729819734822544,S2,switch,A,B,0,,false,0,,7.673648338114956,0,0,0,true,true,backward_euler_step_doubling,0.00002,,0.008,,,,,,,true,true,1@0.003=open,,,,,,,0
0.004729819734822544,R3,resistor,B,0,100,Ω,,0,,-2.6736483381149556,-0.026736483381149555,0.07148395435904864,0,true,true,backward_euler_step_doubling,0.00002,,0.008,,,,,,,,,,,,,,,,0
0.004729819734822544,L4,inductor,B,0,100,mH,,0,A,-2.6736483381149556,0.026736483381149555,-0.07148395435904864,0.00003574197717952432,true,true,backward_euler_step_doubling,0.00002,1e-10,0.008,,,,,,,,,,,,,,,,0
0.00473890441789381,V1,voltage,A,0,5,V,,0,,5,0,0,0,true,true,backward_euler_step_doubling,0.00002,,0.008,dc,5,10,0,50,2,,,,,,,,,,0
0.00473890441789381,S2,switch,A,B,0,,false,0,,7.649577763857632,0,0,0,true,true,backward_euler_step_doubling,0.00002,,0.008,,,,,,,true,true,1@0.003=open,,,,,,,0
0.00473890441789381,R3,resistor,B,0,100,Ω,,0,,-2.6495777638576326,-0.026495777638576325,0.07020262326728813,0,true,true,backward_euler_step_doubling,0.00002,,0.008,,,,,,,,,,,,,,,,0
0.00473890441789381,L4,inductor,B,0,100,mH,,0,A,-2.6495777638576326,0.026495777638576325,-0.07020262326728813,0.00003510131163364406,true,true,backward_euler_step_doubling,0.00002,1e-10,0.008,,,,,,,,,,,,,,,,0
0.004747989100965078,V1,voltage,A,0,5,V,,0,,5,0,0,0,true,true,backward_euler_step_doubling,0.00002,,0.008,dc,5,10,0,50,2,,,,,,,,,,0
0.004747989100965078,S2,switch,A,B,0,,false,0,,7.625723894443956,0,0,0,true,true,backward_euler_step_doubling,0.00002,,0.008,,,,,,,true,true,1@0.003=open,,,,,,,0
0.004747989100965078,R3,resistor,B,0,100,Ω,,0,,-2.6257238944439565,-0.026257238944439563,0.06894425969853937,0,true,true,backward_euler_step_doubling,0.00002,,0.008,,,,,,,,,,,,,,,,0
0.004747989100965078,L4,inductor,B,0,100,mH,,0,A,-2.6257238944439565,0.026257238944439563,-0.06894425969853937,0.00003447212984926968,true,true,backward_euler_step_doubling,0.00002,1e-10,0.008,,,,,,,,,,,,,,,,0
0.0047571570518105295,V1,voltage,A,0,5,V,,0,,5,0,0,0,true,true,backward_euler_step_doubling,0.00002,,0.008,dc,5,10,0,50,2,,,,,,,,,,0
0.0047571570518105295,S2,switch,A,B,0,,false,0,,7.601870077467482,0,0,0,true,true,backward_euler_step_doubling,0.00002,,0.008,,,,,,,true,true,1@0.003=open,,,,,,,0
0.0047571570518105295,R3,resistor,B,0,100,Ω,,0,,-2.601870077467482,-0.02601870077467482,0.0676972790002064,0,true,true,backward_euler_step_doubling,0.00002,,0.008,,,,,,,,,,,,,,,,0
0.0047571570518105295,L4,inductor,B,0,100,mH,,0,A,-2.601870077467482,0.026018700774674823,-0.06769727900020642,0.000033848639500103214,true,true,backward_euler_step_doubling,0.00002,1e-10,0.008,,,,,,,,,,,,,,,,0
0.004766325002655981,V1,voltage,A,0,5,V,,0,,5,0,0,0,true,true,backward_euler_step_doubling,0.00002,,0.008,dc,5,10,0,50,2,,,,,,,,,,0
0.004766325002655981,S2,switch,A,B,0,,false,0,,7.578232964381906,0,0,0,true,true,backward_euler_step_doubling,0.00002,,0.008,,,,,,,true,true,1@0.003=open,,,,,,,0
0.004766325002655981,R3,resistor,B,0,100,Ω,,0,,-2.5782329643819053,-0.025782329643819053,0.06647285218625507,0,true,true,backward_euler_step_doubling,0.00002,,0.008,,,,,,,,,,,,,,,,0
0.004766325002655981,L4,inductor,B,0,100,mH,,0,A,-2.5782329643819053,0.025782329643819053,-0.06647285218625507,0.00003323642609312754,true,true,backward_euler_step_doubling,0.00002,1e-10,0.008,,,,,,,,,,,,,,,,0
0.004775577761439052,V1,voltage,A,0,5,V,,0,,5,0,0,0,true,true,backward_euler_step_doubling,0.00002,,0.008,dc,5,10,0,50,2,,,,,,,,,,0
0.004775577761439052,S2,switch,A,B,0,,false,0,,7.554595904687609,0,0,0,true,true,backward_euler_step_doubling,0.00002,,0.008,,,,,,,true,true,1@0.003=open,,,,,,,0
0.004775577761439052,R3,resistor,B,0,100,Ω,,0,,-2.554595904687609,-0.025545959046876093,0.06525960236246704,0,true,true,backward_euler_step_doubling,0.00002,,0.008,,,,,,,,,,,,,,,,0
0.004775577761439052,L4,inductor,B,0,100,mH,,0,A,-2.554595904687609,0.025545959046876097,-0.06525960236246706,0.000032629801181233534,true,true,backward_euler_step_doubling,0.00002,1e-10,0.008,,,,,,,,,,,,,,,,0
0.0047848305202221235,V1,voltage,A,0,5,V,,0,,5,0,0,0,true,true,backward_euler_step_doubling,0.00002,,0.008,dc,5,10,0,50,2,,,,,,,,,,0
0.0047848305202221235,S2,switch,A,B,0,,false,0,,7.531175547905235,0,0,0,true,true,backward_euler_step_doubling,0.00002,,0.008,,,,,,,true,true,1@0.003=open,,,,,,,0
0.0047848305202221235,R3,resistor,B,0,100,Ω,,0,,-2.5311755479052347,-0.025311755479052348,0.06406849654313365,0,true,true,backward_euler_step_doubling,0.00002,,0.008,,,,,,,,,,,,,,,,0
0.0047848305202221235,L4,inductor,B,0,100,mH,,0,A,-2.5311755479052347,0.025311755479052348,-0.06406849654313365,0.00003203424827156683,true,true,backward_euler_step_doubling,0.00002,1e-10,0.008,,,,,,,,,,,,,,,,0
0.00479416967022603,V1,voltage,A,0,5,V,,0,,5,0,0,0,true,true,backward_euler_step_doubling,0.00002,,0.008,dc,5,10,0,50,2,,,,,,,,,,0
0.00479416967022603,S2,switch,A,B,0,,false,0,,7.507755245494479,0,0,0,true,true,backward_euler_step_doubling,0.00002,,0.008,,,,,,,true,true,1@0.003=open,,,,,,,0
0.00479416967022603,R3,resistor,B,0,100,Ω,,0,,-2.5077552454944794,-0.025077552454944793,0.06288836371305076,0,true,true,backward_euler_step_doubling,0.00002,,0.008,,,,,,,,,,,,,,,,0
0.00479416967022603,L4,inductor,B,0,100,mH,,0,A,-2.5077552454944794,0.025077552454944793,-0.06288836371305076,0.00003144418185652538,true,true,backward_euler_step_doubling,0.00002,1e-10,0.008,,,,,,,,,,,,,,,,0
0.004803508820229936,V1,voltage,A,0,5,V,,0,,5,0,0,0,true,true,backward_euler_step_doubling,0.00002,,0.008,dc,5,10,0,50,2,,,,,,,,,,0
0.004803508820229936,S2,switch,A,B,0,,false,0,,7.4845516449894705,0,0,0,true,true,backward_euler_step_doubling,0.00002,,0.008,,,,,,,true,true,1@0.003=open,,,,,,,0
0.004803508820229936,R3,resistor,B,0,100,Ω,,0,,-2.4845516449894705,-0.024845516449894703,0.06172996876619883,0,true,true,backward_euler_step_doubling,0.00002,,0.008,,,,,,,,,,,,,,,,0
0.004803508820229936,L4,inductor,B,0,100,mH,,0,A,-2.4845516449894705,0.02484551644989471,-0.06172996876619885,0.000030864984383099436,true,true,backward_euler_step_doubling,0.00002,1e-10,0.008,,,,,,,,,,,,,,,,0
0.004812935989482058,V1,voltage,A,0,5,V,,0,,5,0,0,0,true,true,backward_euler_step_doubling,0.00002,,0.008,dc,5,10,0,50,2,,,,,,,,,,0
0.004812935989482058,S2,switch,A,B,0,,false,0,,7.461348099863666,0,0,0,true,true,backward_euler_step_doubling,0.00002,,0.008,,,,,,,true,true,1@0.003=open,,,,,,,0
0.004812935989482058,R3,resistor,B,0,100,Ω,,0,,-2.461348099863666,-0.02461348099863666,0.06058234468702479,0,true,true,backward_euler_step_doubling,0.00002,,0.008,,,,,,,,,,,,,,,,0
0.004812935989482058,L4,inductor,B,0,100,mH,,0,A,-2.461348099863666,0.02461348099863666,-0.06058234468702479,0.000030291172343512398,true,true,backward_euler_step_doubling,0.00002,1e-10,0.008,,,,,,,,,,,,,,,,0
0.004822363158734181,V1,voltage,A,0,5,V,,0,,5,0,0,0,true,true,backward_euler_step_doubling,0.00002,,0.008,dc,5,10,0,50,2,,,,,,,,,,0
0.004822363158734181,S2,switch,A,B,0,,false,0,,7.43836125560922,0,0,0,true,true,backward_euler_step_doubling,0.00002,,0.008,,,,,,,true,true,1@0.003=open,,,,,,,0
0.004822363158734181,R3,resistor,B,0,100,Ω,,0,,-2.4383612556092196,-0.024383612556092196,0.059456056128561696,0,true,true,backward_euler_step_doubling,0.00002,,0.008,,,,,,,,,,,,,,,,0
0.004822363158734181,L4,inductor,B,0,100,mH,,0,A,-2.4383612556092196,0.0243836125560922,-0.0594560561285617,0.000029728028064280857,true,true,backward_euler_step_doubling,0.00002,1e-10,0.008,,,,,,,,,,,,,,,,0
0.004831880021707661,V1,voltage,A,0,5,V,,0,,5,0,0,0,true,true,backward_euler_step_doubling,0.00002,,0.008,dc,5,10,0,50,2,,,,,,,,,,0
0.004831880021707661,S2,switch,A,B,0,,false,0,,7.415374467769812,0,0,0,true,true,backward_euler_step_doubling,0.00002,,0.008,,,,,,,true,true,1@0.003=open,,,,,,,0
0.004831880021707661,R3,resistor,B,0,100,Ω,,0,,-2.4153744677698117,-0.024153744677698118,0.05834033819554301,0,true,true,backward_euler_step_doubling,0.00002,,0.008,,,,,,,,,,,,,,,,0
0.004831880021707661,L4,inductor,B,0,100,mH,,0,A,-2.4153744677698117,0.024153744677698118,-0.05834033819554301,0.00002917016909777151,true,true,backward_euler_step_doubling,0.00002,1e-10,0.008,,,,,,,,,,,,,,,,0
0.004841396884681141,V1,voltage,A,0,5,V,,0,,5,0,0,0,true,true,backward_euler_step_doubling,0.00002,,0.008,dc,5,10,0,50,2,,,,,,,,,,0
0.004841396884681141,S2,switch,A,B,0,,false,0,,7.392604379738096,0,0,0,true,true,backward_euler_step_doubling,0.00002,,0.008,,,,,,,true,true,1@0.003=open,,,,,,,0
0.004841396884681141,R3,resistor,B,0,100,Ω,,0,,-2.3926043797380956,-0.023926043797380957,0.057245557179419176,0,true,true,backward_euler_step_doubling,0.00002,,0.008,,,,,,,,,,,,,,,,0
0.004841396884681141,L4,inductor,B,0,100,mH,,0,A,-2.3926043797380956,0.023926043797380957,-0.057245557179419176,0.000028622778589709592,true,true,backward_euler_step_doubling,0.00002,1e-10,0.008,,,,,,,,,,,,,,,,0
0.0048510051640781055,V1,voltage,A,0,5,V,,0,,5,0,0,0,true,true,backward_euler_step_doubling,0.00002,,0.008,dc,5,10,0,50,2,,,,,,,,,,0
0.0048510051640781055,S2,switch,A,B,0,,false,0,,7.369834349186587,0,0,0,true,true,backward_euler_step_doubling,0.00002,,0.008,,,,,,,true,true,1@0.003=open,,,,,,,0
0.0048510051640781055,R3,resistor,B,0,100,Ω,,0,,-2.369834349186587,-0.02369834349186587,0.05616114842584615,0,true,true,backward_euler_step_doubling,0.00002,,0.008,,,,,,,,,,,,,,,,0
0.0048510051640781055,L4,inductor,B,0,100,mH,,0,A,-2.369834349186587,0.02369834349186587,-0.05616114842584615,0.000028080574212923076,true,true,backward_euler_step_doubling,0.00002,1e-10,0.008,,,,,,,,,,,,,,,,0
0.004860613443475071,V1,voltage,A,0,5,V,,0,,5,0,0,0,true,true,backward_euler_step_doubling,0.00002,,0.008,dc,5,10,0,50,2,,,,,,,,,,0
0.004860613443475071,S2,switch,A,B,0,,false,0,,7.34728101734871,0,0,0,true,true,backward_euler_step_doubling,0.00002,,0.008,,,,,,,true,true,1@0.003=open,,,,,,,0
0.004860613443475071,R3,resistor,B,0,100,Ω,,0,,-2.3472810173487093,-0.023472810173487093,0.05509728174405592,0,true,true,backward_euler_step_doubling,0.00002,,0.008,,,,,,,,,,,,,,,,0
0.004860613443475071,L4,inductor,B,0,100,mH,,0,A,-2.3472810173487093,0.023472810173487093,-0.05509728174405592,0.00002754864087202796,true,true,backward_euler_step_doubling,0.00002,1e-10,0.008,,,,,,,,,,,,,,,,0
0.004870314912096274,V1,voltage,A,0,5,V,,0,,5,0,0,0,true,true,backward_euler_step_doubling,0.00002,,0.008,dc,5,10,0,50,2,,,,,,,,,,0
0.004870314912096274,S2,switch,A,B,0,,false,0,,7.324727744086613,0,0,0,true,true,backward_euler_step_doubling,0.00002,,0.008,,,,,,,true,true,1@0.003=open,,,,,,,0
0.004870314912096274,R3,resistor,B,0,100,Ω,,0,,-2.324727744086613,-0.02324727744086613,0.05404359084126033,0,true,true,backward_euler_step_doubling,0.00002,,0.008,,,,,,,,,,,,,,,,0
0.004870314912096274,L4,inductor,B,0,100,mH,,0,A,-2.324727744086613,0.02324727744086613,-0.05404359084126033,0.000027021795420630164,true,true,backward_euler_step_doubling,0.00002,1e-10,0.008,,,,,,,,,,,,,,,,0
0.004880016380717477,V1,voltage,A,0,5,V,,0,,5,0,0,0,true,true,backward_euler_step_doubling,0.00002,,0.008,dc,5,10,0,50,2,,,,,,,,,,0
0.004880016380717477,S2,switch,A,B,0,,false,0,,7.302391168412524,0,0,0,true,true,backward_euler_step_doubling,0.00002,,0.008,,,,,,,true,true,1@0.003=open,,,,,,,0
0.004880016380717477,R3,resistor,B,0,100,Ω,,0,,-2.302391168412524,-0.02302391168412524,0.053010050923839876,0,true,true,backward_euler_step_doubling,0.00002,,0.008,,,,,,,,,,,,,,,,0
0.004880016380717477,L4,inductor,B,0,100,mH,,0,A,-2.302391168412524,0.023023911684125237,-0.05301005092383987,0.000026505025461919934,true,true,backward_euler_step_doubling,0.00002,1e-10,0.008,,,,,,,,,,,,,,,,0
0.004889812863423331,V1,voltage,A,0,5,V,,0,,5,0,0,0,true,true,backward_euler_step_doubling,0.00002,,0.008,dc,5,10,0,50,2,,,,,,,,,,0
0.004889812863423331,S2,switch,A,B,0,,false,0,,7.280054652441477,0,0,0,true,true,backward_euler_step_doubling,0.00002,,0.008,,,,,,,true,true,1@0.003=open,,,,,,,0
0.004889812863423331,R3,resistor,B,0,100,Ω,,0,,-2.280054652441477,-0.02280054652441477,0.051986492181200245,0,true,true,backward_euler_step_doubling,0.00002,,0.008,,,,,,,,,,,,,,,,0
0.004889812863423331,L4,inductor,B,0,100,mH,,0,A,-2.280054652441477,0.02280054652441477,-0.051986492181200245,0.000025993246090600124,true,true,backward_euler_step_doubling,0.00002,1e-10,0.008,,,,,,,,,,,,,,,,0
0.004899609346129186,V1,voltage,A,0,5,V,,0,,5,0,0,0,true,true,backward_euler_step_doubling,0.00002,,0.008,dc,5,10,0,50,2,,,,,,,,,,0
0.004899609346129186,S2,switch,A,B,0,,false,0,,7.257934832900025,0,0,0,true,true,backward_euler_step_doubling,0.00002,,0.008,,,,,,,true,true,1@0.003=open,,,,,,,0
0.004899609346129186,R3,resistor,B,0,100,Ω,,0,,-2.257934832900025,-0.02257934832900025,0.05098269709623264,0,true,true,backward_euler_step_doubling,0.00002,,0.008,,,,,,,,,,,,,,,,0
0.004899609346129186,L4,inductor,B,0,100,mH,,0,A,-2.257934832900025,0.02257934832900025,-0.05098269709623264,0.00002549134854811632,true,true,backward_euler_step_doubling,0.00002,1e-10,0.008,,,,,,,,,,,,,,,,0
0.004909502721897795,V1,voltage,A,0,5,V,,0,,5,0,0,0,true,true,backward_euler_step_doubling,0.00002,,0.008,dc,5,10,0,50,2,,,,,,,,,,0
0.004909502721897795,S2,switch,A,B,0,,false,0,,7.235815074221631,0,0,0,true,true,backward_euler_step_doubling,0.00002,,0.008,,,,,,,true,true,1@0.003=open,,,,,,,0
0.004909502721897795,R3,resistor,B,0,100,Ω,,0,,-2.235815074221631,-0.022358150742216313,0.04998869046116678,0,true,true,backward_euler_step_doubling,0.00002,,0.008,,,,,,,,,,,,,,,,0
0.004909502721897795,L4,inductor,B,0,100,mH,,0,A,-2.235815074221631,0.022358150742216313,-0.04998869046116678,0.000024994345230583394,true,true,backward_euler_step_doubling,0.00002,1e-10,0.008,,,,,,,,,,,,,,,,0
0.004919396097666403,V1,voltage,A,0,5,V,,0,,5,0,0,0,true,true,backward_euler_step_doubling,0.00002,,0.008,dc,5,10,0,50,2,,,,,,,,,,0
0.004919396097666403,S2,switch,A,B,0,,false,0,,7.213912010780346,0,0,0,true,true,backward_euler_step_doubling,0.00002,,0.008,,,,,,,true,true,1@0.003=open,,,,,,,0
0.004919396097666403,R3,resistor,B,0,100,Ω,,0,,-2.2139120107803456,-0.022139120107803455,0.04901406391477473,0,true,true,backward_euler_step_doubling,0.00002,,0.008,,,,,,,,,,,,,,,,0
0.004919396097666403,L4,inductor,B,0,100,mH,,0,A,-2.2139120107803456,0.02213912010780346,-0.04901406391477474,0.000024507031957387374,true,true,backward_euler_step_doubling,0.00002,1e-10,0.008,,,,,,,,,,,,,,,,0
0.004929388301754137,V1,voltage,A,0,5,V,,0,,5,0,0,0,true,true,backward_euler_step_doubling,0.00002,,0.008,dc,5,10,0,50,2,,,,,,,,,,0
0.004929388301754137,S2,switch,A,B,0,,false,0,,7.1920090093963065,0,0,0,true,true,backward_euler_step_doubling,0.00002,,0.008,,,,,,,true,true,1@0.003=open,,,,,,,0
0.004929388301754137,R3,resistor,B,0,100,Ω,,0,,-2.192009009396307,-0.02192009009396307,0.04804903497274579,0,true,true,backward_euler_step_doubling,0.00002,,0.008,,,,,,,,,,,,,,,,0
0.004929388301754137,L4,inductor,B,0,100,mH,,0,A,-2.192009009396307,0.021920090093963073,-0.0480490349727458,0.000024024517486372905,true,true,backward_euler_step_doubling,0.00002,1e-10,0.008,,,,,,,,,,,,,,,,0
0.00493938050584187,V1,voltage,A,0,5,V,,0,,5,0,0,0,true,true,backward_euler_step_doubling,0.00002,,0.008,dc,5,10,0,50,2,,,,,,,,,,0
0.00493938050584187,S2,switch,A,B,0,,false,0,,7.170322702021467,0,0,0,true,true,backward_euler_step_doubling,0.00002,,0.008,,,,,,,true,true,1@0.003=open,,,,,,,0
0.00493938050584187,R3,resistor,B,0,100,Ω,,0,,-2.1703227020214673,-0.021703227020214672,0.047103006309097625,0,true,true,backward_euler_step_doubling,0.00002,,0.008,,,,,,,,,,,,,,,,0
0.00493938050584187,L4,inductor,B,0,100,mH,,0,A,-2.1703227020214673,0.021703227020214672,-0.047103006309097625,0.00002355150315454881,true,true,backward_euler_step_doubling,0.00002,1e-10,0.008,,,,,,,,,,,,,,,,0
0.004949473532052901,V1,voltage,A,0,5,V,,0,,5,0,0,0,true,true,backward_euler_step_doubling,0.00002,,0.008,dc,5,10,0,50,2,,,,,,,,,,0
0.004949473532052901,S2,switch,A,B,0,,false,0,,7.148636457933568,0,0,0,true,true,backward_euler_step_doubling,0.00002,,0.008,,,,,,,true,true,1@0.003=open,,,,,,,0
0.004949473532052901,R3,resistor,B,0,100,Ω,,0,,-2.148636457933568,-0.02148636457933568,0.0461663862836131,0,true,true,backward_euler_step_doubling,0.00002,,0.008,,,,,,,,,,,,,,,,0
0.004949473532052901,L4,inductor,B,0,100,mH,,0,A,-2.148636457933568,0.02148636457933568,-0.0461663862836131,0.000023083193141806546,true,true,backward_euler_step_doubling,0.00002,1e-10,0.008,,,,,,,,,,,,,,,,0
0.004959566558263931,V1,voltage,A,0,5,V,,0,,5,0,0,0,true,true,backward_euler_step_doubling,0.00002,,0.008,dc,5,10,0,50,2,,,,,,,,,,0
0.004959566558263931,S2,switch,A,B,0,,false,0,,7.1271669065901175,0,0,0,true,true,backward_euler_step_doubling,0.00002,,0.008,,,,,,,true,true,1@0.003=open,,,,,,,0
0.004959566558263931,R3,resistor,B,0,100,Ω,,0,,-2.1271669065901175,-0.021271669065901177,0.0452483904849217,0,true,true,backward_euler_step_doubling,0.00002,,0.008,,,,,,,,,,,,,,,,0
0.004959566558263931,L4,inductor,B,0,100,mH,,0,A,-2.1271669065901175,0.021271669065901177,-0.0452483904849217,0.000022624195242460856,true,true,backward_euler_step_doubling,0.00002,1e-10,0.008,,,,,,,,,,,,,,,,0
0.004969762461335329,V1,voltage,A,0,5,V,,0,,5,0,0,0,true,true,backward_euler_step_doubling,0.00002,,0.008,dc,5,10,0,50,2,,,,,,,,,,0
0.004969762461335329,S2,switch,A,B,0,,false,0,,7.105697419800142,0,0,0,true,true,backward_euler_step_doubling,0.00002,,0.008,,,,,,,true,true,1@0.003=open,,,,,,,0
0.004969762461335329,R3,resistor,B,0,100,Ω,,0,,-2.105697419800142,-0.02105697419800142,0.04433961623752975,0,true,true,backward_euler_step_doubling,0.00002,,0.008,,,,,,,,,,,,,,,,0
0.004969762461335329,L4,inductor,B,0,100,mH,,0,A,-2.105697419800142,0.02105697419800142,-0.04433961623752975,0.00002216980811876488,true,true,backward_euler_step_doubling,0.00002,1e-10,0.008,,,,,,,,,,,,,,,,0
0.0049799583644067275,V1,voltage,A,0,5,V,,0,,5,0,0,0,true,true,backward_euler_step_doubling,0.00002,,0.008,dc,5,10,0,50,2,,,,,,,,,,0
0.0049799583644067275,S2,switch,A,B,0,,false,0,,7.084444624451537,0,0,0,true,true,backward_euler_step_doubling,0.00002,,0.008,,,,,,,true,true,1@0.003=open,,,,,,,0
0.0049799583644067275,R3,resistor,B,0,100,Ω,,0,,-2.084444624451537,-0.020844446244515372,0.043449093924049095,0,true,true,backward_euler_step_doubling,0.00002,,0.008,,,,,,,,,,,,,,,,0
0.0049799583644067275,L4,inductor,B,0,100,mH,,0,A,-2.084444624451537,0.020844446244515372,-0.043449093924049095,0.000021724546962024552,true,true,backward_euler_step_doubling,0.00002,1e-10,0.008,,,,,,,,,,,,,,,,0
0.0049902592625161515,V1,voltage,A,0,5,V,,0,,5,0,0,0,true,true,backward_euler_step_doubling,0.00002,,0.008,dc,5,10,0,50,2,,,,,,,,,,0
0.0049902592625161515,S2,switch,A,B,0,,false,0,,7.063191894961351,0,0,0,true,true,backward_euler_step_doubling,0.00002,,0.008,,,,,,,true,true,1@0.003=open,,,,,,,0
0.0049902592625161515,R3,resistor,B,0,100,Ω,,0,,-2.0631918949613506,-0.020631918949613505,0.042567607954342085,0,true,true,backward_euler_step_doubling,0.00002,,0.008,,,,,,,,,,,,,,,,0
0.0049902592625161515,L4,inductor,B,0,100,mH,,0,A,-2.0631918949613506,0.02063191894961351,-0.04256760795434209,0.00002128380397717105,true,true,backward_euler_step_doubling,0.00002,1e-10,0.008,,,,,,,,,,,,,,,,0
0.005000560160625576,V1,voltage,A,0,5,V,,0,,5,0,0,0,true,true,backward_euler_step_doubling,0.00002,,0.008,dc,5,10,0,50,2,,,,,,,,,,0
0.005000560160625576,S2,switch,A,B,0,,false,0,,7.042155855569565,0,0,0,true,true,backward_euler_step_doubling,0.00002,,0.008,,,,,,,true,true,1@0.003=open,,,,,,,0
0.005000560160625576,R3,resistor,B,0,100,Ω,,0,,-2.042155855569565,-0.020421558555695652,0.04170400538437063,0,true,true,backward_euler_step_doubling,0.00002,,0.008,,,,,,,,,,,,,,,,0
0.005000560160625576,L4,inductor,B,0,100,mH,,0,A,-2.042155855569565,0.020421558555695652,-0.04170400538437063,0.000020852002692185314,true,true,backward_euler_step_doubling,0.00002,1e-10,0.008,,,,,,,,,,,,,,,,0
0.005010968238029318,V1,voltage,A,0,5,V,,0,,5,0,0,0,true,true,backward_euler_step_doubling,0.00002,,0.008,dc,5,10,0,50,2,,,,,,,,,,0
0.005010968238029318,S2,switch,A,B,0,,false,0,,7.021119883381093,0,0,0,true,true,backward_euler_step_doubling,0.00002,,0.008,,,,,,,true,true,1@0.003=open,,,,,,,0
0.005010968238029318,R3,resistor,B,0,100,Ω,,0,,-2.021119883381093,-0.02021119883381093,0.04084925582998403,0,true,true,backward_euler_step_doubling,0.00002,,0.008,,,,,,,,,,,,,,,,0
0.005010968238029318,L4,inductor,B,0,100,mH,,0,A,-2.021119883381093,0.020211198833810933,-0.040849255829984034,0.000020424627914992025,true,true,backward_euler_step_doubling,0.00002,1e-10,0.008,,,,,,,,,,,,,,,,0
0.005021376315433059,V1,voltage,A,0,5,V,,0,,5,0,0,0,true,true,backward_euler_step_doubling,0.00002,,0.008,dc,5,10,0,50,2,,,,,,,,,,0
0.005021376315433059,S2,switch,A,B,0,,false,0,,7.000300599906515,0,0,0,true,true,backward_euler_step_doubling,0.00002,,0.008,,,,,,,true,true,1@0.003=open,,,,,,,0
0.005021376315433059,R3,resistor,B,0,100,Ω,,0,,-2.000300599906515,-0.020003005999065147,0.04001202489986363,0,true,true,backward_euler_step_doubling,0.00002,,0.008,,,,,,,,,,,,,,,,0
0.005021376315433059,L4,inductor,B,0,100,mH,,0,A,-2.000300599906515,0.02000300599906515,-0.040012024899863635,0.00002000601244993182,true,true,backward_euler_step_doubling,0.00002,1e-10,0.008,,,,,,,,,,,,,,,,0
0.005031893825242586,V1,voltage,A,0,5,V,,0,,5,0,0,0,true,true,backward_euler_step_doubling,0.00002,,0.008,dc,5,10,0,50,2,,,,,,,,,,0
0.005031893825242586,S2,switch,A,B,0,,false,0,,6.9794813850217725,0,0,0,true,true,backward_euler_step_doubling,0.00002,,0.008,,,,,,,true,true,1@0.003=open,,,,,,,0
0.005031893825242586,R3,resistor,B,0,100,Ω,,0,,-1.9794813850217727,-0.019794813850217727,0.039183465536477155,0,true,true,backward_euler_step_doubling,0.00002,,0.008,,,,,,,,,,,,,,,,0
0.005031893825242586,L4,inductor,B,0,100,mH,,0,A,-1.9794813850217727,0.019794813850217727,-0.039183465536477155,0.000019591732768238576,true,true,backward_euler_step_doubling,0.00002,1e-10,0.008,,,,,,,,,,,,,,,,0
0.005042411335052113,V1,voltage,A,0,5,V,,0,,5,0,0,0,true,true,backward_euler_step_doubling,0.00002,,0.008,dc,5,10,0,50,2,,,,,,,,,,0
0.005042411335052113,S2,switch,A,B,0,,false,0,,6.95887885742315,0,0,0,true,true,backward_euler_step_doubling,0.00002,,0.008,,,,,,,true,true,1@0.003=open,,,,,,,0
0.005042411335052113,R3,resistor,B,0,100,Ω,,0,,-1.95887885742315,-0.0195887885742315,0.038372063780594254,0,true,true,backward_euler_step_doubling,0.00002,,0.008,,,,,,,,,,,,,,,,0
0.005042411335052113,L4,inductor,B,0,100,mH,,0,A,-1.95887885742315,0.0195887885742315,-0.038372063780594254,0.000019186031890297127,true,true,backward_euler_step_doubling,0.00002,1e-10,0.008,,,,,,,,,,,,,,,,0
0.005053040602157985,V1,voltage,A,0,5,V,,0,,5,0,0,0,true,true,backward_euler_step_doubling,0.00002,,0.008,dc,5,10,0,50,2,,,,,,,,,,0
0.005053040602157985,S2,switch,A,B,0,,false,0,,6.938276399844199,0,0,0,true,true,backward_euler_step_doubling,0.00002,,0.008,,,,,,,true,true,1@0.003=open,,,,,,,0
0.005053040602157985,R3,resistor,B,0,100,Ω,,0,,-1.938276399844199,-0.01938276399844199,0.03756915402192989,0,true,true,backward_euler_step_doubling,0.00002,,0.008,,,,,,,,,,,,,,,,0
0.005053040602157985,L4,inductor,B,0,100,mH,,0,A,-1.938276399844199,0.019382763998441986,-0.03756915402192988,0.00001878457701096494,true,true,backward_euler_step_doubling,0.00002,1e-10,0.008,,,,,,,,,,,,,,,,0
0.005063669869263856,V1,voltage,A,0,5,V,,0,,5,0,0,0,true,true,backward_euler_step_doubling,0.00002,,0.008,dc,5,10,0,50,2,,,,,,,,,,0
0.005063669869263856,S2,switch,A,B,0,,false,0,,6.917890628078505,0,0,0,true,true,backward_euler_step_doubling,0.00002,,0.008,,,,,,,true,true,1@0.003=open,,,,,,,0
0.005063669869263856,R3,resistor,B,0,100,Ω,,0,,-1.9178906280785046,-0.019178906280785047,0.03678304461271361,0,true,true,backward_euler_step_doubling,0.00002,,0.008,,,,,,,,,,,,,,,,0
0.005063669869263856,L4,inductor,B,0,100,mH,,0,A,-1.9178906280785046,0.019178906280785044,-0.0367830446127136,0.0000183915223063568,true,true,backward_euler_step_doubling,0.00002,1e-10,0.008,,,,,,,,,,,,,,,,0
0.005074413293416433,V1,voltage,A,0,5,V,,0,,5,0,0,0,true,true,backward_euler_step_doubling,0.00002,,0.008,dc,5,10,0,50,2,,,,,,,,,,0
0.005074413293416433,S2,switch,A,B,0,,false,0,,6.8975049278074625,0,0,0,true,true,backward_euler_step_doubling,0.00002,,0.008,,,,,,,true,true,1@0.003=open,,,,,,,0
0.005074413293416433,R3,resistor,B,0,100,Ω,,0,,-1.8975049278074625,-0.018975049278074627,0.03600524951053604,0,true,true,backward_euler_step_doubling,0.00002,,0.008,,,,,,,,,,,,,,,,0
0.005074413293416433,L4,inductor,B,0,100,mH,,0,A,-1.8975049278074625,0.018975049278074623,-0.03600524951053603,0.000018002624755268015,true,true,backward_euler_step_doubling,0.00002,1e-10,0.008,,,,,,,,,,,,,,,,0
0.0050851567175690116,V1,voltage,A,0,5,V,,0,,5,0,0,0,true,true,backward_euler_step_doubling,0.00002,,0.008,dc,5,10,0,50,2,,,,,,,,,,0
0.0050851567175690116,S2,switch,A,B,0,,false,0,,6.8773359118298085,0,0,0,true,true,backward_euler_step_doubling,0.00002,,0.008,,,,,,,true,true,1@0.003=open,,,,,,,0
0.0050851567175690116,R3,resistor,B,0,100,Ω,,0,,-1.8773359118298085,-0.018773359118298086,0.03524390125845859,0,true,true,backward_euler_step_doubling,0.00002,,0.008,,,,,,,,,,,,,,,,0
0.0050851567175690116,L4,inductor,B,0,100,mH,,0,A,-1.8773359118298085,0.018773359118298083,-0.03524390125845858,0.00001762195062922929,true,true,backward_euler_step_doubling,0.00002,1e-10,0.008,,,,,,,,,,,,,,,,0
0.005096016776626173,V1,voltage,A,0,5,V,,0,,5,0,0,0,true,true,backward_euler_step_doubling,0.00002,,0.008,dc,5,10,0,50,2,,,,,,,,,,0
0.005096016776626173,S2,switch,A,B,0,,false,0,,6.857166968868883,0,0,0,true,true,backward_euler_step_doubling,0.00002,,0.008,,,,,,,true,true,1@0.003=open,,,,,,,0
0.005096016776626173,R3,resistor,B,0,100,Ω,,0,,-1.8571669688688832,-0.01857166968868883,0.03449069150257635,0,true,true,backward_euler_step_doubling,0.00002,,0.008,,,,,,,,,,,,,,,,0
0.005096016776626173,L4,inductor,B,0,100,mH,,0,A,-1.8571669688688832,0.01857166968868883,-0.03449069150257635,0.000017245345751288174,true,true,backward_euler_step_doubling,0.00002,1e-10,0.008,,,,,,,,,,,,,,,,0
0.005106876835683334,V1,voltage,A,0,5,V,,0,,5,0,0,0,true,true,backward_euler_step_doubling,0.00002,,0.008,dc,5,10,0,50,2,,,,,,,,,,0
0.005106876835683334,S2,switch,A,B,0,,false,0,,6.83721470863245,0,0,0,true,true,backward_euler_step_doubling,0.00002,,0.008,,,,,,,true,true,1@0.003=open,,,,,,,0
0.005106876835683334,R3,resistor,B,0,100,Ω,,0,,-1.8372147086324495,-0.018372147086324495,0.03375357885615416,0,true,true,backward_euler_step_doubling,0.00002,,0.008,,,,,,,,,,,,,,,,0
0.005106876835683334,L4,inductor,B,0,100,mH,,0,A,-1.8372147086324495,0.018372147086324495,-0.03375357885615416,0.000016876789428077083,true,true,backward_euler_step_doubling,0.00002,1e-10,0.008,,,,,,,,,,,,,,,,0
0.005117856089036206,V1,voltage,A,0,5,V,,0,,5,0,0,0,true,true,backward_euler_step_doubling,0.00002,,0.008,dc,5,10,0,50,2,,,,,,,,,,0
0.005117856089036206,S2,switch,A,B,0,,false,0,,6.8172625229839285,0,0,0,true,true,backward_euler_step_doubling,0.00002,,0.008,,,,,,,true,true,1@0.003=open,,,,,,,0
0.005117856089036206,R3,resistor,B,0,100,Ω,,0,,-1.8172625229839288,-0.018172625229839288,0.03302443077441914,0,true,true,backward_euler_step_doubling,0.00002,,0.008,,,,,,,,,,,,,,,,0
0.005117856089036206,L4,inductor,B,0,100,mH,,0,A,-1.8172625229839288,0.018172625229839288,-0.03302443077441914,0.00001651221538720957,true,true,backward_euler_step_doubling,0.00002,1e-10,0.008,,,,,,,,,,,,,,,,0
0.005128835342389079,V1,voltage,A,0,5,V,,0,,5,0,0,0,true,true,backward_euler_step_doubling,0.00002,,0.008,dc,5,10,0,50,2,,,,,,,,,,0
0.005128835342389079,S2,switch,A,B,0,,false,0,,6.797527018439844,0,0,0,true,true,backward_euler_step_doubling,0.00002,,0.008,,,,,,,true,true,1@0.003=open,,,,,,,0
0.005128835342389079,R3,resistor,B,0,100,Ω,,0,,-1.7975270184398444,-0.017975270184398442,0.032311033820212366,0,true,true,backward_euler_step_doubling,0.00002,,0.008,,,,,,,,,,,,,,,,0
0.005128835342389079,L4,inductor,B,0,100,mH,,0,A,-1.7975270184398444,0.017975270184398442,-0.032311033820212366,0.000016155516910106184,true,true,backward_euler_step_doubling,0.00002,1e-10,0.008,,,,,,,,,,,,,,,,0
0.005139936434577617,V1,voltage,A,0,5,V,,0,,5,0,0,0,true,true,backward_euler_step_doubling,0.00002,,0.008,dc,5,10,0,50,2,,,,,,,,,,0
0.005139936434577617,S2,switch,A,B,0,,false,0,,6.777791590106069,0,0,0,true,true,backward_euler_step_doubling,0.00002,,0.008,,,,,,,true,true,1@0.003=open,,,,,,,0
0.005139936434577617,R3,resistor,B,0,100,Ω,,0,,-1.7777915901060686,-0.017777915901060686,0.03160542937851864,0,true,true,backward_euler_step_doubling,0.00002,,0.008,,,,,,,,,,,,,,,,0
0.005139936434577617,L4,inductor,B,0,100,mH,,0,A,-1.7777915901060686,0.017777915901060686,-0.03160542937851864,0.00001580271468925932,true,true,backward_euler_step_doubling,0.00002,1e-10,0.008,,,,,,,,,,,,,,,,0
0.005151037526766156,V1,voltage,A,0,5,V,,0,,5,0,0,0,true,true,backward_euler_step_doubling,0.00002,,0.008,dc,5,10,0,50,2,,,,,,,,,,0
0.005151037526766156,S2,switch,A,B,0,,false,0,,6.758272841203268,0,0,0,true,true,backward_euler_step_doubling,0.00002,,0.008,,,,,,,true,true,1@0.003=open,,,,,,,0
0.005151037526766156,R3,resistor,B,0,100,Ω,,0,,-1.7582728412032678,-0.017582728412032678,0.030915233841130117,0,true,true,backward_euler_step_doubling,0.00002,,0.008,,,,,,,,,,,,,,,,0
0.005151037526766156,L4,inductor,B,0,100,mH,,0,A,-1.7582728412032678,0.017582728412032678,-0.030915233841130117,0.00001545761692056506,true,true,backward_euler_step_doubling,0.00002,1e-10,0.008,,,,,,,,,,,,,,,,0
0.005162263191297263,V1,voltage,A,0,5,V,,0,,5,0,0,0,true,true,backward_euler_step_doubling,0.00002,,0.008,dc,5,10,0,50,2,,,,,,,,,,0
0.005162263191297263,S2,switch,A,B,0,,false,0,,6.738754170186688,0,0,0,true,true,backward_euler_step_doubling,0.00002,,0.008,,,,,,,true,true,1@0.003=open,,,,,,,0
0.005162263191297263,R3,resistor,B,0,100,Ω,,0,,-1.738754170186688,-0.01738754170186688,0.030232660643415978,0,true,true,backward_euler_step_doubling,0.00002,,0.008,,,,,,,,,,,,,,,,0
0.005162263191297263,L4,inductor,B,0,100,mH,,0,A,-1.738754170186688,0.01738754170186688,-0.030232660643415978,0.00001511633032170799,true,true,backward_euler_step_doubling,0.00002,1e-10,0.008,,,,,,,,,,,,,,,,0
0.00517348885582837,V1,voltage,A,0,5,V,,0,,5,0,0,0,true,true,backward_euler_step_doubling,0.00002,,0.008,dc,5,10,0,50,2,,,,,,,,,,0
0.00517348885582837,S2,switch,A,B,0,,false,0,,6.719452176871842,0,0,0,true,true,backward_euler_step_doubling,0.00002,,0.008,,,,,,,true,true,1@0.003=open,,,,,,,0
0.00517348885582837,R3,resistor,B,0,100,Ω,,0,,-1.7194521768718425,-0.017194521768718427,0.02956515788549318,0,true,true,backward_euler_step_doubling,0.00002,,0.008,,,,,,,,,,,,,,,,0
0.00517348885582837,L4,inductor,B,0,100,mH,,0,A,-1.7194521768718425,0.017194521768718423,-0.029565157885493177,0.000014782578942746587,true,true,backward_euler_step_doubling,0.00002,1e-10,0.008,,,,,,,,,,,,,,,,0
0.0051848419192104265,V1,voltage,A,0,5,V,,0,,5,0,0,0,true,true,backward_euler_step_doubling,0.00002,,0.008,dc,5,10,0,50,2,,,,,,,,,,0
0.0051848419192104265,S2,switch,A,B,0,,false,0,,6.700150263174997,0,0,0,true,true,backward_euler_step_doubling,0.00002,,0.008,,,,,,,true,true,1@0.003=open,,,,,,,0
0.0051848419192104265,R3,resistor,B,0,100,Ω,,0,,-1.7001502631749972,-0.017001502631749973,0.028905109173740125,0,true,true,backward_euler_step_doubling,0.00002,,0.008,,,,,,,,,,,,,,,,0
0.0051848419192104265,L4,inductor,B,0,100,mH,,0,A,-1.7001502631749972,0.017001502631749973,-0.028905109173740125,0.000014452554586870064,true,true,backward_euler_step_doubling,0.00002,1e-10,0.008,,,,,,,,,,,,,,,,0
0.0051961949825924825,V1,voltage,A,0,5,V,,0,,5,0,0,0,true,true,backward_euler_step_doubling,0.00002,,0.008,dc,5,10,0,50,2,,,,,,,,,,0
0.0051961949825924825,S2,switch,A,B,0,,false,0,,6.6810650253923605,0,0,0,true,true,backward_euler_step_doubling,0.00002,,0.008,,,,,,,true,true,1@0.003=open,,,,,,,0
0.0051961949825924825,R3,resistor,B,0,100,Ω,,0,,-1.68106502539236,-0.0168106502539236,0.02825979619597416,0,true,true,backward_euler_step_doubling,0.00002,,0.008,,,,,,,,,,,,,,,,0
0.0051961949825924825,L4,inductor,B,0,100,mH,,0,A,-1.68106502539236,0.0168106502539236,-0.02825979619597416,0.000014129898097987082,true,true,backward_euler_step_doubling,0.00002,1e-10,0.008,,,,,,,,,,,,,,,,0
0.005207678368601117,V1,voltage,A,0,5,V,,0,,5,0,0,0,true,true,backward_euler_step_doubling,0.00002,,0.008,dc,5,10,0,50,2,,,,,,,,,,0
0.005207678368601117,S2,switch,A,B,0,,false,0,,6.661979869017849,0,0,0,true,true,backward_euler_step_doubling,0.00002,,0.008,,,,,,,true,true,1@0.003=open,,,,,,,0
0.005207678368601117,R3,resistor,B,0,100,Ω,,0,,-1.6619798690178493,-0.016619798690178492,0.027621770850205875,0,true,true,backward_euler_step_doubling,0.00002,,0.008,,,,,,,,,,,,,,,,0
0.005207678368601117,L4,inductor,B,0,100,mH,,0,A,-1.6619798690178493,0.016619798690178492,-0.027621770850205875,0.000013810885425102937,true,true,backward_euler_step_doubling,0.00002,1e-10,0.008,,,,,,,,,,,,,,,,0
0.0052191617546097505,V1,voltage,A,0,5,V,,0,,5,0,0,0,true,true,backward_euler_step_doubling,0.00002,,0.008,dc,5,10,0,50,2,,,,,,,,,,0
0.0052191617546097505,S2,switch,A,B,0,,false,0,,6.643111386709087,0,0,0,true,true,backward_euler_step_doubling,0.00002,,0.008,,,,,,,true,true,1@0.003=open,,,,,,,0
0.0052191617546097505,R3,resistor,B,0,100,Ω,,0,,-1.643111386709087,-0.01643111386709087,0.026998150291330587,0,true,true,backward_euler_step_doubling,0.00002,,0.008,,,,,,,,,,,,,,,,0
0.0052191617546097505,L4,inductor,B,0,100,mH,,0,A,-1.643111386709087,0.01643111386709087,-0.026998150291330587,0.000013499075145665292,true,true,backward_euler_step_doubling,0.00002,1e-10,0.008,,,,,,,,,,,,,,,,0
0.0052307784888009,V1,voltage,A,0,5,V,,0,,5,0,0,0,true,true,backward_euler_step_doubling,0.00002,,0.008,dc,5,10,0,50,2,,,,,,,,,,0
0.0052307784888009,S2,switch,A,B,0,,false,0,,6.624242987659606,0,0,0,true,true,backward_euler_step_doubling,0.00002,,0.008,,,,,,,true,true,1@0.003=open,,,,,,,0
0.0052307784888009,R3,resistor,B,0,100,Ω,,0,,-1.6242429876596065,-0.016242429876596066,0.026381652829614046,0,true,true,backward_euler_step_doubling,0.00002,,0.008,,,,,,,,,,,,,,,,0
0.0052307784888009,L4,inductor,B,0,100,mH,,0,A,-1.6242429876596065,0.016242429876596066,-0.026381652829614046,0.000013190826414807024,true,true,backward_euler_step_doubling,0.00002,1e-10,0.008,,,,,,,,,,,,,,,,0
0.00524239522299205,V1,voltage,A,0,5,V,,0,,5,0,0,0,true,true,backward_euler_step_doubling,0.00002,,0.008,dc,5,10,0,50,2,,,,,,,,,,0
0.00524239522299205,S2,switch,A,B,0,,false,0,,6.605591260763682,0,0,0,true,true,backward_euler_step_doubling,0.00002,,0.008,,,,,,,true,true,1@0.003=open,,,,,,,0
0.00524239522299205,R3,resistor,B,0,100,Ω,,0,,-1.6055912607636822,-0.01605591260763682,0.025779232966407103,0,true,true,backward_euler_step_doubling,0.00002,,0.008,,,,,,,,,,,,,,,,0
0.00524239522299205,L4,inductor,B,0,100,mH,,0,A,-1.6055912607636822,0.01605591260763682,-0.025779232966407103,0.000012889616483203553,true,true,backward_euler_step_doubling,0.00002,1e-10,0.008,,,,,,,,,,,,,,,,0
0.005254148437479753,V1,voltage,A,0,5,V,,0,,5,0,0,0,true,true,backward_euler_step_doubling,0.00002,,0.008,dc,5,10,0,50,2,,,,,,,,,,0
0.005254148437479753,S2,switch,A,B,0,,false,0,,6.586939619042047,0,0,0,true,true,backward_euler_step_doubling,0.00002,,0.008,,,,,,,true,true,1@0.003=open,,,,,,,0
0.005254148437479753,R3,resistor,B,0,100,Ω,,0,,-1.5869396190420466,-0.015869396190420465,0.02518377354485316,0,true,true,backward_euler_step_doubling,0.00002,,0.008,,,,,,,,,,,,,,,,0
0.005254148437479753,L4,inductor,B,0,100,mH,,0,A,-1.5869396190420466,0.015869396190420465,-0.02518377354485316,0.00001259188677242658,true,true,backward_euler_step_doubling,0.00002,1e-10,0.008,,,,,,,,,,,,,,,,0
0.0052659016519674565,V1,voltage,A,0,5,V,,0,,5,0,0,0,true,true,backward_euler_step_doubling,0.00002,,0.008,dc,5,10,0,50,2,,,,,,,,,,0
0.0052659016519674565,S2,switch,A,B,0,,false,0,,6.568504647495077,0,0,0,true,true,backward_euler_step_doubling,0.00002,,0.008,,,,,,,true,true,1@0.003=open,,,,,,,0
0.0052659016519674565,R3,resistor,B,0,100,Ω,,0,,-1.5685046474950772,-0.01568504647495077,0.024602068292136563,0,true,true,backward_euler_step_doubling,0.00002,,0.008,,,,,,,,,,,,,,,,0
0.0052659016519674565,L4,inductor,B,0,100,mH,,0,A,-1.5685046474950772,0.01568504647495077,-0.024602068292136563,0.000012301034146068281,true,true,backward_euler_step_doubling,0.00002,1e-10,0.008,,,,,,,,,,,,,,,,0
0.0052777945904852455,V1,voltage,A,0,5,V,,0,,5,0,0,0,true,true,backward_euler_step_doubling,0.00002,,0.008,dc,5,10,0,50,2,,,,,,,,,,0
0.0052777945904852455,S2,switch,A,B,0,,false,0,,6.5500697631041955,0,0,0,true,true,backward_euler_step_doubling,0.00002,,0.008,,,,,,,true,true,1@0.003=open,,,,,,,0
0.0052777945904852455,R3,resistor,B,0,100,Ω,,0,,-1.550069763104195,-0.01550069763104195,0.024027162704898953,0,true,true,backward_euler_step_doubling,0.00002,,0.008,,,,,,,,,,,,,,,,0
0.0052777945904852455,L4,inductor,B,0,100,mH,,0,A,-1.550069763104195,0.015500697631041952,-0.024027162704898956,0.00001201358135244948,true,true,backward_euler_step_doubling,0.00002,1e-10,0.008,,,,,,,,,,,,,,,,0
0.0052896875290030345,V1,voltage,A,0,5,V,,0,,5,0,0,0,true,true,backward_euler_step_doubling,0.00002,,0.008,dc,5,10,0,50,2,,,,,,,,,,0
0.0052896875290030345,S2,switch,A,B,0,,false,0,,6.531851546839256,0,0,0,true,true,backward_euler_step_doubling,0.00002,,0.008,,,,,,,true,true,1@0.003=open,,,,,,,0
0.0052896875290030345,R3,resistor,B,0,100,Ω,,0,,-1.531851546839256,-0.015318515468392559,0.02346569161553821,0,true,true,backward_euler_step_doubling,0.00002,,0.008,,,,,,,,,,,,,,,,0
0.0052896875290030345,L4,inductor,B,0,100,mH,,0,A,-1.531851546839256,0.01531851546839256,-0.023465691615538214,0.000011732845807769108,true,true,backward_euler_step_doubling,0.00002,1e-10,0.008,,,,,,,,,,,,,,,,0
0.005301723552269343,V1,voltage,A,0,5,V,,0,,5,0,0,0,true,true,backward_euler_step_doubling,0.00002,,0.008,dc,5,10,0,50,2,,,,,,,,,,0
0.005301723552269343,S2,switch,A,B,0,,false,0,,6.5136334197820975,0,0,0,true,true,backward_euler_step_doubling,0.00002,,0.008,,,,,,,true,true,1@0.003=open,,,,,,,0
0.005301723552269343,R3,resistor,B,0,100,Ω,,0,,-1.513633419782097,-0.015136334197820971,0.02291086129481246,0,true,true,backward_euler_step_doubling,0.00002,,0.008,,,,,,,,,,,,,,,,0
0.005301723552269343,L4,inductor,B,0,100,mH,,0,A,-1.513633419782097,0.015136334197820971,-0.02291086129481246,0.000011455430647406232,true,true,backward_euler_step_doubling,0.00002,1e-10,0.008,,,,,,,,,,,,,,,,0
0.005313759575535651,V1,voltage,A,0,5,V,,0,,5,0,0,0,true,true,backward_euler_step_doubling,0.00002,,0.008,dc,5,10,0,50,2,,,,,,,,,,0
0.005313759575535651,S2,switch,A,B,0,,false,0,,6.495631958729001,0,0,0,true,true,backward_euler_step_doubling,0.00002,,0.008,,,,,,,true,true,1@0.003=open,,,,,,,0
0.005313759575535651,R3,resistor,B,0,100,Ω,,0,,-1.4956319587290008,-0.014956319587290007,0.022369149559715473,0,true,true,backward_euler_step_doubling,0.00002,,0.008,,,,,,,,,,,,,,,,0
0.005313759575535651,L4,inductor,B,0,100,mH,,0,A,-1.4956319587290008,0.014956319587290007,-0.022369149559715473,0.000011184574779857737,true,true,backward_euler_step_doubling,0.00002,1e-10,0.008,,,,,,,,,,,,,,,,0
0.005325942166945302,V1,voltage,A,0,5,V,,0,,5,0,0,0,true,true,backward_euler_step_doubling,0.00002,,0.008,dc,5,10,0,50,2,,,,,,,,,,0
0.005325942166945302,S2,switch,A,B,0,,false,0,,6.4776305890087045,0,0,0,true,true,backward_euler_step_doubling,0.00002,,0.008,,,,,,,true,true,1@0.003=open,,,,,,,0
0.005325942166945302,R3,resistor,B,0,100,Ω,,0,,-1.4776305890087047,-0.014776305890087047,0.021833921575742116,0,true,true,backward_euler_step_doubling,0.00002,,0.008,,,,,,,,,,,,,,,,0
0.005325942166945302,L4,inductor,B,0,100,mH,,0,A,-1.4776305890087047,0.014776305890087047,-0.021833921575742116,0.00001091696078787106,true,true,backward_euler_step_doubling,0.00002,1e-10,0.008,,,,,,,,,,,,,,,,0
0.005338124758354954,V1,voltage,A,0,5,V,,0,,5,0,0,0,true,true,backward_euler_step_doubling,0.00002,,0.008,dc,5,10,0,50,2,,,,,,,,,,0
0.005338124758354954,S2,switch,A,B,0,,false,0,,6.45984588309391,0,0,0,true,true,backward_euler_step_doubling,0.00002,,0.008,,,,,,,true,true,1@0.003=open,,,,,,,0
0.005338124758354954,R3,resistor,B,0,100,Ω,,0,,-1.4598458830939096,-0.014598458830939097,0.02131150002386237,0,true,true,backward_euler_step_doubling,0.00002,,0.008,,,,,,,,,,,,,,,,0
0.005338124758354954,L4,inductor,B,0,100,mH,,0,A,-1.4598458830939096,0.014598458830939095,-0.021311500023862368,0.000010655750011931183,true,true,backward_euler_step_doubling,0.00002,1e-10,0.008,,,,,,,,,,,,,,,,0
0.005350457530021039,V1,voltage,A,0,5,V,,0,,5,0,0,0,true,true,backward_euler_step_doubling,0.00002,,0.008,dc,5,10,0,50,2,,,,,,,,,,0
0.005350457530021039,S2,switch,A,B,0,,false,0,,6.442061270713694,0,0,0,true,true,backward_euler_step_doubling,0.00002,,0.008,,,,,,,true,true,1@0.003=open,,,,,,,0
0.005350457530021039,R3,resistor,B,0,100,Ω,,0,,-1.4420612707136937,-0.014420612707136937,0.02079540708492393,0,true,true,backward_euler_step_doubling,0.00002,,0.008,,,,,,,,,,,,,,,,0
0.005350457530021039,L4,inductor,B,0,100,mH,,0,A,-1.4420612707136937,0.014420612707136937,-0.02079540708492393,0.000010397703542461965,true,true,backward_euler_step_doubling,0.00002,1e-10,0.008,,,,,,,,,,,,,,,,0
0.005362790301687123,V1,voltage,A,0,5,V,,0,,5,0,0,0,true,true,backward_euler_step_doubling,0.00002,,0.008,dc,5,10,0,50,2,,,,,,,,,,0
0.005362790301687123,S2,switch,A,B,0,,false,0,,6.424493319859997,0,0,0,true,true,backward_euler_step_doubling,0.00002,,0.008,,,,,,,true,true,1@0.003=open,,,,,,,0
0.005362790301687123,R3,resistor,B,0,100,Ω,,0,,-1.4244933198599974,-0.014244933198599975,0.020291812183257568,0,true,true,backward_euler_step_doubling,0.00002,,0.008,,,,,,,,,,,,,,,,0
0.005362790301687123,L4,inductor,B,0,100,mH,,0,A,-1.4244933198599974,0.014244933198599975,-0.020291812183257568,0.000010145906091628787,true,true,backward_euler_step_doubling,0.00002,1e-10,0.008,,,,,,,,,,,,,,,,0
0.005375277000859224,V1,voltage,A,0,5,V,,0,,5,0,0,0,true,true,backward_euler_step_doubling,0.00002,,0.008,dc,5,10,0,50,2,,,,,,,,,,0
0.005375277000859224,S2,switch,A,B,0,,false,0,,6.406925464823183,0,0,0,true,true,backward_euler_step_doubling,0.00002,,0.008,,,,,,,true,true,1@0.003=open,,,,,,,0
0.005375277000859224,R3,resistor,B,0,100,Ω,,0,,-1.4069254648231828,-0.014069254648231827,0.019794392635679288,0,true,true,backward_euler_step_doubling,0.00002,,0.008,,,,,,,,,,,,,,,,0
0.005375277000859224,L4,inductor,B,0,100,mH,,0,A,-1.4069254648231828,0.014069254648231829,-0.01979439263567929,0.000009897196317839647,true,true,backward_euler_step_doubling,0.00002,1e-10,0.008,,,,,,,,,,,,,,,,0
0.005387763700031324,V1,voltage,A,0,5,V,,0,,5,0,0,0,true,true,backward_euler_step_doubling,0.00002,,0.008,dc,5,10,0,50,2,,,,,,,,,,0
0.005387763700031324,S2,switch,A,B,0,,false,0,,6.389574268949519,0,0,0,true,true,backward_euler_step_doubling,0.00002,,0.008,,,,,,,true,true,1@0.003=open,,,,,,,0
0.005387763700031324,R3,resistor,B,0,100,Ω,,0,,-1.389574268949519,-0.01389574268949519,0.0193091664892659,0,true,true,backward_euler_step_doubling,0.00002,,0.008,,,,,,,,,,,,,,,,0
0.005387763700031324,L4,inductor,B,0,100,mH,,0,A,-1.389574268949519,0.01389574268949519,-0.0193091664892659,0.000009654583244632952,true,true,backward_euler_step_doubling,0.00002,1e-10,0.008,,,,,,,,,,,,,,,,0
0.005400408215918641,V1,voltage,A,0,5,V,,0,,5,0,0,0,true,true,backward_euler_step_doubling,0.00002,,0.008,dc,5,10,0,50,2,,,,,,,,,,0
0.005400408215918641,S2,switch,A,B,0,,false,0,,6.372223171259582,0,0,0,true,true,backward_euler_step_doubling,0.00002,,0.008,,,,,,,true,true,1@0.003=open,,,,,,,0
0.005400408215918641,R3,resistor,B,0,100,Ω,,0,,-1.3722231712595818,-0.013722231712595819,0.018829964317417038,0,true,true,backward_euler_step_doubling,0.00002,,0.008,,,,,,,,,,,,,,,,0
0.005400408215918641,L4,inductor,B,0,100,mH,,0,A,-1.3722231712595818,0.013722231712595817,-0.018829964317417035,0.000009414982158708517,true,true,backward_euler_step_doubling,0.00002,1e-10,0.008,,,,,,,,,,,,,,,,0
0.005413052731805959,V1,voltage,A,0,5,V,,0,,5,0,0,0,true,true,backward_euler_step_doubling,0.00002,,0.008,dc,5,10,0,50,2,,,,,,,,,,0
0.005413052731805959,S2,switch,A,B,0,,false,0,,6.355088730280821,0,0,0,true,true,backward_euler_step_doubling,0.00002,,0.008,,,,,,,true,true,1@0.003=open,,,,,,,0
0.005413052731805959,R3,resistor,B,0,100,Ω,,0,,-1.3550887302808208,-0.013550887302808208,0.01836265466934087,0,true,true,backward_euler_step_doubling,0.00002,,0.008,,,,,,,,,,,,,,,,0
0.005413052731805959,L4,inductor,B,0,100,mH,,0,A,-1.3550887302808208,0.013550887302808207,-0.01836265466934087,0.000009181327334670434,true,true,backward_euler_step_doubling,0.00002,1e-10,0.008,,,,,,,,,,,,,,,,0
0.00542585910283647,V1,voltage,A,0,5,V,,0,,5,0,0,0,true,true,backward_euler_step_doubling,0.00002,,0.008,dc,5,10,0,50,2,,,,,,,,,,0
0.00542585910283647,S2,switch,A,B,0,,false,0,,6.3379543899413315,0,0,0,true,true,backward_euler_step_doubling,0.00002,,0.008,,,,,,,true,true,1@0.003=open,,,,,,,0
0.00542585910283647,R3,resistor,B,0,100,Ω,,0,,-1.3379543899413313,-0.013379543899413314,0.0179012194956328,0,true,true,backward_euler_step_doubling,0.00002,,0.008,,,,,,,,,,,,,,,,0
0.00542585910283647,L4,inductor,B,0,100,mH,,0,A,-1.3379543899413313,0.013379543899413314,-0.0179012194956328,0.000008950609747816402,true,true,backward_euler_step_doubling,0.00002,1e-10,0.008,,,,,,,,,,,,,,,,0
0.005438665473866981,V1,voltage,A,0,5,V,,0,,5,0,0,0,true,true,backward_euler_step_doubling,0.00002,,0.008,dc,5,10,0,50,2,,,,,,,,,,0
0.005438665473866981,S2,switch,A,B,0,,false,0,,6.321036703767956,0,0,0,true,true,backward_euler_step_doubling,0.00002,,0.008,,,,,,,true,true,1@0.003=open,,,,,,,0
0.005438665473866981,R3,resistor,B,0,100,Ω,,0,,-1.321036703767956,-0.01321036703767956,0.017451379727021064,0,true,true,backward_euler_step_doubling,0.00002,,0.008,,,,,,,,,,,,,,,,0
0.005438665473866981,L4,inductor,B,0,100,mH,,0,A,-1.321036703767956,0.01321036703767956,-0.017451379727021064,0.000008725689863510532,true,true,backward_euler_step_doubling,0.00002,1e-10,0.008,,,,,,,,,,,,,,,,0
0.005451637895416301,V1,voltage,A,0,5,V,,0,,5,0,0,0,true,true,backward_euler_step_doubling,0.00002,,0.008,dc,5,10,0,50,2,,,,,,,,,,0
0.005451637895416301,S2,switch,A,B,0,,false,0,,6.304119120782636,0,0,0,true,true,backward_euler_step_doubling,0.00002,,0.008,,,,,,,true,true,1@0.003=open,,,,,,,0
0.005451637895416301,R3,resistor,B,0,100,Ω,,0,,-1.3041191207826361,-0.013041191207826361,0.01700726681190876,0,true,true,backward_euler_step_doubling,0.00002,,0.008,,,,,,,,,,,,,,,,0
0.005451637895416301,L4,inductor,B,0,100,mH,,0,A,-1.3041191207826361,0.01304119120782636,-0.017007266811908756,0.000008503633405954377,true,true,backward_euler_step_doubling,0.00002,1e-10,0.008,,,,,,,,,,,,,,,,0
0.0054646103169656195,V1,voltage,A,0,5,V,,0,,5,0,0,0,true,true,backward_euler_step_doubling,0.00002,,0.008,dc,5,10,0,50,2,,,,,,,,,,0
0.0054646103169656195,S2,switch,A,B,0,,false,0,,6.287418189320509,0,0,0,true,true,backward_euler_step_doubling,0.00002,,0.008,,,,,,,true,true,1@0.003=open,,,,,,,0
0.0054646103169656195,R3,resistor,B,0,100,Ω,,0,,-1.287418189320509,-0.01287418189320509,0.016574455941932978,0,true,true,backward_euler_step_doubling,0.00002,,0.008,,,,,,,,,,,,,,,,0
0.0054646103169656195,L4,inductor,B,0,100,mH,,0,A,-1.287418189320509,0.012874181893205088,-0.016574455941932978,0.000008287227970966488,true,true,backward_euler_step_doubling,0.00002,1e-10,0.008,,,,,,,,,,,,,,,,0
0.005477753149592664,V1,voltage,A,0,5,V,,0,,5,0,0,0,true,true,backward_euler_step_doubling,0.00002,,0.008,dc,5,10,0,50,2,,,,,,,,,,0
0.005477753149592664,S2,switch,A,B,0,,false,0,,6.27071736369321,0,0,0,true,true,backward_euler_step_doubling,0.00002,,0.008,,,,,,,true,true,1@0.003=open,,,,,,,0
0.005477753149592664,R3,resistor,B,0,100,Ω,,0,,-1.2707173636932099,-0.0127071736369321,0.016147226183914214,0,true,true,backward_euler_step_doubling,0.00002,,0.008,,,,,,,,,,,,,,,,0
0.005477753149592664,L4,inductor,B,0,100,mH,,0,A,-1.2707173636932099,0.012707173636932098,-0.016147226183914214,0.000008073613091957106,true,true,backward_euler_step_doubling,0.00002,1e-10,0.008,,,,,,,,,,,,,,,,0
0.005490895982219708,V1,voltage,A,0,5,V,,0,,5,0,0,0,true,true,backward_euler_step_doubling,0.00002,,0.008,dc,5,10,0,50,2,,,,,,,,,,0
0.005490895982219708,S2,switch,A,B,0,,false,0,,6.254233186843244,0,0,0,true,true,backward_euler_step_doubling,0.00002,,0.008,,,,,,,true,true,1@0.003=open,,,,,,,0
0.005490895982219708,R3,resistor,B,0,100,Ω,,0,,-1.2542331868432444,-0.012542331868432444,0.01573100886978961,0,true,true,backward_euler_step_doubling,0.00002,,0.008,,,,,,,,,,,,,,,,0
0.005490895982219708,L4,inductor,B,0,100,mH,,0,A,-1.2542331868432444,0.012542331868432444,-0.01573100886978961,0.000007865504434894805,true,true,backward_euler_step_doubling,0.00002,1e-10,0.008,,,,,,,,,,,,,,,,0
0.005504213760449458,V1,voltage,A,0,5,V,,0,,5,0,0,0,true,true,backward_euler_step_doubling,0.00002,,0.008,dc,5,10,0,50,2,,,,,,,,,,0
0.005504213760449458,S2,switch,A,B,0,,false,0,,6.237749118577955,0,0,0,true,true,backward_euler_step_doubling,0.00002,,0.008,,,,,,,true,true,1@0.003=open,,,,,,,0
0.005504213760449458,R3,resistor,B,0,100,Ω,,0,,-1.237749118577955,-0.01237749118577955,0.015320228805405046,0,true,true,backward_euler_step_doubling,0.00002,,0.008,,,,,,,,,,,,,,,,0
0.005504213760449458,L4,inductor,B,0,100,mH,,0,A,-1.237749118577955,0.012377491185779549,-0.015320228805405043,0.000007660114402702522,true,true,backward_euler_step_doubling,0.00002,1e-10,0.008,,,,,,,,,,,,,,,,0
0.005517531538679208,V1,voltage,A,0,5,V,,0,,5,0,0,0,true,true,backward_euler_step_doubling,0.00002,,0.008,dc,5,10,0,50,2,,,,,,,,,,0
0.005517531538679208,S2,switch,A,B,0,,false,0,,6.221481696235788,0,0,0,true,true,backward_euler_step_doubling,0.00002,,0.008,,,,,,,true,true,1@0.003=open,,,,,,,0
0.005517531538679208,R3,resistor,B,0,100,Ω,,0,,-1.2214816962357882,-0.012214816962357882,0.014920175342390584,0,true,true,backward_euler_step_doubling,0.00002,,0.008,,,,,,,,,,,,,,,,0
0.005517531538679208,L4,inductor,B,0,100,mH,,0,A,-1.2214816962357882,0.01221481696235788,-0.014920175342390582,0.000007460087671195291,true,true,backward_euler_step_doubling,0.00002,1e-10,0.008,,,,,,,,,,,,,,,,0
0.00553102898037678,V1,voltage,A,0,5,V,,0,,5,0,0,0,true,true,backward_euler_step_doubling,0.00002,,0.008,dc,5,10,0,50,2,,,,,,,,,,0
0.00553102898037678,S2,switch,A,B,0,,false,0,,6.205214385336631,0,0,0,true,true,backward_euler_step_doubling,0.00002,,0.008,,,,,,,true,true,1@0.003=open,,,,,,,0
0.00553102898037678,R3,resistor,B,0,100,Ω,,0,,-1.205214385336631,-0.012052143853366311,0.014525417146223536,0,true,true,backward_euler_step_doubling,0.00002,,0.008,,,,,,,,,,,,,,,,0
0.00553102898037678,L4,inductor,B,0,100,mH,,0,A,-1.205214385336631,0.012052143853366311,-0.014525417146223536,0.000007262708573111768,true,true,backward_euler_step_doubling,0.00002,1e-10,0.008,,,,,,,,,,,,,,,,0
0.005544526422074353,V1,voltage,A,0,5,V,,0,,5,0,0,0,true,true,backward_euler_step_doubling,0.00002,,0.008,dc,5,10,0,50,2,,,,,,,,,,0
0.005544526422074353,S2,switch,A,B,0,,false,0,,6.18916371739226,0,0,0,true,true,backward_euler_step_doubling,0.00002,,0.008,,,,,,,true,true,1@0.003=open,,,,,,,0
0.005544526422074353,R3,resistor,B,0,100,Ω,,0,,-1.1891637173922605,-0.011891637173922604,0.014141103467621798,0,true,true,backward_euler_step_doubling,0.00002,,0.008,,,,,,,,,,,,,,,,0
0.005544526422074353,L4,inductor,B,0,100,mH,,0,A,-1.1891637173922605,0.011891637173922606,-0.0141411034676218,0.000007070551733810901,true,true,backward_euler_step_doubling,0.00002,1e-10,0.008,,,,,,,,,,,,,,,,0
0.005558208438458747,V1,voltage,A,0,5,V,,0,,5,0,0,0,true,true,backward_euler_step_doubling,0.00002,,0.008,dc,5,10,0,50,2,,,,,,,,,,0
0.005558208438458747,S2,switch,A,B,0,,false,0,,6.1731131638635315,0,0,0,true,true,backward_euler_step_doubling,0.00002,,0.008,,,,,,,true,true,1@0.003=open,,,,,,,0
0.005558208438458747,R3,resistor,B,0,100,Ω,,0,,-1.173113163863532,-0.011731131638635319,0.013761944952299059,0,true,true,backward_euler_step_doubling,0.00002,,0.008,,,,,,,,,,,,,,,,0
0.005558208438458747,L4,inductor,B,0,100,mH,,0,A,-1.173113163863532,0.01173113163863532,-0.01376194495229906,0.000006880972476149531,true,true,backward_euler_step_doubling,0.00002,1e-10,0.008,,,,,,,,,,,,,,,,0
0.00557189045484314,V1,voltage,A,0,5,V,,0,,5,0,0,0,true,true,backward_euler_step_doubling,0.00002,,0.008,dc,5,10,0,50,2,,,,,,,,,,0
0.00557189045484314,S2,switch,A,B,0,,false,0,,6.157279250200964,0,0,0,true,true,backward_euler_step_doubling,0.00002,,0.008,,,,,,,true,true,1@0.003=open,,,,,,,0
0.00557189045484314,R3,resistor,B,0,100,Ω,,0,,-1.1572792502009637,-0.011572792502009637,0.013392952629457047,0,true,true,backward_euler_step_doubling,0.00002,,0.008,,,,,,,,,,,,,,,,0
0.00557189045484314,L4,inductor,B,0,100,mH,,0,A,-1.1572792502009637,0.011572792502009639,-0.013392952629457049,0.000006696476314728526,true,true,backward_euler_step_doubling,0.00002,1e-10,0.008,,,,,,,,,,,,,,,,0
0.005585762161193823,V1,voltage,A,0,5,V,,0,,5,0,0,0,true,true,backward_euler_step_doubling,0.00002,,0.008,dc,5,10,0,50,2,,,,,,,,,,0
0.005585762161193823,S2,switch,A,B,0,,false,0,,6.1414454540471,0,0,0,true,true,backward_euler_step_doubling,0.00002,,0.008,,,,,,,true,true,1@0.003=open,,,,,,,0
0.005585762161193823,R3,resistor,B,0,100,Ω,,0,,-1.1414454540471002,-0.011414454540471002,0.013028977245647907,0,true,true,backward_euler_step_doubling,0.00002,,0.008,,,,,,,,,,,,,,,,0
0.005585762161193823,L4,inductor,B,0,100,mH,,0,A,-1.1414454540471002,0.011414454540471002,-0.013028977245647907,0.000006514488622823954,true,true,backward_euler_step_doubling,0.00002,1e-10,0.008,,,,,,,,,,,,,,,,0
0.005599633867544506,V1,voltage,A,0,5,V,,0,,5,0,0,0,true,true,backward_euler_step_doubling,0.00002,,0.008,dc,5,10,0,50,2,,,,,,,,,,0
0.005599633867544506,S2,switch,A,B,0,,false,0,,6.125828294543897,0,0,0,true,true,backward_euler_step_doubling,0.00002,,0.008,,,,,,,true,true,1@0.003=open,,,,,,,0
0.005599633867544506,R3,resistor,B,0,100,Ω,,0,,-1.1258282945438969,-0.011258282945438968,0.012674893487956194,0,true,true,backward_euler_step_doubling,0.00002,,0.008,,,,,,,,,,,,,,,,0
0.005599633867544506,L4,inductor,B,0,100,mH,,0,A,-1.1258282945438969,0.011258282945438968,-0.012674893487956194,0.000006337446743978096,true,true,backward_euler_step_doubling,0.00002,1e-10,0.008,,,,,,,,,,,,,,,,0
0.005613700594659029,V1,voltage,A,0,5,V,,0,,5,0,0,0,true,true,backward_euler_step_doubling,0.00002,,0.008,dc,5,10,0,50,2,,,,,,,,,,0
0.005613700594659029,S2,switch,A,B,0,,false,0,,6.110211255769515,0,0,0,true,true,backward_euler_step_doubling,0.00002,,0.008,,,,,,,true,true,1@0.003=open,,,,,,,0
0.005613700594659029,R3,resistor,B,0,100,Ω,,0,,-1.1102112557695158,-0.011102112557695158,0.012325690324373252,0,true,true,backward_euler_step_doubling,0.00002,,0.008,,,,,,,,,,,,,,,,0
0.005613700594659029,L4,inductor,B,0,100,mH,,0,A,-1.1102112557695158,0.011102112557695158,-0.012325690324373252,0.000006162845162186627,true,true,backward_euler_step_doubling,0.00002,1e-10,0.008,,,,,,,,,,,,,,,,0
0.005627767321773551,V1,voltage,A,0,5,V,,0,,5,0,0,0,true,true,backward_euler_step_doubling,0.00002,,0.008,dc,5,10,0,50,2,,,,,,,,,,0
0.005627767321773551,S2,switch,A,B,0,,false,0,,6.094810850296378,0,0,0,true,true,backward_euler_step_doubling,0.00002,,0.008,,,,,,,true,true,1@0.003=open,,,,,,,0
0.005627767321773551,R3,resistor,B,0,100,Ω,,0,,-1.0948108502963785,-0.010948108502963785,0.011986107979266792,0,true,true,backward_euler_step_doubling,0.00002,,0.008,,,,,,,,,,,,,,,,0
0.005627767321773551,L4,inductor,B,0,100,mH,,0,A,-1.0948108502963785,0.010948108502963785,-0.011986107979266792,0.000005993053989633397,true,true,backward_euler_step_doubling,0.00002,1e-10,0.008,,,,,,,,,,,,,,,,0
0.005642034628240396,V1,voltage,A,0,5,V,,0,,5,0,0,0,true,true,backward_euler_step_doubling,0.00002,,0.008,dc,5,10,0,50,2,,,,,,,,,,0
0.005642034628240396,S2,switch,A,B,0,,false,0,,6.079410568906241,0,0,0,true,true,backward_euler_step_doubling,0.00002,,0.008,,,,,,,true,true,1@0.003=open,,,,,,,0
0.005642034628240396,R3,resistor,B,0,100,Ω,,0,,-1.0794105689062417,-0.010794105689062417,0.011651271762664962,0,true,true,backward_euler_step_doubling,0.00002,,0.008,,,,,,,,,,,,,,,,0
0.005642034628240396,L4,inductor,B,0,100,mH,,0,A,-1.0794105689062417,0.010794105689062417,-0.011651271762664962,0.000005825635881332481,true,true,backward_euler_step_doubling,0.00002,1e-10,0.008,,,,,,,,,,,,,,,,0
0.005656301934707241,V1,voltage,A,0,5,V,,0,,5,0,0,0,true,true,backward_euler_step_doubling,0.00002,,0.008,dc,5,10,0,50,2,,,,,,,,,,0
0.005656301934707241,S2,switch,A,B,0,,false,0,,6.064226917326479,0,0,0,true,true,backward_euler_step_doubling,0.00002,,0.008,,,,,,,true,true,1@0.003=open,,,,,,,0
0.005656301934707241,R3,resistor,B,0,100,Ω,,0,,-1.064226917326479,-0.010642269173264789,0.011325789315622201,0,true,true,backward_euler_step_doubling,0.00002,,0.008,,,,,,,,,,,,,,,,0
0.005656301934707241,L4,inductor,B,0,100,mH,,0,A,-1.064226917326479,0.01064226917326479,-0.011325789315622203,0.000005662894657811103,true,true,backward_euler_step_doubling,0.00002,1e-10,0.008,,,,,,,,,,,,,,,,0
0.0056707756200643665,V1,voltage,A,0,5,V,,0,,5,0,0,0,true,true,backward_euler_step_doubling,0.00002,,0.008,dc,5,10,0,50,2,,,,,,,,,,0
0.0056707756200643665,S2,switch,A,B,0,,false,0,,6.0490433933255146,0,0,0,true,true,backward_euler_step_doubling,0.00002,,0.008,,,,,,,true,true,1@0.003=open,,,,,,,0
0.0056707756200643665,R3,resistor,B,0,100,Ω,,0,,-1.0490433933255146,-0.010490433933255145,0.011004920410799103,0,true,true,backward_euler_step_doubling,0.00002,,0.008,,,,,,,,,,,,,,,,0
0.0056707756200643665,L4,inductor,B,0,100,mH,,0,A,-1.0490433933255146,0.010490433933255145,-0.011004920410799103,0.000005502460205399552,true,true,backward_euler_step_doubling,0.00002,1e-10,0.008,,,,,,,,,,,,,,,,0
0.005685249305421492,V1,voltage,A,0,5,V,,0,,5,0,0,0,true,true,backward_euler_step_doubling,0.00002,,0.008,dc,5,10,0,50,2,,,,,,,,,,0
0.005685249305421492,S2,switch,A,B,0,,false,0,,6.034076495494528,0,0,0,true,true,backward_euler_step_doubling,0.00002,,0.008,,,,,,,true,true,1@0.003=open,,,,,,,0
0.005685249305421492,R3,resistor,B,0,100,Ω,,0,,-1.0340764954945278,-0.010340764954945278,0.010693141985342443,0,true,true,backward_euler_step_doubling,0.00002,,0.008,,,,,,,,,,,,,,,,0
0.005685249305421492,L4,inductor,B,0,100,mH,,0,A,-1.0340764954945278,0.01034076495494528,-0.010693141985342445,0.000005346570992671223,true,true,backward_euler_step_doubling,0.00002,1e-10,0.008,,,,,,,,,,,,,,,,0
0.005699935424278378,V1,voltage,A,0,5,V,,0,,5,0,0,0,true,true,backward_euler_step_doubling,0.00002,,0.008,dc,5,10,0,50,2,,,,,,,,,,0
0.005699935424278378,S2,switch,A,B,0,,false,0,,6.019109728887872,0,0,0,true,true,backward_euler_step_doubling,0.00002,,0.008,,,,,,,true,true,1@0.003=open,,,,,,,0
0.005699935424278378,R3,resistor,B,0,100,Ω,,0,,-1.0191097288878719,-0.01019109728887872,0.010385846395139118,0,true,true,backward_euler_step_doubling,0.00002,,0.008,,,,,,,,,,,,,,,,0
0.005699935424278378,L4,inductor,B,0,100,mH,,0,A,-1.0191097288878719,0.010191097288878717,-0.010385846395139117,0.000005192923197569557,true,true,backward_euler_step_doubling,0.00002,1e-10,0.008,,,,,,,,,,,,,,,,0
0.005714621543135264,V1,voltage,A,0,5,V,,0,,5,0,0,0,true,true,backward_euler_step_doubling,0.00002,,0.008,dc,5,10,0,50,2,,,,,,,,,,0
0.005714621543135264,S2,switch,A,B,0,,false,0,,6.004359584652611,0,0,0,true,true,backward_euler_step_doubling,0.00002,,0.008,,,,,,,true,true,1@0.003=open,,,,,,,0
0.005714621543135264,R3,resistor,B,0,100,Ω,,0,,-1.0043595846526108,-0.010043595846526109,0.01008738175283565,0,true,true,backward_euler_step_doubling,0.00002,,0.008,,,,,,,,,,,,,,,,0
0.005714621543135264,L4,inductor,B,0,100,mH,,0,A,-1.0043595846526108,0.010043595846526109,-0.01008738175283565,0.000005043690876417825,true,true,backward_euler_step_doubling,0.00002,1e-10,0.008,,,,,,,,,,,,,,,,0
0.005729526420344441,V1,voltage,A,0,5,V,,0,,5,0,0,0,true,true,backward_euler_step_doubling,0.00002,,0.008,dc,5,10,0,50,2,,,,,,,,,,0
0.005729526420344441,S2,switch,A,B,0,,false,0,,5.989609575445568,0,0,0,true,true,backward_euler_step_doubling,0.00002,,0.008,,,,,,,true,true,1@0.003=open,,,,,,,0
0.005729526420344441,R3,resistor,B,0,100,Ω,,0,,-0.9896095754455686,-0.009896095754455686,0.009793271118135586,0,true,true,backward_euler_step_doubling,0.00002,,0.008,,,,,,,,,,,,,,,,0
0.005729526420344441,L4,inductor,B,0,100,mH,,0,A,-0.9896095754455686,0.009896095754455686,-0.009793271118135586,0.000004896635559067793,true,true,backward_euler_step_doubling,0.00002,1e-10,0.008,,,,,,,,,,,,,,,,0
0.005744431297553618,V1,voltage,A,0,5,V,,0,,5,0,0,0,true,true,backward_euler_step_doubling,0.00002,,0.008,dc,5,10,0,50,2,,,,,,,,,,0
0.005744431297553618,S2,switch,A,B,0,,false,0,,5.975076184643859,0,0,0,true,true,backward_euler_step_doubling,0.00002,,0.008,,,,,,,true,true,1@0.003=open,,,,,,,0
0.005744431297553618,R3,resistor,B,0,100,Ω,,0,,-0.9750761846438588,-0.009750761846438588,0.009507735658596247,0,true,true,backward_euler_step_doubling,0.00002,,0.008,,,,,,,,,,,,,,,,0
0.005744431297553618,L4,inductor,B,0,100,mH,,0,A,-0.9750761846438588,0.009750761846438588,-0.009507735658596247,0.000004753867829298123,true,true,backward_euler_step_doubling,0.00002,1e-10,0.008,,,,,,,,,,,,,,,,0
0.005759561544526496,V1,voltage,A,0,5,V,,0,,5,0,0,0,true,true,backward_euler_step_doubling,0.00002,,0.008,dc,5,10,0,50,2,,,,,,,,,,0
0.005759561544526496,S2,switch,A,B,0,,false,0,,5.960542932841909,0,0,0,true,true,backward_euler_step_doubling,0.00002,,0.008,,,,,,,true,true,1@0.003=open,,,,,,,0
0.005759561544526496,R3,resistor,B,0,100,Ω,,0,,-0.9605429328419087,-0.009605429328419087,0.009226427258325356,0,true,true,backward_euler_step_doubling,0.00002,,0.008,,,,,,,,,,,,,,,,0
0.005759561544526496,L4,inductor,B,0,100,mH,,0,A,-0.9605429328419087,0.009605429328419087,-0.009226427258325356,0.000004613213629162678,true,true,backward_euler_step_doubling,0.00002,1e-10,0.008,,,,,,,,,,,,,,,,0
0.005774691791499373,V1,voltage,A,0,5,V,,0,,5,0,0,0,true,true,backward_euler_step_doubling,0.00002,,0.008,dc,5,10,0,50,2,,,,,,,,,,0
0.005774691791499373,S2,switch,A,B,0,,false,0,,5.946226295301762,0,0,0,true,true,backward_euler_step_doubling,0.00002,,0.008,,,,,,,true,true,1@0.003=open,,,,,,,0
0.005774691791499373,R3,resistor,B,0,100,Ω,,0,,-0.9462262953017623,-0.009462262953017622,0.008953442019204979,0,true,true,backward_euler_step_doubling,0.00002,,0.008,,,,,,,,,,,,,,,,0
0.005774691791499373,L4,inductor,B,0,100,mH,,0,A,-0.9462262953017623,0.009462262953017622,-0.008953442019204979,0.000004476721009602489,true,true,backward_euler_step_doubling,0.00002,1e-10,0.008,,,,,,,,,,,,,,,,0
0.0057900543237714725,V1,voltage,A,0,5,V,,0,,5,0,0,0,true,true,backward_euler_step_doubling,0.00002,,0.008,dc,5,10,0,50,2,,,,,,,,,,0
0.0057900543237714725,S2,switch,A,B,0,,false,0,,5.931909800910587,0,0,0,true,true,backward_euler_step_doubling,0.00002,,0.008,,,,,,,true,true,1@0.003=open,,,,,,,0
0.0057900543237714725,R3,resistor,B,0,100,Ω,,0,,-0.9319098009105872,-0.009319098009105872,0.008684558770332102,0,true,true,backward_euler_step_doubling,0.00002,,0.008,,,,,,,,,,,,,,,,0
0.0057900543237714725,L4,inductor,B,0,100,mH,,0,A,-0.9319098009105872,0.009319098009105872,-0.008684558770332102,0.0000043422793851660515,true,true,backward_euler_step_doubling,0.00002,1e-10,0.008,,,,,,,,,,,,,,,,0
0.005805416856043573,V1,voltage,A,0,5,V,,0,,5,0,0,0,true,true,backward_euler_step_doubling,0.00002,,0.008,dc,5,10,0,50,2,,,,,,,,,,0
0.005805416856043573,S2,switch,A,B,0,,false,0,,5.917809916449479,0,0,0,true,true,backward_euler_step_doubling,0.00002,,0.008,,,,,,,true,true,1@0.003=open,,,,,,,0
0.005805416856043573,R3,resistor,B,0,100,Ω,,0,,-0.9178099164494787,-0.009178099164494788,0.008423750427329992,0,true,true,backward_euler_step_doubling,0.00002,,0.008,,,,,,,,,,,,,,,,0
0.005805416856043573,L4,inductor,B,0,100,mH,,0,A,-0.9178099164494787,0.00917809916449479,-0.008423750427329993,0.000004211875213664998,true,true,backward_euler_step_doubling,0.00002,1e-10,0.008,,,,,,,,,,,,,,,,0
0.005821018912205777,V1,voltage,A,0,5,V,,0,,5,0,0,0,true,true,backward_euler_step_doubling,0.00002,,0.008,dc,5,10,0,50,2,,,,,,,,,,0
0.005821018912205777,S2,switch,A,B,0,,false,0,,5.903710179474955,0,0,0,true,true,backward_euler_step_doubling,0.00002,,0.008,,,,,,,true,true,1@0.003=open,,,,,,,0
0.005821018912205777,R3,resistor,B,0,100,Ω,,0,,-0.903710179474955,-0.00903710179474955,0.008166920884866554,0,true,true,backward_euler_step_doubling,0.00002,,0.008,,,,,,,,,,,,,,,,0
0.005821018912205777,L4,inductor,B,0,100,mH,,0,A,-0.903710179474955,0.009037101794749551,-0.008166920884866554,0.000004083460442433278,true,true,backward_euler_step_doubling,0.00002,1e-10,0.008,,,,,,,,,,,,,,,,0
0.005836620968367981,V1,voltage,A,0,5,V,,0,,5,0,0,0,true,true,backward_euler_step_doubling,0.00002,,0.008,dc,5,10,0,50,2,,,,,,,,,,0
0.005836620968367981,S2,switch,A,B,0,,false,0,,5.8898270478989865,0,0,0,true,true,backward_euler_step_doubling,0.00002,,0.008,,,,,,,true,true,1@0.003=open,,,,,,,0
0.005836620968367981,R3,resistor,B,0,100,Ω,,0,,-0.8898270478989868,-0.008898270478989868,0.007917921751726257,0,true,true,backward_euler_step_doubling,0.00002,,0.008,,,,,,,,,,,,,,,,0
0.005836620968367981,L4,inductor,B,0,100,mH,,0,A,-0.8898270478989868,0.008898270478989868,-0.007917921751726257,0.000003958960875863129,true,true,backward_euler_step_doubling,0.00002,1e-10,0.008,,,,,,,,,,,,,,,,0
0.005852470130493134,V1,voltage,A,0,5,V,,0,,5,0,0,0,true,true,backward_euler_step_doubling,0.00002,,0.008,dc,5,10,0,50,2,,,,,,,,,,0
0.005852470130493134,S2,switch,A,B,0,,false,0,,5.875944068347186,0,0,0,true,true,backward_euler_step_doubling,0.00002,,0.008,,,,,,,true,true,1@0.003=open,,,,,,,0
0.005852470130493134,R3,resistor,B,0,100,Ω,,0,,-0.8759440683471866,-0.008759440683471866,0.007672780108726207,0,true,true,backward_euler_step_doubling,0.00002,,0.008,,,,,,,,,,,,,,,,0
0.005852470130493134,L4,inductor,B,0,100,mH,,0,A,-0.8759440683471866,0.008759440683471868,-0.007672780108726209,0.000003836390054363106,true,true,backward_euler_step_doubling,0.00002,1e-10,0.008,,,,,,,,,,,,,,,,0
0.005868319292618286,V1,voltage,A,0,5,V,,0,,5,0,0,0,true,true,backward_euler_step_doubling,0.00002,,0.008,dc,5,10,0,50,2,,,,,,,,,,0
0.005868319292618286,S2,switch,A,B,0,,false,0,,5.862277689450189,0,0,0,true,true,backward_euler_step_doubling,0.00002,,0.008,,,,,,,true,true,1@0.003=open,,,,,,,0
0.005868319292618286,R3,resistor,B,0,100,Ω,,0,,-0.8622776894501889,-0.00862277689450189,0.007435228137235564,0,true,true,backward_euler_step_doubling,0.00002,,0.008,,,,,,,,,,,,,,,,0
0.005868319292618286,L4,inductor,B,0,100,mH,,0,A,-0.8622776894501889,0.00862277689450189,-0.007435228137235564,0.000003717614068617783,true,true,backward_euler_step_doubling,0.00002,1e-10,0.008,,,,,,,,,,,,,,,,0
0.005884423508327079,V1,voltage,A,0,5,V,,0,,5,0,0,0,true,true,backward_euler_step_doubling,0.00002,,0.008,dc,5,10,0,50,2,,,,,,,,,,0
0.005884423508327079,S2,switch,A,B,0,,false,0,,5.848611467327393,0,0,0,true,true,backward_euler_step_doubling,0.00002,,0.008,,,,,,,true,true,1@0.003=open,,,,,,,0
0.005884423508327079,R3,resistor,B,0,100,Ω,,0,,-0.8486114673273931,-0.00848611467327393,0.007201414224795512,0,true,true,backward_euler_step_doubling,0.00002,,0.008,,,,,,,,,,,,,,,,0
0.005884423508327079,L4,inductor,B,0,100,mH,,0,A,-0.8486114673273931,0.00848611467327393,-0.007201414224795512,0.0000036007071123977557,true,true,backward_euler_step_doubling,0.00002,1e-10,0.008,,,,,,,,,,,,,,,,0
0.005900527724035872,V1,voltage,A,0,5,V,,0,,5,0,0,0,true,true,backward_euler_step_doubling,0.00002,,0.008,dc,5,10,0,50,2,,,,,,,,,,0
0.005900527724035872,S2,switch,A,B,0,,false,0,,5.835161840889949,0,0,0,true,true,backward_euler_step_doubling,0.00002,,0.008,,,,,,,true,true,1@0.003=open,,,,,,,0
0.005900527724035872,R3,resistor,B,0,100,Ω,,0,,-0.8351618408899486,-0.008351618408899485,0.006974953004786877,0,true,true,backward_euler_step_doubling,0.00002,,0.008,,,,,,,,,,,,,,,,0
0.005900527724035872,L4,inductor,B,0,100,mH,,0,A,-0.8351618408899486,0.008351618408899485,-0.006974953004786877,0.0000034874765023934385,true,true,backward_euler_step_doubling,0.00002,1e-10,0.008,,,,,,,,,,,,,,,,0
0.005916895330362387,V1,voltage,A,0,5,V,,0,,5,0,0,0,true,true,backward_euler_step_doubling,0.00002,,0.008,dc,5,10,0,50,2,,,,,,,,,,0
0.005916895330362387,S2,switch,A,B,0,,false,0,,5.821712376202639,0,0,0,true,true,backward_euler_step_doubling,0.00002,,0.008,,,,,,,true,true,1@0.003=open,,,,,,,0
0.005916895330362387,R3,resistor,B,0,100,Ω,,0,,-0.8217123762026383,-0.008217123762026383,0.006752112292045861,0,true,true,backward_euler_step_doubling,0.00002,,0.008,,,,,,,,,,,,,,,,0
0.005916895330362387,L4,inductor,B,0,100,mH,,0,A,-0.8217123762026383,0.008217123762026383,-0.006752112292045861,0.000003376056146022931,true,true,backward_euler_step_doubling,0.00002,1e-10,0.008,,,,,,,,,,,,,,,,0
0.005933262936688903,V1,voltage,A,0,5,V,,0,,5,0,0,0,true,true,backward_euler_step_doubling,0.00002,,0.008,dc,5,10,0,50,2,,,,,,,,,,0
0.005933262936688903,S2,switch,A,B,0,,false,0,,5.808479501990993,0,0,0,true,true,backward_euler_step_doubling,0.00002,,0.008,,,,,,,true,true,1@0.003=open,,,,,,,0
0.005933262936688903,R3,resistor,B,0,100,Ω,,0,,-0.8084795019909925,-0.008084795019909925,0.006536391051396032,0,true,true,backward_euler_step_doubling,0.00002,,0.008,,,,,,,,,,,,,,,,0
0.005933262936688903,L4,inductor,B,0,100,mH,,0,A,-0.8084795019909925,0.008084795019909927,-0.006536391051396034,0.0000032681955256980175,true,true,backward_euler_step_doubling,0.00002,1e-10,0.008,,,,,,,,,,,,,,,,0
0.0059499026859247146,V1,voltage,A,0,5,V,,0,,5,0,0,0,true,true,backward_euler_step_doubling,0.00002,,0.008,dc,5,10,0,50,2,,,,,,,,,,0
0.0059499026859247146,S2,switch,A,B,0,,false,0,,5.795246794745839,0,0,0,true,true,backward_euler_step_doubling,0.00002,,0.008,,,,,,,true,true,1@0.003=open,,,,,,,0
0.0059499026859247146,R3,resistor,B,0,100,Ω,,0,,-0.7952467947458389,-0.007952467947458389,0.006324174645535304,0,true,true,backward_euler_step_doubling,0.00002,,0.008,,,,,,,,,,,,,,,,0
0.0059499026859247146,L4,inductor,B,0,100,mH,,0,A,-0.7952467947458389,0.00795246794745839,-0.006324174645535306,0.000003162087322767654,true,true,backward_euler_step_doubling,0.00002,1e-10,0.008,,,,,,,,,,,,,,,,0
0.005966542435160526,V1,voltage,A,0,5,V,,0,,5,0,0,0,true,true,backward_euler_step_doubling,0.00002,,0.008,dc,5,10,0,50,2,,,,,,,,,,0
0.005966542435160526,S2,switch,A,B,0,,false,0,,5.782230672510701,0,0,0,true,true,backward_euler_step_doubling,0.00002,,0.008,,,,,,,true,true,1@0.003=open,,,,,,,0
0.005966542435160526,R3,resistor,B,0,100,Ω,,0,,-0.7822306725107007,-0.007822306725107007,0.0061188482501654306,0,true,true,backward_euler_step_doubling,0.00002,,0.008,,,,,,,,,,,,,,,,0
0.005966542435160526,L4,inductor,B,0,100,mH,,0,A,-0.7822306725107007,0.007822306725107009,-0.006118848250165431,0.0000030594241250827166,true,true,backward_euler_step_doubling,0.00002,1e-10,0.008,,,,,,,,,,,,,,,,0
0.00598346352287734,V1,voltage,A,0,5,V,,0,,5,0,0,0,true,true,backward_euler_step_doubling,0.00002,,0.008,dc,5,10,0,50,2,,,,,,,,,,0
0.00598346352287734,S2,switch,A,B,0,,false,0,,5.769214722714582,0,0,0,true,true,backward_euler_step_doubling,0.00002,,0.008,,,,,,,true,true,1@0.003=open,,,,,,,0
0.00598346352287734,R3,resistor,B,0,100,Ω,,0,,-0.7692147227145824,-0.007692147227145824,0.005916912896408718,0,true,true,backward_euler_step_doubling,0.00002,,0.008,,,,,,,,,,,,,,,,0
0.00598346352287734,L4,inductor,B,0,100,mH,,0,A,-0.7692147227145824,0.007692147227145824,-0.005916912896408718,0.0000029584564482043595,true,true,backward_euler_step_doubling,0.00002,1e-10,0.008,,,,,,,,,,,,,,,,0
0.006000384610594154,V1,voltage,A,0,5,V,,0,,5,0,0,0,true,true,backward_euler_step_doubling,0.00002,,0.008,dc,5,10,0,50,2,,,,,,,,,,0
0.006000384610594154,S2,switch,A,B,0,,false,0,,5.756415352189833,0,0,0,true,true,backward_euler_step_doubling,0.00002,,0.008,,,,,,,true,true,1@0.003=open,,,,,,,0
0.006000384610594154,R3,resistor,B,0,100,Ω,,0,,-0.7564153521898332,-0.007564153521898332,0.005721641850284695,0,true,true,backward_euler_step_doubling,0.00002,,0.008,,,,,,,,,,,,,,,,0
0.006000384610594154,L4,inductor,B,0,100,mH,,0,A,-0.7564153521898332,0.007564153521898332,-0.005721641850284695,0.0000028608209251423475,true,true,backward_euler_step_doubling,0.00002,1e-10,0.008,,,,,,,,,,,,,,,,0
0.006017596706069023,V1,voltage,A,0,5,V,,0,,5,0,0,0,true,true,backward_euler_step_doubling,0.00002,,0.008,dc,5,10,0,50,2,,,,,,,,,,0
0.006017596706069023,S2,switch,A,B,0,,false,0,,5.743616159849842,0,0,0,true,true,backward_euler_step_doubling,0.00002,,0.008,,,,,,,true,true,1@0.003=open,,,,,,,0
0.006017596706069023,R3,resistor,B,0,100,Ω,,0,,-0.7436161598498423,-0.007436161598498423,0.005529649931898262,0,true,true,backward_euler_step_doubling,0.00002,,0.008,,,,,,,,,,,,,,,,0
0.006017596706069023,L4,inductor,B,0,100,mH,,0,A,-0.7436161598498423,0.007436161598498424,-0.005529649931898263,0.0000027648249659491318,true,true,backward_euler_step_doubling,0.00002,1e-10,0.008,,,,,,,,,,,,,,,,0
0.006034808801543892,V1,voltage,A,0,5,V,,0,,5,0,0,0,true,true,backward_euler_step_doubling,0.00002,,0.008,dc,5,10,0,50,2,,,,,,,,,,0
0.006034808801543892,S2,switch,A,B,0,,false,0,,5.731033540751103,0,0,0,true,true,backward_euler_step_doubling,0.00002,,0.008,,,,,,,true,true,1@0.003=open,,,,,,,0
0.006034808801543892,R3,resistor,B,0,100,Ω,,0,,-0.7310335407511028,-0.007310335407511029,0.005344100377030944,0,true,true,backward_euler_step_doubling,0.00002,,0.008,,,,,,,,,,,,,,,,0
0.006034808801543892,L4,inductor,B,0,100,mH,,0,A,-0.7310335407511028,0.0073103354075110295,-0.005344100377030944,0.000002672050188515473,true,true,backward_euler_step_doubling,0.00002,1e-10,0.008,,,,,,,,,,,,,,,,0
0.006052322080838361,V1,voltage,A,0,5,V,,0,,5,0,0,0,true,true,backward_euler_step_doubling,0.00002,,0.008,dc,5,10,0,50,2,,,,,,,,,,0
0.006052322080838361,S2,switch,A,B,0,,false,0,,5.718451105874503,0,0,0,true,true,backward_euler_step_doubling,0.00002,,0.008,,,,,,,true,true,1@0.003=open,,,,,,,0
0.006052322080838361,R3,resistor,B,0,100,Ω,,0,,-0.718451105874503,-0.00718451105874503,0.005161719915322963,0,true,true,backward_euler_step_doubling,0.00002,,0.008,,,,,,,,,,,,,,,,0
0.006052322080838361,L4,inductor,B,0,100,mH,,0,A,-0.718451105874503,0.007184511058745031,-0.005161719915322964,0.0000025808599576614824,true,true,backward_euler_step_doubling,0.00002,1e-10,0.008,,,,,,,,,,,,,,,,0
0.006069835360132829,V1,voltage,A,0,5,V,,0,,5,0,0,0,true,true,backward_euler_step_doubling,0.00002,,0.008,dc,5,10,0,50,2,,,,,,,,,,0
0.006069835360132829,S2,switch,A,B,0,,false,0,,5.706085237897502,0,0,0,true,true,backward_euler_step_doubling,0.00002,,0.008,,,,,,,true,true,1@0.003=open,,,,,,,0
0.006069835360132829,R3,resistor,B,0,100,Ω,,0,,-0.7060852378975029,-0.007060852378975029,0.004985563631767732,0,true,true,backward_euler_step_doubling,0.00002,,0.008,,,,,,,,,,,,,,,,0
0.006069835360132829,L4,inductor,B,0,100,mH,,0,A,-0.7060852378975029,0.007060852378975029,-0.004985563631767732,0.000002492781815883866,true,true,backward_euler_step_doubling,0.00002,1e-10,0.008,,,,,,,,,,,,,,,,0
0.00608766054210837,V1,voltage,A,0,5,V,,0,,5,0,0,0,true,true,backward_euler_step_doubling,0.00002,,0.008,dc,5,10,0,50,2,,,,,,,,,,0
0.00608766054210837,S2,switch,A,B,0,,false,0,,5.693719560491744,0,0,0,true,true,backward_euler_step_doubling,0.00002,,0.008,,,,,,,true,true,1@0.003=open,,,,,,,0
0.00608766054210837,R3,resistor,B,0,100,Ω,,0,,-0.6937195604917445,-0.006937195604917445,0.004812468286088592,0,true,true,backward_euler_step_doubling,0.00002,,0.008,,,,,,,,,,,,,,,,0
0.00608766054210837,L4,inductor,B,0,100,mH,,0,A,-0.6937195604917445,0.006937195604917446,-0.004812468286088592,0.0000024062341430442967,true,true,backward_euler_step_doubling,0.00002,1e-10,0.008,,,,,,,,,,,,,,,,0
0.0061054857240839125,V1,voltage,A,0,5,V,,0,,5,0,0,0,true,true,backward_euler_step_doubling,0.00002,,0.008,dc,5,10,0,50,2,,,,,,,,,,0
0.0061054857240839125,S2,switch,A,B,0,,false,0,,5.681570443310583,0,0,0,true,true,backward_euler_step_doubling,0.00002,,0.008,,,,,,,true,true,1@0.003=open,,,,,,,0
0.0061054857240839125,R3,resistor,B,0,100,Ω,,0,,-0.6815704433105827,-0.006815704433105827,0.004645382691945843,0,true,true,backward_euler_step_doubling,0.00002,,0.008,,,,,,,,,,,,,,,,0
0.0061054857240839125,L4,inductor,B,0,100,mH,,0,A,-0.6815704433105827,0.006815704433105828,-0.004645382691945843,0.000002322691345972922,true,true,backward_euler_step_doubling,0.00002,1e-10,0.008,,,,,,,,,,,,,,,,0
0.006123634109671958,V1,voltage,A,0,5,V,,0,,5,0,0,0,true,true,backward_euler_step_doubling,0.00002,,0.008,dc,5,10,0,50,2,,,,,,,,,,0
0.006123634109671958,S2,switch,A,B,0,,false,0,,5.669421523383286,0,0,0,true,true,backward_euler_step_doubling,0.00002,,0.008,,,,,,,true,true,1@0.003=open,,,,,,,0
0.006123634109671958,R3,resistor,B,0,100,Ω,,0,,-0.6694215233832856,-0.006694215233832857,0.004481251759687988,0,true,true,backward_euler_step_doubling,0.00002,,0.008,,,,,,,,,,,,,,,,0
0.006123634109671958,L4,inductor,B,0,100,mH,,0,A,-0.6694215233832856,0.006694215233832856,-0.004481251759687988,0.000002240625879843994,true,true,backward_euler_step_doubling,0.00002,1e-10,0.008,,,,,,,,,,,,,,,,0
0.006141782495260005,V1,voltage,A,0,5,V,,0,,5,0,0,0,true,true,backward_euler_step_doubling,0.00002,,0.008,dc,5,10,0,50,2,,,,,,,,,,0
0.006141782495260005,S2,switch,A,B,0,,false,0,,5.65748915664847,0,0,0,true,true,backward_euler_step_doubling,0.00002,,0.008,,,,,,,true,true,1@0.003=open,,,,,,,0
0.006141782495260005,R3,resistor,B,0,100,Ω,,0,,-0.6574891566484699,-0.006574891566484699,0.004322919911103161,0,true,true,backward_euler_step_doubling,0.00002,,0.008,,,,,,,,,,,,,,,,0
0.006141782495260005,L4,inductor,B,0,100,mH,,0,A,-0.6574891566484699,0.006574891566484698,-0.0043229199111031605,0.0000021614599555515803,true,true,backward_euler_step_doubling,0.00002,1e-10,0.008,,,,,,,,,,,,,,,,0
0.00616026601034563,V1,voltage,A,0,5,V,,0,,5,0,0,0,true,true,backward_euler_step_doubling,0.00002,,0.008,dc,5,10,0,50,2,,,,,,,,,,0
0.00616026601034563,S2,switch,A,B,0,,false,0,,5.645556994207407,0,0,0,true,true,backward_euler_step_doubling,0.00002,,0.008,,,,,,,true,true,1@0.003=open,,,,,,,0
0.00616026601034563,R3,resistor,B,0,100,Ω,,0,,-0.6455569942074069,-0.0064555699420740685,0.004167438327701019,0,true,true,backward_euler_step_doubling,0.00002,,0.008,,,,,,,,,,,,,,,,0
0.00616026601034563,L4,inductor,B,0,100,mH,,0,A,-0.6455569942074069,0.0064555699420740685,-0.004167438327701019,0.00000208371916385051,true,true,backward_euler_step_doubling,0.00002,1e-10,0.008,,,,,,,,,,,,,,,,0
0.006178749525431254,V1,voltage,A,0,5,V,,0,,5,0,0,0,true,true,backward_euler_step_doubling,0.00002,,0.008,dc,5,10,0,50,2,,,,,,,,,,0
0.006178749525431254,S2,switch,A,B,0,,false,0,,5.6338413775436855,0,0,0,true,true,backward_euler_step_doubling,0.00002,,0.008,,,,,,,true,true,1@0.003=open,,,,,,,0
0.006178749525431254,R3,resistor,B,0,100,Ω,,0,,-0.6338413775436852,-0.006338413775436852,0.004017548918864765,0,true,true,backward_euler_step_doubling,0.00002,,0.008,,,,,,,,,,,,,,,,0
0.006178749525431254,L4,inductor,B,0,100,mH,,0,A,-0.6338413775436852,0.006338413775436851,-0.004017548918864764,0.000002008774459432382,true,true,backward_euler_step_doubling,0.00002,1e-10,0.008,,,,,,,,,,,,,,,,0
0.0061975807677567135,V1,voltage,A,0,5,V,,0,,5,0,0,0,true,true,backward_euler_step_doubling,0.00002,,0.008,dc,5,10,0,50,2,,,,,,,,,,0
0.0061975807677567135,S2,switch,A,B,0,,false,0,,5.622125972596754,0,0,0,true,true,backward_euler_step_doubling,0.00002,,0.008,,,,,,,true,true,1@0.003=open,,,,,,,0
0.0061975807677567135,R3,resistor,B,0,100,Ω,,0,,-0.6221259725967536,-0.006221259725967536,0.0038704072577945663,0,true,true,backward_euler_step_doubling,0.00002,,0.008,,,,,,,,,,,,,,,,0
0.0061975807677567135,L4,inductor,B,0,100,mH,,0,A,-0.6221259725967536,0.006221259725967537,-0.0038704072577945667,0.0000019352036288972838,true,true,backward_euler_step_doubling,0.00002,1e-10,0.008,,,,,,,,,,,,,,,,0
0.006216412010082172,V1,voltage,A,0,5,V,,0,,5,0,0,0,true,true,backward_euler_step_doubling,0.00002,,0.008,dc,5,10,0,50,2,,,,,,,,,,0
0.006216412010082172,S2,switch,A,B,0,,false,0,,5.6106271056006936,0,0,0,true,true,backward_euler_step_doubling,0.00002,,0.008,,,,,,,true,true,1@0.003=open,,,,,,,0
0.006216412010082172,R3,resistor,B,0,100,Ω,,0,,-0.6106271056006932,-0.0061062710560069325,0.0037286546209428016,0,true,true,backward_euler_step_doubling,0.00002,,0.008,,,,,,,,,,,,,,,,0
0.006216412010082172,L4,inductor,B,0,100,mH,,0,A,-0.6106271056006932,0.0061062710560069325,-0.0037286546209428016,0.0000018643273104714012,true,true,backward_euler_step_doubling,0.00002,1e-10,0.008,,,,,,,,,,,,,,,,0
0.006235604300630668,V1,voltage,A,0,5,V,,0,,5,0,0,0,true,true,backward_euler_step_doubling,0.00002,,0.008,dc,5,10,0,50,2,,,,,,,,,,0
0.006235604300630668,S2,switch,A,B,0,,false,0,,5.599128458155892,0,0,0,true,true,backward_euler_step_doubling,0.00002,,0.008,,,,,,,true,true,1@0.003=open,,,,,,,0
0.006235604300630668,R3,resistor,B,0,100,Ω,,0,,-0.5991284581558924,-0.005991284581558925,0.0035895490937225697,0,true,true,backward_euler_step_doubling,0.00002,,0.008,,,,,,,,,,,,,,,,0
0.006235604300630668,L4,inductor,B,0,100,mH,,0,A,-0.5991284581558924,0.0059912845815589255,-0.00358954909372257,0.0000017947745468612855,true,true,backward_euler_step_doubling,0.00002,1e-10,0.008,,,,,,,,,,,,,,,,0
0.0062547965911791655,V1,voltage,A,0,5,V,,0,,5,0,0,0,true,true,backward_euler_step_doubling,0.00002,,0.008,dc,5,10,0,50,2,,,,,,,,,,0
0.0062547965911791655,S2,switch,A,B,0,,false,0,,5.587846340393196,0,0,0,true,true,backward_euler_step_doubling,0.00002,,0.008,,,,,,,true,true,1@0.003=open,,,,,,,0
0.0062547965911791655,R3,resistor,B,0,100,Ω,,0,,-0.5878463403931958,-0.005878463403931959,0.0034556331991367306,0,true,true,backward_euler_step_doubling,0.00002,,0.008,,,,,,,,,,,,,,,,0
0.0062547965911791655,L4,inductor,B,0,100,mH,,0,A,-0.5878463403931958,0.005878463403931959,-0.0034556331991367306,0.0000017278165995683656,true,true,backward_euler_step_doubling,0.00002,1e-10,0.008,,,,,,,,,,,,,,,,0
0.00627436403056195,V1,voltage,A,0,5,V,,0,,5,0,0,0,true,true,backward_euler_step_doubling,0.00002,,0.008,dc,5,10,0,50,2,,,,,,,,,,0
0.00627436403056195,S2,switch,A,B,0,,false,0,,5.576564450458579,0,0,0,true,true,backward_euler_step_doubling,0.00002,,0.008,,,,,,,true,true,1@0.003=open,,,,,,,0
0.00627436403056195,R3,resistor,B,0,100,Ω,,0,,-0.5765644504585792,-0.005765644504585792,0.003324265655326034,0,true,true,backward_euler_step_doubling,0.00002,,0.008,,,,,,,,,,,,,,,,0
0.00627436403056195,L4,inductor,B,0,100,mH,,0,A,-0.5765644504585792,0.005765644504585793,-0.0033242656553260346,0.0000016621328276630177,true,true,backward_euler_step_doubling,0.00002,1e-10,0.008,,,,,,,,,,,,,,,,0
0.006293931469944734,V1,voltage,A,0,5,V,,0,,5,0,0,0,true,true,backward_euler_step_doubling,0.00002,,0.008,dc,5,10,0,50,2,,,,,,,,,,0
0.006293931469944734,S2,switch,A,B,0,,false,0,,5.56549908146107,0,0,0,true,true,backward_euler_step_doubling,0.00002,,0.008,,,,,,,true,true,1@0.003=open,,,,,,,0
0.006293931469944734,R3,resistor,B,0,100,Ω,,0,,-0.5654990814610695,-0.005654990814610695,0.0031978921113331336,0,true,true,backward_euler_step_doubling,0.00002,,0.008,,,,,,,,,,,,,,,,0
0.006293931469944734,L4,inductor,B,0,100,mH,,0,A,-0.5654990814610695,0.005654990814610696,-0.003197892111333134,0.0000015989460556665674,true,true,backward_euler_step_doubling,0.00002,1e-10,0.008,,,,,,,,,,,,,,,,0
0.006313889000387141,V1,voltage,A,0,5,V,,0,,5,0,0,0,true,true,backward_euler_step_doubling,0.00002,,0.008,dc,5,10,0,50,2,,,,,,,,,,0
0.006313889000387141,S2,switch,A,B,0,,false,0,,5.554433949044706,0,0,0,true,true,backward_euler_step_doubling,0.00002,,0.008,,,,,,,true,true,1@0.003=open,,,,,,,0
0.006313889000387141,R3,resistor,B,0,100,Ω,,0,,-0.5544339490447061,-0.005544339490447061,0.003073970038533078,0,true,true,backward_euler_step_doubling,0.00002,,0.008,,,,,,,,,,,,,,,,0
0.006313889000387141,L4,inductor,B,0,100,mH,,0,A,-0.5544339490447061,0.005544339490447061,-0.003073970038533078,0.0000015369850192665389,true,true,backward_euler_step_doubling,0.00002,1e-10,0.008,,,,,,,,,,,,,,,,0
0.006333846530829548,V1,voltage,A,0,5,V,,0,,5,0,0,0,true,true,backward_euler_step_doubling,0.00002,,0.008,dc,5,10,0,50,2,,,,,,,,,,0
0.006333846530829548,S2,switch,A,B,0,,false,0,,5.543585328306974,0,0,0,true,true,backward_euler_step_doubling,0.00002,,0.008,,,,,,,true,true,1@0.003=open,,,,,,,0
0.006333846530829548,R3,resistor,B,0,100,Ω,,0,,-0.5435853283069739,-0.0054358532830697396,0.0029548500915060065,0,true,true,backward_euler_step_doubling,0.00002,,0.008,,,,,,,,,,,,,,,,0
0.006333846530829548,L4,inductor,B,0,100,mH,,0,A,-0.5435853283069739,0.00543585328306974,-0.002954850091506007,0.0000014774250457530038,true,true,backward_euler_step_doubling,0.00002,1e-10,0.008,,,,,,,,,,,,,,,,0
0.006354210004436002,V1,voltage,A,0,5,V,,0,,5,0,0,0,true,true,backward_euler_step_doubling,0.00002,,0.008,dc,5,10,0,50,2,,,,,,,,,,0
0.006354210004436002,S2,switch,A,B,0,,false,0,,5.532736953416887,0,0,0,true,true,backward_euler_step_doubling,0.00002,,0.008,,,,,,,true,true,1@0.003=open,,,,,,,0
0.006354210004436002,R3,resistor,B,0,100,Ω,,0,,-0.5327369534168864,-0.005327369534168864,0.002838086615359058,0,true,true,backward_euler_step_doubling,0.00002,,0.008,,,,,,,,,,,,,,,,0
0.006354210004436002,L4,inductor,B,0,100,mH,,0,A,-0.5327369534168864,0.005327369534168865,-0.0028380866153590585,0.0000014190433076795294,true,true,backward_euler_step_doubling,0.00002,1e-10,0.008,,,,,,,,,,,,,,,,0
0.006374573478042456,V1,voltage,A,0,5,V,,0,,5,0,0,0,true,true,backward_euler_step_doubling,0.00002,,0.008,dc,5,10,0,50,2,,,,,,,,,,0
0.006374573478042456,S2,switch,A,B,0,,false,0,,5.522105080392517,0,0,0,true,true,backward_euler_step_doubling,0.00002,,0.008,,,,,,,true,true,1@0.003=open,,,,,,,0
0.006374573478042456,R3,resistor,B,0,100,Ω,,0,,-0.5221050803925178,-0.005221050803925178,0.0027259371497167745,0,true,true,backward_euler_step_doubling,0.00002,,0.008,,,,,,,,,,,,,,,,0
0.006374573478042456,L4,inductor,B,0,100,mH,,0,A,-0.5221050803925178,0.005221050803925178,-0.0027259371497167745,0.0000013629685748583873,true,true,backward_euler_step_doubling,0.00002,1e-10,0.008,,,,,,,,,,,,,,,,0
0.006395359732118671,V1,voltage,A,0,5,V,,0,,5,0,0,0,true,true,backward_euler_step_doubling,0.00002,,0.008,dc,5,10,0,50,2,,,,,,,,,,0
0.006395359732118671,S2,switch,A,B,0,,false,0,,5.511473463036597,0,0,0,true,true,backward_euler_step_doubling,0.00002,,0.008,,,,,,,true,true,1@0.003=open,,,,,,,0
0.006395359732118671,R3,resistor,B,0,100,Ω,,0,,-0.5114734630365972,-0.005114734630365972,0.002616051033906494,0,true,true,backward_euler_step_doubling,0.00002,,0.008,,,,,,,,,,,,,,,,0
0.006395359732118671,L4,inductor,B,0,100,mH,,0,A,-0.5114734630365972,0.005114734630365973,-0.0026160510339064942,0.0000013080255169532475,true,true,backward_euler_step_doubling,0.00002,1e-10,0.008,,,,,,,,,,,,,,,,0
0.006416145986194887,V1,voltage,A,0,5,V,,0,,5,0,0,0,true,true,backward_euler_step_doubling,0.00002,,0.008,dc,5,10,0,50,2,,,,,,,,,,0
0.006416145986194887,S2,switch,A,B,0,,false,0,,5.501058337133926,0,0,0,true,true,backward_euler_step_doubling,0.00002,,0.008,,,,,,,true,true,1@0.003=open,,,,,,,0
0.006416145986194887,R3,resistor,B,0,100,Ω,,0,,-0.5010583371339254,-0.005010583371339254,0.002510594572114145,0,true,true,backward_euler_step_doubling,0.00002,,0.008,,,,,,,,,,,,,,,,0
0.006416145986194887,L4,inductor,B,0,100,mH,,0,A,-0.5010583371339254,0.005010583371339255,-0.0025105945721141452,0.000001255297286057073,true,true,backward_euler_step_doubling,0.00002,1e-10,0.008,,,,,,,,,,,,,,,,0
0.006437372926520204,V1,voltage,A,0,5,V,,0,,5,0,0,0,true,true,backward_euler_step_doubling,0.00002,,0.008,dc,5,10,0,50,2,,,,,,,,,,0
0.006437372926520204,S2,switch,A,B,0,,false,0,,5.490643477319851,0,0,0,true,true,backward_euler_step_doubling,0.00002,,0.008,,,,,,,true,true,1@0.003=open,,,,,,,0
0.006437372926520204,R3,resistor,B,0,100,Ω,,0,,-0.4906434773198511,-0.004906434773198511,0.002407310218365152,0,true,true,backward_euler_step_doubling,0.00002,,0.008,,,,,,,,,,,,,,,,0
0.006437372926520204,L4,inductor,B,0,100,mH,,0,A,-0.4906434773198511,0.004906434773198511,-0.002407310218365152,0.0000012036551091825762,true,true,backward_euler_step_doubling,0.00002,1e-10,0.008,,,,,,,,,,,,,,,,0
0.0064585998668455205,V1,voltage,A,0,5,V,,0,,5,0,0,0,true,true,backward_euler_step_doubling,0.00002,,0.008,dc,5,10,0,50,2,,,,,,,,,,0
0.0064585998668455205,S2,switch,A,B,0,,false,0,,5.480445097897197,0,0,0,true,true,backward_euler_step_doubling,0.00002,,0.008,,,,,,,true,true,1@0.003=open,,,,,,,0
0.0064585998668455205,R3,resistor,B,0,100,Ω,,0,,-0.4804450978971963,-0.004804450978971963,0.0023082749209344658,0,true,true,backward_euler_step_doubling,0.00002,,0.008,,,,,,,,,,,,,,,,0
0.0064585998668455205,L4,inductor,B,0,100,mH,,0,A,-0.4804450978971963,0.0048044509789719626,-0.0023082749209344653,0.0000011541374604672325,true,true,backward_euler_step_doubling,0.00002,1e-10,0.008,,,,,,,,,,,,,,,,0
0.006480286559923004,V1,voltage,A,0,5,V,,0,,5,0,0,0,true,true,backward_euler_step_doubling,0.00002,,0.008,dc,5,10,0,50,2,,,,,,,,,,0
0.006480286559923004,S2,switch,A,B,0,,false,0,,5.470246995632309,0,0,0,true,true,backward_euler_step_doubling,0.00002,,0.008,,,,,,,true,true,1@0.003=open,,,,,,,0
0.006480286559923004,R3,resistor,B,0,100,Ω,,0,,-0.47024699563230954,-0.004702469956323095,0.0022113223690121333,0,true,true,backward_euler_step_doubling,0.00002,,0.008,,,,,,,,,,,,,,,,0
0.006480286559923004,L4,inductor,B,0,100,mH,,0,A,-0.47024699563230954,0.004702469956323095,-0.0022113223690121333,0.0000011056611845060667,true,true,backward_euler_step_doubling,0.00002,1e-10,0.008,,,,,,,,,,,,,,,,0
0.006501973253000488,V1,voltage,A,0,5,V,,0,,5,0,0,0,true,true,backward_euler_step_doubling,0.00002,,0.008,dc,5,10,0,50,2,,,,,,,,,,0
0.006501973253000488,S2,switch,A,B,0,,false,0,,5.46026536199258,0,0,0,true,true,backward_euler_step_doubling,0.00002,,0.008,,,,,,,true,true,1@0.003=open,,,,,,,0
0.006501973253000488,R3,resistor,B,0,100,Ω,,0,,-0.4602653619925795,-0.004602653619925795,0.0021184420345016024,0,true,true,backward_euler_step_doubling,0.00002,,0.008,,,,,,,,,,,,,,,,0
0.006501973253000488,L4,inductor,B,0,100,mH,,0,A,-0.4602653619925795,0.004602653619925795,-0.0021184420345016024,0.000001059221017250801,true,true,backward_euler_step_doubling,0.00002,1e-10,0.008,,,,,,,,,,,,,,,,0
0.0065241400284704425,V1,voltage,A,0,5,V,,0,,5,0,0,0,true,true,backward_euler_step_doubling,0.00002,,0.008,dc,5,10,0,50,2,,,,,,,,,,0
0.0065241400284704425,S2,switch,A,B,0,,false,0,,5.4502840172837415,0,0,0,true,true,backward_euler_step_doubling,0.00002,,0.008,,,,,,,true,true,1@0.003=open,,,,,,,0
0.0065241400284704425,R3,resistor,B,0,100,Ω,,0,,-0.4502840172837417,-0.004502840172837416,0.0020275569622118495,0,true,true,backward_euler_step_doubling,0.00002,,0.008,,,,,,,,,,,,,,,,0
0.0065241400284704425,L4,inductor,B,0,100,mH,,0,A,-0.4502840172837417,0.004502840172837417,-0.00202755696221185,0.0000010137784811059252,true,true,backward_euler_step_doubling,0.00002,1e-10,0.008,,,,,,,,,,,,,,,,0
0.006546306803940397,V1,voltage,A,0,5,V,,0,,5,0,0,0,true,true,backward_euler_step_doubling,0.00002,,0.008,dc,5,10,0,50,2,,,,,,,,,,0
0.006546306803940397,S2,switch,A,B,0,,false,0,,5.440519128668331,0,0,0,true,true,backward_euler_step_doubling,0.00002,,0.008,,,,,,,true,true,1@0.003=open,,,,,,,0
0.006546306803940397,R3,resistor,B,0,100,Ω,,0,,-0.4405191286683309,-0.004405191286683308,0.0019405710272270543,0,true,true,backward_euler_step_doubling,0.00002,,0.008,,,,,,,,,,,,,,,,0
0.006546306803940397,L4,inductor,B,0,100,mH,,0,A,-0.4405191286683309,0.004405191286683308,-0.0019405710272270543,9.702855136135273e-7,true,true,backward_euler_step_doubling,0.00002,1e-10,0.008,,,,,,,,,,,,,,,,0
0.006568975368529599,V1,voltage,A,0,5,V,,0,,5,0,0,0,true,true,backward_euler_step_doubling,0.00002,,0.008,dc,5,10,0,50,2,,,,,,,,,,0
0.006568975368529599,S2,switch,A,B,0,,false,0,,5.430754541521753,0,0,0,true,true,backward_euler_step_doubling,0.00002,,0.008,,,,,,,true,true,1@0.003=open,,,,,,,0
0.006568975368529599,R3,resistor,B,0,100,Ω,,0,,-0.4307545415217532,-0.004307545415217532,0.0018554947504161579,0,true,true,backward_euler_step_doubling,0.00002,,0.008,,,,,,,,,,,,,,,,0
0.006568975368529599,L4,inductor,B,0,100,mH,,0,A,-0.4307545415217532,0.004307545415217532,-0.0018554947504161579,9.27747375208079e-7,true,true,backward_euler_step_doubling,0.00002,1e-10,0.008,,,,,,,,,,,,,,,,0
0.0065916439331188,V1,voltage,A,0,5,V,,0,,5,0,0,0,true,true,backward_euler_step_doubling,0.00002,,0.008,dc,5,10,0,50,2,,,,,,,,,,0
0.0065916439331188,S2,switch,A,B,0,,false,0,,5.421206397103625,0,0,0,true,true,backward_euler_step_doubling,0.00002,,0.008,,,,,,,true,true,1@0.003=open,,,,,,,0
0.0065916439331188,R3,resistor,B,0,100,Ω,,0,,-0.4212063971036249,-0.004212063971036249,0.0017741482896101656,0,true,true,backward_euler_step_doubling,0.00002,,0.008,,,,,,,,,,,,,,,,0
0.0065916439331188,L4,inductor,B,0,100,mH,,0,A,-0.4212063971036249,0.004212063971036248,-0.0017741482896101652,8.870741448050825e-7,true,true,backward_euler_step_doubling,0.00002,1e-10,0.008,,,,,,,,,,,,,,,,0
0.006614837497718674,V1,voltage,A,0,5,V,,0,,5,0,0,0,true,true,backward_euler_step_doubling,0.00002,,0.008,dc,5,10,0,50,2,,,,,,,,,,0
0.006614837497718674,S2,switch,A,B,0,,false,0,,5.4116585675246505,0,0,0,true,true,backward_euler_step_doubling,0.00002,,0.008,,,,,,,true,true,1@0.003=open,,,,,,,0
0.006614837497718674,R3,resistor,B,0,100,Ω,,0,,-0.41165856752465,-0.0041165856752465,0.0016946277621644685,0,true,true,backward_euler_step_doubling,0.00002,,0.008,,,,,,,,,,,,,,,,0
0.006614837497718674,L4,inductor,B,0,100,mH,,0,A,-0.41165856752465,0.0041165856752465,-0.0016946277621644685,8.473138810822342e-7,true,true,backward_euler_step_doubling,0.00002,1e-10,0.008,,,,,,,,,,,,,,,,0
0.006638031062318549,V1,voltage,A,0,5,V,,0,,5,0,0,0,true,true,backward_euler_step_doubling,0.00002,,0.008,dc,5,10,0,50,2,,,,,,,,,,0
0.006638031062318549,S2,switch,A,B,0,,false,0,,5.402327166400457,0,0,0,true,true,backward_euler_step_doubling,0.00002,,0.008,,,,,,,true,true,1@0.003=open,,,,,,,0
0.006638031062318549,R3,resistor,B,0,100,Ω,,0,,-0.40232716640045657,-0.004023271664004566,0.0016186714882382067,0,true,true,backward_euler_step_doubling,0.00002,,0.008,,,,,,,,,,,,,,,,0
0.006638031062318549,L4,inductor,B,0,100,mH,,0,A,-0.40232716640045657,0.004023271664004565,-0.0016186714882382065,8.093357441191031e-7,true,true,backward_euler_step_doubling,0.00002,1e-10,0.008,,,,,,,,,,,,,,,,0
0.006661774484047907,V1,voltage,A,0,5,V,,0,,5,0,0,0,true,true,backward_euler_step_doubling,0.00002,,0.008,dc,5,10,0,50,2,,,,,,,,,,0
0.006661774484047907,S2,switch,A,B,0,,false,0,,5.392996094393286,0,0,0,true,true,backward_euler_step_doubling,0.00002,,0.008,,,,,,,true,true,1@0.003=open,,,,,,,0
0.006661774484047907,R3,resistor,B,0,100,Ω,,0,,-0.39299609439328587,-0.003929960943932859,0.0015444593020837644,0,true,true,backward_euler_step_doubling,0.00002,,0.008,,,,,,,,,,,,,,,,0
0.006661774484047907,L4,inductor,B,0,100,mH,,0,A,-0.39299609439328587,0.003929960943932859,-0.0015444593020837644,7.722296510418823e-7,true,true,backward_euler_step_doubling,0.00002,1e-10,0.008,,,,,,,,,,,,,,,,0
0.006685517905777266,V1,voltage,A,0,5,V,,0,,5,0,0,0,true,true,backward_euler_step_doubling,0.00002,,0.008,dc,5,10,0,50,2,,,,,,,,,,0
0.006685517905777266,S2,switch,A,B,0,,false,0,,5.383881435574372,0,0,0,true,true,backward_euler_step_doubling,0.00002,,0.008,,,,,,,true,true,1@0.003=open,,,,,,,0
0.006685517905777266,R3,resistor,B,0,100,Ω,,0,,-0.38388143557437193,-0.0038388143557437195,0.0014736495657864067,0,true,true,backward_euler_step_doubling,0.00002,,0.008,,,,,,,,,,,,,,,,0
0.006685517905777266,L4,inductor,B,0,100,mH,,0,A,-0.38388143557437193,0.0038388143557437195,-0.0014736495657864067,7.368247828932034e-7,true,true,backward_euler_step_doubling,0.00002,1e-10,0.008,,,,,,,,,,,,,,,,0
0.006709837847198115,V1,voltage,A,0,5,V,,0,,5,0,0,0,true,true,backward_euler_step_doubling,0.00002,,0.008,dc,5,10,0,50,2,,,,,,,,,,0
0.006709837847198115,S2,switch,A,B,0,,false,0,,5.374767121141745,0,0,0,true,true,backward_euler_step_doubling,0.00002,,0.008,,,,,,,true,true,1@0.003=open,,,,,,,0
0.006709837847198115,R3,resistor,B,0,100,Ω,,0,,-0.37476712114174454,-0.0037476712114174453,0.0014045039508887103,0,true,true,backward_euler_step_doubling,0.00002,,0.008,,,,,,,,,,,,,,,,0
0.006709837847198115,L4,inductor,B,0,100,mH,,0,A,-0.37476712114174454,0.0037476712114174453,-0.0014045039508887103,7.022519754443552e-7,true,true,backward_euler_step_doubling,0.00002,1e-10,0.008,,,,,,,,,,,,,,,,0
0.006734157788618964,V1,voltage,A,0,5,V,,0,,5,0,0,0,true,true,backward_euler_step_doubling,0.00002,,0.008,dc,5,10,0,50,2,,,,,,,,,,0
0.006734157788618964,S2,switch,A,B,0,,false,0,,5.365869203543865,0,0,0,true,true,backward_euler_step_doubling,0.00002,,0.008,,,,,,,true,true,1@0.003=open,,,,,,,0
0.006734157788618964,R3,resistor,B,0,100,Ω,,0,,-0.3658692035438651,-0.003658692035438651,0.001338602741018222,0,true,true,backward_euler_step_doubling,0.00002,,0.008,,,,,,,,,,,,,,,,0
0.006734157788618964,L4,inductor,B,0,100,mH,,0,A,-0.3658692035438651,0.003658692035438651,-0.001338602741018222,6.69301370509111e-7,true,true,backward_euler_step_doubling,0.00002,1e-10,0.008,,,,,,,,,,,,,,,,0
0.006759082896648698,V1,voltage,A,0,5,V,,0,,5,0,0,0,true,true,backward_euler_step_doubling,0.00002,,0.008,dc,5,10,0,50,2,,,,,,,,,,0
0.006759082896648698,S2,switch,A,B,0,,false,0,,5.356971646686649,0,0,0,true,true,backward_euler_step_doubling,0.00002,,0.008,,,,,,,true,true,1@0.003=open,,,,,,,0
0.006759082896648698,R3,resistor,B,0,100,Ω,,0,,-0.3569716466866484,-0.003569716466866484,0.0012742875653817733,0,true,true,backward_euler_step_doubling,0.00002,,0.008,,,,,,,,,,,,,,,,0
0.006759082896648698,L4,inductor,B,0,100,mH,,0,A,-0.3569716466866484,0.003569716466866484,-0.0012742875653817733,6.371437826908868e-7,true,true,backward_euler_step_doubling,0.00002,1e-10,0.008,,,,,,,,,,,,,,,,0
0.0067840080046784315,V1,voltage,A,0,5,V,,0,,5,0,0,0,true,true,backward_euler_step_doubling,0.00002,,0.008,dc,5,10,0,50,2,,,,,,,,,,0
0.0067840080046784315,S2,switch,A,B,0,,false,0,,5.348290469118152,0,0,0,true,true,backward_euler_step_doubling,0.00002,,0.008,,,,,,,true,true,1@0.003=open,,,,,,,0
0.0067840080046784315,R3,resistor,B,0,100,Ω,,0,,-0.34829046911815176,-0.0034829046911815176,0.0012130625087854222,0,true,true,backward_euler_step_doubling,0.00002,,0.008,,,,,,,,,,,,,,,,0
0.0067840080046784315,L4,inductor,B,0,100,mH,,0,A,-0.34829046911815176,0.0034829046911815176,-0.0012130625087854222,6.065312543927112e-7,true,true,backward_euler_step_doubling,0.00002,1e-10,0.008,,,,,,,,,,,,,,,,0
0.0068095691121920245,V1,voltage,A,0,5,V,,0,,5,0,0,0,true,true,backward_euler_step_doubling,0.00002,,0.008,dc,5,10,0,50,2,,,,,,,,,,0
0.0068095691121920245,S2,switch,A,B,0,,false,0,,5.339609669834847,0,0,0,true,true,backward_euler_step_doubling,0.00002,,0.008,,,,,,,true,true,1@0.003=open,,,,,,,0
0.0068095691121920245,R3,resistor,B,0,100,Ω,,0,,-0.3396096698348474,-0.003396096698348474,0.0011533472784533406,0,true,true,backward_euler_step_doubling,0.00002,,0.008,,,,,,,,,,,,,,,,0
0.0068095691121920245,L4,inductor,B,0,100,mH,,0,A,-0.3396096698348474,0.003396096698348474,-0.0011533472784533406,5.766736392266704e-7,true,true,backward_euler_step_doubling,0.00002,1e-10,0.008,,,,,,,,,,,,,,,,0
0.0068351302197056174,V1,voltage,A,0,5,V,,0,,5,0,0,0,true,true,backward_euler_step_doubling,0.00002,,0.008,dc,5,10,0,50,2,,,,,,,,,,0
0.0068351302197056174,S2,switch,A,B,0,,false,0,,5.331145230983076,0,0,0,true,true,backward_euler_step_doubling,0.00002,,0.008,,,,,,,true,true,1@0.003=open,,,,,,,0
0.0068351302197056174,R3,resistor,B,0,100,Ω,,0,,-0.3311452309830754,-0.0033114523098307543,0.0010965716400283437,0,true,true,backward_euler_step_doubling,0.00002,,0.008,,,,,,,,,,,,,,,,0
0.0068351302197056174,L4,inductor,B,0,100,mH,,0,A,-0.3311452309830754,0.0033114523098307543,-0.0010965716400283437,5.482858200141719e-7,true,true,backward_euler_step_doubling,0.00002,1e-10,0.008,,,,,,,,,,,,,,,,0
0.006861360573365341,V1,voltage,A,0,5,V,,0,,5,0,0,0,true,true,backward_euler_step_doubling,0.00002,,0.008,dc,5,10,0,50,2,,,,,,,,,,0
0.006861360573365341,S2,switch,A,B,0,,false,0,,5.322681189269204,0,0,0,true,true,backward_euler_step_doubling,0.00002,,0.008,,,,,,,true,true,1@0.003=open,,,,,,,0
0.006861360573365341,R3,resistor,B,0,100,Ω,,0,,-0.3226811892692041,-0.003226811892692041,0.0010412314990818792,0,true,true,backward_euler_step_doubling,0.00002,,0.008,,,,,,,,,,,,,,,,0
0.006861360573365341,L4,inductor,B,0,100,mH,,0,A,-0.3226811892692041,0.0032268118926920405,-0.001041231499081879,5.206157495409395e-7,true,true,backward_euler_step_doubling,0.00002,1e-10,0.008,,,,,,,,,,,,,,,,0
0.006887590927025064,V1,voltage,A,0,5,V,,0,,5,0,0,0,true,true,backward_euler_step_doubling,0.00002,,0.008,dc,5,10,0,50,2,,,,,,,,,,0
0.006887590927025064,S2,switch,A,B,0,,false,0,,5.314433487684772,0,0,0,true,true,backward_euler_step_doubling,0.00002,,0.008,,,,,,,true,true,1@0.003=open,,,,,,,0
0.006887590927025064,R3,resistor,B,0,100,Ω,,0,,-0.3144334876847722,-0.003144334876847722,0.000988684181776098,0,true,true,backward_euler_step_doubling,0.00002,,0.008,,,,,,,,,,,,,,,,0
0.006887590927025064,L4,inductor,B,0,100,mH,,0,A,-0.3144334876847722,0.003144334876847722,-0.000988684181776098,4.94342090888049e-7,true,true,backward_euler_step_doubling,0.00002,1e-10,0.008,,,,,,,,,,,,,,,,0
0.006914526445534793,V1,voltage,A,0,5,V,,0,,5,0,0,0,true,true,backward_euler_step_doubling,0.00002,,0.008,dc,5,10,0,50,2,,,,,,,,,,0
0.006914526445534793,S2,switch,A,B,0,,false,0,,5.30618620353211,0,0,0,true,true,backward_euler_step_doubling,0.00002,,0.008,,,,,,,true,true,1@0.003=open,,,,,,,0
0.006914526445534793,R3,resistor,B,0,100,Ω,,0,,-0.3061862035321095,-0.0030618620353210953,0.0009374999123340639,0,true,true,backward_euler_step_doubling,0.00002,,0.008,,,,,,,,,,,,,,,,0
0.006914526445534793,L4,inductor,B,0,100,mH,,0,A,-0.3061862035321095,0.003061862035321095,-0.0009374999123340638,4.6874995616703194e-7,true,true,backward_euler_step_doubling,0.00002,1e-10,0.008,,,,,,,,,,,,,,,,0
0.006941461964044522,V1,voltage,A,0,5,V,,0,,5,0,0,0,true,true,backward_euler_step_doubling,0.00002,,0.008,dc,5,10,0,50,2,,,,,,,,,,0
0.006941461964044522,S2,switch,A,B,0,,false,0,,5.298155237610675,0,0,0,true,true,backward_euler_step_doubling,0.00002,,0.008,,,,,,,true,true,1@0.003=open,,,,,,,0
0.006941461964044522,R3,resistor,B,0,100,Ω,,0,,-0.2981552376106746,-0.0029815523761067457,0.0008889654571467781,0,true,true,backward_euler_step_doubling,0.00002,,0.008,,,,,,,,,,,,,,,,0
0.006941461964044522,L4,inductor,B,0,100,mH,,0,A,-0.2981552376106746,0.002981552376106746,-0.0008889654571467782,4.444827285733893e-7,true,true,backward_euler_step_doubling,0.00002,1e-10,0.008,,,,,,,,,,,,,,,,0
0.006969141531829384,V1,voltage,A,0,5,V,,0,,5,0,0,0,true,true,backward_euler_step_doubling,0.00002,,0.008,dc,5,10,0,50,2,,,,,,,,,,0
0.006969141531829384,S2,switch,A,B,0,,false,0,,5.290124711006312,0,0,0,true,true,backward_euler_step_doubling,0.00002,,0.008,,,,,,,true,true,1@0.003=open,,,,,,,0
0.006969141531829384,R3,resistor,B,0,100,Ω,,0,,-0.2901247110063117,-0.002901247110063117,0.0008417234793649588,0,true,true,backward_euler_step_doubling,0.00002,,0.008,,,,,,,,,,,,,,,,0
0.006969141531829384,L4,inductor,B,0,100,mH,,0,A,-0.2901247110063117,0.0029012471100631175,-0.000841723479364959,4.2086173968247957e-7,true,true,backward_euler_step_doubling,0.00002,1e-10,0.008,,,,,,,,,,,,,,,,0
0.006996821099614247,V1,voltage,A,0,5,V,,0,,5,0,0,0,true,true,backward_euler_step_doubling,0.00002,,0.008,dc,5,10,0,50,2,,,,,,,,,,0
0.006996821099614247,S2,switch,A,B,0,,false,0,,5.282310478967358,0,0,0,true,true,backward_euler_step_doubling,0.00002,,0.008,,,,,,,true,true,1@0.003=open,,,,,,,0
0.006996821099614247,R3,resistor,B,0,100,Ω,,0,,-0.2823104789673577,-0.0028231047896735773,0.0007969920653477893,0,true,true,backward_euler_step_doubling,0.00002,,0.008,,,,,,,,,,,,,,,,0
0.006996821099614247,L4,inductor,B,0,100,mH,,0,A,-0.2823104789673577,0.0028231047896735773,-0.0007969920653477893,3.9849603267389463e-7,true,true,backward_euler_step_doubling,0.00002,1e-10,0.008,,,,,,,,,,,,,,,,0
0.007025286901910691,V1,voltage,A,0,5,V,,0,,5,0,0,0,true,true,backward_euler_step_doubling,0.00002,,0.008,dc,5,10,0,50,2,,,,,,,,,,0
0.007025286901910691,S2,switch,A,B,0,,false,0,,5.274496709892532,0,0,0,true,true,backward_euler_step_doubling,0.00002,,0.008,,,,,,,true,true,1@0.003=open,,,,,,,0
0.007025286901910691,R3,resistor,B,0,100,Ω,,0,,-0.2744967098925327,-0.002744967098925327,0.0007534844374182527,0,true,true,backward_euler_step_doubling,0.00002,,0.008,,,,,,,,,,,,,,,,0
0.007025286901910691,L4,inductor,B,0,100,mH,,0,A,-0.2744967098925327,0.002744967098925327,-0.0007534844374182527,3.7674221870912637e-7,true,true,backward_euler_step_doubling,0.00002,1e-10,0.008,,,,,,,,,,,,,,,,0
0.0070537527042071335,V1,voltage,A,0,5,V,,0,,5,0,0,0,true,true,backward_euler_step_doubling,0.00002,,0.008,dc,5,10,0,50,2,,,,,,,,,,0
0.0070537527042071335,S2,switch,A,B,0,,false,0,,5.266899209754582,0,0,0,true,true,backward_euler_step_doubling,0.00002,,0.008,,,,,,,true,true,1@0.003=open,,,,,,,0
0.0070537527042071335,R3,resistor,B,0,100,Ω,,0,,-0.2668992097545818,-0.002668992097545818,0.0007123518816762026,0,true,true,backward_euler_step_doubling,0.00002,,0.008,,,,,,,,,,,,,,,,0
0.0070537527042071335,L4,inductor,B,0,100,mH,,0,A,-0.2668992097545818,0.0026689920975458185,-0.0007123518816762027,3.5617594083810135e-7,true,true,backward_euler_step_doubling,0.00002,1e-10,0.008,,,,,,,,,,,,,,,,0
0.0070830506107601564,V1,voltage,A,0,5,V,,0,,5,0,0,0,true,true,backward_euler_step_doubling,0.00002,,0.008,dc,5,10,0,50,2,,,,,,,,,,0
0.0070830506107601564,S2,switch,A,B,0,,false,0,,5.259302198183216,0,0,0,true,true,backward_euler_step_doubling,0.00002,,0.008,,,,,,,true,true,1@0.003=open,,,,,,,0
0.0070830506107601564,R3,resistor,B,0,100,Ω,,0,,-0.2593021981832164,-0.0025930219818321642,0.0006723762998264805,0,true,true,backward_euler_step_doubling,0.00002,,0.008,,,,,,,,,,,,,,,,0
0.0070830506107601564,L4,inductor,B,0,100,mH,,0,A,-0.2593021981832164,0.0025930219818321642,-0.0006723762998264805,3.361881499132402e-7,true,true,backward_euler_step_doubling,0.00002,1e-10,0.008,,,,,,,,,,,,,,,,0
0.00711234851731318,V1,voltage,A,0,5,V,,0,,5,0,0,0,true,true,backward_euler_step_doubling,0.00002,,0.008,dc,5,10,0,50,2,,,,,,,,,,0
0.00711234851731318,S2,switch,A,B,0,,false,0,,5.2519214277347395,0,0,0,true,true,backward_euler_step_doubling,0.00002,,0.008,,,,,,,true,true,1@0.003=open,,,,,,,0
0.00711234851731318,R3,resistor,B,0,100,Ω,,0,,-0.25192142773473974,-0.0025192142773473973,0.000634644057519097,0,true,true,backward_euler_step_doubling,0.00002,,0.008,,,,,,,,,,,,,,,,0
0.00711234851731318,L4,inductor,B,0,100,mH,,0,A,-0.25192142773473974,0.0025192142773473977,-0.0006346440575190971,3.1732202875954856e-7,true,true,backward_euler_step_doubling,0.00002,1e-10,0.008,,,,,,,,,,,,,,,,0
0.007142528523377271,V1,voltage,A,0,5,V,,0,,5,0,0,0,true,true,backward_euler_step_doubling,0.00002,,0.008,dc,5,10,0,50,2,,,,,,,,,,0
0.007142528523377271,S2,switch,A,B,0,,false,0,,5.244541173631617,0,0,0,true,true,backward_euler_step_doubling,0.00002,,0.008,,,,,,,true,true,1@0.003=open,,,,,,,0
0.007142528523377271,R3,resistor,B,0,100,Ω,,0,,-0.24454117363161781,-0.002445411736316178,0.0005980038560112904,0,true,true,backward_euler_step_doubling,0.00002,,0.008,,,,,,,,,,,,,,,,0
0.007142528523377271,L4,inductor,B,0,100,mH,,0,A,-0.24454117363161781,0.0024454117363161784,-0.0005980038560112906,2.9900192800564534e-7,true,true,backward_euler_step_doubling,0.00002,1e-10,0.008,,,,,,,,,,,,,,,,0
0.00717270852944136,V1,voltage,A,0,5,V,,0,,5,0,0,0,true,true,backward_euler_step_doubling,0.00002,,0.008,dc,5,10,0,50,2,,,,,,,,,,0
0.00717270852944136,S2,switch,A,B,0,,false,0,,5.237377130396767,0,0,0,true,true,backward_euler_step_doubling,0.00002,,0.008,,,,,,,true,true,1@0.003=open,,,,,,,0
0.00717270852944136,R3,resistor,B,0,100,Ω,,0,,-0.23737713039676708,-0.0023737713039676707,0.0005634790203540376,0,true,true,backward_euler_step_doubling,0.00002,,0.008,,,,,,,,,,,,,,,,0
0.00717270852944136,L4,inductor,B,0,100,mH,,0,A,-0.23737713039676708,0.002373771303967671,-0.0005634790203540377,2.8173951017701893e-7,true,true,backward_euler_step_doubling,0.00002,1e-10,0.008,,,,,,,,,,,,,,,,0
0.007203825264649074,V1,voltage,A,0,5,V,,0,,5,0,0,0,true,true,backward_euler_step_doubling,0.00002,,0.008,dc,5,10,0,50,2,,,,,,,,,,0
0.007203825264649074,S2,switch,A,B,0,,false,0,,5.230213633715245,0,0,0,true,true,backward_euler_step_doubling,0.00002,,0.008,,,,,,,true,true,1@0.003=open,,,,,,,0
0.007203825264649074,R3,resistor,B,0,100,Ω,,0,,-0.2302136337152444,-0.0023021363371524437,0.000529983171483767,0,true,true,backward_euler_step_doubling,0.00002,,0.008,,,,,,,,,,,,,,,,0
0.007203825264649074,L4,inductor,B,0,100,mH,,0,A,-0.2302136337152444,0.0023021363371524437,-0.000529983171483767,2.649915857418835e-7,true,true,backward_euler_step_doubling,0.00002,1e-10,0.008,,,,,,,,,,,,,,,,0
0.007234941999856787,V1,voltage,A,0,5,V,,0,,5,0,0,0,true,true,backward_euler_step_doubling,0.00002,,0.008,dc,5,10,0,50,2,,,,,,,,,,0
0.007234941999856787,S2,switch,A,B,0,,false,0,,5.223266314913285,0,0,0,true,true,backward_euler_step_doubling,0.00002,,0.008,,,,,,,true,true,1@0.003=open,,,,,,,0
0.007234941999856787,R3,resistor,B,0,100,Ω,,0,,-0.22326631491328577,-0.0022326631491328577,0.0004984784737495849,0,true,true,backward_euler_step_doubling,0.00002,,0.008,,,,,,,,,,,,,,,,0
0.007234941999856787,L4,inductor,B,0,100,mH,,0,A,-0.22326631491328577,0.0022326631491328577,-0.0004984784737495849,2.492392368747925e-7,true,true,backward_euler_step_doubling,0.00002,1e-10,0.008,,,,,,,,,,,,,,,,0
0.00726705531785796,V1,voltage,A,0,5,V,,0,,5,0,0,0,true,true,backward_euler_step_doubling,0.00002,,0.008,dc,5,10,0,50,2,,,,,,,,,,0
0.00726705531785796,S2,switch,A,B,0,,false,0,,5.216319575592408,0,0,0,true,true,backward_euler_step_doubling,0.00002,,0.008,,,,,,,true,true,1@0.003=open,,,,,,,0
0.00726705531785796,R3,resistor,B,0,100,Ω,,0,,-0.21631957559240791,-0.002163195755924079,0.0004679415878447948,0,true,true,backward_euler_step_doubling,0.00002,,0.008,,,,,,,,,,,,,,,,0
0.00726705531785796,L4,inductor,B,0,100,mH,,0,A,-0.21631957559240791,0.002163195755924079,-0.0004679415878447948,2.339707939223974e-7,true,true,backward_euler_step_doubling,0.00002,1e-10,0.008,,,,,,,,,,,,,,,,0
0.0072991686358591336,V1,voltage,A,0,5,V,,0,,5,0,0,0,true,true,backward_euler_step_doubling,0.00002,,0.008,dc,5,10,0,50,2,,,,,,,,,,0
0.0072991686358591336,S2,switch,A,B,0,,false,0,,5.20958897808948,0,0,0,true,true,backward_euler_step_doubling,0.00002,,0.008,,,,,,,true,true,1@0.003=open,,,,,,,0
0.0072991686358591336,R3,resistor,B,0,100,Ω,,0,,-0.2095889780894795,-0.002095889780894795,0.0004392753973659232,0,true,true,backward_euler_step_doubling,0.00002,,0.008,,,,,,,,,,,,,,,,0
0.0072991686358591336,L4,inductor,B,0,100,mH,,0,A,-0.2095889780894795,0.002095889780894795,-0.0004392753973659232,2.1963769868296162e-7,true,true,backward_euler_step_doubling,0.00002,1e-10,0.008,,,,,,,,,,,,,,,,0
0.007332344300582815,V1,voltage,A,0,5,V,,0,,5,0,0,0,true,true,backward_euler_step_doubling,0.00002,,0.008,dc,5,10,0,50,2,,,,,,,,,,0
0.007332344300582815,S2,switch,A,B,0,,false,0,,5.202858996050331,0,0,0,true,true,backward_euler_step_doubling,0.00002,,0.008,,,,,,,true,true,1@0.003=open,,,,,,,0
0.007332344300582815,R3,resistor,B,0,100,Ω,,0,,-0.20285899605033111,-0.0020285899605033113,0.0004115177227854826,0,true,true,backward_euler_step_doubling,0.00002,,0.008,,,,,,,,,,,,,,,,0
0.007332344300582815,L4,inductor,B,0,100,mH,,0,A,-0.20285899605033111,0.0020285899605033113,-0.0004115177227854826,2.0575886139274134e-7,true,true,backward_euler_step_doubling,0.00002,1e-10,0.008,,,,,,,,,,,,,,,,0
0.007365519965306496,V1,voltage,A,0,5,V,,0,,5,0,0,0,true,true,backward_euler_step_doubling,0.00002,,0.008,dc,5,10,0,50,2,,,,,,,,,,0
0.007365519965306496,S2,switch,A,B,0,,false,0,,5.196345116301772,0,0,0,true,true,backward_euler_step_doubling,0.00002,,0.008,,,,,,,true,true,1@0.003=open,,,,,,,0
0.007365519965306496,R3,resistor,B,0,100,Ω,,0,,-0.19634511630177134,-0.0019634511630177136,0.0003855140469555612,0,true,true,backward_euler_step_doubling,0.00002,,0.008,,,,,,,,,,,,,,,,0
0.007365519965306496,L4,inductor,B,0,100,mH,,0,A,-0.19634511630177134,0.0019634511630177136,-0.0003855140469555612,1.9275702347778065e-7,true,true,backward_euler_step_doubling,0.00002,1e-10,0.008,,,,,,,,,,,,,,,,0
0.00739983045344118,V1,voltage,A,0,5,V,,0,,5,0,0,0,true,true,backward_euler_step_doubling,0.00002,,0.008,dc,5,10,0,50,2,,,,,,,,,,0
0.00739983045344118,S2,switch,A,B,0,,false,0,,5.189831891442838,0,0,0,true,true,backward_euler_step_doubling,0.00002,,0.008,,,,,,,true,true,1@0.003=open,,,,,,,0
0.00739983045344118,R3,resistor,B,0,100,Ω,,0,,-0.18983189144283738,-0.0018983189144283737,0.0003603614700876519,0,true,true,backward_euler_step_doubling,0.00002,,0.008,,,,,,,,,,,,,,,,0
0.00739983045344118,L4,inductor,B,0,100,mH,,0,A,-0.18983189144283738,0.001898318914428374,-0.000360361470087652,1.8018073504382602e-7,true,true,backward_euler_step_doubling,0.00002,1e-10,0.008,,,,,,,,,,,,,,,,0
0.007434140941575863,V1,voltage,A,0,5,V,,0,,5,0,0,0,true,true,backward_euler_step_doubling,0.00002,,0.008,dc,5,10,0,50,2,,,,,,,,,,0
0.007434140941575863,S2,switch,A,B,0,,false,0,,5.183534725423879,0,0,0,true,true,backward_euler_step_doubling,0.00002,,0.008,,,,,,,true,true,1@0.003=open,,,,,,,0
0.007434140941575863,R3,resistor,B,0,100,Ω,,0,,-0.183534725423879,-0.00183534725423879,0.00033684995436418654,0,true,true,backward_euler_step_doubling,0.00002,,0.008,,,,,,,,,,,,,,,,0
0.007434140941575863,L4,inductor,B,0,100,mH,,0,A,-0.183534725423879,0.0018353472542387902,-0.0003368499543641866,1.6842497718209331e-7,true,true,backward_euler_step_doubling,0.00002,1e-10,0.008,,,,,,,,,,,,,,,,0
0.007469666385650348,V1,voltage,A,0,5,V,,0,,5,0,0,0,true,true,backward_euler_step_doubling,0.00002,,0.008,dc,5,10,0,50,2,,,,,,,,,,0
0.007469666385650348,S2,switch,A,B,0,,false,0,,5.177238257615114,0,0,0,true,true,backward_euler_step_doubling,0.00002,,0.008,,,,,,,true,true,1@0.003=open,,,,,,,0
0.007469666385650348,R3,resistor,B,0,100,Ω,,0,,-0.17723825761511405,-0.0017723825761511405,0.00031413399962441533,0,true,true,backward_euler_step_doubling,0.00002,,0.008,,,,,,,,,,,,,,,,0
0.007469666385650348,L4,inductor,B,0,100,mH,,0,A,-0.17723825761511405,0.0017723825761511405,-0.00031413399962441533,1.5706699981220767e-7,true,true,backward_euler_step_doubling,0.00002,1e-10,0.008,,,,,,,,,,,,,,,,0
0.007505191829724834,V1,voltage,A,0,5,V,,0,,5,0,0,0,true,true,backward_euler_step_doubling,0.00002,,0.008,dc,5,10,0,50,2,,,,,,,,,,0
0.007505191829724834,S2,switch,A,B,0,,false,0,,5.171157800737116,0,0,0,true,true,backward_euler_step_doubling,0.00002,,0.008,,,,,,,true,true,1@0.003=open,,,,,,,0
0.007505191829724834,R3,resistor,B,0,100,Ω,,0,,-0.17115780073711576,-0.0017115780073711576,0.00029294992753166224,0,true,true,backward_euler_step_doubling,0.00002,,0.008,,,,,,,,,,,,,,,,0
0.007505191829724834,L4,inductor,B,0,100,mH,,0,A,-0.17115780073711576,0.0017115780073711576,-0.00029294992753166224,1.4647496376583112e-7,true,true,backward_euler_step_doubling,0.00002,1e-10,0.008,,,,,,,,,,,,,,,,0
0.007542021132339784,V1,voltage,A,0,5,V,,0,,5,0,0,0,true,true,backward_euler_step_doubling,0.00002,,0.008,dc,5,10,0,50,2,,,,,,,,,,0
0.007542021132339784,S2,switch,A,B,0,,false,0,,5.16507808981232,0,0,0,true,true,backward_euler_step_doubling,0.00002,,0.008,,,,,,,true,true,1@0.003=open,,,,,,,0
0.007542021132339784,R3,resistor,B,0,100,Ω,,0,,-0.16507808981231972,-0.0016507808981231973,0.000272507757360843,0,true,true,backward_euler_step_doubling,0.00002,,0.008,,,,,,,,,,,,,,,,0
0.007542021132339784,L4,inductor,B,0,100,mH,,0,A,-0.16507808981231972,0.0016507808981231973,-0.000272507757360843,1.362538786804215e-7,true,true,backward_euler_step_doubling,0.00002,1e-10,0.008,,,,,,,,,,,,,,,,0
0.007578850434954736,V1,voltage,A,0,5,V,,0,,5,0,0,0,true,true,backward_euler_step_doubling,0.00002,,0.008,dc,5,10,0,50,2,,,,,,,,,,0
0.007578850434954736,S2,switch,A,B,0,,false,0,,5.159214336820904,0,0,0,true,true,backward_euler_step_doubling,0.00002,,0.008,,,,,,,true,true,1@0.003=open,,,,,,,0
0.007578850434954736,R3,resistor,B,0,100,Ω,,0,,-0.15921433682090386,-0.0015921433682090386,0.00025349205049320225,0,true,true,backward_euler_step_doubling,0.00002,,0.008,,,,,,,,,,,,,,,,0
0.007578850434954736,L4,inductor,B,0,100,mH,,0,A,-0.15921433682090386,0.0015921433682090389,-0.00025349205049320225,1.2674602524660118e-7,true,true,backward_euler_step_doubling,0.00002,1e-10,0.008,,,,,,,,,,,,,,,,0
0.007617082592727722,V1,voltage,A,0,5,V,,0,,5,0,0,0,true,true,backward_euler_step_doubling,0.00002,,0.008,dc,5,10,0,50,2,,,,,,,,,,0
0.007617082592727722,S2,switch,A,B,0,,false,0,,5.153351382567864,0,0,0,true,true,backward_euler_step_doubling,0.00002,,0.008,,,,,,,true,true,1@0.003=open,,,,,,,0
0.007617082592727722,R3,resistor,B,0,100,Ω,,0,,-0.15335138256786388,-0.0015335138256786388,0.00023516646535475343,0,true,true,backward_euler_step_doubling,0.00002,,0.008,,,,,,,,,,,,,,,,0
0.007617082592727722,L4,inductor,B,0,100,mH,,0,A,-0.15335138256786388,0.001533513825678639,-0.0002351664653547535,1.1758323267737677e-7,true,true,backward_euler_step_doubling,0.00002,1e-10,0.008,,,,,,,,,,,,,,,,0
0.007655314750500707,V1,voltage,A,0,5,V,,0,,5,0,0,0,true,true,backward_euler_step_doubling,0.00002,,0.008,dc,5,10,0,50,2,,,,,,,,,,0
0.007655314750500707,S2,switch,A,B,0,,false,0,,5.147704327418256,0,0,0,true,true,backward_euler_step_doubling,0.00002,,0.008,,,,,,,true,true,1@0.003=open,,,,,,,0
0.007655314750500707,R3,resistor,B,0,100,Ω,,0,,-0.14770432741825643,-0.0014770432741825642,0.00021816568338079497,0,true,true,backward_euler_step_doubling,0.00002,,0.008,,,,,,,,,,,,,,,,0
0.007655314750500707,L4,inductor,B,0,100,mH,,0,A,-0.14770432741825643,0.0014770432741825644,-0.000218165683380795,1.0908284169039751e-7,true,true,backward_euler_step_doubling,0.00002,1e-10,0.008,,,,,,,,,,,,,,,,0
0.007695060436788439,V1,voltage,A,0,5,V,,0,,5,0,0,0,true,true,backward_euler_step_doubling,0.00002,,0.008,dc,5,10,0,50,2,,,,,,,,,,0
0.007695060436788439,S2,switch,A,B,0,,false,0,,5.142058129565908,0,0,0,true,true,backward_euler_step_doubling,0.00002,,0.008,,,,,,,true,true,1@0.003=open,,,,,,,0
0.007695060436788439,R3,resistor,B,0,100,Ω,,0,,-0.1420581295659079,-0.001420581295659079,0.00020180512175764278,0,true,true,backward_euler_step_doubling,0.00002,,0.008,,,,,,,,,,,,,,,,0
0.007695060436788439,L4,inductor,B,0,100,mH,,0,A,-0.1420581295659079,0.001420581295659079,-0.00020180512175764278,1.009025608788214e-7,true,true,backward_euler_step_doubling,0.00002,1e-10,0.008,,,,,,,,,,,,,,,,0
0.00773480612307617,V1,voltage,A,0,5,V,,0,,5,0,0,0,true,true,backward_euler_step_doubling,0.00002,,0.008,dc,5,10,0,50,2,,,,,,,,,,0
0.00773480612307617,S2,switch,A,B,0,,false,0,,5.13662776526932,0,0,0,true,true,backward_euler_step_doubling,0.00002,,0.008,,,,,,,true,true,1@0.003=open,,,,,,,0
0.00773480612307617,R3,resistor,B,0,100,Ω,,0,,-0.13662776526931966,-0.0013662776526931965,0.0001866714624248831,0,true,true,backward_euler_step_doubling,0.00002,,0.008,,,,,,,,,,,,,,,,0
0.00773480612307617,L4,inductor,B,0,100,mH,,0,A,-0.13662776526931966,0.0013662776526931965,-0.0001866714624248831,9.333573121244154e-8,true,true,backward_euler_step_doubling,0.00002,1e-10,0.008,,,,,,,,,,,,,,,,0
0.0077748061230761695,V1,voltage,A,0,5,V,,0,,5,0,0,0,true,true,backward_euler_step_doubling,0.00002,,0.008,dc,5,10,0,50,2,,,,,,,,,,0
0.0077748061230761695,S2,switch,A,B,0,,false,0,,5.1313728512205,0,0,0,true,true,backward_euler_step_doubling,0.00002,,0.008,,,,,,,true,true,1@0.003=open,,,,,,,0
0.0077748061230761695,R3,resistor,B,0,100,Ω,,0,,-0.13137285122049971,-0.001313728512204997,0.00017258826037803553,0,true,true,backward_euler_step_doubling,0.00002,,0.008,,,,,,,,,,,,,,,,0
0.0077748061230761695,L4,inductor,B,0,100,mH,,0,A,-0.13137285122049971,0.001313728512204997,-0.00017258826037803553,8.629413018901776e-8,true,true,backward_euler_step_doubling,0.00002,1e-10,0.008,,,,,,,,,,,,,,,,0
0.00781480612307617,V1,voltage,A,0,5,V,,0,,5,0,0,0,true,true,backward_euler_step_doubling,0.00002,,0.008,dc,5,10,0,50,2,,,,,,,,,,0
0.00781480612307617,S2,switch,A,B,0,,false,0,,5.126320049250481,0,0,0,true,true,backward_euler_step_doubling,0.00002,,0.008,,,,,,,true,true,1@0.003=open,,,,,,,0
0.00781480612307617,R3,resistor,B,0,100,Ω,,0,,-0.12632004925048054,-0.0012632004925048055,0.00015956754842643832,0,true,true,backward_euler_step_doubling,0.00002,,0.008,,,,,,,,,,,,,,,,0
0.00781480612307617,L4,inductor,B,0,100,mH,,0,A,-0.12632004925048054,0.0012632004925048053,-0.0001595675484264383,7.978377421321914e-8,true,true,backward_euler_step_doubling,0.00002,1e-10,0.008,,,,,,,,,,,,,,,,0
0.00785480612307617,V1,voltage,A,0,5,V,,0,,5,0,0,0,true,true,backward_euler_step_doubling,0.00002,,0.008,dc,5,10,0,50,2,,,,,,,,,,0
0.00785480612307617,S2,switch,A,B,0,,false,0,,5.1214615858177694,0,0,0,true,true,backward_euler_step_doubling,0.00002,,0.008,,,,,,,true,true,1@0.003=open,,,,,,,0
0.00785480612307617,R3,resistor,B,0,100,Ω,,0,,-0.12146158581776972,-0.0012146158581776971,0.00014752916829367438,0,true,true,backward_euler_step_doubling,0.00002,,0.008,,,,,,,,,,,,,,,,0
0.00785480612307617,L4,inductor,B,0,100,mH,,0,A,-0.12146158581776972,0.0012146158581776974,-0.0001475291682936744,7.376458414683721e-8,true,true,backward_euler_step_doubling,0.00002,1e-10,0.008,,,,,,,,,,,,,,,,0
0.00789480612307617,V1,voltage,A,0,5,V,,0,,5,0,0,0,true,true,backward_euler_step_doubling,0.00002,,0.008,dc,5,10,0,50,2,,,,,,,,,,0
0.00789480612307617,S2,switch,A,B,0,,false,0,,5.11678998636324,0,0,0,true,true,backward_euler_step_doubling,0.00002,,0.008,,,,,,,true,true,1@0.003=open,,,,,,,0
0.00789480612307617,R3,resistor,B,0,100,Ω,,0,,-0.11678998636324012,-0.001167899863632401,0.0001363990091472581,0,true,true,backward_euler_step_doubling,0.00002,,0.008,,,,,,,,,,,,,,,,0
0.00789480612307617,L4,inductor,B,0,100,mH,,0,A,-0.11678998636324012,0.0011678998636324013,-0.00013639900914725814,6.819950457362908e-8,true,true,backward_euler_step_doubling,0.00002,1e-10,0.008,,,,,,,,,,,,,,,,0
0.00793480612307617,V1,voltage,A,0,5,V,,0,,5,0,0,0,true,true,backward_euler_step_doubling,0.00002,,0.008,dc,5,10,0,50,2,,,,,,,,,,0
0.00793480612307617,S2,switch,A,B,0,,false,0,,5.112298063810808,0,0,0,true,true,backward_euler_step_doubling,0.00002,,0.008,,,,,,,true,true,1@0.003=open,,,,,,,0
0.00793480612307617,R3,resistor,B,0,100,Ω,,0,,-0.1122980638108078,-0.001122980638108078,0.0001261085513565626,0,true,true,backward_euler_step_doubling,0.00002,,0.008,,,,,,,,,,,,,,,,0
0.00793480612307617,L4,inductor,B,0,100,mH,,0,A,-0.1122980638108078,0.001122980638108078,-0.0001261085513565626,6.305427567828131e-8,true,true,backward_euler_step_doubling,0.00002,1e-10,0.008,,,,,,,,,,,,,,,,0
0.00797480612307617,V1,voltage,A,0,5,V,,0,,5,0,0,0,true,true,backward_euler_step_doubling,0.00002,,0.008,dc,5,10,0,50,2,,,,,,,,,,0
0.00797480612307617,S2,switch,A,B,0,,false,0,,5.107978907510392,0,0,0,true,true,backward_euler_step_doubling,0.00002,,0.008,,,,,,,true,true,1@0.003=open,,,,,,,0
0.00797480612307617,R3,resistor,B,0,100,Ω,,0,,-0.10797890751039212,-0.0010797890751039212,0.00011659444467137816,0,true,true,backward_euler_step_doubling,0.00002,,0.008,,,,,,,,,,,,,,,,0
0.00797480612307617,L4,inductor,B,0,100,mH,,0,A,-0.10797890751039212,0.0010797890751039212,-0.00011659444467137816,5.8297222335689084e-8,true,true,backward_euler_step_doubling,0.00002,1e-10,0.008,,,,,,,,,,,,,,,,0
0.007987403061538084,V1,voltage,A,0,5,V,,0,,5,0,0,0,true,true,backward_euler_step_doubling,0.00002,,0.008,dc,5,10,0,50,2,,,,,,,,,,0
0.007987403061538084,S2,switch,A,B,0,,false,0,,5.10663562510312,0,0,0,true,true,backward_euler_step_doubling,0.00002,,0.008,,,,,,,true,true,1@0.003=open,,,,,,,0
0.007987403061538084,R3,resistor,B,0,100,Ω,,0,,-0.10663562510312026,-0.0010663562510312026,0.00011371156541133212,0,true,true,backward_euler_step_doubling,0.00002,,0.008,,,,,,,,,,,,,,,,0
0.007987403061538084,L4,inductor,B,0,100,mH,,0,A,-0.10663562510312026,0.0010663562510312026,-0.00011371156541133212,5.6855782705666066e-8,true,true,backward_euler_step_doubling,0.00002,1e-10,0.008,,,,,,,,,,,,,,,,0
0.008,V1,voltage,A,0,5,V,,0,,5,0,0,0,true,true,backward_euler_step_doubling,0.00002,,0.008,dc,5,10,0,50,2,,,,,,,,,,0
0.008,S2,switch,A,B,0,,false,0,,5.105309053437486,0,0,0,true,true,backward_euler_step_doubling,0.00002,,0.008,,,,,,,true,true,1@0.003=open,,,,,,,0
0.008,R3,resistor,B,0,100,Ω,,0,,-0.10530905343748573,-0.0010530905343748573,0.00011089996735899225,0,true,true,backward_euler_step_doubling,0.00002,,0.008,,,,,,,,,,,,,,,,0
0.008,L4,inductor,B,0,100,mH,,0,A,-0.10530905343748573,0.0010530905343748573,-0.00011089996735899225,5.544998367949613e-8,true,true,backward_euler_step_doubling,0.00002,1e-10,0.008,,,,,,,,,,,,,,,,0