"minute","case_a","case_b","demand_kW","generation_kW","grid_available","a_grid_kW","a_unserved_kW","a_discharge_kW","a_charge_kW","a_curtailed_kW","a_gridLimited_kW","a_gridUnavailable_kW","a_stored_kWh","b_grid_kW","b_unserved_kW","b_discharge_kW","b_charge_kW","b_curtailed_kW","b_gridLimited_kW","b_gridUnavailable_kW","b_stored_kWh","change_grid_kW","change_unserved_kW","change_discharge_kW","change_charge_kW","change_curtailed_kW","change_gridLimited_kW","change_gridUnavailable_kW","change_stored_kWh","microgrid_version","comparison_version","case_a_settings_json","case_b_settings_json"
0,"baseline","4:release",3.75,592.6983992293208,"true",0,0,0,5,583.9483992293208,0,0,7.5,0,0,0,5,583.9483992293208,0,0,7.5,0,0,0,0,0,0,0,0,5,1,"{""source"":""solarPv"",""sourceSettings"":{""irradiance"":0,""area"":20,""efficiency"":20,""incidence"":20},""profileId"":""steady"",""sourceUnits"":1,""companion"":{""enabled"":true,""source"":""wind"",""sourceSettings"":{""speed"":8,""radius"":40,""cp"":40,""rating"":3000},""profileId"":""steady"",""sourceUnits"":1,""offset"":0},""flex"":{""enabled"":true,""percent"":50,""fromStart"":160,""fromMinutes"":80,""toStart"":40,""toMinutes"":80},""battery"":{""capacity"":10,""power"":5,""roundtrip"":100,""initial"":75},""batteryUnits"":1,""reserve"":0,""demand"":3.75,""policy"":""backup"",""loadId"":""flat"",""grid"":""outage"",""gridLimit"":{""enabled"":false,""power"":2.5},""outageStart"":90,""outageMinutes"":60,""duration"":240}","{""source"":""solarPv"",""sourceSettings"":{""irradiance"":0,""area"":20,""efficiency"":20,""incidence"":20},""profileId"":""steady"",""sourceUnits"":1,""companion"":{""enabled"":true,""source"":""wind"",""sourceSettings"":{""speed"":8,""radius"":40,""cp"":40,""rating"":3000},""profileId"":""steady"",""sourceUnits"":1,""offset"":0},""flex"":{""enabled"":true,""percent"":50,""fromStart"":160,""fromMinutes"":80,""toStart"":40,""toMinutes"":80},""battery"":{""capacity"":10,""power"":5,""roundtrip"":100,""initial"":75},""batteryUnits"":1,""reserve"":0,""demand"":3.75,""policy"":""release"",""loadId"":""flat"",""grid"":""outage"",""gridLimit"":{""enabled"":true,""power"":3.75},""outageStart"":90,""outageMinutes"":60,""duration"":240}"
1,"baseline","4:release",3.75,592.6983992293208,"true",0,0,0,5,583.9483992293208,0,0,7.583333333333333,0,0,0,5,583.9483992293208,0,0,7.583333333333333,0,0,0,0,0,0,0,0,5,1,"{""source"":""solarPv"",""sourceSettings"":{""irradiance"":0,""area"":20,""efficiency"":20,""incidence"":20},""profileId"":""steady"",""sourceUnits"":1,""companion"":{""enabled"":true,""source"":""wind"",""sourceSettings"":{""speed"":8,""radius"":40,""cp"":40,""rating"":3000},""profileId"":""steady"",""sourceUnits"":1,""offset"":0},""flex"":{""enabled"":true,""percent"":50,""fromStart"":160,""fromMinutes"":80,""toStart"":40,""toMinutes"":80},""battery"":{""capacity"":10,""power"":5,""roundtrip"":100,""initial"":75},""batteryUnits"":1,""reserve"":0,""demand"":3.75,""policy"":""backup"",""loadId"":""flat"",""grid"":""outage"",""gridLimit"":{""enabled"":false,""power"":2.5},""outageStart"":90,""outageMinutes"":60,""duration"":240}","{""source"":""solarPv"",""sourceSettings"":{""irradiance"":0,""area"":20,""efficiency"":20,""incidence"":20},""profileId"":""steady"",""sourceUnits"":1,""companion"":{""enabled"":true,""source"":""wind"",""sourceSettings"":{""speed"":8,""radius"":40,""cp"":40,""rating"":3000},""profileId"":""steady"",""sourceUnits"":1,""offset"":0},""flex"":{""enabled"":true,""percent"":50,""fromStart"":160,""fromMinutes"":80,""toStart"":40,""toMinutes"":80},""battery"":{""capacity"":10,""power"":5,""roundtrip"":100,""initial"":75},""batteryUnits"":1,""reserve"":0,""demand"":3.75,""policy"":""release"",""loadId"":""flat"",""grid"":""outage"",""gridLimit"":{""enabled"":true,""power"":3.75},""outageStart"":90,""outageMinutes"":60,""duration"":240}"
2,"baseline","4:release",3.75,592.6983992293208,"true",0,0,0,5,583.9483992293208,0,0,7.666666666666666,0,0,0,5,583.9483992293208,0,0,7.666666666666666,0,0,0,0,0,0,0,0,5,1,"{""source"":""solarPv"",""sourceSettings"":{""irradiance"":0,""area"":20,""efficiency"":20,""incidence"":20},""profileId"":""steady"",""sourceUnits"":1,""companion"":{""enabled"":true,""source"":""wind"",""sourceSettings"":{""speed"":8,""radius"":40,""cp"":40,""rating"":3000},""profileId"":""steady"",""sourceUnits"":1,""offset"":0},""flex"":{""enabled"":true,""percent"":50,""fromStart"":160,""fromMinutes"":80,""toStart"":40,""toMinutes"":80},""battery"":{""capacity"":10,""power"":5,""roundtrip"":100,""initial"":75},""batteryUnits"":1,""reserve"":0,""demand"":3.75,""policy"":""backup"",""loadId"":""flat"",""grid"":""outage"",""gridLimit"":{""enabled"":false,""power"":2.5},""outageStart"":90,""outageMinutes"":60,""duration"":240}","{""source"":""solarPv"",""sourceSettings"":{""irradiance"":0,""area"":20,""efficiency"":20,""incidence"":20},""profileId"":""steady"",""sourceUnits"":1,""companion"":{""enabled"":true,""source"":""wind"",""sourceSettings"":{""speed"":8,""radius"":40,""cp"":40,""rating"":3000},""profileId"":""steady"",""sourceUnits"":1,""offset"":0},""flex"":{""enabled"":true,""percent"":50,""fromStart"":160,""fromMinutes"":80,""toStart"":40,""toMinutes"":80},""battery"":{""capacity"":10,""power"":5,""roundtrip"":100,""initial"":75},""batteryUnits"":1,""reserve"":0,""demand"":3.75,""policy"":""release"",""loadId"":""flat"",""grid"":""outage"",""gridLimit"":{""enabled"":true,""power"":3.75},""outageStart"":90,""outageMinutes"":60,""duration"":240}"
3,"baseline","4:release",3.75,592.6983992293208,"true",0,0,0,5,583.9483992293208,0,0,7.749999999999999,0,0,0,5,583.9483992293208,0,0,7.749999999999999,0,0,0,0,0,0,0,0,5,1,"{""source"":""solarPv"",""sourceSettings"":{""irradiance"":0,""area"":20,""efficiency"":20,""incidence"":20},""profileId"":""steady"",""sourceUnits"":1,""companion"":{""enabled"":true,""source"":""wind"",""sourceSettings"":{""speed"":8,""radius"":40,""cp"":40,""rating"":3000},""profileId"":""steady"",""sourceUnits"":1,""offset"":0},""flex"":{""enabled"":true,""percent"":50,""fromStart"":160,""fromMinutes"":80,""toStart"":40,""toMinutes"":80},""battery"":{""capacity"":10,""power"":5,""roundtrip"":100,""initial"":75},""batteryUnits"":1,""reserve"":0,""demand"":3.75,""policy"":""backup"",""loadId"":""flat"",""grid"":""outage"",""gridLimit"":{""enabled"":false,""power"":2.5},""outageStart"":90,""outageMinutes"":60,""duration"":240}","{""source"":""solarPv"",""sourceSettings"":{""irradiance"":0,""area"":20,""efficiency"":20,""incidence"":20},""profileId"":""steady"",""sourceUnits"":1,""companion"":{""enabled"":true,""source"":""wind"",""sourceSettings"":{""speed"":8,""radius"":40,""cp"":40,""rating"":3000},""profileId"":""steady"",""sourceUnits"":1,""offset"":0},""flex"":{""enabled"":true,""percent"":50,""fromStart"":160,""fromMinutes"":80,""toStart"":40,""toMinutes"":80},""battery"":{""capacity"":10,""power"":5,""roundtrip"":100,""initial"":75},""batteryUnits"":1,""reserve"":0,""demand"":3.75,""policy"":""release"",""loadId"":""flat"",""grid"":""outage"",""gridLimit"":{""enabled"":true,""power"":3.75},""outageStart"":90,""outageMinutes"":60,""duration"":240}"
4,"baseline","4:release",3.75,592.6983992293208,"true",0,0,0,5,583.9483992293208,0,0,7.833333333333332,0,0,0,5,583.9483992293208,0,0,7.833333333333332,0,0,0,0,0,0,0,0,5,1,"{""source"":""solarPv"",""sourceSettings"":{""irradiance"":0,""area"":20,""efficiency"":20,""incidence"":20},""profileId"":""steady"",""sourceUnits"":1,""companion"":{""enabled"":true,""source"":""wind"",""sourceSettings"":{""speed"":8,""radius"":40,""cp"":40,""rating"":3000},""profileId"":""steady"",""sourceUnits"":1,""offset"":0},""flex"":{""enabled"":true,""percent"":50,""fromStart"":160,""fromMinutes"":80,""toStart"":40,""toMinutes"":80},""battery"":{""capacity"":10,""power"":5,""roundtrip"":100,""initial"":75},""batteryUnits"":1,""reserve"":0,""demand"":3.75,""policy"":""backup"",""loadId"":""flat"",""grid"":""outage"",""gridLimit"":{""enabled"":false,""power"":2.5},""outageStart"":90,""outageMinutes"":60,""duration"":240}","{""source"":""solarPv"",""sourceSettings"":{""irradiance"":0,""area"":20,""efficiency"":20,""incidence"":20},""profileId"":""steady"",""sourceUnits"":1,""companion"":{""enabled"":true,""source"":""wind"",""sourceSettings"":{""speed"":8,""radius"":40,""cp"":40,""rating"":3000},""profileId"":""steady"",""sourceUnits"":1,""offset"":0},""flex"":{""enabled"":true,""percent"":50,""fromStart"":160,""fromMinutes"":80,""toStart"":40,""toMinutes"":80},""battery"":{""capacity"":10,""power"":5,""roundtrip"":100,""initial"":75},""batteryUnits"":1,""reserve"":0,""demand"":3.75,""policy"":""release"",""loadId"":""flat"",""grid"":""outage"",""gridLimit"":{""enabled"":true,""power"":3.75},""outageStart"":90,""outageMinutes"":60,""duration"":240}"
5,"baseline","4:release",3.75,592.6983992293208,"true",0,0,0,5,583.9483992293208,0,0,7.916666666666665,0,0,0,5,583.9483992293208,0,0,7.916666666666665,0,0,0,0,0,0,0,0,5,1,"{""source"":""solarPv"",""sourceSettings"":{""irradiance"":0,""area"":20,""efficiency"":20,""incidence"":20},""profileId"":""steady"",""sourceUnits"":1,""companion"":{""enabled"":true,""source"":""wind"",""sourceSettings"":{""speed"":8,""radius"":40,""cp"":40,""rating"":3000},""profileId"":""steady"",""sourceUnits"":1,""offset"":0},""flex"":{""enabled"":true,""percent"":50,""fromStart"":160,""fromMinutes"":80,""toStart"":40,""toMinutes"":80},""battery"":{""capacity"":10,""power"":5,""roundtrip"":100,""initial"":75},""batteryUnits"":1,""reserve"":0,""demand"":3.75,""policy"":""backup"",""loadId"":""flat"",""grid"":""outage"",""gridLimit"":{""enabled"":false,""power"":2.5},""outageStart"":90,""outageMinutes"":60,""duration"":240}","{""source"":""solarPv"",""sourceSettings"":{""irradiance"":0,""area"":20,""efficiency"":20,""incidence"":20},""profileId"":""steady"",""sourceUnits"":1,""companion"":{""enabled"":true,""source"":""wind"",""sourceSettings"":{""speed"":8,""radius"":40,""cp"":40,""rating"":3000},""profileId"":""steady"",""sourceUnits"":1,""offset"":0},""flex"":{""enabled"":true,""percent"":50,""fromStart"":160,""fromMinutes"":80,""toStart"":40,""toMinutes"":80},""battery"":{""capacity"":10,""power"":5,""roundtrip"":100,""initial"":75},""batteryUnits"":1,""reserve"":0,""demand"":3.75,""policy"":""release"",""loadId"":""flat"",""grid"":""outage"",""gridLimit"":{""enabled"":true,""power"":3.75},""outageStart"":90,""outageMinutes"":60,""duration"":240}"
6,"baseline","4:release",3.75,592.6983992293208,"true",0,0,0,5,583.9483992293208,0,0,7.999999999999998,0,0,0,5,583.9483992293208,0,0,7.999999999999998,0,0,0,0,0,0,0,0,5,1,"{""source"":""solarPv"",""sourceSettings"":{""irradiance"":0,""area"":20,""efficiency"":20,""incidence"":20},""profileId"":""steady"",""sourceUnits"":1,""companion"":{""enabled"":true,""source"":""wind"",""sourceSettings"":{""speed"":8,""radius"":40,""cp"":40,""rating"":3000},""profileId"":""steady"",""sourceUnits"":1,""offset"":0},""flex"":{""enabled"":true,""percent"":50,""fromStart"":160,""fromMinutes"":80,""toStart"":40,""toMinutes"":80},""battery"":{""capacity"":10,""power"":5,""roundtrip"":100,""initial"":75},""batteryUnits"":1,""reserve"":0,""demand"":3.75,""policy"":""backup"",""loadId"":""flat"",""grid"":""outage"",""gridLimit"":{""enabled"":false,""power"":2.5},""outageStart"":90,""outageMinutes"":60,""duration"":240}","{""source"":""solarPv"",""sourceSettings"":{""irradiance"":0,""area"":20,""efficiency"":20,""incidence"":20},""profileId"":""steady"",""sourceUnits"":1,""companion"":{""enabled"":true,""source"":""wind"",""sourceSettings"":{""speed"":8,""radius"":40,""cp"":40,""rating"":3000},""profileId"":""steady"",""sourceUnits"":1,""offset"":0},""flex"":{""enabled"":true,""percent"":50,""fromStart"":160,""fromMinutes"":80,""toStart"":40,""toMinutes"":80},""battery"":{""capacity"":10,""power"":5,""roundtrip"":100,""initial"":75},""batteryUnits"":1,""reserve"":0,""demand"":3.75,""policy"":""release"",""loadId"":""flat"",""grid"":""outage"",""gridLimit"":{""enabled"":true,""power"":3.75},""outageStart"":90,""outageMinutes"":60,""duration"":240}"
7,"baseline","4:release",3.75,592.6983992293208,"true",0,0,0,5,583.9483992293208,0,0,8.083333333333332,0,0,0,5,583.9483992293208,0,0,8.083333333333332,0,0,0,0,0,0,0,0,5,1,"{""source"":""solarPv"",""sourceSettings"":{""irradiance"":0,""area"":20,""efficiency"":20,""incidence"":20},""profileId"":""steady"",""sourceUnits"":1,""companion"":{""enabled"":true,""source"":""wind"",""sourceSettings"":{""speed"":8,""radius"":40,""cp"":40,""rating"":3000},""profileId"":""steady"",""sourceUnits"":1,""offset"":0},""flex"":{""enabled"":true,""percent"":50,""fromStart"":160,""fromMinutes"":80,""toStart"":40,""toMinutes"":80},""battery"":{""capacity"":10,""power"":5,""roundtrip"":100,""initial"":75},""batteryUnits"":1,""reserve"":0,""demand"":3.75,""policy"":""backup"",""loadId"":""flat"",""grid"":""outage"",""gridLimit"":{""enabled"":false,""power"":2.5},""outageStart"":90,""outageMinutes"":60,""duration"":240}","{""source"":""solarPv"",""sourceSettings"":{""irradiance"":0,""area"":20,""efficiency"":20,""incidence"":20},""profileId"":""steady"",""sourceUnits"":1,""companion"":{""enabled"":true,""source"":""wind"",""sourceSettings"":{""speed"":8,""radius"":40,""cp"":40,""rating"":3000},""profileId"":""steady"",""sourceUnits"":1,""offset"":0},""flex"":{""enabled"":true,""percent"":50,""fromStart"":160,""fromMinutes"":80,""toStart"":40,""toMinutes"":80},""battery"":{""capacity"":10,""power"":5,""roundtrip"":100,""initial"":75},""batteryUnits"":1,""reserve"":0,""demand"":3.75,""policy"":""release"",""loadId"":""flat"",""grid"":""outage"",""gridLimit"":{""enabled"":true,""power"":3.75},""outageStart"":90,""outageMinutes"":60,""duration"":240}"
8,"baseline","4:release",3.75,592.6983992293208,"true",0,0,0,5,583.9483992293208,0,0,8.166666666666666,0,0,0,5,583.9483992293208,0,0,8.166666666666666,0,0,0,0,0,0,0,0,5,1,"{""source"":""solarPv"",""sourceSettings"":{""irradiance"":0,""area"":20,""efficiency"":20,""incidence"":20},""profileId"":""steady"",""sourceUnits"":1,""companion"":{""enabled"":true,""source"":""wind"",""sourceSettings"":{""speed"":8,""radius"":40,""cp"":40,""rating"":3000},""profileId"":""steady"",""sourceUnits"":1,""offset"":0},""flex"":{""enabled"":true,""percent"":50,""fromStart"":160,""fromMinutes"":80,""toStart"":40,""toMinutes"":80},""battery"":{""capacity"":10,""power"":5,""roundtrip"":100,""initial"":75},""batteryUnits"":1,""reserve"":0,""demand"":3.75,""policy"":""backup"",""loadId"":""flat"",""grid"":""outage"",""gridLimit"":{""enabled"":false,""power"":2.5},""outageStart"":90,""outageMinutes"":60,""duration"":240}","{""source"":""solarPv"",""sourceSettings"":{""irradiance"":0,""area"":20,""efficiency"":20,""incidence"":20},""profileId"":""steady"",""sourceUnits"":1,""companion"":{""enabled"":true,""source"":""wind"",""sourceSettings"":{""speed"":8,""radius"":40,""cp"":40,""rating"":3000},""profileId"":""steady"",""sourceUnits"":1,""offset"":0},""flex"":{""enabled"":true,""percent"":50,""fromStart"":160,""fromMinutes"":80,""toStart"":40,""toMinutes"":80},""battery"":{""capacity"":10,""power"":5,""roundtrip"":100,""initial"":75},""batteryUnits"":1,""reserve"":0,""demand"":3.75,""policy"":""release"",""loadId"":""flat"",""grid"":""outage"",""gridLimit"":{""enabled"":true,""power"":3.75},""outageStart"":90,""outageMinutes"":60,""duration"":240}"
9,"baseline","4:release",3.75,592.6983992293208,"true",0,0,0,5,583.9483992293208,0,0,8.25,0,0,0,5,583.9483992293208,0,0,8.25,0,0,0,0,0,0,0,0,5,1,"{""source"":""solarPv"",""sourceSettings"":{""irradiance"":0,""area"":20,""efficiency"":20,""incidence"":20},""profileId"":""steady"",""sourceUnits"":1,""companion"":{""enabled"":true,""source"":""wind"",""sourceSettings"":{""speed"":8,""radius"":40,""cp"":40,""rating"":3000},""profileId"":""steady"",""sourceUnits"":1,""offset"":0},""flex"":{""enabled"":true,""percent"":50,""fromStart"":160,""fromMinutes"":80,""toStart"":40,""toMinutes"":80},""battery"":{""capacity"":10,""power"":5,""roundtrip"":100,""initial"":75},""batteryUnits"":1,""reserve"":0,""demand"":3.75,""policy"":""backup"",""loadId"":""flat"",""grid"":""outage"",""gridLimit"":{""enabled"":false,""power"":2.5},""outageStart"":90,""outageMinutes"":60,""duration"":240}","{""source"":""solarPv"",""sourceSettings"":{""irradiance"":0,""area"":20,""efficiency"":20,""incidence"":20},""profileId"":""steady"",""sourceUnits"":1,""companion"":{""enabled"":true,""source"":""wind"",""sourceSettings"":{""speed"":8,""radius"":40,""cp"":40,""rating"":3000},""profileId"":""steady"",""sourceUnits"":1,""offset"":0},""flex"":{""enabled"":true,""percent"":50,""fromStart"":160,""fromMinutes"":80,""toStart"":40,""toMinutes"":80},""battery"":{""capacity"":10,""power"":5,""roundtrip"":100,""initial"":75},""batteryUnits"":1,""reserve"":0,""demand"":3.75,""policy"":""release"",""loadId"":""flat"",""grid"":""outage"",""gridLimit"":{""enabled"":true,""power"":3.75},""outageStart"":90,""outageMinutes"":60,""duration"":240}"
10,"baseline","4:release",3.75,592.6983992293208,"true",0,0,0,5,583.9483992293208,0,0,8.333333333333334,0,0,0,5,583.9483992293208,0,0,8.333333333333334,0,0,0,0,0,0,0,0,5,1,"{""source"":""solarPv"",""sourceSettings"":{""irradiance"":0,""area"":20,""efficiency"":20,""incidence"":20},""profileId"":""steady"",""sourceUnits"":1,""companion"":{""enabled"":true,""source"":""wind"",""sourceSettings"":{""speed"":8,""radius"":40,""cp"":40,""rating"":3000},""profileId"":""steady"",""sourceUnits"":1,""offset"":0},""flex"":{""enabled"":true,""percent"":50,""fromStart"":160,""fromMinutes"":80,""toStart"":40,""toMinutes"":80},""battery"":{""capacity"":10,""power"":5,""roundtrip"":100,""initial"":75},""batteryUnits"":1,""reserve"":0,""demand"":3.75,""policy"":""backup"",""loadId"":""flat"",""grid"":""outage"",""gridLimit"":{""enabled"":false,""power"":2.5},""outageStart"":90,""outageMinutes"":60,""duration"":240}","{""source"":""solarPv"",""sourceSettings"":{""irradiance"":0,""area"":20,""efficiency"":20,""incidence"":20},""profileId"":""steady"",""sourceUnits"":1,""companion"":{""enabled"":true,""source"":""wind"",""sourceSettings"":{""speed"":8,""radius"":40,""cp"":40,""rating"":3000},""profileId"":""steady"",""sourceUnits"":1,""offset"":0},""flex"":{""enabled"":true,""percent"":50,""fromStart"":160,""fromMinutes"":80,""toStart"":40,""toMinutes"":80},""battery"":{""capacity"":10,""power"":5,""roundtrip"":100,""initial"":75},""batteryUnits"":1,""reserve"":0,""demand"":3.75,""policy"":""release"",""loadId"":""flat"",""grid"":""outage"",""gridLimit"":{""enabled"":true,""power"":3.75},""outageStart"":90,""outageMinutes"":60,""duration"":240}"
11,"baseline","4:release",3.75,592.6983992293208,"true",0,0,0,5,583.9483992293208,0,0,8.416666666666668,0,0,0,5,583.9483992293208,0,0,8.416666666666668,0,0,0,0,0,0,0,0,5,1,"{""source"":""solarPv"",""sourceSettings"":{""irradiance"":0,""area"":20,""efficiency"":20,""incidence"":20},""profileId"":""steady"",""sourceUnits"":1,""companion"":{""enabled"":true,""source"":""wind"",""sourceSettings"":{""speed"":8,""radius"":40,""cp"":40,""rating"":3000},""profileId"":""steady"",""sourceUnits"":1,""offset"":0},""flex"":{""enabled"":true,""percent"":50,""fromStart"":160,""fromMinutes"":80,""toStart"":40,""toMinutes"":80},""battery"":{""capacity"":10,""power"":5,""roundtrip"":100,""initial"":75},""batteryUnits"":1,""reserve"":0,""demand"":3.75,""policy"":""backup"",""loadId"":""flat"",""grid"":""outage"",""gridLimit"":{""enabled"":false,""power"":2.5},""outageStart"":90,""outageMinutes"":60,""duration"":240}","{""source"":""solarPv"",""sourceSettings"":{""irradiance"":0,""area"":20,""efficiency"":20,""incidence"":20},""profileId"":""steady"",""sourceUnits"":1,""companion"":{""enabled"":true,""source"":""wind"",""sourceSettings"":{""speed"":8,""radius"":40,""cp"":40,""rating"":3000},""profileId"":""steady"",""sourceUnits"":1,""offset"":0},""flex"":{""enabled"":true,""percent"":50,""fromStart"":160,""fromMinutes"":80,""toStart"":40,""toMinutes"":80},""battery"":{""capacity"":10,""power"":5,""roundtrip"":100,""initial"":75},""batteryUnits"":1,""reserve"":0,""demand"":3.75,""policy"":""release"",""loadId"":""flat"",""grid"":""outage"",""gridLimit"":{""enabled"":true,""power"":3.75},""outageStart"":90,""outageMinutes"":60,""duration"":240}"
12,"baseline","4:release",3.75,592.6983992293208,"true",0,0,0,5,583.9483992293208,0,0,8.500000000000002,0,0,0,5,583.9483992293208,0,0,8.500000000000002,0,0,0,0,0,0,0,0,5,1,"{""source"":""solarPv"",""sourceSettings"":{""irradiance"":0,""area"":20,""efficiency"":20,""incidence"":20},""profileId"":""steady"",""sourceUnits"":1,""companion"":{""enabled"":true,""source"":""wind"",""sourceSettings"":{""speed"":8,""radius"":40,""cp"":40,""rating"":3000},""profileId"":""steady"",""sourceUnits"":1,""offset"":0},""flex"":{""enabled"":true,""percent"":50,""fromStart"":160,""fromMinutes"":80,""toStart"":40,""toMinutes"":80},""battery"":{""capacity"":10,""power"":5,""roundtrip"":100,""initial"":75},""batteryUnits"":1,""reserve"":0,""demand"":3.75,""policy"":""backup"",""loadId"":""flat"",""grid"":""outage"",""gridLimit"":{""enabled"":false,""power"":2.5},""outageStart"":90,""outageMinutes"":60,""duration"":240}","{""source"":""solarPv"",""sourceSettings"":{""irradiance"":0,""area"":20,""efficiency"":20,""incidence"":20},""profileId"":""steady"",""sourceUnits"":1,""companion"":{""enabled"":true,""source"":""wind"",""sourceSettings"":{""speed"":8,""radius"":40,""cp"":40,""rating"":3000},""profileId"":""steady"",""sourceUnits"":1,""offset"":0},""flex"":{""enabled"":true,""percent"":50,""fromStart"":160,""fromMinutes"":80,""toStart"":40,""toMinutes"":80},""battery"":{""capacity"":10,""power"":5,""roundtrip"":100,""initial"":75},""batteryUnits"":1,""reserve"":0,""demand"":3.75,""policy"":""release"",""loadId"":""flat"",""grid"":""outage"",""gridLimit"":{""enabled"":true,""power"":3.75},""outageStart"":90,""outageMinutes"":60,""duration"":240}"
13,"baseline","4:release",3.75,592.6983992293208,"true",0,0,0,5,583.9483992293208,0,0,8.583333333333336,0,0,0,5,583.9483992293208,0,0,8.583333333333336,0,0,0,0,0,0,0,0,5,1,"{""source"":""solarPv"",""sourceSettings"":{""irradiance"":0,""area"":20,""efficiency"":20,""incidence"":20},""profileId"":""steady"",""sourceUnits"":1,""companion"":{""enabled"":true,""source"":""wind"",""sourceSettings"":{""speed"":8,""radius"":40,""cp"":40,""rating"":3000},""profileId"":""steady"",""sourceUnits"":1,""offset"":0},""flex"":{""enabled"":true,""percent"":50,""fromStart"":160,""fromMinutes"":80,""toStart"":40,""toMinutes"":80},""battery"":{""capacity"":10,""power"":5,""roundtrip"":100,""initial"":75},""batteryUnits"":1,""reserve"":0,""demand"":3.75,""policy"":""backup"",""loadId"":""flat"",""grid"":""outage"",""gridLimit"":{""enabled"":false,""power"":2.5},""outageStart"":90,""outageMinutes"":60,""duration"":240}","{""source"":""solarPv"",""sourceSettings"":{""irradiance"":0,""area"":20,""efficiency"":20,""incidence"":20},""profileId"":""steady"",""sourceUnits"":1,""companion"":{""enabled"":true,""source"":""wind"",""sourceSettings"":{""speed"":8,""radius"":40,""cp"":40,""rating"":3000},""profileId"":""steady"",""sourceUnits"":1,""offset"":0},""flex"":{""enabled"":true,""percent"":50,""fromStart"":160,""fromMinutes"":80,""toStart"":40,""toMinutes"":80},""battery"":{""capacity"":10,""power"":5,""roundtrip"":100,""initial"":75},""batteryUnits"":1,""reserve"":0,""demand"":3.75,""policy"":""release"",""loadId"":""flat"",""grid"":""outage"",""gridLimit"":{""enabled"":true,""power"":3.75},""outageStart"":90,""outageMinutes"":60,""duration"":240}"
14,"baseline","4:release",3.75,592.6983992293208,"true",0,0,0,5,583.9483992293208,0,0,8.66666666666667,0,0,0,5,583.9483992293208,0,0,8.66666666666667,0,0,0,0,0,0,0,0,5,1,"{""source"":""solarPv"",""sourceSettings"":{""irradiance"":0,""area"":20,""efficiency"":20,""incidence"":20},""profileId"":""steady"",""sourceUnits"":1,""companion"":{""enabled"":true,""source"":""wind"",""sourceSettings"":{""speed"":8,""radius"":40,""cp"":40,""rating"":3000},""profileId"":""steady"",""sourceUnits"":1,""offset"":0},""flex"":{""enabled"":true,""percent"":50,""fromStart"":160,""fromMinutes"":80,""toStart"":40,""toMinutes"":80},""battery"":{""capacity"":10,""power"":5,""roundtrip"":100,""initial"":75},""batteryUnits"":1,""reserve"":0,""demand"":3.75,""policy"":""backup"",""loadId"":""flat"",""grid"":""outage"",""gridLimit"":{""enabled"":false,""power"":2.5},""outageStart"":90,""outageMinutes"":60,""duration"":240}","{""source"":""solarPv"",""sourceSettings"":{""irradiance"":0,""area"":20,""efficiency"":20,""incidence"":20},""profileId"":""steady"",""sourceUnits"":1,""companion"":{""enabled"":true,""source"":""wind"",""sourceSettings"":{""speed"":8,""radius"":40,""cp"":40,""rating"":3000},""profileId"":""steady"",""sourceUnits"":1,""offset"":0},""flex"":{""enabled"":true,""percent"":50,""fromStart"":160,""fromMinutes"":80,""toStart"":40,""toMinutes"":80},""battery"":{""capacity"":10,""power"":5,""roundtrip"":100,""initial"":75},""batteryUnits"":1,""reserve"":0,""demand"":3.75,""policy"":""release"",""loadId"":""flat"",""grid"":""outage"",""gridLimit"":{""enabled"":true,""power"":3.75},""outageStart"":90,""outageMinutes"":60,""duration"":240}"
15,"baseline","4:release",3.75,592.6983992293208,"true",0,0,0,5,583.9483992293208,0,0,8.750000000000004,0,0,0,5,583.9483992293208,0,0,8.750000000000004,0,0,0,0,0,0,0,0,5,1,"{""source"":""solarPv"",""sourceSettings"":{""irradiance"":0,""area"":20,""efficiency"":20,""incidence"":20},""profileId"":""steady"",""sourceUnits"":1,""companion"":{""enabled"":true,""source"":""wind"",""sourceSettings"":{""speed"":8,""radius"":40,""cp"":40,""rating"":3000},""profileId"":""steady"",""sourceUnits"":1,""offset"":0},""flex"":{""enabled"":true,""percent"":50,""fromStart"":160,""fromMinutes"":80,""toStart"":40,""toMinutes"":80},""battery"":{""capacity"":10,""power"":5,""roundtrip"":100,""initial"":75},""batteryUnits"":1,""reserve"":0,""demand"":3.75,""policy"":""backup"",""loadId"":""flat"",""grid"":""outage"",""gridLimit"":{""enabled"":false,""power"":2.5},""outageStart"":90,""outageMinutes"":60,""duration"":240}","{""source"":""solarPv"",""sourceSettings"":{""irradiance"":0,""area"":20,""efficiency"":20,""incidence"":20},""profileId"":""steady"",""sourceUnits"":1,""companion"":{""enabled"":true,""source"":""wind"",""sourceSettings"":{""speed"":8,""radius"":40,""cp"":40,""rating"":3000},""profileId"":""steady"",""sourceUnits"":1,""offset"":0},""flex"":{""enabled"":true,""percent"":50,""fromStart"":160,""fromMinutes"":80,""toStart"":40,""toMinutes"":80},""battery"":{""capacity"":10,""power"":5,""roundtrip"":100,""initial"":75},""batteryUnits"":1,""reserve"":0,""demand"":3.75,""policy"":""release"",""loadId"":""flat"",""grid"":""outage"",""gridLimit"":{""enabled"":true,""power"":3.75},""outageStart"":90,""outageMinutes"":60,""duration"":240}"
16,"baseline","4:release",3.75,592.6983992293208,"true",0,0,0,5,583.9483992293208,0,0,8.833333333333337,0,0,0,5,583.9483992293208,0,0,8.833333333333337,0,0,0,0,0,0,0,0,5,1,"{""source"":""solarPv"",""sourceSettings"":{""irradiance"":0,""area"":20,""efficiency"":20,""incidence"":20},""profileId"":""steady"",""sourceUnits"":1,""companion"":{""enabled"":true,""source"":""wind"",""sourceSettings"":{""speed"":8,""radius"":40,""cp"":40,""rating"":3000},""profileId"":""steady"",""sourceUnits"":1,""offset"":0},""flex"":{""enabled"":true,""percent"":50,""fromStart"":160,""fromMinutes"":80,""toStart"":40,""toMinutes"":80},""battery"":{""capacity"":10,""power"":5,""roundtrip"":100,""initial"":75},""batteryUnits"":1,""reserve"":0,""demand"":3.75,""policy"":""backup"",""loadId"":""flat"",""grid"":""outage"",""gridLimit"":{""enabled"":false,""power"":2.5},""outageStart"":90,""outageMinutes"":60,""duration"":240}","{""source"":""solarPv"",""sourceSettings"":{""irradiance"":0,""area"":20,""efficiency"":20,""incidence"":20},""profileId"":""steady"",""sourceUnits"":1,""companion"":{""enabled"":true,""source"":""wind"",""sourceSettings"":{""speed"":8,""radius"":40,""cp"":40,""rating"":3000},""profileId"":""steady"",""sourceUnits"":1,""offset"":0},""flex"":{""enabled"":true,""percent"":50,""fromStart"":160,""fromMinutes"":80,""toStart"":40,""toMinutes"":80},""battery"":{""capacity"":10,""power"":5,""roundtrip"":100,""initial"":75},""batteryUnits"":1,""reserve"":0,""demand"":3.75,""policy"":""release"",""loadId"":""flat"",""grid"":""outage"",""gridLimit"":{""enabled"":true,""power"":3.75},""outageStart"":90,""outageMinutes"":60,""duration"":240}"
17,"baseline","4:release",3.75,592.6983992293208,"true",0,0,0,5,583.9483992293208,0,0,8.916666666666671,0,0,0,5,583.9483992293208,0,0,8.916666666666671,0,0,0,0,0,0,0,0,5,1,"{""source"":""solarPv"",""sourceSettings"":{""irradiance"":0,""area"":20,""efficiency"":20,""incidence"":20},""profileId"":""steady"",""sourceUnits"":1,""companion"":{""enabled"":true,""source"":""wind"",""sourceSettings"":{""speed"":8,""radius"":40,""cp"":40,""rating"":3000},""profileId"":""steady"",""sourceUnits"":1,""offset"":0},""flex"":{""enabled"":true,""percent"":50,""fromStart"":160,""fromMinutes"":80,""toStart"":40,""toMinutes"":80},""battery"":{""capacity"":10,""power"":5,""roundtrip"":100,""initial"":75},""batteryUnits"":1,""reserve"":0,""demand"":3.75,""policy"":""backup"",""loadId"":""flat"",""grid"":""outage"",""gridLimit"":{""enabled"":false,""power"":2.5},""outageStart"":90,""outageMinutes"":60,""duration"":240}","{""source"":""solarPv"",""sourceSettings"":{""irradiance"":0,""area"":20,""efficiency"":20,""incidence"":20},""profileId"":""steady"",""sourceUnits"":1,""companion"":{""enabled"":true,""source"":""wind"",""sourceSettings"":{""speed"":8,""radius"":40,""cp"":40,""rating"":3000},""profileId"":""steady"",""sourceUnits"":1,""offset"":0},""flex"":{""enabled"":true,""percent"":50,""fromStart"":160,""fromMinutes"":80,""toStart"":40,""toMinutes"":80},""battery"":{""capacity"":10,""power"":5,""roundtrip"":100,""initial"":75},""batteryUnits"":1,""reserve"":0,""demand"":3.75,""policy"":""release"",""loadId"":""flat"",""grid"":""outage"",""gridLimit"":{""enabled"":true,""power"":3.75},""outageStart"":90,""outageMinutes"":60,""duration"":240}"
18,"baseline","4:release",3.75,592.6983992293208,"true",0,0,0,5,583.9483992293208,0,0,9.000000000000005,0,0,0,5,583.9483992293208,0,0,9.000000000000005,0,0,0,0,0,0,0,0,5,1,"{""source"":""solarPv"",""sourceSettings"":{""irradiance"":0,""area"":20,""efficiency"":20,""incidence"":20},""profileId"":""steady"",""sourceUnits"":1,""companion"":{""enabled"":true,""source"":""wind"",""sourceSettings"":{""speed"":8,""radius"":40,""cp"":40,""rating"":3000},""profileId"":""steady"",""sourceUnits"":1,""offset"":0},""flex"":{""enabled"":true,""percent"":50,""fromStart"":160,""fromMinutes"":80,""toStart"":40,""toMinutes"":80},""battery"":{""capacity"":10,""power"":5,""roundtrip"":100,""initial"":75},""batteryUnits"":1,""reserve"":0,""demand"":3.75,""policy"":""backup"",""loadId"":""flat"",""grid"":""outage"",""gridLimit"":{""enabled"":false,""power"":2.5},""outageStart"":90,""outageMinutes"":60,""duration"":240}","{""source"":""solarPv"",""sourceSettings"":{""irradiance"":0,""area"":20,""efficiency"":20,""incidence"":20},""profileId"":""steady"",""sourceUnits"":1,""companion"":{""enabled"":true,""source"":""wind"",""sourceSettings"":{""speed"":8,""radius"":40,""cp"":40,""rating"":3000},""profileId"":""steady"",""sourceUnits"":1,""offset"":0},""flex"":{""enabled"":true,""percent"":50,""fromStart"":160,""fromMinutes"":80,""toStart"":40,""toMinutes"":80},""battery"":{""capacity"":10,""power"":5,""roundtrip"":100,""initial"":75},""batteryUnits"":1,""reserve"":0,""demand"":3.75,""policy"":""release"",""loadId"":""flat"",""grid"":""outage"",""gridLimit"":{""enabled"":true,""power"":3.75},""outageStart"":90,""outageMinutes"":60,""duration"":240}"
19,"baseline","4:release",3.75,592.6983992293208,"true",0,0,0,5,583.9483992293208,0,0,9.08333333333334,0,0,0,5,583.9483992293208,0,0,9.08333333333334,0,0,0,0,0,0,0,0,5,1,"{""source"":""solarPv"",""sourceSettings"":{""irradiance"":0,""area"":20,""efficiency"":20,""incidence"":20},""profileId"":""steady"",""sourceUnits"":1,""companion"":{""enabled"":true,""source"":""wind"",""sourceSettings"":{""speed"":8,""radius"":40,""cp"":40,""rating"":3000},""profileId"":""steady"",""sourceUnits"":1,""offset"":0},""flex"":{""enabled"":true,""percent"":50,""fromStart"":160,""fromMinutes"":80,""toStart"":40,""toMinutes"":80},""battery"":{""capacity"":10,""power"":5,""roundtrip"":100,""initial"":75},""batteryUnits"":1,""reserve"":0,""demand"":3.75,""policy"":""backup"",""loadId"":""flat"",""grid"":""outage"",""gridLimit"":{""enabled"":false,""power"":2.5},""outageStart"":90,""outageMinutes"":60,""duration"":240}","{""source"":""solarPv"",""sourceSettings"":{""irradiance"":0,""area"":20,""efficiency"":20,""incidence"":20},""profileId"":""steady"",""sourceUnits"":1,""companion"":{""enabled"":true,""source"":""wind"",""sourceSettings"":{""speed"":8,""radius"":40,""cp"":40,""rating"":3000},""profileId"":""steady"",""sourceUnits"":1,""offset"":0},""flex"":{""enabled"":true,""percent"":50,""fromStart"":160,""fromMinutes"":80,""toStart"":40,""toMinutes"":80},""battery"":{""capacity"":10,""power"":5,""roundtrip"":100,""initial"":75},""batteryUnits"":1,""reserve"":0,""demand"":3.75,""policy"":""release"",""loadId"":""flat"",""grid"":""outage"",""gridLimit"":{""enabled"":true,""power"":3.75},""outageStart"":90,""outageMinutes"":60,""duration"":240}"
20,"baseline","4:release",3.75,592.6983992293208,"true",0,0,0,5,583.9483992293208,0,0,9.166666666666673,0,0,0,5,583.9483992293208,0,0,9.166666666666673,0,0,0,0,0,0,0,0,5,1,"{""source"":""solarPv"",""sourceSettings"":{""irradiance"":0,""area"":20,""efficiency"":20,""incidence"":20},""profileId"":""steady"",""sourceUnits"":1,""companion"":{""enabled"":true,""source"":""wind"",""sourceSettings"":{""speed"":8,""radius"":40,""cp"":40,""rating"":3000},""profileId"":""steady"",""sourceUnits"":1,""offset"":0},""flex"":{""enabled"":true,""percent"":50,""fromStart"":160,""fromMinutes"":80,""toStart"":40,""toMinutes"":80},""battery"":{""capacity"":10,""power"":5,""roundtrip"":100,""initial"":75},""batteryUnits"":1,""reserve"":0,""demand"":3.75,""policy"":""backup"",""loadId"":""flat"",""grid"":""outage"",""gridLimit"":{""enabled"":false,""power"":2.5},""outageStart"":90,""outageMinutes"":60,""duration"":240}","{""source"":""solarPv"",""sourceSettings"":{""irradiance"":0,""area"":20,""efficiency"":20,""incidence"":20},""profileId"":""steady"",""sourceUnits"":1,""companion"":{""enabled"":true,""source"":""wind"",""sourceSettings"":{""speed"":8,""radius"":40,""cp"":40,""rating"":3000},""profileId"":""steady"",""sourceUnits"":1,""offset"":0},""flex"":{""enabled"":true,""percent"":50,""fromStart"":160,""fromMinutes"":80,""toStart"":40,""toMinutes"":80},""battery"":{""capacity"":10,""power"":5,""roundtrip"":100,""initial"":75},""batteryUnits"":1,""reserve"":0,""demand"":3.75,""policy"":""release"",""loadId"":""flat"",""grid"":""outage"",""gridLimit"":{""enabled"":true,""power"":3.75},""outageStart"":90,""outageMinutes"":60,""duration"":240}"
21,"baseline","4:release",3.75,592.6983992293208,"true",0,0,0,5,583.9483992293208,0,0,9.250000000000007,0,0,0,5,583.9483992293208,0,0,9.250000000000007,0,0,0,0,0,0,0,0,5,1,"{""source"":""solarPv"",""sourceSettings"":{""irradiance"":0,""area"":20,""efficiency"":20,""incidence"":20},""profileId"":""steady"",""sourceUnits"":1,""companion"":{""enabled"":true,""source"":""wind"",""sourceSettings"":{""speed"":8,""radius"":40,""cp"":40,""rating"":3000},""profileId"":""steady"",""sourceUnits"":1,""offset"":0},""flex"":{""enabled"":true,""percent"":50,""fromStart"":160,""fromMinutes"":80,""toStart"":40,""toMinutes"":80},""battery"":{""capacity"":10,""power"":5,""roundtrip"":100,""initial"":75},""batteryUnits"":1,""reserve"":0,""demand"":3.75,""policy"":""backup"",""loadId"":""flat"",""grid"":""outage"",""gridLimit"":{""enabled"":false,""power"":2.5},""outageStart"":90,""outageMinutes"":60,""duration"":240}","{""source"":""solarPv"",""sourceSettings"":{""irradiance"":0,""area"":20,""efficiency"":20,""incidence"":20},""profileId"":""steady"",""sourceUnits"":1,""companion"":{""enabled"":true,""source"":""wind"",""sourceSettings"":{""speed"":8,""radius"":40,""cp"":40,""rating"":3000},""profileId"":""steady"",""sourceUnits"":1,""offset"":0},""flex"":{""enabled"":true,""percent"":50,""fromStart"":160,""fromMinutes"":80,""toStart"":40,""toMinutes"":80},""battery"":{""capacity"":10,""power"":5,""roundtrip"":100,""initial"":75},""batteryUnits"":1,""reserve"":0,""demand"":3.75,""policy"":""release"",""loadId"":""flat"",""grid"":""outage"",""gridLimit"":{""enabled"":true,""power"":3.75},""outageStart"":90,""outageMinutes"":60,""duration"":240}"
22,"baseline","4:release",3.75,592.6983992293208,"true",0,0,0,5,583.9483992293208,0,0,9.333333333333341,0,0,0,5,583.9483992293208,0,0,9.333333333333341,0,0,0,0,0,0,0,0,5,1,"{""source"":""solarPv"",""sourceSettings"":{""irradiance"":0,""area"":20,""efficiency"":20,""incidence"":20},""profileId"":""steady"",""sourceUnits"":1,""companion"":{""enabled"":true,""source"":""wind"",""sourceSettings"":{""speed"":8,""radius"":40,""cp"":40,""rating"":3000},""profileId"":""steady"",""sourceUnits"":1,""offset"":0},""flex"":{""enabled"":true,""percent"":50,""fromStart"":160,""fromMinutes"":80,""toStart"":40,""toMinutes"":80},""battery"":{""capacity"":10,""power"":5,""roundtrip"":100,""initial"":75},""batteryUnits"":1,""reserve"":0,""demand"":3.75,""policy"":""backup"",""loadId"":""flat"",""grid"":""outage"",""gridLimit"":{""enabled"":false,""power"":2.5},""outageStart"":90,""outageMinutes"":60,""duration"":240}","{""source"":""solarPv"",""sourceSettings"":{""irradiance"":0,""area"":20,""efficiency"":20,""incidence"":20},""profileId"":""steady"",""sourceUnits"":1,""companion"":{""enabled"":true,""source"":""wind"",""sourceSettings"":{""speed"":8,""radius"":40,""cp"":40,""rating"":3000},""profileId"":""steady"",""sourceUnits"":1,""offset"":0},""flex"":{""enabled"":true,""percent"":50,""fromStart"":160,""fromMinutes"":80,""toStart"":40,""toMinutes"":80},""battery"":{""capacity"":10,""power"":5,""roundtrip"":100,""initial"":75},""batteryUnits"":1,""reserve"":0,""demand"":3.75,""policy"":""release"",""loadId"":""flat"",""grid"":""outage"",""gridLimit"":{""enabled"":true,""power"":3.75},""outageStart"":90,""outageMinutes"":60,""duration"":240}"
23,"baseline","4:release",3.75,592.6983992293208,"true",0,0,0,5,583.9483992293208,0,0,9.416666666666675,0,0,0,5,583.9483992293208,0,0,9.416666666666675,0,0,0,0,0,0,0,0,5,1,"{""source"":""solarPv"",""sourceSettings"":{""irradiance"":0,""area"":20,""efficiency"":20,""incidence"":20},""profileId"":""steady"",""sourceUnits"":1,""companion"":{""enabled"":true,""source"":""wind"",""sourceSettings"":{""speed"":8,""radius"":40,""cp"":40,""rating"":3000},""profileId"":""steady"",""sourceUnits"":1,""offset"":0},""flex"":{""enabled"":true,""percent"":50,""fromStart"":160,""fromMinutes"":80,""toStart"":40,""toMinutes"":80},""battery"":{""capacity"":10,""power"":5,""roundtrip"":100,""initial"":75},""batteryUnits"":1,""reserve"":0,""demand"":3.75,""policy"":""backup"",""loadId"":""flat"",""grid"":""outage"",""gridLimit"":{""enabled"":false,""power"":2.5},""outageStart"":90,""outageMinutes"":60,""duration"":240}","{""source"":""solarPv"",""sourceSettings"":{""irradiance"":0,""area"":20,""efficiency"":20,""incidence"":20},""profileId"":""steady"",""sourceUnits"":1,""companion"":{""enabled"":true,""source"":""wind"",""sourceSettings"":{""speed"":8,""radius"":40,""cp"":40,""rating"":3000},""profileId"":""steady"",""sourceUnits"":1,""offset"":0},""flex"":{""enabled"":true,""percent"":50,""fromStart"":160,""fromMinutes"":80,""toStart"":40,""toMinutes"":80},""battery"":{""capacity"":10,""power"":5,""roundtrip"":100,""initial"":75},""batteryUnits"":1,""reserve"":0,""demand"":3.75,""policy"":""release"",""loadId"":""flat"",""grid"":""outage"",""gridLimit"":{""enabled"":true,""power"":3.75},""outageStart"":90,""outageMinutes"":60,""duration"":240}"
24,"baseline","4:release",3.75,592.6983992293208,"true",0,0,0,5,583.9483992293208,0,0,9.500000000000009,0,0,0,5,583.9483992293208,0,0,9.500000000000009,0,0,0,0,0,0,0,0,5,1,"{""source"":""solarPv"",""sourceSettings"":{""irradiance"":0,""area"":20,""efficiency"":20,""incidence"":20},""profileId"":""steady"",""sourceUnits"":1,""companion"":{""enabled"":true,""source"":""wind"",""sourceSettings"":{""speed"":8,""radius"":40,""cp"":40,""rating"":3000},""profileId"":""steady"",""sourceUnits"":1,""offset"":0},""flex"":{""enabled"":true,""percent"":50,""fromStart"":160,""fromMinutes"":80,""toStart"":40,""toMinutes"":80},""battery"":{""capacity"":10,""power"":5,""roundtrip"":100,""initial"":75},""batteryUnits"":1,""reserve"":0,""demand"":3.75,""policy"":""backup"",""loadId"":""flat"",""grid"":""outage"",""gridLimit"":{""enabled"":false,""power"":2.5},""outageStart"":90,""outageMinutes"":60,""duration"":240}","{""source"":""solarPv"",""sourceSettings"":{""irradiance"":0,""area"":20,""efficiency"":20,""incidence"":20},""profileId"":""steady"",""sourceUnits"":1,""companion"":{""enabled"":true,""source"":""wind"",""sourceSettings"":{""speed"":8,""radius"":40,""cp"":40,""rating"":3000},""profileId"":""steady"",""sourceUnits"":1,""offset"":0},""flex"":{""enabled"":true,""percent"":50,""fromStart"":160,""fromMinutes"":80,""toStart"":40,""toMinutes"":80},""battery"":{""capacity"":10,""power"":5,""roundtrip"":100,""initial"":75},""batteryUnits"":1,""reserve"":0,""demand"":3.75,""policy"":""release"",""loadId"":""flat"",""grid"":""outage"",""gridLimit"":{""enabled"":true,""power"":3.75},""outageStart"":90,""outageMinutes"":60,""duration"":240}"
25,"baseline","4:release",3.75,592.6983992293208,"true",0,0,0,5,583.9483992293208,0,0,9.583333333333343,0,0,0,5,583.9483992293208,0,0,9.583333333333343,0,0,0,0,0,0,0,0,5,1,"{""source"":""solarPv"",""sourceSettings"":{""irradiance"":0,""area"":20,""efficiency"":20,""incidence"":20},""profileId"":""steady"",""sourceUnits"":1,""companion"":{""enabled"":true,""source"":""wind"",""sourceSettings"":{""speed"":8,""radius"":40,""cp"":40,""rating"":3000},""profileId"":""steady"",""sourceUnits"":1,""offset"":0},""flex"":{""enabled"":true,""percent"":50,""fromStart"":160,""fromMinutes"":80,""toStart"":40,""toMinutes"":80},""battery"":{""capacity"":10,""power"":5,""roundtrip"":100,""initial"":75},""batteryUnits"":1,""reserve"":0,""demand"":3.75,""policy"":""backup"",""loadId"":""flat"",""grid"":""outage"",""gridLimit"":{""enabled"":false,""power"":2.5},""outageStart"":90,""outageMinutes"":60,""duration"":240}","{""source"":""solarPv"",""sourceSettings"":{""irradiance"":0,""area"":20,""efficiency"":20,""incidence"":20},""profileId"":""steady"",""sourceUnits"":1,""companion"":{""enabled"":true,""source"":""wind"",""sourceSettings"":{""speed"":8,""radius"":40,""cp"":40,""rating"":3000},""profileId"":""steady"",""sourceUnits"":1,""offset"":0},""flex"":{""enabled"":true,""percent"":50,""fromStart"":160,""fromMinutes"":80,""toStart"":40,""toMinutes"":80},""battery"":{""capacity"":10,""power"":5,""roundtrip"":100,""initial"":75},""batteryUnits"":1,""reserve"":0,""demand"":3.75,""policy"":""release"",""loadId"":""flat"",""grid"":""outage"",""gridLimit"":{""enabled"":true,""power"":3.75},""outageStart"":90,""outageMinutes"":60,""duration"":240}"
26,"baseline","4:release",3.75,592.6983992293208,"true",0,0,0,5,583.9483992293208,0,0,9.666666666666677,0,0,0,5,583.9483992293208,0,0,9.666666666666677,0,0,0,0,0,0,0,0,5,1,"{""source"":""solarPv"",""sourceSettings"":{""irradiance"":0,""area"":20,""efficiency"":20,""incidence"":20},""profileId"":""steady"",""sourceUnits"":1,""companion"":{""enabled"":true,""source"":""wind"",""sourceSettings"":{""speed"":8,""radius"":40,""cp"":40,""rating"":3000},""profileId"":""steady"",""sourceUnits"":1,""offset"":0},""flex"":{""enabled"":true,""percent"":50,""fromStart"":160,""fromMinutes"":80,""toStart"":40,""toMinutes"":80},""battery"":{""capacity"":10,""power"":5,""roundtrip"":100,""initial"":75},""batteryUnits"":1,""reserve"":0,""demand"":3.75,""policy"":""backup"",""loadId"":""flat"",""grid"":""outage"",""gridLimit"":{""enabled"":false,""power"":2.5},""outageStart"":90,""outageMinutes"":60,""duration"":240}","{""source"":""solarPv"",""sourceSettings"":{""irradiance"":0,""area"":20,""efficiency"":20,""incidence"":20},""profileId"":""steady"",""sourceUnits"":1,""companion"":{""enabled"":true,""source"":""wind"",""sourceSettings"":{""speed"":8,""radius"":40,""cp"":40,""rating"":3000},""profileId"":""steady"",""sourceUnits"":1,""offset"":0},""flex"":{""enabled"":true,""percent"":50,""fromStart"":160,""fromMinutes"":80,""toStart"":40,""toMinutes"":80},""battery"":{""capacity"":10,""power"":5,""roundtrip"":100,""initial"":75},""batteryUnits"":1,""reserve"":0,""demand"":3.75,""policy"":""release"",""loadId"":""flat"",""grid"":""outage"",""gridLimit"":{""enabled"":true,""power"":3.75},""outageStart"":90,""outageMinutes"":60,""duration"":240}"
27,"baseline","4:release",3.75,592.6983992293208,"true",0,0,0,5,583.9483992293208,0,0,9.75000000000001,0,0,0,5,583.9483992293208,0,0,9.75000000000001,0,0,0,0,0,0,0,0,5,1,"{""source"":""solarPv"",""sourceSettings"":{""irradiance"":0,""area"":20,""efficiency"":20,""incidence"":20},""profileId"":""steady"",""sourceUnits"":1,""companion"":{""enabled"":true,""source"":""wind"",""sourceSettings"":{""speed"":8,""radius"":40,""cp"":40,""rating"":3000},""profileId"":""steady"",""sourceUnits"":1,""offset"":0},""flex"":{""enabled"":true,""percent"":50,""fromStart"":160,""fromMinutes"":80,""toStart"":40,""toMinutes"":80},""battery"":{""capacity"":10,""power"":5,""roundtrip"":100,""initial"":75},""batteryUnits"":1,""reserve"":0,""demand"":3.75,""policy"":""backup"",""loadId"":""flat"",""grid"":""outage"",""gridLimit"":{""enabled"":false,""power"":2.5},""outageStart"":90,""outageMinutes"":60,""duration"":240}","{""source"":""solarPv"",""sourceSettings"":{""irradiance"":0,""area"":20,""efficiency"":20,""incidence"":20},""profileId"":""steady"",""sourceUnits"":1,""companion"":{""enabled"":true,""source"":""wind"",""sourceSettings"":{""speed"":8,""radius"":40,""cp"":40,""rating"":3000},""profileId"":""steady"",""sourceUnits"":1,""offset"":0},""flex"":{""enabled"":true,""percent"":50,""fromStart"":160,""fromMinutes"":80,""toStart"":40,""toMinutes"":80},""battery"":{""capacity"":10,""power"":5,""roundtrip"":100,""initial"":75},""batteryUnits"":1,""reserve"":0,""demand"":3.75,""policy"":""release"",""loadId"":""flat"",""grid"":""outage"",""gridLimit"":{""enabled"":true,""power"":3.75},""outageStart"":90,""outageMinutes"":60,""duration"":240}"
28,"baseline","4:release",3.75,592.6983992293208,"true",0,0,0,5,583.9483992293208,0,0,9.833333333333345,0,0,0,5,583.9483992293208,0,0,9.833333333333345,0,0,0,0,0,0,0,0,5,1,"{""source"":""solarPv"",""sourceSettings"":{""irradiance"":0,""area"":20,""efficiency"":20,""incidence"":20},""profileId"":""steady"",""sourceUnits"":1,""companion"":{""enabled"":true,""source"":""wind"",""sourceSettings"":{""speed"":8,""radius"":40,""cp"":40,""rating"":3000},""profileId"":""steady"",""sourceUnits"":1,""offset"":0},""flex"":{""enabled"":true,""percent"":50,""fromStart"":160,""fromMinutes"":80,""toStart"":40,""toMinutes"":80},""battery"":{""capacity"":10,""power"":5,""roundtrip"":100,""initial"":75},""batteryUnits"":1,""reserve"":0,""demand"":3.75,""policy"":""backup"",""loadId"":""flat"",""grid"":""outage"",""gridLimit"":{""enabled"":false,""power"":2.5},""outageStart"":90,""outageMinutes"":60,""duration"":240}","{""source"":""solarPv"",""sourceSettings"":{""irradiance"":0,""area"":20,""efficiency"":20,""incidence"":20},""profileId"":""steady"",""sourceUnits"":1,""companion"":{""enabled"":true,""source"":""wind"",""sourceSettings"":{""speed"":8,""radius"":40,""cp"":40,""rating"":3000},""profileId"":""steady"",""sourceUnits"":1,""offset"":0},""flex"":{""enabled"":true,""percent"":50,""fromStart"":160,""fromMinutes"":80,""toStart"":40,""toMinutes"":80},""battery"":{""capacity"":10,""power"":5,""roundtrip"":100,""initial"":75},""batteryUnits"":1,""reserve"":0,""demand"":3.75,""policy"":""release"",""loadId"":""flat"",""grid"":""outage"",""gridLimit"":{""enabled"":true,""power"":3.75},""outageStart"":90,""outageMinutes"":60,""duration"":240}"
29,"baseline","4:release",3.75,592.6983992293208,"true",0,0,0,4.9999999999992895,583.9483992293215,0,0,9.916666666666679,0,0,0,4.9999999999992895,583.9483992293215,0,0,9.916666666666679,0,0,0,0,0,0,0,0,5,1,"{""source"":""solarPv"",""sourceSettings"":{""irradiance"":0,""area"":20,""efficiency"":20,""incidence"":20},""profileId"":""steady"",""sourceUnits"":1,""companion"":{""enabled"":true,""source"":""wind"",""sourceSettings"":{""speed"":8,""radius"":40,""cp"":40,""rating"":3000},""profileId"":""steady"",""sourceUnits"":1,""offset"":0},""flex"":{""enabled"":true,""percent"":50,""fromStart"":160,""fromMinutes"":80,""toStart"":40,""toMinutes"":80},""battery"":{""capacity"":10,""power"":5,""roundtrip"":100,""initial"":75},""batteryUnits"":1,""reserve"":0,""demand"":3.75,""policy"":""backup"",""loadId"":""flat"",""grid"":""outage"",""gridLimit"":{""enabled"":false,""power"":2.5},""outageStart"":90,""outageMinutes"":60,""duration"":240}","{""source"":""solarPv"",""sourceSettings"":{""irradiance"":0,""area"":20,""efficiency"":20,""incidence"":20},""profileId"":""steady"",""sourceUnits"":1,""companion"":{""enabled"":true,""source"":""wind"",""sourceSettings"":{""speed"":8,""radius"":40,""cp"":40,""rating"":3000},""profileId"":""steady"",""sourceUnits"":1,""offset"":0},""flex"":{""enabled"":true,""percent"":50,""fromStart"":160,""fromMinutes"":80,""toStart"":40,""toMinutes"":80},""battery"":{""capacity"":10,""power"":5,""roundtrip"":100,""initial"":75},""batteryUnits"":1,""reserve"":0,""demand"":3.75,""policy"":""release"",""loadId"":""flat"",""grid"":""outage"",""gridLimit"":{""enabled"":true,""power"":3.75},""outageStart"":90,""outageMinutes"":60,""duration"":240}"
30,"baseline","4:release",3.75,592.6983992293208,"true",0,0,0,0,588.9483992293208,0,0,10,0,0,0,0,588.9483992293208,0,0,10,0,0,0,0,0,0,0,0,5,1,"{""source"":""solarPv"",""sourceSettings"":{""irradiance"":0,""area"":20,""efficiency"":20,""incidence"":20},""profileId"":""steady"",""sourceUnits"":1,""companion"":{""enabled"":true,""source"":""wind"",""sourceSettings"":{""speed"":8,""radius"":40,""cp"":40,""rating"":3000},""profileId"":""steady"",""sourceUnits"":1,""offset"":0},""flex"":{""enabled"":true,""percent"":50,""fromStart"":160,""fromMinutes"":80,""toStart"":40,""toMinutes"":80},""battery"":{""capacity"":10,""power"":5,""roundtrip"":100,""initial"":75},""batteryUnits"":1,""reserve"":0,""demand"":3.75,""policy"":""backup"",""loadId"":""flat"",""grid"":""outage"",""gridLimit"":{""enabled"":false,""power"":2.5},""outageStart"":90,""outageMinutes"":60,""duration"":240}","{""source"":""solarPv"",""sourceSettings"":{""irradiance"":0,""area"":20,""efficiency"":20,""incidence"":20},""profileId"":""steady"",""sourceUnits"":1,""companion"":{""enabled"":true,""source"":""wind"",""sourceSettings"":{""speed"":8,""radius"":40,""cp"":40,""rating"":3000},""profileId"":""steady"",""sourceUnits"":1,""offset"":0},""flex"":{""enabled"":true,""percent"":50,""fromStart"":160,""fromMinutes"":80,""toStart"":40,""toMinutes"":80},""battery"":{""capacity"":10,""power"":5,""roundtrip"":100,""initial"":75},""batteryUnits"":1,""reserve"":0,""demand"":3.75,""policy"":""release"",""loadId"":""flat"",""grid"":""outage"",""gridLimit"":{""enabled"":true,""power"":3.75},""outageStart"":90,""outageMinutes"":60,""duration"":240}"
31,"baseline","4:release",3.75,592.6983992293208,"true",0,0,0,0,588.9483992293208,0,0,10,0,0,0,0,588.9483992293208,0,0,10,0,0,0,0,0,0,0,0,5,1,"{""source"":""solarPv"",""sourceSettings"":{""irradiance"":0,""area"":20,""efficiency"":20,""incidence"":20},""profileId"":""steady"",""sourceUnits"":1,""companion"":{""enabled"":true,""source"":""wind"",""sourceSettings"":{""speed"":8,""radius"":40,""cp"":40,""rating"":3000},""profileId"":""steady"",""sourceUnits"":1,""offset"":0},""flex"":{""enabled"":true,""percent"":50,""fromStart"":160,""fromMinutes"":80,""toStart"":40,""toMinutes"":80},""battery"":{""capacity"":10,""power"":5,""roundtrip"":100,""initial"":75},""batteryUnits"":1,""reserve"":0,""demand"":3.75,""policy"":""backup"",""loadId"":""flat"",""grid"":""outage"",""gridLimit"":{""enabled"":false,""power"":2.5},""outageStart"":90,""outageMinutes"":60,""duration"":240}","{""source"":""solarPv"",""sourceSettings"":{""irradiance"":0,""area"":20,""efficiency"":20,""incidence"":20},""profileId"":""steady"",""sourceUnits"":1,""companion"":{""enabled"":true,""source"":""wind"",""sourceSettings"":{""speed"":8,""radius"":40,""cp"":40,""rating"":3000},""profileId"":""steady"",""sourceUnits"":1,""offset"":0},""flex"":{""enabled"":true,""percent"":50,""fromStart"":160,""fromMinutes"":80,""toStart"":40,""toMinutes"":80},""battery"":{""capacity"":10,""power"":5,""roundtrip"":100,""initial"":75},""batteryUnits"":1,""reserve"":0,""demand"":3.75,""policy"":""release"",""loadId"":""flat"",""grid"":""outage"",""gridLimit"":{""enabled"":true,""power"":3.75},""outageStart"":90,""outageMinutes"":60,""duration"":240}"
32,"baseline","4:release",3.75,592.6983992293208,"true",0,0,0,0,588.9483992293208,0,0,10,0,0,0,0,588.9483992293208,0,0,10,0,0,0,0,0,0,0,0,5,1,"{""source"":""solarPv"",""sourceSettings"":{""irradiance"":0,""area"":20,""efficiency"":20,""incidence"":20},""profileId"":""steady"",""sourceUnits"":1,""companion"":{""enabled"":true,""source"":""wind"",""sourceSettings"":{""speed"":8,""radius"":40,""cp"":40,""rating"":3000},""profileId"":""steady"",""sourceUnits"":1,""offset"":0},""flex"":{""enabled"":true,""percent"":50,""fromStart"":160,""fromMinutes"":80,""toStart"":40,""toMinutes"":80},""battery"":{""capacity"":10,""power"":5,""roundtrip"":100,""initial"":75},""batteryUnits"":1,""reserve"":0,""demand"":3.75,""policy"":""backup"",""loadId"":""flat"",""grid"":""outage"",""gridLimit"":{""enabled"":false,""power"":2.5},""outageStart"":90,""outageMinutes"":60,""duration"":240}","{""source"":""solarPv"",""sourceSettings"":{""irradiance"":0,""area"":20,""efficiency"":20,""incidence"":20},""profileId"":""steady"",""sourceUnits"":1,""companion"":{""enabled"":true,""source"":""wind"",""sourceSettings"":{""speed"":8,""radius"":40,""cp"":40,""rating"":3000},""profileId"":""steady"",""sourceUnits"":1,""offset"":0},""flex"":{""enabled"":true,""percent"":50,""fromStart"":160,""fromMinutes"":80,""toStart"":40,""toMinutes"":80},""battery"":{""capacity"":10,""power"":5,""roundtrip"":100,""initial"":75},""batteryUnits"":1,""reserve"":0,""demand"":3.75,""policy"":""release"",""loadId"":""flat"",""grid"":""outage"",""gridLimit"":{""enabled"":true,""power"":3.75},""outageStart"":90,""outageMinutes"":60,""duration"":240}"
33,"baseline","4:release",3.75,592.6983992293208,"true",0,0,0,0,588.9483992293208,0,0,10,0,0,0,0,588.9483992293208,0,0,10,0,0,0,0,0,0,0,0,5,1,"{""source"":""solarPv"",""sourceSettings"":{""irradiance"":0,""area"":20,""efficiency"":20,""incidence"":20},""profileId"":""steady"",""sourceUnits"":1,""companion"":{""enabled"":true,""source"":""wind"",""sourceSettings"":{""speed"":8,""radius"":40,""cp"":40,""rating"":3000},""profileId"":""steady"",""sourceUnits"":1,""offset"":0},""flex"":{""enabled"":true,""percent"":50,""fromStart"":160,""fromMinutes"":80,""toStart"":40,""toMinutes"":80},""battery"":{""capacity"":10,""power"":5,""roundtrip"":100,""initial"":75},""batteryUnits"":1,""reserve"":0,""demand"":3.75,""policy"":""backup"",""loadId"":""flat"",""grid"":""outage"",""gridLimit"":{""enabled"":false,""power"":2.5},""outageStart"":90,""outageMinutes"":60,""duration"":240}","{""source"":""solarPv"",""sourceSettings"":{""irradiance"":0,""area"":20,""efficiency"":20,""incidence"":20},""profileId"":""steady"",""sourceUnits"":1,""companion"":{""enabled"":true,""source"":""wind"",""sourceSettings"":{""speed"":8,""radius"":40,""cp"":40,""rating"":3000},""profileId"":""steady"",""sourceUnits"":1,""offset"":0},""flex"":{""enabled"":true,""percent"":50,""fromStart"":160,""fromMinutes"":80,""toStart"":40,""toMinutes"":80},""battery"":{""capacity"":10,""power"":5,""roundtrip"":100,""initial"":75},""batteryUnits"":1,""reserve"":0,""demand"":3.75,""policy"":""release"",""loadId"":""flat"",""grid"":""outage"",""gridLimit"":{""enabled"":true,""power"":3.75},""outageStart"":90,""outageMinutes"":60,""duration"":240}"
34,"baseline","4:release",3.75,592.6983992293208,"true",0,0,0,0,588.9483992293208,0,0,10,0,0,0,0,588.9483992293208,0,0,10,0,0,0,0,0,0,0,0,5,1,"{""source"":""solarPv"",""sourceSettings"":{""irradiance"":0,""area"":20,""efficiency"":20,""incidence"":20},""profileId"":""steady"",""sourceUnits"":1,""companion"":{""enabled"":true,""source"":""wind"",""sourceSettings"":{""speed"":8,""radius"":40,""cp"":40,""rating"":3000},""profileId"":""steady"",""sourceUnits"":1,""offset"":0},""flex"":{""enabled"":true,""percent"":50,""fromStart"":160,""fromMinutes"":80,""toStart"":40,""toMinutes"":80},""battery"":{""capacity"":10,""power"":5,""roundtrip"":100,""initial"":75},""batteryUnits"":1,""reserve"":0,""demand"":3.75,""policy"":""backup"",""loadId"":""flat"",""grid"":""outage"",""gridLimit"":{""enabled"":false,""power"":2.5},""outageStart"":90,""outageMinutes"":60,""duration"":240}","{""source"":""solarPv"",""sourceSettings"":{""irradiance"":0,""area"":20,""efficiency"":20,""incidence"":20},""profileId"":""steady"",""sourceUnits"":1,""companion"":{""enabled"":true,""source"":""wind"",""sourceSettings"":{""speed"":8,""radius"":40,""cp"":40,""rating"":3000},""profileId"":""steady"",""sourceUnits"":1,""offset"":0},""flex"":{""enabled"":true,""percent"":50,""fromStart"":160,""fromMinutes"":80,""toStart"":40,""toMinutes"":80},""battery"":{""capacity"":10,""power"":5,""roundtrip"":100,""initial"":75},""batteryUnits"":1,""reserve"":0,""demand"":3.75,""policy"":""release"",""loadId"":""flat"",""grid"":""outage"",""gridLimit"":{""enabled"":true,""power"":3.75},""outageStart"":90,""outageMinutes"":60,""duration"":240}"
35,"baseline","4:release",3.75,592.6983992293208,"true",0,0,0,0,588.9483992293208,0,0,10,0,0,0,0,588.9483992293208,0,0,10,0,0,0,0,0,0,0,0,5,1,"{""source"":""solarPv"",""sourceSettings"":{""irradiance"":0,""area"":20,""efficiency"":20,""incidence"":20},""profileId"":""steady"",""sourceUnits"":1,""companion"":{""enabled"":true,""source"":""wind"",""sourceSettings"":{""speed"":8,""radius"":40,""cp"":40,""rating"":3000},""profileId"":""steady"",""sourceUnits"":1,""offset"":0},""flex"":{""enabled"":true,""percent"":50,""fromStart"":160,""fromMinutes"":80,""toStart"":40,""toMinutes"":80},""battery"":{""capacity"":10,""power"":5,""roundtrip"":100,""initial"":75},""batteryUnits"":1,""reserve"":0,""demand"":3.75,""policy"":""backup"",""loadId"":""flat"",""grid"":""outage"",""gridLimit"":{""enabled"":false,""power"":2.5},""outageStart"":90,""outageMinutes"":60,""duration"":240}","{""source"":""solarPv"",""sourceSettings"":{""irradiance"":0,""area"":20,""efficiency"":20,""incidence"":20},""profileId"":""steady"",""sourceUnits"":1,""companion"":{""enabled"":true,""source"":""wind"",""sourceSettings"":{""speed"":8,""radius"":40,""cp"":40,""rating"":3000},""profileId"":""steady"",""sourceUnits"":1,""offset"":0},""flex"":{""enabled"":true,""percent"":50,""fromStart"":160,""fromMinutes"":80,""toStart"":40,""toMinutes"":80},""battery"":{""capacity"":10,""power"":5,""roundtrip"":100,""initial"":75},""batteryUnits"":1,""reserve"":0,""demand"":3.75,""policy"":""release"",""loadId"":""flat"",""grid"":""outage"",""gridLimit"":{""enabled"":true,""power"":3.75},""outageStart"":90,""outageMinutes"":60,""duration"":240}"
36,"baseline","4:release",3.75,592.6983992293208,"true",0,0,0,0,588.9483992293208,0,0,10,0,0,0,0,588.9483992293208,0,0,10,0,0,0,0,0,0,0,0,5,1,"{""source"":""solarPv"",""sourceSettings"":{""irradiance"":0,""area"":20,""efficiency"":20,""incidence"":20},""profileId"":""steady"",""sourceUnits"":1,""companion"":{""enabled"":true,""source"":""wind"",""sourceSettings"":{""speed"":8,""radius"":40,""cp"":40,""rating"":3000},""profileId"":""steady"",""sourceUnits"":1,""offset"":0},""flex"":{""enabled"":true,""percent"":50,""fromStart"":160,""fromMinutes"":80,""toStart"":40,""toMinutes"":80},""battery"":{""capacity"":10,""power"":5,""roundtrip"":100,""initial"":75},""batteryUnits"":1,""reserve"":0,""demand"":3.75,""policy"":""backup"",""loadId"":""flat"",""grid"":""outage"",""gridLimit"":{""enabled"":false,""power"":2.5},""outageStart"":90,""outageMinutes"":60,""duration"":240}","{""source"":""solarPv"",""sourceSettings"":{""irradiance"":0,""area"":20,""efficiency"":20,""incidence"":20},""profileId"":""steady"",""sourceUnits"":1,""companion"":{""enabled"":true,""source"":""wind"",""sourceSettings"":{""speed"":8,""radius"":40,""cp"":40,""rating"":3000},""profileId"":""steady"",""sourceUnits"":1,""offset"":0},""flex"":{""enabled"":true,""percent"":50,""fromStart"":160,""fromMinutes"":80,""toStart"":40,""toMinutes"":80},""battery"":{""capacity"":10,""power"":5,""roundtrip"":100,""initial"":75},""batteryUnits"":1,""reserve"":0,""demand"":3.75,""policy"":""release"",""loadId"":""flat"",""grid"":""outage"",""gridLimit"":{""enabled"":true,""power"":3.75},""outageStart"":90,""outageMinutes"":60,""duration"":240}"
37,"baseline","4:release",3.75,592.6983992293208,"true",0,0,0,0,588.9483992293208,0,0,10,0,0,0,0,588.9483992293208,0,0,10,0,0,0,0,0,0,0,0,5,1,"{""source"":""solarPv"",""sourceSettings"":{""irradiance"":0,""area"":20,""efficiency"":20,""incidence"":20},""profileId"":""steady"",""sourceUnits"":1,""companion"":{""enabled"":true,""source"":""wind"",""sourceSettings"":{""speed"":8,""radius"":40,""cp"":40,""rating"":3000},""profileId"":""steady"",""sourceUnits"":1,""offset"":0},""flex"":{""enabled"":true,""percent"":50,""fromStart"":160,""fromMinutes"":80,""toStart"":40,""toMinutes"":80},""battery"":{""capacity"":10,""power"":5,""roundtrip"":100,""initial"":75},""batteryUnits"":1,""reserve"":0,""demand"":3.75,""policy"":""backup"",""loadId"":""flat"",""grid"":""outage"",""gridLimit"":{""enabled"":false,""power"":2.5},""outageStart"":90,""outageMinutes"":60,""duration"":240}","{""source"":""solarPv"",""sourceSettings"":{""irradiance"":0,""area"":20,""efficiency"":20,""incidence"":20},""profileId"":""steady"",""sourceUnits"":1,""companion"":{""enabled"":true,""source"":""wind"",""sourceSettings"":{""speed"":8,""radius"":40,""cp"":40,""rating"":3000},""profileId"":""steady"",""sourceUnits"":1,""offset"":0},""flex"":{""enabled"":true,""percent"":50,""fromStart"":160,""fromMinutes"":80,""toStart"":40,""toMinutes"":80},""battery"":{""capacity"":10,""power"":5,""roundtrip"":100,""initial"":75},""batteryUnits"":1,""reserve"":0,""demand"":3.75,""policy"":""release"",""loadId"":""flat"",""grid"":""outage"",""gridLimit"":{""enabled"":true,""power"":3.75},""outageStart"":90,""outageMinutes"":60,""duration"":240}"
38,"baseline","4:release",3.75,592.6983992293208,"true",0,0,0,0,588.9483992293208,0,0,10,0,0,0,0,588.9483992293208,0,0,10,0,0,0,0,0,0,0,0,5,1,"{""source"":""solarPv"",""sourceSettings"":{""irradiance"":0,""area"":20,""efficiency"":20,""incidence"":20},""profileId"":""steady"",""sourceUnits"":1,""companion"":{""enabled"":true,""source"":""wind"",""sourceSettings"":{""speed"":8,""radius"":40,""cp"":40,""rating"":3000},""profileId"":""steady"",""sourceUnits"":1,""offset"":0},""flex"":{""enabled"":true,""percent"":50,""fromStart"":160,""fromMinutes"":80,""toStart"":40,""toMinutes"":80},""battery"":{""capacity"":10,""power"":5,""roundtrip"":100,""initial"":75},""batteryUnits"":1,""reserve"":0,""demand"":3.75,""policy"":""backup"",""loadId"":""flat"",""grid"":""outage"",""gridLimit"":{""enabled"":false,""power"":2.5},""outageStart"":90,""outageMinutes"":60,""duration"":240}","{""source"":""solarPv"",""sourceSettings"":{""irradiance"":0,""area"":20,""efficiency"":20,""incidence"":20},""profileId"":""steady"",""sourceUnits"":1,""companion"":{""enabled"":true,""source"":""wind"",""sourceSettings"":{""speed"":8,""radius"":40,""cp"":40,""rating"":3000},""profileId"":""steady"",""sourceUnits"":1,""offset"":0},""flex"":{""enabled"":true,""percent"":50,""fromStart"":160,""fromMinutes"":80,""toStart"":40,""toMinutes"":80},""battery"":{""capacity"":10,""power"":5,""roundtrip"":100,""initial"":75},""batteryUnits"":1,""reserve"":0,""demand"":3.75,""policy"":""release"",""loadId"":""flat"",""grid"":""outage"",""gridLimit"":{""enabled"":true,""power"":3.75},""outageStart"":90,""outageMinutes"":60,""duration"":240}"
39,"baseline","4:release",3.75,592.6983992293208,"true",0,0,0,0,588.9483992293208,0,0,10,0,0,0,0,588.9483992293208,0,0,10,0,0,0,0,0,0,0,0,5,1,"{""source"":""solarPv"",""sourceSettings"":{""irradiance"":0,""area"":20,""efficiency"":20,""incidence"":20},""profileId"":""steady"",""sourceUnits"":1,""companion"":{""enabled"":true,""source"":""wind"",""sourceSettings"":{""speed"":8,""radius"":40,""cp"":40,""rating"":3000},""profileId"":""steady"",""sourceUnits"":1,""offset"":0},""flex"":{""enabled"":true,""percent"":50,""fromStart"":160,""fromMinutes"":80,""toStart"":40,""toMinutes"":80},""battery"":{""capacity"":10,""power"":5,""roundtrip"":100,""initial"":75},""batteryUnits"":1,""reserve"":0,""demand"":3.75,""policy"":""backup"",""loadId"":""flat"",""grid"":""outage"",""gridLimit"":{""enabled"":false,""power"":2.5},""outageStart"":90,""outageMinutes"":60,""duration"":240}","{""source"":""solarPv"",""sourceSettings"":{""irradiance"":0,""area"":20,""efficiency"":20,""incidence"":20},""profileId"":""steady"",""sourceUnits"":1,""companion"":{""enabled"":true,""source"":""wind"",""sourceSettings"":{""speed"":8,""radius"":40,""cp"":40,""rating"":3000},""profileId"":""steady"",""sourceUnits"":1,""offset"":0},""flex"":{""enabled"":true,""percent"":50,""fromStart"":160,""fromMinutes"":80,""toStart"":40,""toMinutes"":80},""battery"":{""capacity"":10,""power"":5,""roundtrip"":100,""initial"":75},""batteryUnits"":1,""reserve"":0,""demand"":3.75,""policy"":""release"",""loadId"":""flat"",""grid"":""outage"",""gridLimit"":{""enabled"":true,""power"":3.75},""outageStart"":90,""outageMinutes"":60,""duration"":240}"
40,"baseline","4:release",5.625,592.6983992293208,"true",0,0,0,0,587.0733992293208,0,0,10,0,0,0,0,587.0733992293208,0,0,10,0,0,0,0,0,0,0,0,5,1,"{""source"":""solarPv"",""sourceSettings"":{""irradiance"":0,""area"":20,""efficiency"":20,""incidence"":20},""profileId"":""steady"",""sourceUnits"":1,""companion"":{""enabled"":true,""source"":""wind"",""sourceSettings"":{""speed"":8,""radius"":40,""cp"":40,""rating"":3000},""profileId"":""steady"",""sourceUnits"":1,""offset"":0},""flex"":{""enabled"":true,""percent"":50,""fromStart"":160,""fromMinutes"":80,""toStart"":40,""toMinutes"":80},""battery"":{""capacity"":10,""power"":5,""roundtrip"":100,""initial"":75},""batteryUnits"":1,""reserve"":0,""demand"":3.75,""policy"":""backup"",""loadId"":""flat"",""grid"":""outage"",""gridLimit"":{""enabled"":false,""power"":2.5},""outageStart"":90,""outageMinutes"":60,""duration"":240}","{""source"":""solarPv"",""sourceSettings"":{""irradiance"":0,""area"":20,""efficiency"":20,""incidence"":20},""profileId"":""steady"",""sourceUnits"":1,""companion"":{""enabled"":true,""source"":""wind"",""sourceSettings"":{""speed"":8,""radius"":40,""cp"":40,""rating"":3000},""profileId"":""steady"",""sourceUnits"":1,""offset"":0},""flex"":{""enabled"":true,""percent"":50,""fromStart"":160,""fromMinutes"":80,""toStart"":40,""toMinutes"":80},""battery"":{""capacity"":10,""power"":5,""roundtrip"":100,""initial"":75},""batteryUnits"":1,""reserve"":0,""demand"":3.75,""policy"":""release"",""loadId"":""flat"",""grid"":""outage"",""gridLimit"":{""enabled"":true,""power"":3.75},""outageStart"":90,""outageMinutes"":60,""duration"":240}"
41,"baseline","4:release",5.625,592.6983992293208,"true",0,0,0,0,587.0733992293208,0,0,10,0,0,0,0,587.0733992293208,0,0,10,0,0,0,0,0,0,0,0,5,1,"{""source"":""solarPv"",""sourceSettings"":{""irradiance"":0,""area"":20,""efficiency"":20,""incidence"":20},""profileId"":""steady"",""sourceUnits"":1,""companion"":{""enabled"":true,""source"":""wind"",""sourceSettings"":{""speed"":8,""radius"":40,""cp"":40,""rating"":3000},""profileId"":""steady"",""sourceUnits"":1,""offset"":0},""flex"":{""enabled"":true,""percent"":50,""fromStart"":160,""fromMinutes"":80,""toStart"":40,""toMinutes"":80},""battery"":{""capacity"":10,""power"":5,""roundtrip"":100,""initial"":75},""batteryUnits"":1,""reserve"":0,""demand"":3.75,""policy"":""backup"",""loadId"":""flat"",""grid"":""outage"",""gridLimit"":{""enabled"":false,""power"":2.5},""outageStart"":90,""outageMinutes"":60,""duration"":240}","{""source"":""solarPv"",""sourceSettings"":{""irradiance"":0,""area"":20,""efficiency"":20,""incidence"":20},""profileId"":""steady"",""sourceUnits"":1,""companion"":{""enabled"":true,""source"":""wind"",""sourceSettings"":{""speed"":8,""radius"":40,""cp"":40,""rating"":3000},""profileId"":""steady"",""sourceUnits"":1,""offset"":0},""flex"":{""enabled"":true,""percent"":50,""fromStart"":160,""fromMinutes"":80,""toStart"":40,""toMinutes"":80},""battery"":{""capacity"":10,""power"":5,""roundtrip"":100,""initial"":75},""batteryUnits"":1,""reserve"":0,""demand"":3.75,""policy"":""release"",""loadId"":""flat"",""grid"":""outage"",""gridLimit"":{""enabled"":true,""power"":3.75},""outageStart"":90,""outageMinutes"":60,""duration"":240}"
42,"baseline","4:release",5.625,592.6983992293208,"true",0,0,0,0,587.0733992293208,0,0,10,0,0,0,0,587.0733992293208,0,0,10,0,0,0,0,0,0,0,0,5,1,"{""source"":""solarPv"",""sourceSettings"":{""irradiance"":0,""area"":20,""efficiency"":20,""incidence"":20},""profileId"":""steady"",""sourceUnits"":1,""companion"":{""enabled"":true,""source"":""wind"",""sourceSettings"":{""speed"":8,""radius"":40,""cp"":40,""rating"":3000},""profileId"":""steady"",""sourceUnits"":1,""offset"":0},""flex"":{""enabled"":true,""percent"":50,""fromStart"":160,""fromMinutes"":80,""toStart"":40,""toMinutes"":80},""battery"":{""capacity"":10,""power"":5,""roundtrip"":100,""initial"":75},""batteryUnits"":1,""reserve"":0,""demand"":3.75,""policy"":""backup"",""loadId"":""flat"",""grid"":""outage"",""gridLimit"":{""enabled"":false,""power"":2.5},""outageStart"":90,""outageMinutes"":60,""duration"":240}","{""source"":""solarPv"",""sourceSettings"":{""irradiance"":0,""area"":20,""efficiency"":20,""incidence"":20},""profileId"":""steady"",""sourceUnits"":1,""companion"":{""enabled"":true,""source"":""wind"",""sourceSettings"":{""speed"":8,""radius"":40,""cp"":40,""rating"":3000},""profileId"":""steady"",""sourceUnits"":1,""offset"":0},""flex"":{""enabled"":true,""percent"":50,""fromStart"":160,""fromMinutes"":80,""toStart"":40,""toMinutes"":80},""battery"":{""capacity"":10,""power"":5,""roundtrip"":100,""initial"":75},""batteryUnits"":1,""reserve"":0,""demand"":3.75,""policy"":""release"",""loadId"":""flat"",""grid"":""outage"",""gridLimit"":{""enabled"":true,""power"":3.75},""outageStart"":90,""outageMinutes"":60,""duration"":240}"
43,"baseline","4:release",5.625,592.6983992293208,"true",0,0,0,0,587.0733992293208,0,0,10,0,0,0,0,587.0733992293208,0,0,10,0,0,0,0,0,0,0,0,5,1,"{""source"":""solarPv"",""sourceSettings"":{""irradiance"":0,""area"":20,""efficiency"":20,""incidence"":20},""profileId"":""steady"",""sourceUnits"":1,""companion"":{""enabled"":true,""source"":""wind"",""sourceSettings"":{""speed"":8,""radius"":40,""cp"":40,""rating"":3000},""profileId"":""steady"",""sourceUnits"":1,""offset"":0},""flex"":{""enabled"":true,""percent"":50,""fromStart"":160,""fromMinutes"":80,""toStart"":40,""toMinutes"":80},""battery"":{""capacity"":10,""power"":5,""roundtrip"":100,""initial"":75},""batteryUnits"":1,""reserve"":0,""demand"":3.75,""policy"":""backup"",""loadId"":""flat"",""grid"":""outage"",""gridLimit"":{""enabled"":false,""power"":2.5},""outageStart"":90,""outageMinutes"":60,""duration"":240}","{""source"":""solarPv"",""sourceSettings"":{""irradiance"":0,""area"":20,""efficiency"":20,""incidence"":20},""profileId"":""steady"",""sourceUnits"":1,""companion"":{""enabled"":true,""source"":""wind"",""sourceSettings"":{""speed"":8,""radius"":40,""cp"":40,""rating"":3000},""profileId"":""steady"",""sourceUnits"":1,""offset"":0},""flex"":{""enabled"":true,""percent"":50,""fromStart"":160,""fromMinutes"":80,""toStart"":40,""toMinutes"":80},""battery"":{""capacity"":10,""power"":5,""roundtrip"":100,""initial"":75},""batteryUnits"":1,""reserve"":0,""demand"":3.75,""policy"":""release"",""loadId"":""flat"",""grid"":""outage"",""gridLimit"":{""enabled"":true,""power"":3.75},""outageStart"":90,""outageMinutes"":60,""duration"":240}"
44,"baseline","4:release",5.625,592.6983992293208,"true",0,0,0,0,587.0733992293208,0,0,10,0,0,0,0,587.0733992293208,0,0,10,0,0,0,0,0,0,0,0,5,1,"{""source"":""solarPv"",""sourceSettings"":{""irradiance"":0,""area"":20,""efficiency"":20,""incidence"":20},""profileId"":""steady"",""sourceUnits"":1,""companion"":{""enabled"":true,""source"":""wind"",""sourceSettings"":{""speed"":8,""radius"":40,""cp"":40,""rating"":3000},""profileId"":""steady"",""sourceUnits"":1,""offset"":0},""flex"":{""enabled"":true,""percent"":50,""fromStart"":160,""fromMinutes"":80,""toStart"":40,""toMinutes"":80},""battery"":{""capacity"":10,""power"":5,""roundtrip"":100,""initial"":75},""batteryUnits"":1,""reserve"":0,""demand"":3.75,""policy"":""backup"",""loadId"":""flat"",""grid"":""outage"",""gridLimit"":{""enabled"":false,""power"":2.5},""outageStart"":90,""outageMinutes"":60,""duration"":240}","{""source"":""solarPv"",""sourceSettings"":{""irradiance"":0,""area"":20,""efficiency"":20,""incidence"":20},""profileId"":""steady"",""sourceUnits"":1,""companion"":{""enabled"":true,""source"":""wind"",""sourceSettings"":{""speed"":8,""radius"":40,""cp"":40,""rating"":3000},""profileId"":""steady"",""sourceUnits"":1,""offset"":0},""flex"":{""enabled"":true,""percent"":50,""fromStart"":160,""fromMinutes"":80,""toStart"":40,""toMinutes"":80},""battery"":{""capacity"":10,""power"":5,""roundtrip"":100,""initial"":75},""batteryUnits"":1,""reserve"":0,""demand"":3.75,""policy"":""release"",""loadId"":""flat"",""grid"":""outage"",""gridLimit"":{""enabled"":true,""power"":3.75},""outageStart"":90,""outageMinutes"":60,""duration"":240}"
45,"baseline","4:release",5.625,592.6983992293208,"true",0,0,0,0,587.0733992293208,0,0,10,0,0,0,0,587.0733992293208,0,0,10,0,0,0,0,0,0,0,0,5,1,"{""source"":""solarPv"",""sourceSettings"":{""irradiance"":0,""area"":20,""efficiency"":20,""incidence"":20},""profileId"":""steady"",""sourceUnits"":1,""companion"":{""enabled"":true,""source"":""wind"",""sourceSettings"":{""speed"":8,""radius"":40,""cp"":40,""rating"":3000},""profileId"":""steady"",""sourceUnits"":1,""offset"":0},""flex"":{""enabled"":true,""percent"":50,""fromStart"":160,""fromMinutes"":80,""toStart"":40,""toMinutes"":80},""battery"":{""capacity"":10,""power"":5,""roundtrip"":100,""initial"":75},""batteryUnits"":1,""reserve"":0,""demand"":3.75,""policy"":""backup"",""loadId"":""flat"",""grid"":""outage"",""gridLimit"":{""enabled"":false,""power"":2.5},""outageStart"":90,""outageMinutes"":60,""duration"":240}","{""source"":""solarPv"",""sourceSettings"":{""irradiance"":0,""area"":20,""efficiency"":20,""incidence"":20},""profileId"":""steady"",""sourceUnits"":1,""companion"":{""enabled"":true,""source"":""wind"",""sourceSettings"":{""speed"":8,""radius"":40,""cp"":40,""rating"":3000},""profileId"":""steady"",""sourceUnits"":1,""offset"":0},""flex"":{""enabled"":true,""percent"":50,""fromStart"":160,""fromMinutes"":80,""toStart"":40,""toMinutes"":80},""battery"":{""capacity"":10,""power"":5,""roundtrip"":100,""initial"":75},""batteryUnits"":1,""reserve"":0,""demand"":3.75,""policy"":""release"",""loadId"":""flat"",""grid"":""outage"",""gridLimit"":{""enabled"":true,""power"":3.75},""outageStart"":90,""outageMinutes"":60,""duration"":240}"
46,"baseline","4:release",5.625,592.6983992293208,"true",0,0,0,0,587.0733992293208,0,0,10,0,0,0,0,587.0733992293208,0,0,10,0,0,0,0,0,0,0,0,5,1,"{""source"":""solarPv"",""sourceSettings"":{""irradiance"":0,""area"":20,""efficiency"":20,""incidence"":20},""profileId"":""steady"",""sourceUnits"":1,""companion"":{""enabled"":true,""source"":""wind"",""sourceSettings"":{""speed"":8,""radius"":40,""cp"":40,""rating"":3000},""profileId"":""steady"",""sourceUnits"":1,""offset"":0},""flex"":{""enabled"":true,""percent"":50,""fromStart"":160,""fromMinutes"":80,""toStart"":40,""toMinutes"":80},""battery"":{""capacity"":10,""power"":5,""roundtrip"":100,""initial"":75},""batteryUnits"":1,""reserve"":0,""demand"":3.75,""policy"":""backup"",""loadId"":""flat"",""grid"":""outage"",""gridLimit"":{""enabled"":false,""power"":2.5},""outageStart"":90,""outageMinutes"":60,""duration"":240}","{""source"":""solarPv"",""sourceSettings"":{""irradiance"":0,""area"":20,""efficiency"":20,""incidence"":20},""profileId"":""steady"",""sourceUnits"":1,""companion"":{""enabled"":true,""source"":""wind"",""sourceSettings"":{""speed"":8,""radius"":40,""cp"":40,""rating"":3000},""profileId"":""steady"",""sourceUnits"":1,""offset"":0},""flex"":{""enabled"":true,""percent"":50,""fromStart"":160,""fromMinutes"":80,""toStart"":40,""toMinutes"":80},""battery"":{""capacity"":10,""power"":5,""roundtrip"":100,""initial"":75},""batteryUnits"":1,""reserve"":0,""demand"":3.75,""policy"":""release"",""loadId"":""flat"",""grid"":""outage"",""gridLimit"":{""enabled"":true,""power"":3.75},""outageStart"":90,""outageMinutes"":60,""duration"":240}"
47,"baseline","4:release",5.625,592.6983992293208,"true",0,0,0,0,587.0733992293208,0,0,10,0,0,0,0,587.0733992293208,0,0,10,0,0,0,0,0,0,0,0,5,1,"{""source"":""solarPv"",""sourceSettings"":{""irradiance"":0,""area"":20,""efficiency"":20,""incidence"":20},""profileId"":""steady"",""sourceUnits"":1,""companion"":{""enabled"":true,""source"":""wind"",""sourceSettings"":{""speed"":8,""radius"":40,""cp"":40,""rating"":3000},""profileId"":""steady"",""sourceUnits"":1,""offset"":0},""flex"":{""enabled"":true,""percent"":50,""fromStart"":160,""fromMinutes"":80,""toStart"":40,""toMinutes"":80},""battery"":{""capacity"":10,""power"":5,""roundtrip"":100,""initial"":75},""batteryUnits"":1,""reserve"":0,""demand"":3.75,""policy"":""backup"",""loadId"":""flat"",""grid"":""outage"",""gridLimit"":{""enabled"":false,""power"":2.5},""outageStart"":90,""outageMinutes"":60,""duration"":240}","{""source"":""solarPv"",""sourceSettings"":{""irradiance"":0,""area"":20,""efficiency"":20,""incidence"":20},""profileId"":""steady"",""sourceUnits"":1,""companion"":{""enabled"":true,""source"":""wind"",""sourceSettings"":{""speed"":8,""radius"":40,""cp"":40,""rating"":3000},""profileId"":""steady"",""sourceUnits"":1,""offset"":0},""flex"":{""enabled"":true,""percent"":50,""fromStart"":160,""fromMinutes"":80,""toStart"":40,""toMinutes"":80},""battery"":{""capacity"":10,""power"":5,""roundtrip"":100,""initial"":75},""batteryUnits"":1,""reserve"":0,""demand"":3.75,""policy"":""release"",""loadId"":""flat"",""grid"":""outage"",""gridLimit"":{""enabled"":true,""power"":3.75},""outageStart"":90,""outageMinutes"":60,""duration"":240}"
48,"baseline","4:release",5.625,592.6983992293208,"true",0,0,0,0,587.0733992293208,0,0,10,0,0,0,0,587.0733992293208,0,0,10,0,0,0,0,0,0,0,0,5,1,"{""source"":""solarPv"",""sourceSettings"":{""irradiance"":0,""area"":20,""efficiency"":20,""incidence"":20},""profileId"":""steady"",""sourceUnits"":1,""companion"":{""enabled"":true,""source"":""wind"",""sourceSettings"":{""speed"":8,""radius"":40,""cp"":40,""rating"":3000},""profileId"":""steady"",""sourceUnits"":1,""offset"":0},""flex"":{""enabled"":true,""percent"":50,""fromStart"":160,""fromMinutes"":80,""toStart"":40,""toMinutes"":80},""battery"":{""capacity"":10,""power"":5,""roundtrip"":100,""initial"":75},""batteryUnits"":1,""reserve"":0,""demand"":3.75,""policy"":""backup"",""loadId"":""flat"",""grid"":""outage"",""gridLimit"":{""enabled"":false,""power"":2.5},""outageStart"":90,""outageMinutes"":60,""duration"":240}","{""source"":""solarPv"",""sourceSettings"":{""irradiance"":0,""area"":20,""efficiency"":20,""incidence"":20},""profileId"":""steady"",""sourceUnits"":1,""companion"":{""enabled"":true,""source"":""wind"",""sourceSettings"":{""speed"":8,""radius"":40,""cp"":40,""rating"":3000},""profileId"":""steady"",""sourceUnits"":1,""offset"":0},""flex"":{""enabled"":true,""percent"":50,""fromStart"":160,""fromMinutes"":80,""toStart"":40,""toMinutes"":80},""battery"":{""capacity"":10,""power"":5,""roundtrip"":100,""initial"":75},""batteryUnits"":1,""reserve"":0,""demand"":3.75,""policy"":""release"",""loadId"":""flat"",""grid"":""outage"",""gridLimit"":{""enabled"":true,""power"":3.75},""outageStart"":90,""outageMinutes"":60,""duration"":240}"
49,"baseline","4:release",5.625,592.6983992293208,"true",0,0,0,0,587.0733992293208,0,0,10,0,0,0,0,587.0733992293208,0,0,10,0,0,0,0,0,0,0,0,5,1,"{""source"":""solarPv"",""sourceSettings"":{""irradiance"":0,""area"":20,""efficiency"":20,""incidence"":20},""profileId"":""steady"",""sourceUnits"":1,""companion"":{""enabled"":true,""source"":""wind"",""sourceSettings"":{""speed"":8,""radius"":40,""cp"":40,""rating"":3000},""profileId"":""steady"",""sourceUnits"":1,""offset"":0},""flex"":{""enabled"":true,""percent"":50,""fromStart"":160,""fromMinutes"":80,""toStart"":40,""toMinutes"":80},""battery"":{""capacity"":10,""power"":5,""roundtrip"":100,""initial"":75},""batteryUnits"":1,""reserve"":0,""demand"":3.75,""policy"":""backup"",""loadId"":""flat"",""grid"":""outage"",""gridLimit"":{""enabled"":false,""power"":2.5},""outageStart"":90,""outageMinutes"":60,""duration"":240}","{""source"":""solarPv"",""sourceSettings"":{""irradiance"":0,""area"":20,""efficiency"":20,""incidence"":20},""profileId"":""steady"",""sourceUnits"":1,""companion"":{""enabled"":true,""source"":""wind"",""sourceSettings"":{""speed"":8,""radius"":40,""cp"":40,""rating"":3000},""profileId"":""steady"",""sourceUnits"":1,""offset"":0},""flex"":{""enabled"":true,""percent"":50,""fromStart"":160,""fromMinutes"":80,""toStart"":40,""toMinutes"":80},""battery"":{""capacity"":10,""power"":5,""roundtrip"":100,""initial"":75},""batteryUnits"":1,""reserve"":0,""demand"":3.75,""policy"":""release"",""loadId"":""flat"",""grid"":""outage"",""gridLimit"":{""enabled"":true,""power"":3.75},""outageStart"":90,""outageMinutes"":60,""duration"":240}"
50,"baseline","4:release",5.625,592.6983992293208,"true",0,0,0,0,587.0733992293208,0,0,10,0,0,0,0,587.0733992293208,0,0,10,0,0,0,0,0,0,0,0,5,1,"{""source"":""solarPv"",""sourceSettings"":{""irradiance"":0,""area"":20,""efficiency"":20,""incidence"":20},""profileId"":""steady"",""sourceUnits"":1,""companion"":{""enabled"":true,""source"":""wind"",""sourceSettings"":{""speed"":8,""radius"":40,""cp"":40,""rating"":3000},""profileId"":""steady"",""sourceUnits"":1,""offset"":0},""flex"":{""enabled"":true,""percent"":50,""fromStart"":160,""fromMinutes"":80,""toStart"":40,""toMinutes"":80},""battery"":{""capacity"":10,""power"":5,""roundtrip"":100,""initial"":75},""batteryUnits"":1,""reserve"":0,""demand"":3.75,""policy"":""backup"",""loadId"":""flat"",""grid"":""outage"",""gridLimit"":{""enabled"":false,""power"":2.5},""outageStart"":90,""outageMinutes"":60,""duration"":240}","{""source"":""solarPv"",""sourceSettings"":{""irradiance"":0,""area"":20,""efficiency"":20,""incidence"":20},""profileId"":""steady"",""sourceUnits"":1,""companion"":{""enabled"":true,""source"":""wind"",""sourceSettings"":{""speed"":8,""radius"":40,""cp"":40,""rating"":3000},""profileId"":""steady"",""sourceUnits"":1,""offset"":0},""flex"":{""enabled"":true,""percent"":50,""fromStart"":160,""fromMinutes"":80,""toStart"":40,""toMinutes"":80},""battery"":{""capacity"":10,""power"":5,""roundtrip"":100,""initial"":75},""batteryUnits"":1,""reserve"":0,""demand"":3.75,""policy"":""release"",""loadId"":""flat"",""grid"":""outage"",""gridLimit"":{""enabled"":true,""power"":3.75},""outageStart"":90,""outageMinutes"":60,""duration"":240}"
51,"baseline","4:release",5.625,592.6983992293208,"true",0,0,0,0,587.0733992293208,0,0,10,0,0,0,0,587.0733992293208,0,0,10,0,0,0,0,0,0,0,0,5,1,"{""source"":""solarPv"",""sourceSettings"":{""irradiance"":0,""area"":20,""efficiency"":20,""incidence"":20},""profileId"":""steady"",""sourceUnits"":1,""companion"":{""enabled"":true,""source"":""wind"",""sourceSettings"":{""speed"":8,""radius"":40,""cp"":40,""rating"":3000},""profileId"":""steady"",""sourceUnits"":1,""offset"":0},""flex"":{""enabled"":true,""percent"":50,""fromStart"":160,""fromMinutes"":80,""toStart"":40,""toMinutes"":80},""battery"":{""capacity"":10,""power"":5,""roundtrip"":100,""initial"":75},""batteryUnits"":1,""reserve"":0,""demand"":3.75,""policy"":""backup"",""loadId"":""flat"",""grid"":""outage"",""gridLimit"":{""enabled"":false,""power"":2.5},""outageStart"":90,""outageMinutes"":60,""duration"":240}","{""source"":""solarPv"",""sourceSettings"":{""irradiance"":0,""area"":20,""efficiency"":20,""incidence"":20},""profileId"":""steady"",""sourceUnits"":1,""companion"":{""enabled"":true,""source"":""wind"",""sourceSettings"":{""speed"":8,""radius"":40,""cp"":40,""rating"":3000},""profileId"":""steady"",""sourceUnits"":1,""offset"":0},""flex"":{""enabled"":true,""percent"":50,""fromStart"":160,""fromMinutes"":80,""toStart"":40,""toMinutes"":80},""battery"":{""capacity"":10,""power"":5,""roundtrip"":100,""initial"":75},""batteryUnits"":1,""reserve"":0,""demand"":3.75,""policy"":""release"",""loadId"":""flat"",""grid"":""outage"",""gridLimit"":{""enabled"":true,""power"":3.75},""outageStart"":90,""outageMinutes"":60,""duration"":240}"
52,"baseline","4:release",5.625,592.6983992293208,"true",0,0,0,0,587.0733992293208,0,0,10,0,0,0,0,587.0733992293208,0,0,10,0,0,0,0,0,0,0,0,5,1,"{""source"":""solarPv"",""sourceSettings"":{""irradiance"":0,""area"":20,""efficiency"":20,""incidence"":20},""profileId"":""steady"",""sourceUnits"":1,""companion"":{""enabled"":true,""source"":""wind"",""sourceSettings"":{""speed"":8,""radius"":40,""cp"":40,""rating"":3000},""profileId"":""steady"",""sourceUnits"":1,""offset"":0},""flex"":{""enabled"":true,""percent"":50,""fromStart"":160,""fromMinutes"":80,""toStart"":40,""toMinutes"":80},""battery"":{""capacity"":10,""power"":5,""roundtrip"":100,""initial"":75},""batteryUnits"":1,""reserve"":0,""demand"":3.75,""policy"":""backup"",""loadId"":""flat"",""grid"":""outage"",""gridLimit"":{""enabled"":false,""power"":2.5},""outageStart"":90,""outageMinutes"":60,""duration"":240}","{""source"":""solarPv"",""sourceSettings"":{""irradiance"":0,""area"":20,""efficiency"":20,""incidence"":20},""profileId"":""steady"",""sourceUnits"":1,""companion"":{""enabled"":true,""source"":""wind"",""sourceSettings"":{""speed"":8,""radius"":40,""cp"":40,""rating"":3000},""profileId"":""steady"",""sourceUnits"":1,""offset"":0},""flex"":{""enabled"":true,""percent"":50,""fromStart"":160,""fromMinutes"":80,""toStart"":40,""toMinutes"":80},""battery"":{""capacity"":10,""power"":5,""roundtrip"":100,""initial"":75},""batteryUnits"":1,""reserve"":0,""demand"":3.75,""policy"":""release"",""loadId"":""flat"",""grid"":""outage"",""gridLimit"":{""enabled"":true,""power"":3.75},""outageStart"":90,""outageMinutes"":60,""duration"":240}"
53,"baseline","4:release",5.625,592.6983992293208,"true",0,0,0,0,587.0733992293208,0,0,10,0,0,0,0,587.0733992293208,0,0,10,0,0,0,0,0,0,0,0,5,1,"{""source"":""solarPv"",""sourceSettings"":{""irradiance"":0,""area"":20,""efficiency"":20,""incidence"":20},""profileId"":""steady"",""sourceUnits"":1,""companion"":{""enabled"":true,""source"":""wind"",""sourceSettings"":{""speed"":8,""radius"":40,""cp"":40,""rating"":3000},""profileId"":""steady"",""sourceUnits"":1,""offset"":0},""flex"":{""enabled"":true,""percent"":50,""fromStart"":160,""fromMinutes"":80,""toStart"":40,""toMinutes"":80},""battery"":{""capacity"":10,""power"":5,""roundtrip"":100,""initial"":75},""batteryUnits"":1,""reserve"":0,""demand"":3.75,""policy"":""backup"",""loadId"":""flat"",""grid"":""outage"",""gridLimit"":{""enabled"":false,""power"":2.5},""outageStart"":90,""outageMinutes"":60,""duration"":240}","{""source"":""solarPv"",""sourceSettings"":{""irradiance"":0,""area"":20,""efficiency"":20,""incidence"":20},""profileId"":""steady"",""sourceUnits"":1,""companion"":{""enabled"":true,""source"":""wind"",""sourceSettings"":{""speed"":8,""radius"":40,""cp"":40,""rating"":3000},""profileId"":""steady"",""sourceUnits"":1,""offset"":0},""flex"":{""enabled"":true,""percent"":50,""fromStart"":160,""fromMinutes"":80,""toStart"":40,""toMinutes"":80},""battery"":{""capacity"":10,""power"":5,""roundtrip"":100,""initial"":75},""batteryUnits"":1,""reserve"":0,""demand"":3.75,""policy"":""release"",""loadId"":""flat"",""grid"":""outage"",""gridLimit"":{""enabled"":true,""power"":3.75},""outageStart"":90,""outageMinutes"":60,""duration"":240}"
54,"baseline","4:release",5.625,592.6983992293208,"true",0,0,0,0,587.0733992293208,0,0,10,0,0,0,0,587.0733992293208,0,0,10,0,0,0,0,0,0,0,0,5,1,"{""source"":""solarPv"",""sourceSettings"":{""irradiance"":0,""area"":20,""efficiency"":20,""incidence"":20},""profileId"":""steady"",""sourceUnits"":1,""companion"":{""enabled"":true,""source"":""wind"",""sourceSettings"":{""speed"":8,""radius"":40,""cp"":40,""rating"":3000},""profileId"":""steady"",""sourceUnits"":1,""offset"":0},""flex"":{""enabled"":true,""percent"":50,""fromStart"":160,""fromMinutes"":80,""toStart"":40,""toMinutes"":80},""battery"":{""capacity"":10,""power"":5,""roundtrip"":100,""initial"":75},""batteryUnits"":1,""reserve"":0,""demand"":3.75,""policy"":""backup"",""loadId"":""flat"",""grid"":""outage"",""gridLimit"":{""enabled"":false,""power"":2.5},""outageStart"":90,""outageMinutes"":60,""duration"":240}","{""source"":""solarPv"",""sourceSettings"":{""irradiance"":0,""area"":20,""efficiency"":20,""incidence"":20},""profileId"":""steady"",""sourceUnits"":1,""companion"":{""enabled"":true,""source"":""wind"",""sourceSettings"":{""speed"":8,""radius"":40,""cp"":40,""rating"":3000},""profileId"":""steady"",""sourceUnits"":1,""offset"":0},""flex"":{""enabled"":true,""percent"":50,""fromStart"":160,""fromMinutes"":80,""toStart"":40,""toMinutes"":80},""battery"":{""capacity"":10,""power"":5,""roundtrip"":100,""initial"":75},""batteryUnits"":1,""reserve"":0,""demand"":3.75,""policy"":""release"",""loadId"":""flat"",""grid"":""outage"",""gridLimit"":{""enabled"":true,""power"":3.75},""outageStart"":90,""outageMinutes"":60,""duration"":240}"
55,"baseline","4:release",5.625,592.6983992293208,"true",0,0,0,0,587.0733992293208,0,0,10,0,0,0,0,587.0733992293208,0,0,10,0,0,0,0,0,0,0,0,5,1,"{""source"":""solarPv"",""sourceSettings"":{""irradiance"":0,""area"":20,""efficiency"":20,""incidence"":20},""profileId"":""steady"",""sourceUnits"":1,""companion"":{""enabled"":true,""source"":""wind"",""sourceSettings"":{""speed"":8,""radius"":40,""cp"":40,""rating"":3000},""profileId"":""steady"",""sourceUnits"":1,""offset"":0},""flex"":{""enabled"":true,""percent"":50,""fromStart"":160,""fromMinutes"":80,""toStart"":40,""toMinutes"":80},""battery"":{""capacity"":10,""power"":5,""roundtrip"":100,""initial"":75},""batteryUnits"":1,""reserve"":0,""demand"":3.75,""policy"":""backup"",""loadId"":""flat"",""grid"":""outage"",""gridLimit"":{""enabled"":false,""power"":2.5},""outageStart"":90,""outageMinutes"":60,""duration"":240}","{""source"":""solarPv"",""sourceSettings"":{""irradiance"":0,""area"":20,""efficiency"":20,""incidence"":20},""profileId"":""steady"",""sourceUnits"":1,""companion"":{""enabled"":true,""source"":""wind"",""sourceSettings"":{""speed"":8,""radius"":40,""cp"":40,""rating"":3000},""profileId"":""steady"",""sourceUnits"":1,""offset"":0},""flex"":{""enabled"":true,""percent"":50,""fromStart"":160,""fromMinutes"":80,""toStart"":40,""toMinutes"":80},""battery"":{""capacity"":10,""power"":5,""roundtrip"":100,""initial"":75},""batteryUnits"":1,""reserve"":0,""demand"":3.75,""policy"":""release"",""loadId"":""flat"",""grid"":""outage"",""gridLimit"":{""enabled"":true,""power"":3.75},""outageStart"":90,""outageMinutes"":60,""duration"":240}"
56,"baseline","4:release",5.625,592.6983992293208,"true",0,0,0,0,587.0733992293208,0,0,10,0,0,0,0,587.0733992293208,0,0,10,0,0,0,0,0,0,0,0,5,1,"{""source"":""solarPv"",""sourceSettings"":{""irradiance"":0,""area"":20,""efficiency"":20,""incidence"":20},""profileId"":""steady"",""sourceUnits"":1,""companion"":{""enabled"":true,""source"":""wind"",""sourceSettings"":{""speed"":8,""radius"":40,""cp"":40,""rating"":3000},""profileId"":""steady"",""sourceUnits"":1,""offset"":0},""flex"":{""enabled"":true,""percent"":50,""fromStart"":160,""fromMinutes"":80,""toStart"":40,""toMinutes"":80},""battery"":{""capacity"":10,""power"":5,""roundtrip"":100,""initial"":75},""batteryUnits"":1,""reserve"":0,""demand"":3.75,""policy"":""backup"",""loadId"":""flat"",""grid"":""outage"",""gridLimit"":{""enabled"":false,""power"":2.5},""outageStart"":90,""outageMinutes"":60,""duration"":240}","{""source"":""solarPv"",""sourceSettings"":{""irradiance"":0,""area"":20,""efficiency"":20,""incidence"":20},""profileId"":""steady"",""sourceUnits"":1,""companion"":{""enabled"":true,""source"":""wind"",""sourceSettings"":{""speed"":8,""radius"":40,""cp"":40,""rating"":3000},""profileId"":""steady"",""sourceUnits"":1,""offset"":0},""flex"":{""enabled"":true,""percent"":50,""fromStart"":160,""fromMinutes"":80,""toStart"":40,""toMinutes"":80},""battery"":{""capacity"":10,""power"":5,""roundtrip"":100,""initial"":75},""batteryUnits"":1,""reserve"":0,""demand"":3.75,""policy"":""release"",""loadId"":""flat"",""grid"":""outage"",""gridLimit"":{""enabled"":true,""power"":3.75},""outageStart"":90,""outageMinutes"":60,""duration"":240}"
57,"baseline","4:release",5.625,592.6983992293208,"true",0,0,0,0,587.0733992293208,0,0,10,0,0,0,0,587.0733992293208,0,0,10,0,0,0,0,0,0,0,0,5,1,"{""source"":""solarPv"",""sourceSettings"":{""irradiance"":0,""area"":20,""efficiency"":20,""incidence"":20},""profileId"":""steady"",""sourceUnits"":1,""companion"":{""enabled"":true,""source"":""wind"",""sourceSettings"":{""speed"":8,""radius"":40,""cp"":40,""rating"":3000},""profileId"":""steady"",""sourceUnits"":1,""offset"":0},""flex"":{""enabled"":true,""percent"":50,""fromStart"":160,""fromMinutes"":80,""toStart"":40,""toMinutes"":80},""battery"":{""capacity"":10,""power"":5,""roundtrip"":100,""initial"":75},""batteryUnits"":1,""reserve"":0,""demand"":3.75,""policy"":""backup"",""loadId"":""flat"",""grid"":""outage"",""gridLimit"":{""enabled"":false,""power"":2.5},""outageStart"":90,""outageMinutes"":60,""duration"":240}","{""source"":""solarPv"",""sourceSettings"":{""irradiance"":0,""area"":20,""efficiency"":20,""incidence"":20},""profileId"":""steady"",""sourceUnits"":1,""companion"":{""enabled"":true,""source"":""wind"",""sourceSettings"":{""speed"":8,""radius"":40,""cp"":40,""rating"":3000},""profileId"":""steady"",""sourceUnits"":1,""offset"":0},""flex"":{""enabled"":true,""percent"":50,""fromStart"":160,""fromMinutes"":80,""toStart"":40,""toMinutes"":80},""battery"":{""capacity"":10,""power"":5,""roundtrip"":100,""initial"":75},""batteryUnits"":1,""reserve"":0,""demand"":3.75,""policy"":""release"",""loadId"":""flat"",""grid"":""outage"",""gridLimit"":{""enabled"":true,""power"":3.75},""outageStart"":90,""outageMinutes"":60,""duration"":240}"
58,"baseline","4:release",5.625,592.6983992293208,"true",0,0,0,0,587.0733992293208,0,0,10,0,0,0,0,587.0733992293208,0,0,10,0,0,0,0,0,0,0,0,5,1,"{""source"":""solarPv"",""sourceSettings"":{""irradiance"":0,""area"":20,""efficiency"":20,""incidence"":20},""profileId"":""steady"",""sourceUnits"":1,""companion"":{""enabled"":true,""source"":""wind"",""sourceSettings"":{""speed"":8,""radius"":40,""cp"":40,""rating"":3000},""profileId"":""steady"",""sourceUnits"":1,""offset"":0},""flex"":{""enabled"":true,""percent"":50,""fromStart"":160,""fromMinutes"":80,""toStart"":40,""toMinutes"":80},""battery"":{""capacity"":10,""power"":5,""roundtrip"":100,""initial"":75},""batteryUnits"":1,""reserve"":0,""demand"":3.75,""policy"":""backup"",""loadId"":""flat"",""grid"":""outage"",""gridLimit"":{""enabled"":false,""power"":2.5},""outageStart"":90,""outageMinutes"":60,""duration"":240}","{""source"":""solarPv"",""sourceSettings"":{""irradiance"":0,""area"":20,""efficiency"":20,""incidence"":20},""profileId"":""steady"",""sourceUnits"":1,""companion"":{""enabled"":true,""source"":""wind"",""sourceSettings"":{""speed"":8,""radius"":40,""cp"":40,""rating"":3000},""profileId"":""steady"",""sourceUnits"":1,""offset"":0},""flex"":{""enabled"":true,""percent"":50,""fromStart"":160,""fromMinutes"":80,""toStart"":40,""toMinutes"":80},""battery"":{""capacity"":10,""power"":5,""roundtrip"":100,""initial"":75},""batteryUnits"":1,""reserve"":0,""demand"":3.75,""policy"":""release"",""loadId"":""flat"",""grid"":""outage"",""gridLimit"":{""enabled"":true,""power"":3.75},""outageStart"":90,""outageMinutes"":60,""duration"":240}"
59,"baseline","4:release",5.625,592.6983992293208,"true",0,0,0,0,587.0733992293208,0,0,10,0,0,0,0,587.0733992293208,0,0,10,0,0,0,0,0,0,0,0,5,1,"{""source"":""solarPv"",""sourceSettings"":{""irradiance"":0,""area"":20,""efficiency"":20,""incidence"":20},""profileId"":""steady"",""sourceUnits"":1,""companion"":{""enabled"":true,""source"":""wind"",""sourceSettings"":{""speed"":8,""radius"":40,""cp"":40,""rating"":3000},""profileId"":""steady"",""sourceUnits"":1,""offset"":0},""flex"":{""enabled"":true,""percent"":50,""fromStart"":160,""fromMinutes"":80,""toStart"":40,""toMinutes"":80},""battery"":{""capacity"":10,""power"":5,""roundtrip"":100,""initial"":75},""batteryUnits"":1,""reserve"":0,""demand"":3.75,""policy"":""backup"",""loadId"":""flat"",""grid"":""outage"",""gridLimit"":{""enabled"":false,""power"":2.5},""outageStart"":90,""outageMinutes"":60,""duration"":240}","{""source"":""solarPv"",""sourceSettings"":{""irradiance"":0,""area"":20,""efficiency"":20,""incidence"":20},""profileId"":""steady"",""sourceUnits"":1,""companion"":{""enabled"":true,""source"":""wind"",""sourceSettings"":{""speed"":8,""radius"":40,""cp"":40,""rating"":3000},""profileId"":""steady"",""sourceUnits"":1,""offset"":0},""flex"":{""enabled"":true,""percent"":50,""fromStart"":160,""fromMinutes"":80,""toStart"":40,""toMinutes"":80},""battery"":{""capacity"":10,""power"":5,""roundtrip"":100,""initial"":75},""batteryUnits"":1,""reserve"":0,""demand"":3.75,""policy"":""release"",""loadId"":""flat"",""grid"":""outage"",""gridLimit"":{""enabled"":true,""power"":3.75},""outageStart"":90,""outageMinutes"":60,""duration"":240}"
60,"baseline","4:release",5.625,592.6983992293208,"true",0,0,0,0,587.0733992293208,0,0,10,0,0,0,0,587.0733992293208,0,0,10,0,0,0,0,0,0,0,0,5,1,"{""source"":""solarPv"",""sourceSettings"":{""irradiance"":0,""area"":20,""efficiency"":20,""incidence"":20},""profileId"":""steady"",""sourceUnits"":1,""companion"":{""enabled"":true,""source"":""wind"",""sourceSettings"":{""speed"":8,""radius"":40,""cp"":40,""rating"":3000},""profileId"":""steady"",""sourceUnits"":1,""offset"":0},""flex"":{""enabled"":true,""percent"":50,""fromStart"":160,""fromMinutes"":80,""toStart"":40,""toMinutes"":80},""battery"":{""capacity"":10,""power"":5,""roundtrip"":100,""initial"":75},""batteryUnits"":1,""reserve"":0,""demand"":3.75,""policy"":""backup"",""loadId"":""flat"",""grid"":""outage"",""gridLimit"":{""enabled"":false,""power"":2.5},""outageStart"":90,""outageMinutes"":60,""duration"":240}","{""source"":""solarPv"",""sourceSettings"":{""irradiance"":0,""area"":20,""efficiency"":20,""incidence"":20},""profileId"":""steady"",""sourceUnits"":1,""companion"":{""enabled"":true,""source"":""wind"",""sourceSettings"":{""speed"":8,""radius"":40,""cp"":40,""rating"":3000},""profileId"":""steady"",""sourceUnits"":1,""offset"":0},""flex"":{""enabled"":true,""percent"":50,""fromStart"":160,""fromMinutes"":80,""toStart"":40,""toMinutes"":80},""battery"":{""capacity"":10,""power"":5,""roundtrip"":100,""initial"":75},""batteryUnits"":1,""reserve"":0,""demand"":3.75,""policy"":""release"",""loadId"":""flat"",""grid"":""outage"",""gridLimit"":{""enabled"":true,""power"":3.75},""outageStart"":90,""outageMinutes"":60,""duration"":240}"
61,"baseline","4:release",5.625,592.6983992293208,"true",0,0,0,0,587.0733992293208,0,0,10,0,0,0,0,587.0733992293208,0,0,10,0,0,0,0,0,0,0,0,5,1,"{""source"":""solarPv"",""sourceSettings"":{""irradiance"":0,""area"":20,""efficiency"":20,""incidence"":20},""profileId"":""steady"",""sourceUnits"":1,""companion"":{""enabled"":true,""source"":""wind"",""sourceSettings"":{""speed"":8,""radius"":40,""cp"":40,""rating"":3000},""profileId"":""steady"",""sourceUnits"":1,""offset"":0},""flex"":{""enabled"":true,""percent"":50,""fromStart"":160,""fromMinutes"":80,""toStart"":40,""toMinutes"":80},""battery"":{""capacity"":10,""power"":5,""roundtrip"":100,""initial"":75},""batteryUnits"":1,""reserve"":0,""demand"":3.75,""policy"":""backup"",""loadId"":""flat"",""grid"":""outage"",""gridLimit"":{""enabled"":false,""power"":2.5},""outageStart"":90,""outageMinutes"":60,""duration"":240}","{""source"":""solarPv"",""sourceSettings"":{""irradiance"":0,""area"":20,""efficiency"":20,""incidence"":20},""profileId"":""steady"",""sourceUnits"":1,""companion"":{""enabled"":true,""source"":""wind"",""sourceSettings"":{""speed"":8,""radius"":40,""cp"":40,""rating"":3000},""profileId"":""steady"",""sourceUnits"":1,""offset"":0},""flex"":{""enabled"":true,""percent"":50,""fromStart"":160,""fromMinutes"":80,""toStart"":40,""toMinutes"":80},""battery"":{""capacity"":10,""power"":5,""roundtrip"":100,""initial"":75},""batteryUnits"":1,""reserve"":0,""demand"":3.75,""policy"":""release"",""loadId"":""flat"",""grid"":""outage"",""gridLimit"":{""enabled"":true,""power"":3.75},""outageStart"":90,""outageMinutes"":60,""duration"":240}"
62,"baseline","4:release",5.625,592.6983992293208,"true",0,0,0,0,587.0733992293208,0,0,10,0,0,0,0,587.0733992293208,0,0,10,0,0,0,0,0,0,0,0,5,1,"{""source"":""solarPv"",""sourceSettings"":{""irradiance"":0,""area"":20,""efficiency"":20,""incidence"":20},""profileId"":""steady"",""sourceUnits"":1,""companion"":{""enabled"":true,""source"":""wind"",""sourceSettings"":{""speed"":8,""radius"":40,""cp"":40,""rating"":3000},""profileId"":""steady"",""sourceUnits"":1,""offset"":0},""flex"":{""enabled"":true,""percent"":50,""fromStart"":160,""fromMinutes"":80,""toStart"":40,""toMinutes"":80},""battery"":{""capacity"":10,""power"":5,""roundtrip"":100,""initial"":75},""batteryUnits"":1,""reserve"":0,""demand"":3.75,""policy"":""backup"",""loadId"":""flat"",""grid"":""outage"",""gridLimit"":{""enabled"":false,""power"":2.5},""outageStart"":90,""outageMinutes"":60,""duration"":240}","{""source"":""solarPv"",""sourceSettings"":{""irradiance"":0,""area"":20,""efficiency"":20,""incidence"":20},""profileId"":""steady"",""sourceUnits"":1,""companion"":{""enabled"":true,""source"":""wind"",""sourceSettings"":{""speed"":8,""radius"":40,""cp"":40,""rating"":3000},""profileId"":""steady"",""sourceUnits"":1,""offset"":0},""flex"":{""enabled"":true,""percent"":50,""fromStart"":160,""fromMinutes"":80,""toStart"":40,""toMinutes"":80},""battery"":{""capacity"":10,""power"":5,""roundtrip"":100,""initial"":75},""batteryUnits"":1,""reserve"":0,""demand"":3.75,""policy"":""release"",""loadId"":""flat"",""grid"":""outage"",""gridLimit"":{""enabled"":true,""power"":3.75},""outageStart"":90,""outageMinutes"":60,""duration"":240}"
63,"baseline","4:release",5.625,592.6983992293208,"true",0,0,0,0,587.0733992293208,0,0,10,0,0,0,0,587.0733992293208,0,0,10,0,0,0,0,0,0,0,0,5,1,"{""source"":""solarPv"",""sourceSettings"":{""irradiance"":0,""area"":20,""efficiency"":20,""incidence"":20},""profileId"":""steady"",""sourceUnits"":1,""companion"":{""enabled"":true,""source"":""wind"",""sourceSettings"":{""speed"":8,""radius"":40,""cp"":40,""rating"":3000},""profileId"":""steady"",""sourceUnits"":1,""offset"":0},""flex"":{""enabled"":true,""percent"":50,""fromStart"":160,""fromMinutes"":80,""toStart"":40,""toMinutes"":80},""battery"":{""capacity"":10,""power"":5,""roundtrip"":100,""initial"":75},""batteryUnits"":1,""reserve"":0,""demand"":3.75,""policy"":""backup"",""loadId"":""flat"",""grid"":""outage"",""gridLimit"":{""enabled"":false,""power"":2.5},""outageStart"":90,""outageMinutes"":60,""duration"":240}","{""source"":""solarPv"",""sourceSettings"":{""irradiance"":0,""area"":20,""efficiency"":20,""incidence"":20},""profileId"":""steady"",""sourceUnits"":1,""companion"":{""enabled"":true,""source"":""wind"",""sourceSettings"":{""speed"":8,""radius"":40,""cp"":40,""rating"":3000},""profileId"":""steady"",""sourceUnits"":1,""offset"":0},""flex"":{""enabled"":true,""percent"":50,""fromStart"":160,""fromMinutes"":80,""toStart"":40,""toMinutes"":80},""battery"":{""capacity"":10,""power"":5,""roundtrip"":100,""initial"":75},""batteryUnits"":1,""reserve"":0,""demand"":3.75,""policy"":""release"",""loadId"":""flat"",""grid"":""outage"",""gridLimit"":{""enabled"":true,""power"":3.75},""outageStart"":90,""outageMinutes"":60,""duration"":240}"
64,"baseline","4:release",5.625,592.6983992293208,"true",0,0,0,0,587.0733992293208,0,0,10,0,0,0,0,587.0733992293208,0,0,10,0,0,0,0,0,0,0,0,5,1,"{""source"":""solarPv"",""sourceSettings"":{""irradiance"":0,""area"":20,""efficiency"":20,""incidence"":20},""profileId"":""steady"",""sourceUnits"":1,""companion"":{""enabled"":true,""source"":""wind"",""sourceSettings"":{""speed"":8,""radius"":40,""cp"":40,""rating"":3000},""profileId"":""steady"",""sourceUnits"":1,""offset"":0},""flex"":{""enabled"":true,""percent"":50,""fromStart"":160,""fromMinutes"":80,""toStart"":40,""toMinutes"":80},""battery"":{""capacity"":10,""power"":5,""roundtrip"":100,""initial"":75},""batteryUnits"":1,""reserve"":0,""demand"":3.75,""policy"":""backup"",""loadId"":""flat"",""grid"":""outage"",""gridLimit"":{""enabled"":false,""power"":2.5},""outageStart"":90,""outageMinutes"":60,""duration"":240}","{""source"":""solarPv"",""sourceSettings"":{""irradiance"":0,""area"":20,""efficiency"":20,""incidence"":20},""profileId"":""steady"",""sourceUnits"":1,""companion"":{""enabled"":true,""source"":""wind"",""sourceSettings"":{""speed"":8,""radius"":40,""cp"":40,""rating"":3000},""profileId"":""steady"",""sourceUnits"":1,""offset"":0},""flex"":{""enabled"":true,""percent"":50,""fromStart"":160,""fromMinutes"":80,""toStart"":40,""toMinutes"":80},""battery"":{""capacity"":10,""power"":5,""roundtrip"":100,""initial"":75},""batteryUnits"":1,""reserve"":0,""demand"":3.75,""policy"":""release"",""loadId"":""flat"",""grid"":""outage"",""gridLimit"":{""enabled"":true,""power"":3.75},""outageStart"":90,""outageMinutes"":60,""duration"":240}"
65,"baseline","4:release",5.625,592.6983992293208,"true",0,0,0,0,587.0733992293208,0,0,10,0,0,0,0,587.0733992293208,0,0,10,0,0,0,0,0,0,0,0,5,1,"{""source"":""solarPv"",""sourceSettings"":{""irradiance"":0,""area"":20,""efficiency"":20,""incidence"":20},""profileId"":""steady"",""sourceUnits"":1,""companion"":{""enabled"":true,""source"":""wind"",""sourceSettings"":{""speed"":8,""radius"":40,""cp"":40,""rating"":3000},""profileId"":""steady"",""sourceUnits"":1,""offset"":0},""flex"":{""enabled"":true,""percent"":50,""fromStart"":160,""fromMinutes"":80,""toStart"":40,""toMinutes"":80},""battery"":{""capacity"":10,""power"":5,""roundtrip"":100,""initial"":75},""batteryUnits"":1,""reserve"":0,""demand"":3.75,""policy"":""backup"",""loadId"":""flat"",""grid"":""outage"",""gridLimit"":{""enabled"":false,""power"":2.5},""outageStart"":90,""outageMinutes"":60,""duration"":240}","{""source"":""solarPv"",""sourceSettings"":{""irradiance"":0,""area"":20,""efficiency"":20,""incidence"":20},""profileId"":""steady"",""sourceUnits"":1,""companion"":{""enabled"":true,""source"":""wind"",""sourceSettings"":{""speed"":8,""radius"":40,""cp"":40,""rating"":3000},""profileId"":""steady"",""sourceUnits"":1,""offset"":0},""flex"":{""enabled"":true,""percent"":50,""fromStart"":160,""fromMinutes"":80,""toStart"":40,""toMinutes"":80},""battery"":{""capacity"":10,""power"":5,""roundtrip"":100,""initial"":75},""batteryUnits"":1,""reserve"":0,""demand"":3.75,""policy"":""release"",""loadId"":""flat"",""grid"":""outage"",""gridLimit"":{""enabled"":true,""power"":3.75},""outageStart"":90,""outageMinutes"":60,""duration"":240}"
66,"baseline","4:release",5.625,592.6983992293208,"true",0,0,0,0,587.0733992293208,0,0,10,0,0,0,0,587.0733992293208,0,0,10,0,0,0,0,0,0,0,0,5,1,"{""source"":""solarPv"",""sourceSettings"":{""irradiance"":0,""area"":20,""efficiency"":20,""incidence"":20},""profileId"":""steady"",""sourceUnits"":1,""companion"":{""enabled"":true,""source"":""wind"",""sourceSettings"":{""speed"":8,""radius"":40,""cp"":40,""rating"":3000},""profileId"":""steady"",""sourceUnits"":1,""offset"":0},""flex"":{""enabled"":true,""percent"":50,""fromStart"":160,""fromMinutes"":80,""toStart"":40,""toMinutes"":80},""battery"":{""capacity"":10,""power"":5,""roundtrip"":100,""initial"":75},""batteryUnits"":1,""reserve"":0,""demand"":3.75,""policy"":""backup"",""loadId"":""flat"",""grid"":""outage"",""gridLimit"":{""enabled"":false,""power"":2.5},""outageStart"":90,""outageMinutes"":60,""duration"":240}","{""source"":""solarPv"",""sourceSettings"":{""irradiance"":0,""area"":20,""efficiency"":20,""incidence"":20},""profileId"":""steady"",""sourceUnits"":1,""companion"":{""enabled"":true,""source"":""wind"",""sourceSettings"":{""speed"":8,""radius"":40,""cp"":40,""rating"":3000},""profileId"":""steady"",""sourceUnits"":1,""offset"":0},""flex"":{""enabled"":true,""percent"":50,""fromStart"":160,""fromMinutes"":80,""toStart"":40,""toMinutes"":80},""battery"":{""capacity"":10,""power"":5,""roundtrip"":100,""initial"":75},""batteryUnits"":1,""reserve"":0,""demand"":3.75,""policy"":""release"",""loadId"":""flat"",""grid"":""outage"",""gridLimit"":{""enabled"":true,""power"":3.75},""outageStart"":90,""outageMinutes"":60,""duration"":240}"
67,"baseline","4:release",5.625,592.6983992293208,"true",0,0,0,0,587.0733992293208,0,0,10,0,0,0,0,587.0733992293208,0,0,10,0,0,0,0,0,0,0,0,5,1,"{""source"":""solarPv"",""sourceSettings"":{""irradiance"":0,""area"":20,""efficiency"":20,""incidence"":20},""profileId"":""steady"",""sourceUnits"":1,""companion"":{""enabled"":true,""source"":""wind"",""sourceSettings"":{""speed"":8,""radius"":40,""cp"":40,""rating"":3000},""profileId"":""steady"",""sourceUnits"":1,""offset"":0},""flex"":{""enabled"":true,""percent"":50,""fromStart"":160,""fromMinutes"":80,""toStart"":40,""toMinutes"":80},""battery"":{""capacity"":10,""power"":5,""roundtrip"":100,""initial"":75},""batteryUnits"":1,""reserve"":0,""demand"":3.75,""policy"":""backup"",""loadId"":""flat"",""grid"":""outage"",""gridLimit"":{""enabled"":false,""power"":2.5},""outageStart"":90,""outageMinutes"":60,""duration"":240}","{""source"":""solarPv"",""sourceSettings"":{""irradiance"":0,""area"":20,""efficiency"":20,""incidence"":20},""profileId"":""steady"",""sourceUnits"":1,""companion"":{""enabled"":true,""source"":""wind"",""sourceSettings"":{""speed"":8,""radius"":40,""cp"":40,""rating"":3000},""profileId"":""steady"",""sourceUnits"":1,""offset"":0},""flex"":{""enabled"":true,""percent"":50,""fromStart"":160,""fromMinutes"":80,""toStart"":40,""toMinutes"":80},""battery"":{""capacity"":10,""power"":5,""roundtrip"":100,""initial"":75},""batteryUnits"":1,""reserve"":0,""demand"":3.75,""policy"":""release"",""loadId"":""flat"",""grid"":""outage"",""gridLimit"":{""enabled"":true,""power"":3.75},""outageStart"":90,""outageMinutes"":60,""duration"":240}"
68,"baseline","4:release",5.625,592.6983992293208,"true",0,0,0,0,587.0733992293208,0,0,10,0,0,0,0,587.0733992293208,0,0,10,0,0,0,0,0,0,0,0,5,1,"{""source"":""solarPv"",""sourceSettings"":{""irradiance"":0,""area"":20,""efficiency"":20,""incidence"":20},""profileId"":""steady"",""sourceUnits"":1,""companion"":{""enabled"":true,""source"":""wind"",""sourceSettings"":{""speed"":8,""radius"":40,""cp"":40,""rating"":3000},""profileId"":""steady"",""sourceUnits"":1,""offset"":0},""flex"":{""enabled"":true,""percent"":50,""fromStart"":160,""fromMinutes"":80,""toStart"":40,""toMinutes"":80},""battery"":{""capacity"":10,""power"":5,""roundtrip"":100,""initial"":75},""batteryUnits"":1,""reserve"":0,""demand"":3.75,""policy"":""backup"",""loadId"":""flat"",""grid"":""outage"",""gridLimit"":{""enabled"":false,""power"":2.5},""outageStart"":90,""outageMinutes"":60,""duration"":240}","{""source"":""solarPv"",""sourceSettings"":{""irradiance"":0,""area"":20,""efficiency"":20,""incidence"":20},""profileId"":""steady"",""sourceUnits"":1,""companion"":{""enabled"":true,""source"":""wind"",""sourceSettings"":{""speed"":8,""radius"":40,""cp"":40,""rating"":3000},""profileId"":""steady"",""sourceUnits"":1,""offset"":0},""flex"":{""enabled"":true,""percent"":50,""fromStart"":160,""fromMinutes"":80,""toStart"":40,""toMinutes"":80},""battery"":{""capacity"":10,""power"":5,""roundtrip"":100,""initial"":75},""batteryUnits"":1,""reserve"":0,""demand"":3.75,""policy"":""release"",""loadId"":""flat"",""grid"":""outage"",""gridLimit"":{""enabled"":true,""power"":3.75},""outageStart"":90,""outageMinutes"":60,""duration"":240}"
69,"baseline","4:release",5.625,592.6983992293208,"true",0,0,0,0,587.0733992293208,0,0,10,0,0,0,0,587.0733992293208,0,0,10,0,0,0,0,0,0,0,0,5,1,"{""source"":""solarPv"",""sourceSettings"":{""irradiance"":0,""area"":20,""efficiency"":20,""incidence"":20},""profileId"":""steady"",""sourceUnits"":1,""companion"":{""enabled"":true,""source"":""wind"",""sourceSettings"":{""speed"":8,""radius"":40,""cp"":40,""rating"":3000},""profileId"":""steady"",""sourceUnits"":1,""offset"":0},""flex"":{""enabled"":true,""percent"":50,""fromStart"":160,""fromMinutes"":80,""toStart"":40,""toMinutes"":80},""battery"":{""capacity"":10,""power"":5,""roundtrip"":100,""initial"":75},""batteryUnits"":1,""reserve"":0,""demand"":3.75,""policy"":""backup"",""loadId"":""flat"",""grid"":""outage"",""gridLimit"":{""enabled"":false,""power"":2.5},""outageStart"":90,""outageMinutes"":60,""duration"":240}","{""source"":""solarPv"",""sourceSettings"":{""irradiance"":0,""area"":20,""efficiency"":20,""incidence"":20},""profileId"":""steady"",""sourceUnits"":1,""companion"":{""enabled"":true,""source"":""wind"",""sourceSettings"":{""speed"":8,""radius"":40,""cp"":40,""rating"":3000},""profileId"":""steady"",""sourceUnits"":1,""offset"":0},""flex"":{""enabled"":true,""percent"":50,""fromStart"":160,""fromMinutes"":80,""toStart"":40,""toMinutes"":80},""battery"":{""capacity"":10,""power"":5,""roundtrip"":100,""initial"":75},""batteryUnits"":1,""reserve"":0,""demand"":3.75,""policy"":""release"",""loadId"":""flat"",""grid"":""outage"",""gridLimit"":{""enabled"":true,""power"":3.75},""outageStart"":90,""outageMinutes"":60,""duration"":240}"
70,"baseline","4:release",5.625,592.6983992293208,"true",0,0,0,0,587.0733992293208,0,0,10,0,0,0,0,587.0733992293208,0,0,10,0,0,0,0,0,0,0,0,5,1,"{""source"":""solarPv"",""sourceSettings"":{""irradiance"":0,""area"":20,""efficiency"":20,""incidence"":20},""profileId"":""steady"",""sourceUnits"":1,""companion"":{""enabled"":true,""source"":""wind"",""sourceSettings"":{""speed"":8,""radius"":40,""cp"":40,""rating"":3000},""profileId"":""steady"",""sourceUnits"":1,""offset"":0},""flex"":{""enabled"":true,""percent"":50,""fromStart"":160,""fromMinutes"":80,""toStart"":40,""toMinutes"":80},""battery"":{""capacity"":10,""power"":5,""roundtrip"":100,""initial"":75},""batteryUnits"":1,""reserve"":0,""demand"":3.75,""policy"":""backup"",""loadId"":""flat"",""grid"":""outage"",""gridLimit"":{""enabled"":false,""power"":2.5},""outageStart"":90,""outageMinutes"":60,""duration"":240}","{""source"":""solarPv"",""sourceSettings"":{""irradiance"":0,""area"":20,""efficiency"":20,""incidence"":20},""profileId"":""steady"",""sourceUnits"":1,""companion"":{""enabled"":true,""source"":""wind"",""sourceSettings"":{""speed"":8,""radius"":40,""cp"":40,""rating"":3000},""profileId"":""steady"",""sourceUnits"":1,""offset"":0},""flex"":{""enabled"":true,""percent"":50,""fromStart"":160,""fromMinutes"":80,""toStart"":40,""toMinutes"":80},""battery"":{""capacity"":10,""power"":5,""roundtrip"":100,""initial"":75},""batteryUnits"":1,""reserve"":0,""demand"":3.75,""policy"":""release"",""loadId"":""flat"",""grid"":""outage"",""gridLimit"":{""enabled"":true,""power"":3.75},""outageStart"":90,""outageMinutes"":60,""duration"":240}"
71,"baseline","4:release",5.625,592.6983992293208,"true",0,0,0,0,587.0733992293208,0,0,10,0,0,0,0,587.0733992293208,0,0,10,0,0,0,0,0,0,0,0,5,1,"{""source"":""solarPv"",""sourceSettings"":{""irradiance"":0,""area"":20,""efficiency"":20,""incidence"":20},""profileId"":""steady"",""sourceUnits"":1,""companion"":{""enabled"":true,""source"":""wind"",""sourceSettings"":{""speed"":8,""radius"":40,""cp"":40,""rating"":3000},""profileId"":""steady"",""sourceUnits"":1,""offset"":0},""flex"":{""enabled"":true,""percent"":50,""fromStart"":160,""fromMinutes"":80,""toStart"":40,""toMinutes"":80},""battery"":{""capacity"":10,""power"":5,""roundtrip"":100,""initial"":75},""batteryUnits"":1,""reserve"":0,""demand"":3.75,""policy"":""backup"",""loadId"":""flat"",""grid"":""outage"",""gridLimit"":{""enabled"":false,""power"":2.5},""outageStart"":90,""outageMinutes"":60,""duration"":240}","{""source"":""solarPv"",""sourceSettings"":{""irradiance"":0,""area"":20,""efficiency"":20,""incidence"":20},""profileId"":""steady"",""sourceUnits"":1,""companion"":{""enabled"":true,""source"":""wind"",""sourceSettings"":{""speed"":8,""radius"":40,""cp"":40,""rating"":3000},""profileId"":""steady"",""sourceUnits"":1,""offset"":0},""flex"":{""enabled"":true,""percent"":50,""fromStart"":160,""fromMinutes"":80,""toStart"":40,""toMinutes"":80},""battery"":{""capacity"":10,""power"":5,""roundtrip"":100,""initial"":75},""batteryUnits"":1,""reserve"":0,""demand"":3.75,""policy"":""release"",""loadId"":""flat"",""grid"":""outage"",""gridLimit"":{""enabled"":true,""power"":3.75},""outageStart"":90,""outageMinutes"":60,""duration"":240}"
72,"baseline","4:release",5.625,592.6983992293208,"true",0,0,0,0,587.0733992293208,0,0,10,0,0,0,0,587.0733992293208,0,0,10,0,0,0,0,0,0,0,0,5,1,"{""source"":""solarPv"",""sourceSettings"":{""irradiance"":0,""area"":20,""efficiency"":20,""incidence"":20},""profileId"":""steady"",""sourceUnits"":1,""companion"":{""enabled"":true,""source"":""wind"",""sourceSettings"":{""speed"":8,""radius"":40,""cp"":40,""rating"":3000},""profileId"":""steady"",""sourceUnits"":1,""offset"":0},""flex"":{""enabled"":true,""percent"":50,""fromStart"":160,""fromMinutes"":80,""toStart"":40,""toMinutes"":80},""battery"":{""capacity"":10,""power"":5,""roundtrip"":100,""initial"":75},""batteryUnits"":1,""reserve"":0,""demand"":3.75,""policy"":""backup"",""loadId"":""flat"",""grid"":""outage"",""gridLimit"":{""enabled"":false,""power"":2.5},""outageStart"":90,""outageMinutes"":60,""duration"":240}","{""source"":""solarPv"",""sourceSettings"":{""irradiance"":0,""area"":20,""efficiency"":20,""incidence"":20},""profileId"":""steady"",""sourceUnits"":1,""companion"":{""enabled"":true,""source"":""wind"",""sourceSettings"":{""speed"":8,""radius"":40,""cp"":40,""rating"":3000},""profileId"":""steady"",""sourceUnits"":1,""offset"":0},""flex"":{""enabled"":true,""percent"":50,""fromStart"":160,""fromMinutes"":80,""toStart"":40,""toMinutes"":80},""battery"":{""capacity"":10,""power"":5,""roundtrip"":100,""initial"":75},""batteryUnits"":1,""reserve"":0,""demand"":3.75,""policy"":""release"",""loadId"":""flat"",""grid"":""outage"",""gridLimit"":{""enabled"":true,""power"":3.75},""outageStart"":90,""outageMinutes"":60,""duration"":240}"
73,"baseline","4:release",5.625,592.6983992293208,"true",0,0,0,0,587.0733992293208,0,0,10,0,0,0,0,587.0733992293208,0,0,10,0,0,0,0,0,0,0,0,5,1,"{""source"":""solarPv"",""sourceSettings"":{""irradiance"":0,""area"":20,""efficiency"":20,""incidence"":20},""profileId"":""steady"",""sourceUnits"":1,""companion"":{""enabled"":true,""source"":""wind"",""sourceSettings"":{""speed"":8,""radius"":40,""cp"":40,""rating"":3000},""profileId"":""steady"",""sourceUnits"":1,""offset"":0},""flex"":{""enabled"":true,""percent"":50,""fromStart"":160,""fromMinutes"":80,""toStart"":40,""toMinutes"":80},""battery"":{""capacity"":10,""power"":5,""roundtrip"":100,""initial"":75},""batteryUnits"":1,""reserve"":0,""demand"":3.75,""policy"":""backup"",""loadId"":""flat"",""grid"":""outage"",""gridLimit"":{""enabled"":false,""power"":2.5},""outageStart"":90,""outageMinutes"":60,""duration"":240}","{""source"":""solarPv"",""sourceSettings"":{""irradiance"":0,""area"":20,""efficiency"":20,""incidence"":20},""profileId"":""steady"",""sourceUnits"":1,""companion"":{""enabled"":true,""source"":""wind"",""sourceSettings"":{""speed"":8,""radius"":40,""cp"":40,""rating"":3000},""profileId"":""steady"",""sourceUnits"":1,""offset"":0},""flex"":{""enabled"":true,""percent"":50,""fromStart"":160,""fromMinutes"":80,""toStart"":40,""toMinutes"":80},""battery"":{""capacity"":10,""power"":5,""roundtrip"":100,""initial"":75},""batteryUnits"":1,""reserve"":0,""demand"":3.75,""policy"":""release"",""loadId"":""flat"",""grid"":""outage"",""gridLimit"":{""enabled"":true,""power"":3.75},""outageStart"":90,""outageMinutes"":60,""duration"":240}"
74,"baseline","4:release",5.625,592.6983992293208,"true",0,0,0,0,587.0733992293208,0,0,10,0,0,0,0,587.0733992293208,0,0,10,0,0,0,0,0,0,0,0,5,1,"{""source"":""solarPv"",""sourceSettings"":{""irradiance"":0,""area"":20,""efficiency"":20,""incidence"":20},""profileId"":""steady"",""sourceUnits"":1,""companion"":{""enabled"":true,""source"":""wind"",""sourceSettings"":{""speed"":8,""radius"":40,""cp"":40,""rating"":3000},""profileId"":""steady"",""sourceUnits"":1,""offset"":0},""flex"":{""enabled"":true,""percent"":50,""fromStart"":160,""fromMinutes"":80,""toStart"":40,""toMinutes"":80},""battery"":{""capacity"":10,""power"":5,""roundtrip"":100,""initial"":75},""batteryUnits"":1,""reserve"":0,""demand"":3.75,""policy"":""backup"",""loadId"":""flat"",""grid"":""outage"",""gridLimit"":{""enabled"":false,""power"":2.5},""outageStart"":90,""outageMinutes"":60,""duration"":240}","{""source"":""solarPv"",""sourceSettings"":{""irradiance"":0,""area"":20,""efficiency"":20,""incidence"":20},""profileId"":""steady"",""sourceUnits"":1,""companion"":{""enabled"":true,""source"":""wind"",""sourceSettings"":{""speed"":8,""radius"":40,""cp"":40,""rating"":3000},""profileId"":""steady"",""sourceUnits"":1,""offset"":0},""flex"":{""enabled"":true,""percent"":50,""fromStart"":160,""fromMinutes"":80,""toStart"":40,""toMinutes"":80},""battery"":{""capacity"":10,""power"":5,""roundtrip"":100,""initial"":75},""batteryUnits"":1,""reserve"":0,""demand"":3.75,""policy"":""release"",""loadId"":""flat"",""grid"":""outage"",""gridLimit"":{""enabled"":true,""power"":3.75},""outageStart"":90,""outageMinutes"":60,""duration"":240}"
75,"baseline","4:release",5.625,592.6983992293208,"true",0,0,0,0,587.0733992293208,0,0,10,0,0,0,0,587.0733992293208,0,0,10,0,0,0,0,0,0,0,0,5,1,"{""source"":""solarPv"",""sourceSettings"":{""irradiance"":0,""area"":20,""efficiency"":20,""incidence"":20},""profileId"":""steady"",""sourceUnits"":1,""companion"":{""enabled"":true,""source"":""wind"",""sourceSettings"":{""speed"":8,""radius"":40,""cp"":40,""rating"":3000},""profileId"":""steady"",""sourceUnits"":1,""offset"":0},""flex"":{""enabled"":true,""percent"":50,""fromStart"":160,""fromMinutes"":80,""toStart"":40,""toMinutes"":80},""battery"":{""capacity"":10,""power"":5,""roundtrip"":100,""initial"":75},""batteryUnits"":1,""reserve"":0,""demand"":3.75,""policy"":""backup"",""loadId"":""flat"",""grid"":""outage"",""gridLimit"":{""enabled"":false,""power"":2.5},""outageStart"":90,""outageMinutes"":60,""duration"":240}","{""source"":""solarPv"",""sourceSettings"":{""irradiance"":0,""area"":20,""efficiency"":20,""incidence"":20},""profileId"":""steady"",""sourceUnits"":1,""companion"":{""enabled"":true,""source"":""wind"",""sourceSettings"":{""speed"":8,""radius"":40,""cp"":40,""rating"":3000},""profileId"":""steady"",""sourceUnits"":1,""offset"":0},""flex"":{""enabled"":true,""percent"":50,""fromStart"":160,""fromMinutes"":80,""toStart"":40,""toMinutes"":80},""battery"":{""capacity"":10,""power"":5,""roundtrip"":100,""initial"":75},""batteryUnits"":1,""reserve"":0,""demand"":3.75,""policy"":""release"",""loadId"":""flat"",""grid"":""outage"",""gridLimit"":{""enabled"":true,""power"":3.75},""outageStart"":90,""outageMinutes"":60,""duration"":240}"
76,"baseline","4:release",5.625,592.6983992293208,"true",0,0,0,0,587.0733992293208,0,0,10,0,0,0,0,587.0733992293208,0,0,10,0,0,0,0,0,0,0,0,5,1,"{""source"":""solarPv"",""sourceSettings"":{""irradiance"":0,""area"":20,""efficiency"":20,""incidence"":20},""profileId"":""steady"",""sourceUnits"":1,""companion"":{""enabled"":true,""source"":""wind"",""sourceSettings"":{""speed"":8,""radius"":40,""cp"":40,""rating"":3000},""profileId"":""steady"",""sourceUnits"":1,""offset"":0},""flex"":{""enabled"":true,""percent"":50,""fromStart"":160,""fromMinutes"":80,""toStart"":40,""toMinutes"":80},""battery"":{""capacity"":10,""power"":5,""roundtrip"":100,""initial"":75},""batteryUnits"":1,""reserve"":0,""demand"":3.75,""policy"":""backup"",""loadId"":""flat"",""grid"":""outage"",""gridLimit"":{""enabled"":false,""power"":2.5},""outageStart"":90,""outageMinutes"":60,""duration"":240}","{""source"":""solarPv"",""sourceSettings"":{""irradiance"":0,""area"":20,""efficiency"":20,""incidence"":20},""profileId"":""steady"",""sourceUnits"":1,""companion"":{""enabled"":true,""source"":""wind"",""sourceSettings"":{""speed"":8,""radius"":40,""cp"":40,""rating"":3000},""profileId"":""steady"",""sourceUnits"":1,""offset"":0},""flex"":{""enabled"":true,""percent"":50,""fromStart"":160,""fromMinutes"":80,""toStart"":40,""toMinutes"":80},""battery"":{""capacity"":10,""power"":5,""roundtrip"":100,""initial"":75},""batteryUnits"":1,""reserve"":0,""demand"":3.75,""policy"":""release"",""loadId"":""flat"",""grid"":""outage"",""gridLimit"":{""enabled"":true,""power"":3.75},""outageStart"":90,""outageMinutes"":60,""duration"":240}"
77,"baseline","4:release",5.625,592.6983992293208,"true",0,0,0,0,587.0733992293208,0,0,10,0,0,0,0,587.0733992293208,0,0,10,0,0,0,0,0,0,0,0,5,1,"{""source"":""solarPv"",""sourceSettings"":{""irradiance"":0,""area"":20,""efficiency"":20,""incidence"":20},""profileId"":""steady"",""sourceUnits"":1,""companion"":{""enabled"":true,""source"":""wind"",""sourceSettings"":{""speed"":8,""radius"":40,""cp"":40,""rating"":3000},""profileId"":""steady"",""sourceUnits"":1,""offset"":0},""flex"":{""enabled"":true,""percent"":50,""fromStart"":160,""fromMinutes"":80,""toStart"":40,""toMinutes"":80},""battery"":{""capacity"":10,""power"":5,""roundtrip"":100,""initial"":75},""batteryUnits"":1,""reserve"":0,""demand"":3.75,""policy"":""backup"",""loadId"":""flat"",""grid"":""outage"",""gridLimit"":{""enabled"":false,""power"":2.5},""outageStart"":90,""outageMinutes"":60,""duration"":240}","{""source"":""solarPv"",""sourceSettings"":{""irradiance"":0,""area"":20,""efficiency"":20,""incidence"":20},""profileId"":""steady"",""sourceUnits"":1,""companion"":{""enabled"":true,""source"":""wind"",""sourceSettings"":{""speed"":8,""radius"":40,""cp"":40,""rating"":3000},""profileId"":""steady"",""sourceUnits"":1,""offset"":0},""flex"":{""enabled"":true,""percent"":50,""fromStart"":160,""fromMinutes"":80,""toStart"":40,""toMinutes"":80},""battery"":{""capacity"":10,""power"":5,""roundtrip"":100,""initial"":75},""batteryUnits"":1,""reserve"":0,""demand"":3.75,""policy"":""release"",""loadId"":""flat"",""grid"":""outage"",""gridLimit"":{""enabled"":true,""power"":3.75},""outageStart"":90,""outageMinutes"":60,""duration"":240}"
78,"baseline","4:release",5.625,592.6983992293208,"true",0,0,0,0,587.0733992293208,0,0,10,0,0,0,0,587.0733992293208,0,0,10,0,0,0,0,0,0,0,0,5,1,"{""source"":""solarPv"",""sourceSettings"":{""irradiance"":0,""area"":20,""efficiency"":20,""incidence"":20},""profileId"":""steady"",""sourceUnits"":1,""companion"":{""enabled"":true,""source"":""wind"",""sourceSettings"":{""speed"":8,""radius"":40,""cp"":40,""rating"":3000},""profileId"":""steady"",""sourceUnits"":1,""offset"":0},""flex"":{""enabled"":true,""percent"":50,""fromStart"":160,""fromMinutes"":80,""toStart"":40,""toMinutes"":80},""battery"":{""capacity"":10,""power"":5,""roundtrip"":100,""initial"":75},""batteryUnits"":1,""reserve"":0,""demand"":3.75,""policy"":""backup"",""loadId"":""flat"",""grid"":""outage"",""gridLimit"":{""enabled"":false,""power"":2.5},""outageStart"":90,""outageMinutes"":60,""duration"":240}","{""source"":""solarPv"",""sourceSettings"":{""irradiance"":0,""area"":20,""efficiency"":20,""incidence"":20},""profileId"":""steady"",""sourceUnits"":1,""companion"":{""enabled"":true,""source"":""wind"",""sourceSettings"":{""speed"":8,""radius"":40,""cp"":40,""rating"":3000},""profileId"":""steady"",""sourceUnits"":1,""offset"":0},""flex"":{""enabled"":true,""percent"":50,""fromStart"":160,""fromMinutes"":80,""toStart"":40,""toMinutes"":80},""battery"":{""capacity"":10,""power"":5,""roundtrip"":100,""initial"":75},""batteryUnits"":1,""reserve"":0,""demand"":3.75,""policy"":""release"",""loadId"":""flat"",""grid"":""outage"",""gridLimit"":{""enabled"":true,""power"":3.75},""outageStart"":90,""outageMinutes"":60,""duration"":240}"
79,"baseline","4:release",5.625,592.6983992293208,"true",0,0,0,0,587.0733992293208,0,0,10,0,0,0,0,587.0733992293208,0,0,10,0,0,0,0,0,0,0,0,5,1,"{""source"":""solarPv"",""sourceSettings"":{""irradiance"":0,""area"":20,""efficiency"":20,""incidence"":20},""profileId"":""steady"",""sourceUnits"":1,""companion"":{""enabled"":true,""source"":""wind"",""sourceSettings"":{""speed"":8,""radius"":40,""cp"":40,""rating"":3000},""profileId"":""steady"",""sourceUnits"":1,""offset"":0},""flex"":{""enabled"":true,""percent"":50,""fromStart"":160,""fromMinutes"":80,""toStart"":40,""toMinutes"":80},""battery"":{""capacity"":10,""power"":5,""roundtrip"":100,""initial"":75},""batteryUnits"":1,""reserve"":0,""demand"":3.75,""policy"":""backup"",""loadId"":""flat"",""grid"":""outage"",""gridLimit"":{""enabled"":false,""power"":2.5},""outageStart"":90,""outageMinutes"":60,""duration"":240}","{""source"":""solarPv"",""sourceSettings"":{""irradiance"":0,""area"":20,""efficiency"":20,""incidence"":20},""profileId"":""steady"",""sourceUnits"":1,""companion"":{""enabled"":true,""source"":""wind"",""sourceSettings"":{""speed"":8,""radius"":40,""cp"":40,""rating"":3000},""profileId"":""steady"",""sourceUnits"":1,""offset"":0},""flex"":{""enabled"":true,""percent"":50,""fromStart"":160,""fromMinutes"":80,""toStart"":40,""toMinutes"":80},""battery"":{""capacity"":10,""power"":5,""roundtrip"":100,""initial"":75},""batteryUnits"":1,""reserve"":0,""demand"":3.75,""policy"":""release"",""loadId"":""flat"",""grid"":""outage"",""gridLimit"":{""enabled"":true,""power"":3.75},""outageStart"":90,""outageMinutes"":60,""duration"":240}"
80,"baseline","4:release",5.625,592.6983992293208,"true",0,0,0,0,587.0733992293208,0,0,10,0,0,0,0,587.0733992293208,0,0,10,0,0,0,0,0,0,0,0,5,1,"{""source"":""solarPv"",""sourceSettings"":{""irradiance"":0,""area"":20,""efficiency"":20,""incidence"":20},""profileId"":""steady"",""sourceUnits"":1,""companion"":{""enabled"":true,""source"":""wind"",""sourceSettings"":{""speed"":8,""radius"":40,""cp"":40,""rating"":3000},""profileId"":""steady"",""sourceUnits"":1,""offset"":0},""flex"":{""enabled"":true,""percent"":50,""fromStart"":160,""fromMinutes"":80,""toStart"":40,""toMinutes"":80},""battery"":{""capacity"":10,""power"":5,""roundtrip"":100,""initial"":75},""batteryUnits"":1,""reserve"":0,""demand"":3.75,""policy"":""backup"",""loadId"":""flat"",""grid"":""outage"",""gridLimit"":{""enabled"":false,""power"":2.5},""outageStart"":90,""outageMinutes"":60,""duration"":240}","{""source"":""solarPv"",""sourceSettings"":{""irradiance"":0,""area"":20,""efficiency"":20,""incidence"":20},""profileId"":""steady"",""sourceUnits"":1,""companion"":{""enabled"":true,""source"":""wind"",""sourceSettings"":{""speed"":8,""radius"":40,""cp"":40,""rating"":3000},""profileId"":""steady"",""sourceUnits"":1,""offset"":0},""flex"":{""enabled"":true,""percent"":50,""fromStart"":160,""fromMinutes"":80,""toStart"":40,""toMinutes"":80},""battery"":{""capacity"":10,""power"":5,""roundtrip"":100,""initial"":75},""batteryUnits"":1,""reserve"":0,""demand"":3.75,""policy"":""release"",""loadId"":""flat"",""grid"":""outage"",""gridLimit"":{""enabled"":true,""power"":3.75},""outageStart"":90,""outageMinutes"":60,""duration"":240}"
81,"baseline","4:release",5.625,592.6983992293208,"true",0,0,0,0,587.0733992293208,0,0,10,0,0,0,0,587.0733992293208,0,0,10,0,0,0,0,0,0,0,0,5,1,"{""source"":""solarPv"",""sourceSettings"":{""irradiance"":0,""area"":20,""efficiency"":20,""incidence"":20},""profileId"":""steady"",""sourceUnits"":1,""companion"":{""enabled"":true,""source"":""wind"",""sourceSettings"":{""speed"":8,""radius"":40,""cp"":40,""rating"":3000},""profileId"":""steady"",""sourceUnits"":1,""offset"":0},""flex"":{""enabled"":true,""percent"":50,""fromStart"":160,""fromMinutes"":80,""toStart"":40,""toMinutes"":80},""battery"":{""capacity"":10,""power"":5,""roundtrip"":100,""initial"":75},""batteryUnits"":1,""reserve"":0,""demand"":3.75,""policy"":""backup"",""loadId"":""flat"",""grid"":""outage"",""gridLimit"":{""enabled"":false,""power"":2.5},""outageStart"":90,""outageMinutes"":60,""duration"":240}","{""source"":""solarPv"",""sourceSettings"":{""irradiance"":0,""area"":20,""efficiency"":20,""incidence"":20},""profileId"":""steady"",""sourceUnits"":1,""companion"":{""enabled"":true,""source"":""wind"",""sourceSettings"":{""speed"":8,""radius"":40,""cp"":40,""rating"":3000},""profileId"":""steady"",""sourceUnits"":1,""offset"":0},""flex"":{""enabled"":true,""percent"":50,""fromStart"":160,""fromMinutes"":80,""toStart"":40,""toMinutes"":80},""battery"":{""capacity"":10,""power"":5,""roundtrip"":100,""initial"":75},""batteryUnits"":1,""reserve"":0,""demand"":3.75,""policy"":""release"",""loadId"":""flat"",""grid"":""outage"",""gridLimit"":{""enabled"":true,""power"":3.75},""outageStart"":90,""outageMinutes"":60,""duration"":240}"
82,"baseline","4:release",5.625,592.6983992293208,"true",0,0,0,0,587.0733992293208,0,0,10,0,0,0,0,587.0733992293208,0,0,10,0,0,0,0,0,0,0,0,5,1,"{""source"":""solarPv"",""sourceSettings"":{""irradiance"":0,""area"":20,""efficiency"":20,""incidence"":20},""profileId"":""steady"",""sourceUnits"":1,""companion"":{""enabled"":true,""source"":""wind"",""sourceSettings"":{""speed"":8,""radius"":40,""cp"":40,""rating"":3000},""profileId"":""steady"",""sourceUnits"":1,""offset"":0},""flex"":{""enabled"":true,""percent"":50,""fromStart"":160,""fromMinutes"":80,""toStart"":40,""toMinutes"":80},""battery"":{""capacity"":10,""power"":5,""roundtrip"":100,""initial"":75},""batteryUnits"":1,""reserve"":0,""demand"":3.75,""policy"":""backup"",""loadId"":""flat"",""grid"":""outage"",""gridLimit"":{""enabled"":false,""power"":2.5},""outageStart"":90,""outageMinutes"":60,""duration"":240}","{""source"":""solarPv"",""sourceSettings"":{""irradiance"":0,""area"":20,""efficiency"":20,""incidence"":20},""profileId"":""steady"",""sourceUnits"":1,""companion"":{""enabled"":true,""source"":""wind"",""sourceSettings"":{""speed"":8,""radius"":40,""cp"":40,""rating"":3000},""profileId"":""steady"",""sourceUnits"":1,""offset"":0},""flex"":{""enabled"":true,""percent"":50,""fromStart"":160,""fromMinutes"":80,""toStart"":40,""toMinutes"":80},""battery"":{""capacity"":10,""power"":5,""roundtrip"":100,""initial"":75},""batteryUnits"":1,""reserve"":0,""demand"":3.75,""policy"":""release"",""loadId"":""flat"",""grid"":""outage"",""gridLimit"":{""enabled"":true,""power"":3.75},""outageStart"":90,""outageMinutes"":60,""duration"":240}"
83,"baseline","4:release",5.625,592.6983992293208,"true",0,0,0,0,587.0733992293208,0,0,10,0,0,0,0,587.0733992293208,0,0,10,0,0,0,0,0,0,0,0,5,1,"{""source"":""solarPv"",""sourceSettings"":{""irradiance"":0,""area"":20,""efficiency"":20,""incidence"":20},""profileId"":""steady"",""sourceUnits"":1,""companion"":{""enabled"":true,""source"":""wind"",""sourceSettings"":{""speed"":8,""radius"":40,""cp"":40,""rating"":3000},""profileId"":""steady"",""sourceUnits"":1,""offset"":0},""flex"":{""enabled"":true,""percent"":50,""fromStart"":160,""fromMinutes"":80,""toStart"":40,""toMinutes"":80},""battery"":{""capacity"":10,""power"":5,""roundtrip"":100,""initial"":75},""batteryUnits"":1,""reserve"":0,""demand"":3.75,""policy"":""backup"",""loadId"":""flat"",""grid"":""outage"",""gridLimit"":{""enabled"":false,""power"":2.5},""outageStart"":90,""outageMinutes"":60,""duration"":240}","{""source"":""solarPv"",""sourceSettings"":{""irradiance"":0,""area"":20,""efficiency"":20,""incidence"":20},""profileId"":""steady"",""sourceUnits"":1,""companion"":{""enabled"":true,""source"":""wind"",""sourceSettings"":{""speed"":8,""radius"":40,""cp"":40,""rating"":3000},""profileId"":""steady"",""sourceUnits"":1,""offset"":0},""flex"":{""enabled"":true,""percent"":50,""fromStart"":160,""fromMinutes"":80,""toStart"":40,""toMinutes"":80},""battery"":{""capacity"":10,""power"":5,""roundtrip"":100,""initial"":75},""batteryUnits"":1,""reserve"":0,""demand"":3.75,""policy"":""release"",""loadId"":""flat"",""grid"":""outage"",""gridLimit"":{""enabled"":true,""power"":3.75},""outageStart"":90,""outageMinutes"":60,""duration"":240}"
84,"baseline","4:release",5.625,592.6983992293208,"true",0,0,0,0,587.0733992293208,0,0,10,0,0,0,0,587.0733992293208,0,0,10,0,0,0,0,0,0,0,0,5,1,"{""source"":""solarPv"",""sourceSettings"":{""irradiance"":0,""area"":20,""efficiency"":20,""incidence"":20},""profileId"":""steady"",""sourceUnits"":1,""companion"":{""enabled"":true,""source"":""wind"",""sourceSettings"":{""speed"":8,""radius"":40,""cp"":40,""rating"":3000},""profileId"":""steady"",""sourceUnits"":1,""offset"":0},""flex"":{""enabled"":true,""percent"":50,""fromStart"":160,""fromMinutes"":80,""toStart"":40,""toMinutes"":80},""battery"":{""capacity"":10,""power"":5,""roundtrip"":100,""initial"":75},""batteryUnits"":1,""reserve"":0,""demand"":3.75,""policy"":""backup"",""loadId"":""flat"",""grid"":""outage"",""gridLimit"":{""enabled"":false,""power"":2.5},""outageStart"":90,""outageMinutes"":60,""duration"":240}","{""source"":""solarPv"",""sourceSettings"":{""irradiance"":0,""area"":20,""efficiency"":20,""incidence"":20},""profileId"":""steady"",""sourceUnits"":1,""companion"":{""enabled"":true,""source"":""wind"",""sourceSettings"":{""speed"":8,""radius"":40,""cp"":40,""rating"":3000},""profileId"":""steady"",""sourceUnits"":1,""offset"":0},""flex"":{""enabled"":true,""percent"":50,""fromStart"":160,""fromMinutes"":80,""toStart"":40,""toMinutes"":80},""battery"":{""capacity"":10,""power"":5,""roundtrip"":100,""initial"":75},""batteryUnits"":1,""reserve"":0,""demand"":3.75,""policy"":""release"",""loadId"":""flat"",""grid"":""outage"",""gridLimit"":{""enabled"":true,""power"":3.75},""outageStart"":90,""outageMinutes"":60,""duration"":240}"
85,"baseline","4:release",5.625,592.6983992293208,"true",0,0,0,0,587.0733992293208,0,0,10,0,0,0,0,587.0733992293208,0,0,10,0,0,0,0,0,0,0,0,5,1,"{""source"":""solarPv"",""sourceSettings"":{""irradiance"":0,""area"":20,""efficiency"":20,""incidence"":20},""profileId"":""steady"",""sourceUnits"":1,""companion"":{""enabled"":true,""source"":""wind"",""sourceSettings"":{""speed"":8,""radius"":40,""cp"":40,""rating"":3000},""profileId"":""steady"",""sourceUnits"":1,""offset"":0},""flex"":{""enabled"":true,""percent"":50,""fromStart"":160,""fromMinutes"":80,""toStart"":40,""toMinutes"":80},""battery"":{""capacity"":10,""power"":5,""roundtrip"":100,""initial"":75},""batteryUnits"":1,""reserve"":0,""demand"":3.75,""policy"":""backup"",""loadId"":""flat"",""grid"":""outage"",""gridLimit"":{""enabled"":false,""power"":2.5},""outageStart"":90,""outageMinutes"":60,""duration"":240}","{""source"":""solarPv"",""sourceSettings"":{""irradiance"":0,""area"":20,""efficiency"":20,""incidence"":20},""profileId"":""steady"",""sourceUnits"":1,""companion"":{""enabled"":true,""source"":""wind"",""sourceSettings"":{""speed"":8,""radius"":40,""cp"":40,""rating"":3000},""profileId"":""steady"",""sourceUnits"":1,""offset"":0},""flex"":{""enabled"":true,""percent"":50,""fromStart"":160,""fromMinutes"":80,""toStart"":40,""toMinutes"":80},""battery"":{""capacity"":10,""power"":5,""roundtrip"":100,""initial"":75},""batteryUnits"":1,""reserve"":0,""demand"":3.75,""policy"":""release"",""loadId"":""flat"",""grid"":""outage"",""gridLimit"":{""enabled"":true,""power"":3.75},""outageStart"":90,""outageMinutes"":60,""duration"":240}"
86,"baseline","4:release",5.625,592.6983992293208,"true",0,0,0,0,587.0733992293208,0,0,10,0,0,0,0,587.0733992293208,0,0,10,0,0,0,0,0,0,0,0,5,1,"{""source"":""solarPv"",""sourceSettings"":{""irradiance"":0,""area"":20,""efficiency"":20,""incidence"":20},""profileId"":""steady"",""sourceUnits"":1,""companion"":{""enabled"":true,""source"":""wind"",""sourceSettings"":{""speed"":8,""radius"":40,""cp"":40,""rating"":3000},""profileId"":""steady"",""sourceUnits"":1,""offset"":0},""flex"":{""enabled"":true,""percent"":50,""fromStart"":160,""fromMinutes"":80,""toStart"":40,""toMinutes"":80},""battery"":{""capacity"":10,""power"":5,""roundtrip"":100,""initial"":75},""batteryUnits"":1,""reserve"":0,""demand"":3.75,""policy"":""backup"",""loadId"":""flat"",""grid"":""outage"",""gridLimit"":{""enabled"":false,""power"":2.5},""outageStart"":90,""outageMinutes"":60,""duration"":240}","{""source"":""solarPv"",""sourceSettings"":{""irradiance"":0,""area"":20,""efficiency"":20,""incidence"":20},""profileId"":""steady"",""sourceUnits"":1,""companion"":{""enabled"":true,""source"":""wind"",""sourceSettings"":{""speed"":8,""radius"":40,""cp"":40,""rating"":3000},""profileId"":""steady"",""sourceUnits"":1,""offset"":0},""flex"":{""enabled"":true,""percent"":50,""fromStart"":160,""fromMinutes"":80,""toStart"":40,""toMinutes"":80},""battery"":{""capacity"":10,""power"":5,""roundtrip"":100,""initial"":75},""batteryUnits"":1,""reserve"":0,""demand"":3.75,""policy"":""release"",""loadId"":""flat"",""grid"":""outage"",""gridLimit"":{""enabled"":true,""power"":3.75},""outageStart"":90,""outageMinutes"":60,""duration"":240}"
87,"baseline","4:release",5.625,592.6983992293208,"true",0,0,0,0,587.0733992293208,0,0,10,0,0,0,0,587.0733992293208,0,0,10,0,0,0,0,0,0,0,0,5,1,"{""source"":""solarPv"",""sourceSettings"":{""irradiance"":0,""area"":20,""efficiency"":20,""incidence"":20},""profileId"":""steady"",""sourceUnits"":1,""companion"":{""enabled"":true,""source"":""wind"",""sourceSettings"":{""speed"":8,""radius"":40,""cp"":40,""rating"":3000},""profileId"":""steady"",""sourceUnits"":1,""offset"":0},""flex"":{""enabled"":true,""percent"":50,""fromStart"":160,""fromMinutes"":80,""toStart"":40,""toMinutes"":80},""battery"":{""capacity"":10,""power"":5,""roundtrip"":100,""initial"":75},""batteryUnits"":1,""reserve"":0,""demand"":3.75,""policy"":""backup"",""loadId"":""flat"",""grid"":""outage"",""gridLimit"":{""enabled"":false,""power"":2.5},""outageStart"":90,""outageMinutes"":60,""duration"":240}","{""source"":""solarPv"",""sourceSettings"":{""irradiance"":0,""area"":20,""efficiency"":20,""incidence"":20},""profileId"":""steady"",""sourceUnits"":1,""companion"":{""enabled"":true,""source"":""wind"",""sourceSettings"":{""speed"":8,""radius"":40,""cp"":40,""rating"":3000},""profileId"":""steady"",""sourceUnits"":1,""offset"":0},""flex"":{""enabled"":true,""percent"":50,""fromStart"":160,""fromMinutes"":80,""toStart"":40,""toMinutes"":80},""battery"":{""capacity"":10,""power"":5,""roundtrip"":100,""initial"":75},""batteryUnits"":1,""reserve"":0,""demand"":3.75,""policy"":""release"",""loadId"":""flat"",""grid"":""outage"",""gridLimit"":{""enabled"":true,""power"":3.75},""outageStart"":90,""outageMinutes"":60,""duration"":240}"
88,"baseline","4:release",5.625,592.6983992293208,"true",0,0,0,0,587.0733992293208,0,0,10,0,0,0,0,587.0733992293208,0,0,10,0,0,0,0,0,0,0,0,5,1,"{""source"":""solarPv"",""sourceSettings"":{""irradiance"":0,""area"":20,""efficiency"":20,""incidence"":20},""profileId"":""steady"",""sourceUnits"":1,""companion"":{""enabled"":true,""source"":""wind"",""sourceSettings"":{""speed"":8,""radius"":40,""cp"":40,""rating"":3000},""profileId"":""steady"",""sourceUnits"":1,""offset"":0},""flex"":{""enabled"":true,""percent"":50,""fromStart"":160,""fromMinutes"":80,""toStart"":40,""toMinutes"":80},""battery"":{""capacity"":10,""power"":5,""roundtrip"":100,""initial"":75},""batteryUnits"":1,""reserve"":0,""demand"":3.75,""policy"":""backup"",""loadId"":""flat"",""grid"":""outage"",""gridLimit"":{""enabled"":false,""power"":2.5},""outageStart"":90,""outageMinutes"":60,""duration"":240}","{""source"":""solarPv"",""sourceSettings"":{""irradiance"":0,""area"":20,""efficiency"":20,""incidence"":20},""profileId"":""steady"",""sourceUnits"":1,""companion"":{""enabled"":true,""source"":""wind"",""sourceSettings"":{""speed"":8,""radius"":40,""cp"":40,""rating"":3000},""profileId"":""steady"",""sourceUnits"":1,""offset"":0},""flex"":{""enabled"":true,""percent"":50,""fromStart"":160,""fromMinutes"":80,""toStart"":40,""toMinutes"":80},""battery"":{""capacity"":10,""power"":5,""roundtrip"":100,""initial"":75},""batteryUnits"":1,""reserve"":0,""demand"":3.75,""policy"":""release"",""loadId"":""flat"",""grid"":""outage"",""gridLimit"":{""enabled"":true,""power"":3.75},""outageStart"":90,""outageMinutes"":60,""duration"":240}"
89,"baseline","4:release",5.625,592.6983992293208,"true",0,0,0,0,587.0733992293208,0,0,10,0,0,0,0,587.0733992293208,0,0,10,0,0,0,0,0,0,0,0,5,1,"{""source"":""solarPv"",""sourceSettings"":{""irradiance"":0,""area"":20,""efficiency"":20,""incidence"":20},""profileId"":""steady"",""sourceUnits"":1,""companion"":{""enabled"":true,""source"":""wind"",""sourceSettings"":{""speed"":8,""radius"":40,""cp"":40,""rating"":3000},""profileId"":""steady"",""sourceUnits"":1,""offset"":0},""flex"":{""enabled"":true,""percent"":50,""fromStart"":160,""fromMinutes"":80,""toStart"":40,""toMinutes"":80},""battery"":{""capacity"":10,""power"":5,""roundtrip"":100,""initial"":75},""batteryUnits"":1,""reserve"":0,""demand"":3.75,""policy"":""backup"",""loadId"":""flat"",""grid"":""outage"",""gridLimit"":{""enabled"":false,""power"":2.5},""outageStart"":90,""outageMinutes"":60,""duration"":240}","{""source"":""solarPv"",""sourceSettings"":{""irradiance"":0,""area"":20,""efficiency"":20,""incidence"":20},""profileId"":""steady"",""sourceUnits"":1,""companion"":{""enabled"":true,""source"":""wind"",""sourceSettings"":{""speed"":8,""radius"":40,""cp"":40,""rating"":3000},""profileId"":""steady"",""sourceUnits"":1,""offset"":0},""flex"":{""enabled"":true,""percent"":50,""fromStart"":160,""fromMinutes"":80,""toStart"":40,""toMinutes"":80},""battery"":{""capacity"":10,""power"":5,""roundtrip"":100,""initial"":75},""batteryUnits"":1,""reserve"":0,""demand"":3.75,""policy"":""release"",""loadId"":""flat"",""grid"":""outage"",""gridLimit"":{""enabled"":true,""power"":3.75},""outageStart"":90,""outageMinutes"":60,""duration"":240}"
90,"baseline","4:release",5.625,592.6983992293208,"false",0,0,0,0,587.0733992293208,0,0,10,0,0,0,0,587.0733992293208,0,0,10,0,0,0,0,0,0,0,0,5,1,"{""source"":""solarPv"",""sourceSettings"":{""irradiance"":0,""area"":20,""efficiency"":20,""incidence"":20},""profileId"":""steady"",""sourceUnits"":1,""companion"":{""enabled"":true,""source"":""wind"",""sourceSettings"":{""speed"":8,""radius"":40,""cp"":40,""rating"":3000},""profileId"":""steady"",""sourceUnits"":1,""offset"":0},""flex"":{""enabled"":true,""percent"":50,""fromStart"":160,""fromMinutes"":80,""toStart"":40,""toMinutes"":80},""battery"":{""capacity"":10,""power"":5,""roundtrip"":100,""initial"":75},""batteryUnits"":1,""reserve"":0,""demand"":3.75,""policy"":""backup"",""loadId"":""flat"",""grid"":""outage"",""gridLimit"":{""enabled"":false,""power"":2.5},""outageStart"":90,""outageMinutes"":60,""duration"":240}","{""source"":""solarPv"",""sourceSettings"":{""irradiance"":0,""area"":20,""efficiency"":20,""incidence"":20},""profileId"":""steady"",""sourceUnits"":1,""companion"":{""enabled"":true,""source"":""wind"",""sourceSettings"":{""speed"":8,""radius"":40,""cp"":40,""rating"":3000},""profileId"":""steady"",""sourceUnits"":1,""offset"":0},""flex"":{""enabled"":true,""percent"":50,""fromStart"":160,""fromMinutes"":80,""toStart"":40,""toMinutes"":80},""battery"":{""capacity"":10,""power"":5,""roundtrip"":100,""initial"":75},""batteryUnits"":1,""reserve"":0,""demand"":3.75,""policy"":""release"",""loadId"":""flat"",""grid"":""outage"",""gridLimit"":{""enabled"":true,""power"":3.75},""outageStart"":90,""outageMinutes"":60,""duration"":240}"
91,"baseline","4:release",5.625,592.6983992293208,"false",0,0,0,0,587.0733992293208,0,0,10,0,0,0,0,587.0733992293208,0,0,10,0,0,0,0,0,0,0,0,5,1,"{""source"":""solarPv"",""sourceSettings"":{""irradiance"":0,""area"":20,""efficiency"":20,""incidence"":20},""profileId"":""steady"",""sourceUnits"":1,""companion"":{""enabled"":true,""source"":""wind"",""sourceSettings"":{""speed"":8,""radius"":40,""cp"":40,""rating"":3000},""profileId"":""steady"",""sourceUnits"":1,""offset"":0},""flex"":{""enabled"":true,""percent"":50,""fromStart"":160,""fromMinutes"":80,""toStart"":40,""toMinutes"":80},""battery"":{""capacity"":10,""power"":5,""roundtrip"":100,""initial"":75},""batteryUnits"":1,""reserve"":0,""demand"":3.75,""policy"":""backup"",""loadId"":""flat"",""grid"":""outage"",""gridLimit"":{""enabled"":false,""power"":2.5},""outageStart"":90,""outageMinutes"":60,""duration"":240}","{""source"":""solarPv"",""sourceSettings"":{""irradiance"":0,""area"":20,""efficiency"":20,""incidence"":20},""profileId"":""steady"",""sourceUnits"":1,""companion"":{""enabled"":true,""source"":""wind"",""sourceSettings"":{""speed"":8,""radius"":40,""cp"":40,""rating"":3000},""profileId"":""steady"",""sourceUnits"":1,""offset"":0},""flex"":{""enabled"":true,""percent"":50,""fromStart"":160,""fromMinutes"":80,""toStart"":40,""toMinutes"":80},""battery"":{""capacity"":10,""power"":5,""roundtrip"":100,""initial"":75},""batteryUnits"":1,""reserve"":0,""demand"":3.75,""policy"":""release"",""loadId"":""flat"",""grid"":""outage"",""gridLimit"":{""enabled"":true,""power"":3.75},""outageStart"":90,""outageMinutes"":60,""duration"":240}"
92,"baseline","4:release",5.625,592.6983992293208,"false",0,0,0,0,587.0733992293208,0,0,10,0,0,0,0,587.0733992293208,0,0,10,0,0,0,0,0,0,0,0,5,1,"{""source"":""solarPv"",""sourceSettings"":{""irradiance"":0,""area"":20,""efficiency"":20,""incidence"":20},""profileId"":""steady"",""sourceUnits"":1,""companion"":{""enabled"":true,""source"":""wind"",""sourceSettings"":{""speed"":8,""radius"":40,""cp"":40,""rating"":3000},""profileId"":""steady"",""sourceUnits"":1,""offset"":0},""flex"":{""enabled"":true,""percent"":50,""fromStart"":160,""fromMinutes"":80,""toStart"":40,""toMinutes"":80},""battery"":{""capacity"":10,""power"":5,""roundtrip"":100,""initial"":75},""batteryUnits"":1,""reserve"":0,""demand"":3.75,""policy"":""backup"",""loadId"":""flat"",""grid"":""outage"",""gridLimit"":{""enabled"":false,""power"":2.5},""outageStart"":90,""outageMinutes"":60,""duration"":240}","{""source"":""solarPv"",""sourceSettings"":{""irradiance"":0,""area"":20,""efficiency"":20,""incidence"":20},""profileId"":""steady"",""sourceUnits"":1,""companion"":{""enabled"":true,""source"":""wind"",""sourceSettings"":{""speed"":8,""radius"":40,""cp"":40,""rating"":3000},""profileId"":""steady"",""sourceUnits"":1,""offset"":0},""flex"":{""enabled"":true,""percent"":50,""fromStart"":160,""fromMinutes"":80,""toStart"":40,""toMinutes"":80},""battery"":{""capacity"":10,""power"":5,""roundtrip"":100,""initial"":75},""batteryUnits"":1,""reserve"":0,""demand"":3.75,""policy"":""release"",""loadId"":""flat"",""grid"":""outage"",""gridLimit"":{""enabled"":true,""power"":3.75},""outageStart"":90,""outageMinutes"":60,""duration"":240}"
93,"baseline","4:release",5.625,592.6983992293208,"false",0,0,0,0,587.0733992293208,0,0,10,0,0,0,0,587.0733992293208,0,0,10,0,0,0,0,0,0,0,0,5,1,"{""source"":""solarPv"",""sourceSettings"":{""irradiance"":0,""area"":20,""efficiency"":20,""incidence"":20},""profileId"":""steady"",""sourceUnits"":1,""companion"":{""enabled"":true,""source"":""wind"",""sourceSettings"":{""speed"":8,""radius"":40,""cp"":40,""rating"":3000},""profileId"":""steady"",""sourceUnits"":1,""offset"":0},""flex"":{""enabled"":true,""percent"":50,""fromStart"":160,""fromMinutes"":80,""toStart"":40,""toMinutes"":80},""battery"":{""capacity"":10,""power"":5,""roundtrip"":100,""initial"":75},""batteryUnits"":1,""reserve"":0,""demand"":3.75,""policy"":""backup"",""loadId"":""flat"",""grid"":""outage"",""gridLimit"":{""enabled"":false,""power"":2.5},""outageStart"":90,""outageMinutes"":60,""duration"":240}","{""source"":""solarPv"",""sourceSettings"":{""irradiance"":0,""area"":20,""efficiency"":20,""incidence"":20},""profileId"":""steady"",""sourceUnits"":1,""companion"":{""enabled"":true,""source"":""wind"",""sourceSettings"":{""speed"":8,""radius"":40,""cp"":40,""rating"":3000},""profileId"":""steady"",""sourceUnits"":1,""offset"":0},""flex"":{""enabled"":true,""percent"":50,""fromStart"":160,""fromMinutes"":80,""toStart"":40,""toMinutes"":80},""battery"":{""capacity"":10,""power"":5,""roundtrip"":100,""initial"":75},""batteryUnits"":1,""reserve"":0,""demand"":3.75,""policy"":""release"",""loadId"":""flat"",""grid"":""outage"",""gridLimit"":{""enabled"":true,""power"":3.75},""outageStart"":90,""outageMinutes"":60,""duration"":240}"
94,"baseline","4:release",5.625,592.6983992293208,"false",0,0,0,0,587.0733992293208,0,0,10,0,0,0,0,587.0733992293208,0,0,10,0,0,0,0,0,0,0,0,5,1,"{""source"":""solarPv"",""sourceSettings"":{""irradiance"":0,""area"":20,""efficiency"":20,""incidence"":20},""profileId"":""steady"",""sourceUnits"":1,""companion"":{""enabled"":true,""source"":""wind"",""sourceSettings"":{""speed"":8,""radius"":40,""cp"":40,""rating"":3000},""profileId"":""steady"",""sourceUnits"":1,""offset"":0},""flex"":{""enabled"":true,""percent"":50,""fromStart"":160,""fromMinutes"":80,""toStart"":40,""toMinutes"":80},""battery"":{""capacity"":10,""power"":5,""roundtrip"":100,""initial"":75},""batteryUnits"":1,""reserve"":0,""demand"":3.75,""policy"":""backup"",""loadId"":""flat"",""grid"":""outage"",""gridLimit"":{""enabled"":false,""power"":2.5},""outageStart"":90,""outageMinutes"":60,""duration"":240}","{""source"":""solarPv"",""sourceSettings"":{""irradiance"":0,""area"":20,""efficiency"":20,""incidence"":20},""profileId"":""steady"",""sourceUnits"":1,""companion"":{""enabled"":true,""source"":""wind"",""sourceSettings"":{""speed"":8,""radius"":40,""cp"":40,""rating"":3000},""profileId"":""steady"",""sourceUnits"":1,""offset"":0},""flex"":{""enabled"":true,""percent"":50,""fromStart"":160,""fromMinutes"":80,""toStart"":40,""toMinutes"":80},""battery"":{""capacity"":10,""power"":5,""roundtrip"":100,""initial"":75},""batteryUnits"":1,""reserve"":0,""demand"":3.75,""policy"":""release"",""loadId"":""flat"",""grid"":""outage"",""gridLimit"":{""enabled"":true,""power"":3.75},""outageStart"":90,""outageMinutes"":60,""duration"":240}"
95,"baseline","4:release",5.625,592.6983992293208,"false",0,0,0,0,587.0733992293208,0,0,10,0,0,0,0,587.0733992293208,0,0,10,0,0,0,0,0,0,0,0,5,1,"{""source"":""solarPv"",""sourceSettings"":{""irradiance"":0,""area"":20,""efficiency"":20,""incidence"":20},""profileId"":""steady"",""sourceUnits"":1,""companion"":{""enabled"":true,""source"":""wind"",""sourceSettings"":{""speed"":8,""radius"":40,""cp"":40,""rating"":3000},""profileId"":""steady"",""sourceUnits"":1,""offset"":0},""flex"":{""enabled"":true,""percent"":50,""fromStart"":160,""fromMinutes"":80,""toStart"":40,""toMinutes"":80},""battery"":{""capacity"":10,""power"":5,""roundtrip"":100,""initial"":75},""batteryUnits"":1,""reserve"":0,""demand"":3.75,""policy"":""backup"",""loadId"":""flat"",""grid"":""outage"",""gridLimit"":{""enabled"":false,""power"":2.5},""outageStart"":90,""outageMinutes"":60,""duration"":240}","{""source"":""solarPv"",""sourceSettings"":{""irradiance"":0,""area"":20,""efficiency"":20,""incidence"":20},""profileId"":""steady"",""sourceUnits"":1,""companion"":{""enabled"":true,""source"":""wind"",""sourceSettings"":{""speed"":8,""radius"":40,""cp"":40,""rating"":3000},""profileId"":""steady"",""sourceUnits"":1,""offset"":0},""flex"":{""enabled"":true,""percent"":50,""fromStart"":160,""fromMinutes"":80,""toStart"":40,""toMinutes"":80},""battery"":{""capacity"":10,""power"":5,""roundtrip"":100,""initial"":75},""batteryUnits"":1,""reserve"":0,""demand"":3.75,""policy"":""release"",""loadId"":""flat"",""grid"":""outage"",""gridLimit"":{""enabled"":true,""power"":3.75},""outageStart"":90,""outageMinutes"":60,""duration"":240}"
96,"baseline","4:release",5.625,592.6983992293208,"false",0,0,0,0,587.0733992293208,0,0,10,0,0,0,0,587.0733992293208,0,0,10,0,0,0,0,0,0,0,0,5,1,"{""source"":""solarPv"",""sourceSettings"":{""irradiance"":0,""area"":20,""efficiency"":20,""incidence"":20},""profileId"":""steady"",""sourceUnits"":1,""companion"":{""enabled"":true,""source"":""wind"",""sourceSettings"":{""speed"":8,""radius"":40,""cp"":40,""rating"":3000},""profileId"":""steady"",""sourceUnits"":1,""offset"":0},""flex"":{""enabled"":true,""percent"":50,""fromStart"":160,""fromMinutes"":80,""toStart"":40,""toMinutes"":80},""battery"":{""capacity"":10,""power"":5,""roundtrip"":100,""initial"":75},""batteryUnits"":1,""reserve"":0,""demand"":3.75,""policy"":""backup"",""loadId"":""flat"",""grid"":""outage"",""gridLimit"":{""enabled"":false,""power"":2.5},""outageStart"":90,""outageMinutes"":60,""duration"":240}","{""source"":""solarPv"",""sourceSettings"":{""irradiance"":0,""area"":20,""efficiency"":20,""incidence"":20},""profileId"":""steady"",""sourceUnits"":1,""companion"":{""enabled"":true,""source"":""wind"",""sourceSettings"":{""speed"":8,""radius"":40,""cp"":40,""rating"":3000},""profileId"":""steady"",""sourceUnits"":1,""offset"":0},""flex"":{""enabled"":true,""percent"":50,""fromStart"":160,""fromMinutes"":80,""toStart"":40,""toMinutes"":80},""battery"":{""capacity"":10,""power"":5,""roundtrip"":100,""initial"":75},""batteryUnits"":1,""reserve"":0,""demand"":3.75,""policy"":""release"",""loadId"":""flat"",""grid"":""outage"",""gridLimit"":{""enabled"":true,""power"":3.75},""outageStart"":90,""outageMinutes"":60,""duration"":240}"
97,"baseline","4:release",5.625,592.6983992293208,"false",0,0,0,0,587.0733992293208,0,0,10,0,0,0,0,587.0733992293208,0,0,10,0,0,0,0,0,0,0,0,5,1,"{""source"":""solarPv"",""sourceSettings"":{""irradiance"":0,""area"":20,""efficiency"":20,""incidence"":20},""profileId"":""steady"",""sourceUnits"":1,""companion"":{""enabled"":true,""source"":""wind"",""sourceSettings"":{""speed"":8,""radius"":40,""cp"":40,""rating"":3000},""profileId"":""steady"",""sourceUnits"":1,""offset"":0},""flex"":{""enabled"":true,""percent"":50,""fromStart"":160,""fromMinutes"":80,""toStart"":40,""toMinutes"":80},""battery"":{""capacity"":10,""power"":5,""roundtrip"":100,""initial"":75},""batteryUnits"":1,""reserve"":0,""demand"":3.75,""policy"":""backup"",""loadId"":""flat"",""grid"":""outage"",""gridLimit"":{""enabled"":false,""power"":2.5},""outageStart"":90,""outageMinutes"":60,""duration"":240}","{""source"":""solarPv"",""sourceSettings"":{""irradiance"":0,""area"":20,""efficiency"":20,""incidence"":20},""profileId"":""steady"",""sourceUnits"":1,""companion"":{""enabled"":true,""source"":""wind"",""sourceSettings"":{""speed"":8,""radius"":40,""cp"":40,""rating"":3000},""profileId"":""steady"",""sourceUnits"":1,""offset"":0},""flex"":{""enabled"":true,""percent"":50,""fromStart"":160,""fromMinutes"":80,""toStart"":40,""toMinutes"":80},""battery"":{""capacity"":10,""power"":5,""roundtrip"":100,""initial"":75},""batteryUnits"":1,""reserve"":0,""demand"":3.75,""policy"":""release"",""loadId"":""flat"",""grid"":""outage"",""gridLimit"":{""enabled"":true,""power"":3.75},""outageStart"":90,""outageMinutes"":60,""duration"":240}"
98,"baseline","4:release",5.625,592.6983992293208,"false",0,0,0,0,587.0733992293208,0,0,10,0,0,0,0,587.0733992293208,0,0,10,0,0,0,0,0,0,0,0,5,1,"{""source"":""solarPv"",""sourceSettings"":{""irradiance"":0,""area"":20,""efficiency"":20,""incidence"":20},""profileId"":""steady"",""sourceUnits"":1,""companion"":{""enabled"":true,""source"":""wind"",""sourceSettings"":{""speed"":8,""radius"":40,""cp"":40,""rating"":3000},""profileId"":""steady"",""sourceUnits"":1,""offset"":0},""flex"":{""enabled"":true,""percent"":50,""fromStart"":160,""fromMinutes"":80,""toStart"":40,""toMinutes"":80},""battery"":{""capacity"":10,""power"":5,""roundtrip"":100,""initial"":75},""batteryUnits"":1,""reserve"":0,""demand"":3.75,""policy"":""backup"",""loadId"":""flat"",""grid"":""outage"",""gridLimit"":{""enabled"":false,""power"":2.5},""outageStart"":90,""outageMinutes"":60,""duration"":240}","{""source"":""solarPv"",""sourceSettings"":{""irradiance"":0,""area"":20,""efficiency"":20,""incidence"":20},""profileId"":""steady"",""sourceUnits"":1,""companion"":{""enabled"":true,""source"":""wind"",""sourceSettings"":{""speed"":8,""radius"":40,""cp"":40,""rating"":3000},""profileId"":""steady"",""sourceUnits"":1,""offset"":0},""flex"":{""enabled"":true,""percent"":50,""fromStart"":160,""fromMinutes"":80,""toStart"":40,""toMinutes"":80},""battery"":{""capacity"":10,""power"":5,""roundtrip"":100,""initial"":75},""batteryUnits"":1,""reserve"":0,""demand"":3.75,""policy"":""release"",""loadId"":""flat"",""grid"":""outage"",""gridLimit"":{""enabled"":true,""power"":3.75},""outageStart"":90,""outageMinutes"":60,""duration"":240}"
99,"baseline","4:release",5.625,592.6983992293208,"false",0,0,0,0,587.0733992293208,0,0,10,0,0,0,0,587.0733992293208,0,0,10,0,0,0,0,0,0,0,0,5,1,"{""source"":""solarPv"",""sourceSettings"":{""irradiance"":0,""area"":20,""efficiency"":20,""incidence"":20},""profileId"":""steady"",""sourceUnits"":1,""companion"":{""enabled"":true,""source"":""wind"",""sourceSettings"":{""speed"":8,""radius"":40,""cp"":40,""rating"":3000},""profileId"":""steady"",""sourceUnits"":1,""offset"":0},""flex"":{""enabled"":true,""percent"":50,""fromStart"":160,""fromMinutes"":80,""toStart"":40,""toMinutes"":80},""battery"":{""capacity"":10,""power"":5,""roundtrip"":100,""initial"":75},""batteryUnits"":1,""reserve"":0,""demand"":3.75,""policy"":""backup"",""loadId"":""flat"",""grid"":""outage"",""gridLimit"":{""enabled"":false,""power"":2.5},""outageStart"":90,""outageMinutes"":60,""duration"":240}","{""source"":""solarPv"",""sourceSettings"":{""irradiance"":0,""area"":20,""efficiency"":20,""incidence"":20},""profileId"":""steady"",""sourceUnits"":1,""companion"":{""enabled"":true,""source"":""wind"",""sourceSettings"":{""speed"":8,""radius"":40,""cp"":40,""rating"":3000},""profileId"":""steady"",""sourceUnits"":1,""offset"":0},""flex"":{""enabled"":true,""percent"":50,""fromStart"":160,""fromMinutes"":80,""toStart"":40,""toMinutes"":80},""battery"":{""capacity"":10,""power"":5,""roundtrip"":100,""initial"":75},""batteryUnits"":1,""reserve"":0,""demand"":3.75,""policy"":""release"",""loadId"":""flat"",""grid"":""outage"",""gridLimit"":{""enabled"":true,""power"":3.75},""outageStart"":90,""outageMinutes"":60,""duration"":240}"
100,"baseline","4:release",5.625,592.6983992293208,"false",0,0,0,0,587.0733992293208,0,0,10,0,0,0,0,587.0733992293208,0,0,10,0,0,0,0,0,0,0,0,5,1,"{""source"":""solarPv"",""sourceSettings"":{""irradiance"":0,""area"":20,""efficiency"":20,""incidence"":20},""profileId"":""steady"",""sourceUnits"":1,""companion"":{""enabled"":true,""source"":""wind"",""sourceSettings"":{""speed"":8,""radius"":40,""cp"":40,""rating"":3000},""profileId"":""steady"",""sourceUnits"":1,""offset"":0},""flex"":{""enabled"":true,""percent"":50,""fromStart"":160,""fromMinutes"":80,""toStart"":40,""toMinutes"":80},""battery"":{""capacity"":10,""power"":5,""roundtrip"":100,""initial"":75},""batteryUnits"":1,""reserve"":0,""demand"":3.75,""policy"":""backup"",""loadId"":""flat"",""grid"":""outage"",""gridLimit"":{""enabled"":false,""power"":2.5},""outageStart"":90,""outageMinutes"":60,""duration"":240}","{""source"":""solarPv"",""sourceSettings"":{""irradiance"":0,""area"":20,""efficiency"":20,""incidence"":20},""profileId"":""steady"",""sourceUnits"":1,""companion"":{""enabled"":true,""source"":""wind"",""sourceSettings"":{""speed"":8,""radius"":40,""cp"":40,""rating"":3000},""profileId"":""steady"",""sourceUnits"":1,""offset"":0},""flex"":{""enabled"":true,""percent"":50,""fromStart"":160,""fromMinutes"":80,""toStart"":40,""toMinutes"":80},""battery"":{""capacity"":10,""power"":5,""roundtrip"":100,""initial"":75},""batteryUnits"":1,""reserve"":0,""demand"":3.75,""policy"":""release"",""loadId"":""flat"",""grid"":""outage"",""gridLimit"":{""enabled"":true,""power"":3.75},""outageStart"":90,""outageMinutes"":60,""duration"":240}"
101,"baseline","4:release",5.625,592.6983992293208,"false",0,0,0,0,587.0733992293208,0,0,10,0,0,0,0,587.0733992293208,0,0,10,0,0,0,0,0,0,0,0,5,1,"{""source"":""solarPv"",""sourceSettings"":{""irradiance"":0,""area"":20,""efficiency"":20,""incidence"":20},""profileId"":""steady"",""sourceUnits"":1,""companion"":{""enabled"":true,""source"":""wind"",""sourceSettings"":{""speed"":8,""radius"":40,""cp"":40,""rating"":3000},""profileId"":""steady"",""sourceUnits"":1,""offset"":0},""flex"":{""enabled"":true,""percent"":50,""fromStart"":160,""fromMinutes"":80,""toStart"":40,""toMinutes"":80},""battery"":{""capacity"":10,""power"":5,""roundtrip"":100,""initial"":75},""batteryUnits"":1,""reserve"":0,""demand"":3.75,""policy"":""backup"",""loadId"":""flat"",""grid"":""outage"",""gridLimit"":{""enabled"":false,""power"":2.5},""outageStart"":90,""outageMinutes"":60,""duration"":240}","{""source"":""solarPv"",""sourceSettings"":{""irradiance"":0,""area"":20,""efficiency"":20,""incidence"":20},""profileId"":""steady"",""sourceUnits"":1,""companion"":{""enabled"":true,""source"":""wind"",""sourceSettings"":{""speed"":8,""radius"":40,""cp"":40,""rating"":3000},""profileId"":""steady"",""sourceUnits"":1,""offset"":0},""flex"":{""enabled"":true,""percent"":50,""fromStart"":160,""fromMinutes"":80,""toStart"":40,""toMinutes"":80},""battery"":{""capacity"":10,""power"":5,""roundtrip"":100,""initial"":75},""batteryUnits"":1,""reserve"":0,""demand"":3.75,""policy"":""release"",""loadId"":""flat"",""grid"":""outage"",""gridLimit"":{""enabled"":true,""power"":3.75},""outageStart"":90,""outageMinutes"":60,""duration"":240}"
102,"baseline","4:release",5.625,592.6983992293208,"false",0,0,0,0,587.0733992293208,0,0,10,0,0,0,0,587.0733992293208,0,0,10,0,0,0,0,0,0,0,0,5,1,"{""source"":""solarPv"",""sourceSettings"":{""irradiance"":0,""area"":20,""efficiency"":20,""incidence"":20},""profileId"":""steady"",""sourceUnits"":1,""companion"":{""enabled"":true,""source"":""wind"",""sourceSettings"":{""speed"":8,""radius"":40,""cp"":40,""rating"":3000},""profileId"":""steady"",""sourceUnits"":1,""offset"":0},""flex"":{""enabled"":true,""percent"":50,""fromStart"":160,""fromMinutes"":80,""toStart"":40,""toMinutes"":80},""battery"":{""capacity"":10,""power"":5,""roundtrip"":100,""initial"":75},""batteryUnits"":1,""reserve"":0,""demand"":3.75,""policy"":""backup"",""loadId"":""flat"",""grid"":""outage"",""gridLimit"":{""enabled"":false,""power"":2.5},""outageStart"":90,""outageMinutes"":60,""duration"":240}","{""source"":""solarPv"",""sourceSettings"":{""irradiance"":0,""area"":20,""efficiency"":20,""incidence"":20},""profileId"":""steady"",""sourceUnits"":1,""companion"":{""enabled"":true,""source"":""wind"",""sourceSettings"":{""speed"":8,""radius"":40,""cp"":40,""rating"":3000},""profileId"":""steady"",""sourceUnits"":1,""offset"":0},""flex"":{""enabled"":true,""percent"":50,""fromStart"":160,""fromMinutes"":80,""toStart"":40,""toMinutes"":80},""battery"":{""capacity"":10,""power"":5,""roundtrip"":100,""initial"":75},""batteryUnits"":1,""reserve"":0,""demand"":3.75,""policy"":""release"",""loadId"":""flat"",""grid"":""outage"",""gridLimit"":{""enabled"":true,""power"":3.75},""outageStart"":90,""outageMinutes"":60,""duration"":240}"
103,"baseline","4:release",5.625,592.6983992293208,"false",0,0,0,0,587.0733992293208,0,0,10,0,0,0,0,587.0733992293208,0,0,10,0,0,0,0,0,0,0,0,5,1,"{""source"":""solarPv"",""sourceSettings"":{""irradiance"":0,""area"":20,""efficiency"":20,""incidence"":20},""profileId"":""steady"",""sourceUnits"":1,""companion"":{""enabled"":true,""source"":""wind"",""sourceSettings"":{""speed"":8,""radius"":40,""cp"":40,""rating"":3000},""profileId"":""steady"",""sourceUnits"":1,""offset"":0},""flex"":{""enabled"":true,""percent"":50,""fromStart"":160,""fromMinutes"":80,""toStart"":40,""toMinutes"":80},""battery"":{""capacity"":10,""power"":5,""roundtrip"":100,""initial"":75},""batteryUnits"":1,""reserve"":0,""demand"":3.75,""policy"":""backup"",""loadId"":""flat"",""grid"":""outage"",""gridLimit"":{""enabled"":false,""power"":2.5},""outageStart"":90,""outageMinutes"":60,""duration"":240}","{""source"":""solarPv"",""sourceSettings"":{""irradiance"":0,""area"":20,""efficiency"":20,""incidence"":20},""profileId"":""steady"",""sourceUnits"":1,""companion"":{""enabled"":true,""source"":""wind"",""sourceSettings"":{""speed"":8,""radius"":40,""cp"":40,""rating"":3000},""profileId"":""steady"",""sourceUnits"":1,""offset"":0},""flex"":{""enabled"":true,""percent"":50,""fromStart"":160,""fromMinutes"":80,""toStart"":40,""toMinutes"":80},""battery"":{""capacity"":10,""power"":5,""roundtrip"":100,""initial"":75},""batteryUnits"":1,""reserve"":0,""demand"":3.75,""policy"":""release"",""loadId"":""flat"",""grid"":""outage"",""gridLimit"":{""enabled"":true,""power"":3.75},""outageStart"":90,""outageMinutes"":60,""duration"":240}"
104,"baseline","4:release",5.625,592.6983992293208,"false",0,0,0,0,587.0733992293208,0,0,10,0,0,0,0,587.0733992293208,0,0,10,0,0,0,0,0,0,0,0,5,1,"{""source"":""solarPv"",""sourceSettings"":{""irradiance"":0,""area"":20,""efficiency"":20,""incidence"":20},""profileId"":""steady"",""sourceUnits"":1,""companion"":{""enabled"":true,""source"":""wind"",""sourceSettings"":{""speed"":8,""radius"":40,""cp"":40,""rating"":3000},""profileId"":""steady"",""sourceUnits"":1,""offset"":0},""flex"":{""enabled"":true,""percent"":50,""fromStart"":160,""fromMinutes"":80,""toStart"":40,""toMinutes"":80},""battery"":{""capacity"":10,""power"":5,""roundtrip"":100,""initial"":75},""batteryUnits"":1,""reserve"":0,""demand"":3.75,""policy"":""backup"",""loadId"":""flat"",""grid"":""outage"",""gridLimit"":{""enabled"":false,""power"":2.5},""outageStart"":90,""outageMinutes"":60,""duration"":240}","{""source"":""solarPv"",""sourceSettings"":{""irradiance"":0,""area"":20,""efficiency"":20,""incidence"":20},""profileId"":""steady"",""sourceUnits"":1,""companion"":{""enabled"":true,""source"":""wind"",""sourceSettings"":{""speed"":8,""radius"":40,""cp"":40,""rating"":3000},""profileId"":""steady"",""sourceUnits"":1,""offset"":0},""flex"":{""enabled"":true,""percent"":50,""fromStart"":160,""fromMinutes"":80,""toStart"":40,""toMinutes"":80},""battery"":{""capacity"":10,""power"":5,""roundtrip"":100,""initial"":75},""batteryUnits"":1,""reserve"":0,""demand"":3.75,""policy"":""release"",""loadId"":""flat"",""grid"":""outage"",""gridLimit"":{""enabled"":true,""power"":3.75},""outageStart"":90,""outageMinutes"":60,""duration"":240}"
105,"baseline","4:release",5.625,592.6983992293208,"false",0,0,0,0,587.0733992293208,0,0,10,0,0,0,0,587.0733992293208,0,0,10,0,0,0,0,0,0,0,0,5,1,"{""source"":""solarPv"",""sourceSettings"":{""irradiance"":0,""area"":20,""efficiency"":20,""incidence"":20},""profileId"":""steady"",""sourceUnits"":1,""companion"":{""enabled"":true,""source"":""wind"",""sourceSettings"":{""speed"":8,""radius"":40,""cp"":40,""rating"":3000},""profileId"":""steady"",""sourceUnits"":1,""offset"":0},""flex"":{""enabled"":true,""percent"":50,""fromStart"":160,""fromMinutes"":80,""toStart"":40,""toMinutes"":80},""battery"":{""capacity"":10,""power"":5,""roundtrip"":100,""initial"":75},""batteryUnits"":1,""reserve"":0,""demand"":3.75,""policy"":""backup"",""loadId"":""flat"",""grid"":""outage"",""gridLimit"":{""enabled"":false,""power"":2.5},""outageStart"":90,""outageMinutes"":60,""duration"":240}","{""source"":""solarPv"",""sourceSettings"":{""irradiance"":0,""area"":20,""efficiency"":20,""incidence"":20},""profileId"":""steady"",""sourceUnits"":1,""companion"":{""enabled"":true,""source"":""wind"",""sourceSettings"":{""speed"":8,""radius"":40,""cp"":40,""rating"":3000},""profileId"":""steady"",""sourceUnits"":1,""offset"":0},""flex"":{""enabled"":true,""percent"":50,""fromStart"":160,""fromMinutes"":80,""toStart"":40,""toMinutes"":80},""battery"":{""capacity"":10,""power"":5,""roundtrip"":100,""initial"":75},""batteryUnits"":1,""reserve"":0,""demand"":3.75,""policy"":""release"",""loadId"":""flat"",""grid"":""outage"",""gridLimit"":{""enabled"":true,""power"":3.75},""outageStart"":90,""outageMinutes"":60,""duration"":240}"
106,"baseline","4:release",5.625,592.6983992293208,"false",0,0,0,0,587.0733992293208,0,0,10,0,0,0,0,587.0733992293208,0,0,10,0,0,0,0,0,0,0,0,5,1,"{""source"":""solarPv"",""sourceSettings"":{""irradiance"":0,""area"":20,""efficiency"":20,""incidence"":20},""profileId"":""steady"",""sourceUnits"":1,""companion"":{""enabled"":true,""source"":""wind"",""sourceSettings"":{""speed"":8,""radius"":40,""cp"":40,""rating"":3000},""profileId"":""steady"",""sourceUnits"":1,""offset"":0},""flex"":{""enabled"":true,""percent"":50,""fromStart"":160,""fromMinutes"":80,""toStart"":40,""toMinutes"":80},""battery"":{""capacity"":10,""power"":5,""roundtrip"":100,""initial"":75},""batteryUnits"":1,""reserve"":0,""demand"":3.75,""policy"":""backup"",""loadId"":""flat"",""grid"":""outage"",""gridLimit"":{""enabled"":false,""power"":2.5},""outageStart"":90,""outageMinutes"":60,""duration"":240}","{""source"":""solarPv"",""sourceSettings"":{""irradiance"":0,""area"":20,""efficiency"":20,""incidence"":20},""profileId"":""steady"",""sourceUnits"":1,""companion"":{""enabled"":true,""source"":""wind"",""sourceSettings"":{""speed"":8,""radius"":40,""cp"":40,""rating"":3000},""profileId"":""steady"",""sourceUnits"":1,""offset"":0},""flex"":{""enabled"":true,""percent"":50,""fromStart"":160,""fromMinutes"":80,""toStart"":40,""toMinutes"":80},""battery"":{""capacity"":10,""power"":5,""roundtrip"":100,""initial"":75},""batteryUnits"":1,""reserve"":0,""demand"":3.75,""policy"":""release"",""loadId"":""flat"",""grid"":""outage"",""gridLimit"":{""enabled"":true,""power"":3.75},""outageStart"":90,""outageMinutes"":60,""duration"":240}"
107,"baseline","4:release",5.625,592.6983992293208,"false",0,0,0,0,587.0733992293208,0,0,10,0,0,0,0,587.0733992293208,0,0,10,0,0,0,0,0,0,0,0,5,1,"{""source"":""solarPv"",""sourceSettings"":{""irradiance"":0,""area"":20,""efficiency"":20,""incidence"":20},""profileId"":""steady"",""sourceUnits"":1,""companion"":{""enabled"":true,""source"":""wind"",""sourceSettings"":{""speed"":8,""radius"":40,""cp"":40,""rating"":3000},""profileId"":""steady"",""sourceUnits"":1,""offset"":0},""flex"":{""enabled"":true,""percent"":50,""fromStart"":160,""fromMinutes"":80,""toStart"":40,""toMinutes"":80},""battery"":{""capacity"":10,""power"":5,""roundtrip"":100,""initial"":75},""batteryUnits"":1,""reserve"":0,""demand"":3.75,""policy"":""backup"",""loadId"":""flat"",""grid"":""outage"",""gridLimit"":{""enabled"":false,""power"":2.5},""outageStart"":90,""outageMinutes"":60,""duration"":240}","{""source"":""solarPv"",""sourceSettings"":{""irradiance"":0,""area"":20,""efficiency"":20,""incidence"":20},""profileId"":""steady"",""sourceUnits"":1,""companion"":{""enabled"":true,""source"":""wind"",""sourceSettings"":{""speed"":8,""radius"":40,""cp"":40,""rating"":3000},""profileId"":""steady"",""sourceUnits"":1,""offset"":0},""flex"":{""enabled"":true,""percent"":50,""fromStart"":160,""fromMinutes"":80,""toStart"":40,""toMinutes"":80},""battery"":{""capacity"":10,""power"":5,""roundtrip"":100,""initial"":75},""batteryUnits"":1,""reserve"":0,""demand"":3.75,""policy"":""release"",""loadId"":""flat"",""grid"":""outage"",""gridLimit"":{""enabled"":true,""power"":3.75},""outageStart"":90,""outageMinutes"":60,""duration"":240}"
108,"baseline","4:release",5.625,592.6983992293208,"false",0,0,0,0,587.0733992293208,0,0,10,0,0,0,0,587.0733992293208,0,0,10,0,0,0,0,0,0,0,0,5,1,"{""source"":""solarPv"",""sourceSettings"":{""irradiance"":0,""area"":20,""efficiency"":20,""incidence"":20},""profileId"":""steady"",""sourceUnits"":1,""companion"":{""enabled"":true,""source"":""wind"",""sourceSettings"":{""speed"":8,""radius"":40,""cp"":40,""rating"":3000},""profileId"":""steady"",""sourceUnits"":1,""offset"":0},""flex"":{""enabled"":true,""percent"":50,""fromStart"":160,""fromMinutes"":80,""toStart"":40,""toMinutes"":80},""battery"":{""capacity"":10,""power"":5,""roundtrip"":100,""initial"":75},""batteryUnits"":1,""reserve"":0,""demand"":3.75,""policy"":""backup"",""loadId"":""flat"",""grid"":""outage"",""gridLimit"":{""enabled"":false,""power"":2.5},""outageStart"":90,""outageMinutes"":60,""duration"":240}","{""source"":""solarPv"",""sourceSettings"":{""irradiance"":0,""area"":20,""efficiency"":20,""incidence"":20},""profileId"":""steady"",""sourceUnits"":1,""companion"":{""enabled"":true,""source"":""wind"",""sourceSettings"":{""speed"":8,""radius"":40,""cp"":40,""rating"":3000},""profileId"":""steady"",""sourceUnits"":1,""offset"":0},""flex"":{""enabled"":true,""percent"":50,""fromStart"":160,""fromMinutes"":80,""toStart"":40,""toMinutes"":80},""battery"":{""capacity"":10,""power"":5,""roundtrip"":100,""initial"":75},""batteryUnits"":1,""reserve"":0,""demand"":3.75,""policy"":""release"",""loadId"":""flat"",""grid"":""outage"",""gridLimit"":{""enabled"":true,""power"":3.75},""outageStart"":90,""outageMinutes"":60,""duration"":240}"
109,"baseline","4:release",5.625,592.6983992293208,"false",0,0,0,0,587.0733992293208,0,0,10,0,0,0,0,587.0733992293208,0,0,10,0,0,0,0,0,0,0,0,5,1,"{""source"":""solarPv"",""sourceSettings"":{""irradiance"":0,""area"":20,""efficiency"":20,""incidence"":20},""profileId"":""steady"",""sourceUnits"":1,""companion"":{""enabled"":true,""source"":""wind"",""sourceSettings"":{""speed"":8,""radius"":40,""cp"":40,""rating"":3000},""profileId"":""steady"",""sourceUnits"":1,""offset"":0},""flex"":{""enabled"":true,""percent"":50,""fromStart"":160,""fromMinutes"":80,""toStart"":40,""toMinutes"":80},""battery"":{""capacity"":10,""power"":5,""roundtrip"":100,""initial"":75},""batteryUnits"":1,""reserve"":0,""demand"":3.75,""policy"":""backup"",""loadId"":""flat"",""grid"":""outage"",""gridLimit"":{""enabled"":false,""power"":2.5},""outageStart"":90,""outageMinutes"":60,""duration"":240}","{""source"":""solarPv"",""sourceSettings"":{""irradiance"":0,""area"":20,""efficiency"":20,""incidence"":20},""profileId"":""steady"",""sourceUnits"":1,""companion"":{""enabled"":true,""source"":""wind"",""sourceSettings"":{""speed"":8,""radius"":40,""cp"":40,""rating"":3000},""profileId"":""steady"",""sourceUnits"":1,""offset"":0},""flex"":{""enabled"":true,""percent"":50,""fromStart"":160,""fromMinutes"":80,""toStart"":40,""toMinutes"":80},""battery"":{""capacity"":10,""power"":5,""roundtrip"":100,""initial"":75},""batteryUnits"":1,""reserve"":0,""demand"":3.75,""policy"":""release"",""loadId"":""flat"",""grid"":""outage"",""gridLimit"":{""enabled"":true,""power"":3.75},""outageStart"":90,""outageMinutes"":60,""duration"":240}"
110,"baseline","4:release",5.625,592.6983992293208,"false",0,0,0,0,587.0733992293208,0,0,10,0,0,0,0,587.0733992293208,0,0,10,0,0,0,0,0,0,0,0,5,1,"{""source"":""solarPv"",""sourceSettings"":{""irradiance"":0,""area"":20,""efficiency"":20,""incidence"":20},""profileId"":""steady"",""sourceUnits"":1,""companion"":{""enabled"":true,""source"":""wind"",""sourceSettings"":{""speed"":8,""radius"":40,""cp"":40,""rating"":3000},""profileId"":""steady"",""sourceUnits"":1,""offset"":0},""flex"":{""enabled"":true,""percent"":50,""fromStart"":160,""fromMinutes"":80,""toStart"":40,""toMinutes"":80},""battery"":{""capacity"":10,""power"":5,""roundtrip"":100,""initial"":75},""batteryUnits"":1,""reserve"":0,""demand"":3.75,""policy"":""backup"",""loadId"":""flat"",""grid"":""outage"",""gridLimit"":{""enabled"":false,""power"":2.5},""outageStart"":90,""outageMinutes"":60,""duration"":240}","{""source"":""solarPv"",""sourceSettings"":{""irradiance"":0,""area"":20,""efficiency"":20,""incidence"":20},""profileId"":""steady"",""sourceUnits"":1,""companion"":{""enabled"":true,""source"":""wind"",""sourceSettings"":{""speed"":8,""radius"":40,""cp"":40,""rating"":3000},""profileId"":""steady"",""sourceUnits"":1,""offset"":0},""flex"":{""enabled"":true,""percent"":50,""fromStart"":160,""fromMinutes"":80,""toStart"":40,""toMinutes"":80},""battery"":{""capacity"":10,""power"":5,""roundtrip"":100,""initial"":75},""batteryUnits"":1,""reserve"":0,""demand"":3.75,""policy"":""release"",""loadId"":""flat"",""grid"":""outage"",""gridLimit"":{""enabled"":true,""power"":3.75},""outageStart"":90,""outageMinutes"":60,""duration"":240}"
111,"baseline","4:release",5.625,592.6983992293208,"false",0,0,0,0,587.0733992293208,0,0,10,0,0,0,0,587.0733992293208,0,0,10,0,0,0,0,0,0,0,0,5,1,"{""source"":""solarPv"",""sourceSettings"":{""irradiance"":0,""area"":20,""efficiency"":20,""incidence"":20},""profileId"":""steady"",""sourceUnits"":1,""companion"":{""enabled"":true,""source"":""wind"",""sourceSettings"":{""speed"":8,""radius"":40,""cp"":40,""rating"":3000},""profileId"":""steady"",""sourceUnits"":1,""offset"":0},""flex"":{""enabled"":true,""percent"":50,""fromStart"":160,""fromMinutes"":80,""toStart"":40,""toMinutes"":80},""battery"":{""capacity"":10,""power"":5,""roundtrip"":100,""initial"":75},""batteryUnits"":1,""reserve"":0,""demand"":3.75,""policy"":""backup"",""loadId"":""flat"",""grid"":""outage"",""gridLimit"":{""enabled"":false,""power"":2.5},""outageStart"":90,""outageMinutes"":60,""duration"":240}","{""source"":""solarPv"",""sourceSettings"":{""irradiance"":0,""area"":20,""efficiency"":20,""incidence"":20},""profileId"":""steady"",""sourceUnits"":1,""companion"":{""enabled"":true,""source"":""wind"",""sourceSettings"":{""speed"":8,""radius"":40,""cp"":40,""rating"":3000},""profileId"":""steady"",""sourceUnits"":1,""offset"":0},""flex"":{""enabled"":true,""percent"":50,""fromStart"":160,""fromMinutes"":80,""toStart"":40,""toMinutes"":80},""battery"":{""capacity"":10,""power"":5,""roundtrip"":100,""initial"":75},""batteryUnits"":1,""reserve"":0,""demand"":3.75,""policy"":""release"",""loadId"":""flat"",""grid"":""outage"",""gridLimit"":{""enabled"":true,""power"":3.75},""outageStart"":90,""outageMinutes"":60,""duration"":240}"
112,"baseline","4:release",5.625,592.6983992293208,"false",0,0,0,0,587.0733992293208,0,0,10,0,0,0,0,587.0733992293208,0,0,10,0,0,0,0,0,0,0,0,5,1,"{""source"":""solarPv"",""sourceSettings"":{""irradiance"":0,""area"":20,""efficiency"":20,""incidence"":20},""profileId"":""steady"",""sourceUnits"":1,""companion"":{""enabled"":true,""source"":""wind"",""sourceSettings"":{""speed"":8,""radius"":40,""cp"":40,""rating"":3000},""profileId"":""steady"",""sourceUnits"":1,""offset"":0},""flex"":{""enabled"":true,""percent"":50,""fromStart"":160,""fromMinutes"":80,""toStart"":40,""toMinutes"":80},""battery"":{""capacity"":10,""power"":5,""roundtrip"":100,""initial"":75},""batteryUnits"":1,""reserve"":0,""demand"":3.75,""policy"":""backup"",""loadId"":""flat"",""grid"":""outage"",""gridLimit"":{""enabled"":false,""power"":2.5},""outageStart"":90,""outageMinutes"":60,""duration"":240}","{""source"":""solarPv"",""sourceSettings"":{""irradiance"":0,""area"":20,""efficiency"":20,""incidence"":20},""profileId"":""steady"",""sourceUnits"":1,""companion"":{""enabled"":true,""source"":""wind"",""sourceSettings"":{""speed"":8,""radius"":40,""cp"":40,""rating"":3000},""profileId"":""steady"",""sourceUnits"":1,""offset"":0},""flex"":{""enabled"":true,""percent"":50,""fromStart"":160,""fromMinutes"":80,""toStart"":40,""toMinutes"":80},""battery"":{""capacity"":10,""power"":5,""roundtrip"":100,""initial"":75},""batteryUnits"":1,""reserve"":0,""demand"":3.75,""policy"":""release"",""loadId"":""flat"",""grid"":""outage"",""gridLimit"":{""enabled"":true,""power"":3.75},""outageStart"":90,""outageMinutes"":60,""duration"":240}"
113,"baseline","4:release",5.625,592.6983992293208,"false",0,0,0,0,587.0733992293208,0,0,10,0,0,0,0,587.0733992293208,0,0,10,0,0,0,0,0,0,0,0,5,1,"{""source"":""solarPv"",""sourceSettings"":{""irradiance"":0,""area"":20,""efficiency"":20,""incidence"":20},""profileId"":""steady"",""sourceUnits"":1,""companion"":{""enabled"":true,""source"":""wind"",""sourceSettings"":{""speed"":8,""radius"":40,""cp"":40,""rating"":3000},""profileId"":""steady"",""sourceUnits"":1,""offset"":0},""flex"":{""enabled"":true,""percent"":50,""fromStart"":160,""fromMinutes"":80,""toStart"":40,""toMinutes"":80},""battery"":{""capacity"":10,""power"":5,""roundtrip"":100,""initial"":75},""batteryUnits"":1,""reserve"":0,""demand"":3.75,""policy"":""backup"",""loadId"":""flat"",""grid"":""outage"",""gridLimit"":{""enabled"":false,""power"":2.5},""outageStart"":90,""outageMinutes"":60,""duration"":240}","{""source"":""solarPv"",""sourceSettings"":{""irradiance"":0,""area"":20,""efficiency"":20,""incidence"":20},""profileId"":""steady"",""sourceUnits"":1,""companion"":{""enabled"":true,""source"":""wind"",""sourceSettings"":{""speed"":8,""radius"":40,""cp"":40,""rating"":3000},""profileId"":""steady"",""sourceUnits"":1,""offset"":0},""flex"":{""enabled"":true,""percent"":50,""fromStart"":160,""fromMinutes"":80,""toStart"":40,""toMinutes"":80},""battery"":{""capacity"":10,""power"":5,""roundtrip"":100,""initial"":75},""batteryUnits"":1,""reserve"":0,""demand"":3.75,""policy"":""release"",""loadId"":""flat"",""grid"":""outage"",""gridLimit"":{""enabled"":true,""power"":3.75},""outageStart"":90,""outageMinutes"":60,""duration"":240}"
114,"baseline","4:release",5.625,592.6983992293208,"false",0,0,0,0,587.0733992293208,0,0,10,0,0,0,0,587.0733992293208,0,0,10,0,0,0,0,0,0,0,0,5,1,"{""source"":""solarPv"",""sourceSettings"":{""irradiance"":0,""area"":20,""efficiency"":20,""incidence"":20},""profileId"":""steady"",""sourceUnits"":1,""companion"":{""enabled"":true,""source"":""wind"",""sourceSettings"":{""speed"":8,""radius"":40,""cp"":40,""rating"":3000},""profileId"":""steady"",""sourceUnits"":1,""offset"":0},""flex"":{""enabled"":true,""percent"":50,""fromStart"":160,""fromMinutes"":80,""toStart"":40,""toMinutes"":80},""battery"":{""capacity"":10,""power"":5,""roundtrip"":100,""initial"":75},""batteryUnits"":1,""reserve"":0,""demand"":3.75,""policy"":""backup"",""loadId"":""flat"",""grid"":""outage"",""gridLimit"":{""enabled"":false,""power"":2.5},""outageStart"":90,""outageMinutes"":60,""duration"":240}","{""source"":""solarPv"",""sourceSettings"":{""irradiance"":0,""area"":20,""efficiency"":20,""incidence"":20},""profileId"":""steady"",""sourceUnits"":1,""companion"":{""enabled"":true,""source"":""wind"",""sourceSettings"":{""speed"":8,""radius"":40,""cp"":40,""rating"":3000},""profileId"":""steady"",""sourceUnits"":1,""offset"":0},""flex"":{""enabled"":true,""percent"":50,""fromStart"":160,""fromMinutes"":80,""toStart"":40,""toMinutes"":80},""battery"":{""capacity"":10,""power"":5,""roundtrip"":100,""initial"":75},""batteryUnits"":1,""reserve"":0,""demand"":3.75,""policy"":""release"",""loadId"":""flat"",""grid"":""outage"",""gridLimit"":{""enabled"":true,""power"":3.75},""outageStart"":90,""outageMinutes"":60,""duration"":240}"
115,"baseline","4:release",5.625,592.6983992293208,"false",0,0,0,0,587.0733992293208,0,0,10,0,0,0,0,587.0733992293208,0,0,10,0,0,0,0,0,0,0,0,5,1,"{""source"":""solarPv"",""sourceSettings"":{""irradiance"":0,""area"":20,""efficiency"":20,""incidence"":20},""profileId"":""steady"",""sourceUnits"":1,""companion"":{""enabled"":true,""source"":""wind"",""sourceSettings"":{""speed"":8,""radius"":40,""cp"":40,""rating"":3000},""profileId"":""steady"",""sourceUnits"":1,""offset"":0},""flex"":{""enabled"":true,""percent"":50,""fromStart"":160,""fromMinutes"":80,""toStart"":40,""toMinutes"":80},""battery"":{""capacity"":10,""power"":5,""roundtrip"":100,""initial"":75},""batteryUnits"":1,""reserve"":0,""demand"":3.75,""policy"":""backup"",""loadId"":""flat"",""grid"":""outage"",""gridLimit"":{""enabled"":false,""power"":2.5},""outageStart"":90,""outageMinutes"":60,""duration"":240}","{""source"":""solarPv"",""sourceSettings"":{""irradiance"":0,""area"":20,""efficiency"":20,""incidence"":20},""profileId"":""steady"",""sourceUnits"":1,""companion"":{""enabled"":true,""source"":""wind"",""sourceSettings"":{""speed"":8,""radius"":40,""cp"":40,""rating"":3000},""profileId"":""steady"",""sourceUnits"":1,""offset"":0},""flex"":{""enabled"":true,""percent"":50,""fromStart"":160,""fromMinutes"":80,""toStart"":40,""toMinutes"":80},""battery"":{""capacity"":10,""power"":5,""roundtrip"":100,""initial"":75},""batteryUnits"":1,""reserve"":0,""demand"":3.75,""policy"":""release"",""loadId"":""flat"",""grid"":""outage"",""gridLimit"":{""enabled"":true,""power"":3.75},""outageStart"":90,""outageMinutes"":60,""duration"":240}"
116,"baseline","4:release",5.625,592.6983992293208,"false",0,0,0,0,587.0733992293208,0,0,10,0,0,0,0,587.0733992293208,0,0,10,0,0,0,0,0,0,0,0,5,1,"{""source"":""solarPv"",""sourceSettings"":{""irradiance"":0,""area"":20,""efficiency"":20,""incidence"":20},""profileId"":""steady"",""sourceUnits"":1,""companion"":{""enabled"":true,""source"":""wind"",""sourceSettings"":{""speed"":8,""radius"":40,""cp"":40,""rating"":3000},""profileId"":""steady"",""sourceUnits"":1,""offset"":0},""flex"":{""enabled"":true,""percent"":50,""fromStart"":160,""fromMinutes"":80,""toStart"":40,""toMinutes"":80},""battery"":{""capacity"":10,""power"":5,""roundtrip"":100,""initial"":75},""batteryUnits"":1,""reserve"":0,""demand"":3.75,""policy"":""backup"",""loadId"":""flat"",""grid"":""outage"",""gridLimit"":{""enabled"":false,""power"":2.5},""outageStart"":90,""outageMinutes"":60,""duration"":240}","{""source"":""solarPv"",""sourceSettings"":{""irradiance"":0,""area"":20,""efficiency"":20,""incidence"":20},""profileId"":""steady"",""sourceUnits"":1,""companion"":{""enabled"":true,""source"":""wind"",""sourceSettings"":{""speed"":8,""radius"":40,""cp"":40,""rating"":3000},""profileId"":""steady"",""sourceUnits"":1,""offset"":0},""flex"":{""enabled"":true,""percent"":50,""fromStart"":160,""fromMinutes"":80,""toStart"":40,""toMinutes"":80},""battery"":{""capacity"":10,""power"":5,""roundtrip"":100,""initial"":75},""batteryUnits"":1,""reserve"":0,""demand"":3.75,""policy"":""release"",""loadId"":""flat"",""grid"":""outage"",""gridLimit"":{""enabled"":true,""power"":3.75},""outageStart"":90,""outageMinutes"":60,""duration"":240}"
117,"baseline","4:release",5.625,592.6983992293208,"false",0,0,0,0,587.0733992293208,0,0,10,0,0,0,0,587.0733992293208,0,0,10,0,0,0,0,0,0,0,0,5,1,"{""source"":""solarPv"",""sourceSettings"":{""irradiance"":0,""area"":20,""efficiency"":20,""incidence"":20},""profileId"":""steady"",""sourceUnits"":1,""companion"":{""enabled"":true,""source"":""wind"",""sourceSettings"":{""speed"":8,""radius"":40,""cp"":40,""rating"":3000},""profileId"":""steady"",""sourceUnits"":1,""offset"":0},""flex"":{""enabled"":true,""percent"":50,""fromStart"":160,""fromMinutes"":80,""toStart"":40,""toMinutes"":80},""battery"":{""capacity"":10,""power"":5,""roundtrip"":100,""initial"":75},""batteryUnits"":1,""reserve"":0,""demand"":3.75,""policy"":""backup"",""loadId"":""flat"",""grid"":""outage"",""gridLimit"":{""enabled"":false,""power"":2.5},""outageStart"":90,""outageMinutes"":60,""duration"":240}","{""source"":""solarPv"",""sourceSettings"":{""irradiance"":0,""area"":20,""efficiency"":20,""incidence"":20},""profileId"":""steady"",""sourceUnits"":1,""companion"":{""enabled"":true,""source"":""wind"",""sourceSettings"":{""speed"":8,""radius"":40,""cp"":40,""rating"":3000},""profileId"":""steady"",""sourceUnits"":1,""offset"":0},""flex"":{""enabled"":true,""percent"":50,""fromStart"":160,""fromMinutes"":80,""toStart"":40,""toMinutes"":80},""battery"":{""capacity"":10,""power"":5,""roundtrip"":100,""initial"":75},""batteryUnits"":1,""reserve"":0,""demand"":3.75,""policy"":""release"",""loadId"":""flat"",""grid"":""outage"",""gridLimit"":{""enabled"":true,""power"":3.75},""outageStart"":90,""outageMinutes"":60,""duration"":240}"
118,"baseline","4:release",5.625,592.6983992293208,"false",0,0,0,0,587.0733992293208,0,0,10,0,0,0,0,587.0733992293208,0,0,10,0,0,0,0,0,0,0,0,5,1,"{""source"":""solarPv"",""sourceSettings"":{""irradiance"":0,""area"":20,""efficiency"":20,""incidence"":20},""profileId"":""steady"",""sourceUnits"":1,""companion"":{""enabled"":true,""source"":""wind"",""sourceSettings"":{""speed"":8,""radius"":40,""cp"":40,""rating"":3000},""profileId"":""steady"",""sourceUnits"":1,""offset"":0},""flex"":{""enabled"":true,""percent"":50,""fromStart"":160,""fromMinutes"":80,""toStart"":40,""toMinutes"":80},""battery"":{""capacity"":10,""power"":5,""roundtrip"":100,""initial"":75},""batteryUnits"":1,""reserve"":0,""demand"":3.75,""policy"":""backup"",""loadId"":""flat"",""grid"":""outage"",""gridLimit"":{""enabled"":false,""power"":2.5},""outageStart"":90,""outageMinutes"":60,""duration"":240}","{""source"":""solarPv"",""sourceSettings"":{""irradiance"":0,""area"":20,""efficiency"":20,""incidence"":20},""profileId"":""steady"",""sourceUnits"":1,""companion"":{""enabled"":true,""source"":""wind"",""sourceSettings"":{""speed"":8,""radius"":40,""cp"":40,""rating"":3000},""profileId"":""steady"",""sourceUnits"":1,""offset"":0},""flex"":{""enabled"":true,""percent"":50,""fromStart"":160,""fromMinutes"":80,""toStart"":40,""toMinutes"":80},""battery"":{""capacity"":10,""power"":5,""roundtrip"":100,""initial"":75},""batteryUnits"":1,""reserve"":0,""demand"":3.75,""policy"":""release"",""loadId"":""flat"",""grid"":""outage"",""gridLimit"":{""enabled"":true,""power"":3.75},""outageStart"":90,""outageMinutes"":60,""duration"":240}"
119,"baseline","4:release",5.625,592.6983992293208,"false",0,0,0,0,587.0733992293208,0,0,10,0,0,0,0,587.0733992293208,0,0,10,0,0,0,0,0,0,0,0,5,1,"{""source"":""solarPv"",""sourceSettings"":{""irradiance"":0,""area"":20,""efficiency"":20,""incidence"":20},""profileId"":""steady"",""sourceUnits"":1,""companion"":{""enabled"":true,""source"":""wind"",""sourceSettings"":{""speed"":8,""radius"":40,""cp"":40,""rating"":3000},""profileId"":""steady"",""sourceUnits"":1,""offset"":0},""flex"":{""enabled"":true,""percent"":50,""fromStart"":160,""fromMinutes"":80,""toStart"":40,""toMinutes"":80},""battery"":{""capacity"":10,""power"":5,""roundtrip"":100,""initial"":75},""batteryUnits"":1,""reserve"":0,""demand"":3.75,""policy"":""backup"",""loadId"":""flat"",""grid"":""outage"",""gridLimit"":{""enabled"":false,""power"":2.5},""outageStart"":90,""outageMinutes"":60,""duration"":240}","{""source"":""solarPv"",""sourceSettings"":{""irradiance"":0,""area"":20,""efficiency"":20,""incidence"":20},""profileId"":""steady"",""sourceUnits"":1,""companion"":{""enabled"":true,""source"":""wind"",""sourceSettings"":{""speed"":8,""radius"":40,""cp"":40,""rating"":3000},""profileId"":""steady"",""sourceUnits"":1,""offset"":0},""flex"":{""enabled"":true,""percent"":50,""fromStart"":160,""fromMinutes"":80,""toStart"":40,""toMinutes"":80},""battery"":{""capacity"":10,""power"":5,""roundtrip"":100,""initial"":75},""batteryUnits"":1,""reserve"":0,""demand"":3.75,""policy"":""release"",""loadId"":""flat"",""grid"":""outage"",""gridLimit"":{""enabled"":true,""power"":3.75},""outageStart"":90,""outageMinutes"":60,""duration"":240}"
120,"baseline","4:release",3.75,592.6983992293208,"false",0,0,0,0,588.9483992293208,0,0,10,0,0,0,0,588.9483992293208,0,0,10,0,0,0,0,0,0,0,0,5,1,"{""source"":""solarPv"",""sourceSettings"":{""irradiance"":0,""area"":20,""efficiency"":20,""incidence"":20},""profileId"":""steady"",""sourceUnits"":1,""companion"":{""enabled"":true,""source"":""wind"",""sourceSettings"":{""speed"":8,""radius"":40,""cp"":40,""rating"":3000},""profileId"":""steady"",""sourceUnits"":1,""offset"":0},""flex"":{""enabled"":true,""percent"":50,""fromStart"":160,""fromMinutes"":80,""toStart"":40,""toMinutes"":80},""battery"":{""capacity"":10,""power"":5,""roundtrip"":100,""initial"":75},""batteryUnits"":1,""reserve"":0,""demand"":3.75,""policy"":""backup"",""loadId"":""flat"",""grid"":""outage"",""gridLimit"":{""enabled"":false,""power"":2.5},""outageStart"":90,""outageMinutes"":60,""duration"":240}","{""source"":""solarPv"",""sourceSettings"":{""irradiance"":0,""area"":20,""efficiency"":20,""incidence"":20},""profileId"":""steady"",""sourceUnits"":1,""companion"":{""enabled"":true,""source"":""wind"",""sourceSettings"":{""speed"":8,""radius"":40,""cp"":40,""rating"":3000},""profileId"":""steady"",""sourceUnits"":1,""offset"":0},""flex"":{""enabled"":true,""percent"":50,""fromStart"":160,""fromMinutes"":80,""toStart"":40,""toMinutes"":80},""battery"":{""capacity"":10,""power"":5,""roundtrip"":100,""initial"":75},""batteryUnits"":1,""reserve"":0,""demand"":3.75,""policy"":""release"",""loadId"":""flat"",""grid"":""outage"",""gridLimit"":{""enabled"":true,""power"":3.75},""outageStart"":90,""outageMinutes"":60,""duration"":240}"
121,"baseline","4:release",3.75,592.6983992293208,"false",0,0,0,0,588.9483992293208,0,0,10,0,0,0,0,588.9483992293208,0,0,10,0,0,0,0,0,0,0,0,5,1,"{""source"":""solarPv"",""sourceSettings"":{""irradiance"":0,""area"":20,""efficiency"":20,""incidence"":20},""profileId"":""steady"",""sourceUnits"":1,""companion"":{""enabled"":true,""source"":""wind"",""sourceSettings"":{""speed"":8,""radius"":40,""cp"":40,""rating"":3000},""profileId"":""steady"",""sourceUnits"":1,""offset"":0},""flex"":{""enabled"":true,""percent"":50,""fromStart"":160,""fromMinutes"":80,""toStart"":40,""toMinutes"":80},""battery"":{""capacity"":10,""power"":5,""roundtrip"":100,""initial"":75},""batteryUnits"":1,""reserve"":0,""demand"":3.75,""policy"":""backup"",""loadId"":""flat"",""grid"":""outage"",""gridLimit"":{""enabled"":false,""power"":2.5},""outageStart"":90,""outageMinutes"":60,""duration"":240}","{""source"":""solarPv"",""sourceSettings"":{""irradiance"":0,""area"":20,""efficiency"":20,""incidence"":20},""profileId"":""steady"",""sourceUnits"":1,""companion"":{""enabled"":true,""source"":""wind"",""sourceSettings"":{""speed"":8,""radius"":40,""cp"":40,""rating"":3000},""profileId"":""steady"",""sourceUnits"":1,""offset"":0},""flex"":{""enabled"":true,""percent"":50,""fromStart"":160,""fromMinutes"":80,""toStart"":40,""toMinutes"":80},""battery"":{""capacity"":10,""power"":5,""roundtrip"":100,""initial"":75},""batteryUnits"":1,""reserve"":0,""demand"":3.75,""policy"":""release"",""loadId"":""flat"",""grid"":""outage"",""gridLimit"":{""enabled"":true,""power"":3.75},""outageStart"":90,""outageMinutes"":60,""duration"":240}"
122,"baseline","4:release",3.75,592.6983992293208,"false",0,0,0,0,588.9483992293208,0,0,10,0,0,0,0,588.9483992293208,0,0,10,0,0,0,0,0,0,0,0,5,1,"{""source"":""solarPv"",""sourceSettings"":{""irradiance"":0,""area"":20,""efficiency"":20,""incidence"":20},""profileId"":""steady"",""sourceUnits"":1,""companion"":{""enabled"":true,""source"":""wind"",""sourceSettings"":{""speed"":8,""radius"":40,""cp"":40,""rating"":3000},""profileId"":""steady"",""sourceUnits"":1,""offset"":0},""flex"":{""enabled"":true,""percent"":50,""fromStart"":160,""fromMinutes"":80,""toStart"":40,""toMinutes"":80},""battery"":{""capacity"":10,""power"":5,""roundtrip"":100,""initial"":75},""batteryUnits"":1,""reserve"":0,""demand"":3.75,""policy"":""backup"",""loadId"":""flat"",""grid"":""outage"",""gridLimit"":{""enabled"":false,""power"":2.5},""outageStart"":90,""outageMinutes"":60,""duration"":240}","{""source"":""solarPv"",""sourceSettings"":{""irradiance"":0,""area"":20,""efficiency"":20,""incidence"":20},""profileId"":""steady"",""sourceUnits"":1,""companion"":{""enabled"":true,""source"":""wind"",""sourceSettings"":{""speed"":8,""radius"":40,""cp"":40,""rating"":3000},""profileId"":""steady"",""sourceUnits"":1,""offset"":0},""flex"":{""enabled"":true,""percent"":50,""fromStart"":160,""fromMinutes"":80,""toStart"":40,""toMinutes"":80},""battery"":{""capacity"":10,""power"":5,""roundtrip"":100,""initial"":75},""batteryUnits"":1,""reserve"":0,""demand"":3.75,""policy"":""release"",""loadId"":""flat"",""grid"":""outage"",""gridLimit"":{""enabled"":true,""power"":3.75},""outageStart"":90,""outageMinutes"":60,""duration"":240}"
123,"baseline","4:release",3.75,592.6983992293208,"false",0,0,0,0,588.9483992293208,0,0,10,0,0,0,0,588.9483992293208,0,0,10,0,0,0,0,0,0,0,0,5,1,"{""source"":""solarPv"",""sourceSettings"":{""irradiance"":0,""area"":20,""efficiency"":20,""incidence"":20},""profileId"":""steady"",""sourceUnits"":1,""companion"":{""enabled"":true,""source"":""wind"",""sourceSettings"":{""speed"":8,""radius"":40,""cp"":40,""rating"":3000},""profileId"":""steady"",""sourceUnits"":1,""offset"":0},""flex"":{""enabled"":true,""percent"":50,""fromStart"":160,""fromMinutes"":80,""toStart"":40,""toMinutes"":80},""battery"":{""capacity"":10,""power"":5,""roundtrip"":100,""initial"":75},""batteryUnits"":1,""reserve"":0,""demand"":3.75,""policy"":""backup"",""loadId"":""flat"",""grid"":""outage"",""gridLimit"":{""enabled"":false,""power"":2.5},""outageStart"":90,""outageMinutes"":60,""duration"":240}","{""source"":""solarPv"",""sourceSettings"":{""irradiance"":0,""area"":20,""efficiency"":20,""incidence"":20},""profileId"":""steady"",""sourceUnits"":1,""companion"":{""enabled"":true,""source"":""wind"",""sourceSettings"":{""speed"":8,""radius"":40,""cp"":40,""rating"":3000},""profileId"":""steady"",""sourceUnits"":1,""offset"":0},""flex"":{""enabled"":true,""percent"":50,""fromStart"":160,""fromMinutes"":80,""toStart"":40,""toMinutes"":80},""battery"":{""capacity"":10,""power"":5,""roundtrip"":100,""initial"":75},""batteryUnits"":1,""reserve"":0,""demand"":3.75,""policy"":""release"",""loadId"":""flat"",""grid"":""outage"",""gridLimit"":{""enabled"":true,""power"":3.75},""outageStart"":90,""outageMinutes"":60,""duration"":240}"
124,"baseline","4:release",3.75,592.6983992293208,"false",0,0,0,0,588.9483992293208,0,0,10,0,0,0,0,588.9483992293208,0,0,10,0,0,0,0,0,0,0,0,5,1,"{""source"":""solarPv"",""sourceSettings"":{""irradiance"":0,""area"":20,""efficiency"":20,""incidence"":20},""profileId"":""steady"",""sourceUnits"":1,""companion"":{""enabled"":true,""source"":""wind"",""sourceSettings"":{""speed"":8,""radius"":40,""cp"":40,""rating"":3000},""profileId"":""steady"",""sourceUnits"":1,""offset"":0},""flex"":{""enabled"":true,""percent"":50,""fromStart"":160,""fromMinutes"":80,""toStart"":40,""toMinutes"":80},""battery"":{""capacity"":10,""power"":5,""roundtrip"":100,""initial"":75},""batteryUnits"":1,""reserve"":0,""demand"":3.75,""policy"":""backup"",""loadId"":""flat"",""grid"":""outage"",""gridLimit"":{""enabled"":false,""power"":2.5},""outageStart"":90,""outageMinutes"":60,""duration"":240}","{""source"":""solarPv"",""sourceSettings"":{""irradiance"":0,""area"":20,""efficiency"":20,""incidence"":20},""profileId"":""steady"",""sourceUnits"":1,""companion"":{""enabled"":true,""source"":""wind"",""sourceSettings"":{""speed"":8,""radius"":40,""cp"":40,""rating"":3000},""profileId"":""steady"",""sourceUnits"":1,""offset"":0},""flex"":{""enabled"":true,""percent"":50,""fromStart"":160,""fromMinutes"":80,""toStart"":40,""toMinutes"":80},""battery"":{""capacity"":10,""power"":5,""roundtrip"":100,""initial"":75},""batteryUnits"":1,""reserve"":0,""demand"":3.75,""policy"":""release"",""loadId"":""flat"",""grid"":""outage"",""gridLimit"":{""enabled"":true,""power"":3.75},""outageStart"":90,""outageMinutes"":60,""duration"":240}"
125,"baseline","4:release",3.75,592.6983992293208,"false",0,0,0,0,588.9483992293208,0,0,10,0,0,0,0,588.9483992293208,0,0,10,0,0,0,0,0,0,0,0,5,1,"{""source"":""solarPv"",""sourceSettings"":{""irradiance"":0,""area"":20,""efficiency"":20,""incidence"":20},""profileId"":""steady"",""sourceUnits"":1,""companion"":{""enabled"":true,""source"":""wind"",""sourceSettings"":{""speed"":8,""radius"":40,""cp"":40,""rating"":3000},""profileId"":""steady"",""sourceUnits"":1,""offset"":0},""flex"":{""enabled"":true,""percent"":50,""fromStart"":160,""fromMinutes"":80,""toStart"":40,""toMinutes"":80},""battery"":{""capacity"":10,""power"":5,""roundtrip"":100,""initial"":75},""batteryUnits"":1,""reserve"":0,""demand"":3.75,""policy"":""backup"",""loadId"":""flat"",""grid"":""outage"",""gridLimit"":{""enabled"":false,""power"":2.5},""outageStart"":90,""outageMinutes"":60,""duration"":240}","{""source"":""solarPv"",""sourceSettings"":{""irradiance"":0,""area"":20,""efficiency"":20,""incidence"":20},""profileId"":""steady"",""sourceUnits"":1,""companion"":{""enabled"":true,""source"":""wind"",""sourceSettings"":{""speed"":8,""radius"":40,""cp"":40,""rating"":3000},""profileId"":""steady"",""sourceUnits"":1,""offset"":0},""flex"":{""enabled"":true,""percent"":50,""fromStart"":160,""fromMinutes"":80,""toStart"":40,""toMinutes"":80},""battery"":{""capacity"":10,""power"":5,""roundtrip"":100,""initial"":75},""batteryUnits"":1,""reserve"":0,""demand"":3.75,""policy"":""release"",""loadId"":""flat"",""grid"":""outage"",""gridLimit"":{""enabled"":true,""power"":3.75},""outageStart"":90,""outageMinutes"":60,""duration"":240}"
126,"baseline","4:release",3.75,592.6983992293208,"false",0,0,0,0,588.9483992293208,0,0,10,0,0,0,0,588.9483992293208,0,0,10,0,0,0,0,0,0,0,0,5,1,"{""source"":""solarPv"",""sourceSettings"":{""irradiance"":0,""area"":20,""efficiency"":20,""incidence"":20},""profileId"":""steady"",""sourceUnits"":1,""companion"":{""enabled"":true,""source"":""wind"",""sourceSettings"":{""speed"":8,""radius"":40,""cp"":40,""rating"":3000},""profileId"":""steady"",""sourceUnits"":1,""offset"":0},""flex"":{""enabled"":true,""percent"":50,""fromStart"":160,""fromMinutes"":80,""toStart"":40,""toMinutes"":80},""battery"":{""capacity"":10,""power"":5,""roundtrip"":100,""initial"":75},""batteryUnits"":1,""reserve"":0,""demand"":3.75,""policy"":""backup"",""loadId"":""flat"",""grid"":""outage"",""gridLimit"":{""enabled"":false,""power"":2.5},""outageStart"":90,""outageMinutes"":60,""duration"":240}","{""source"":""solarPv"",""sourceSettings"":{""irradiance"":0,""area"":20,""efficiency"":20,""incidence"":20},""profileId"":""steady"",""sourceUnits"":1,""companion"":{""enabled"":true,""source"":""wind"",""sourceSettings"":{""speed"":8,""radius"":40,""cp"":40,""rating"":3000},""profileId"":""steady"",""sourceUnits"":1,""offset"":0},""flex"":{""enabled"":true,""percent"":50,""fromStart"":160,""fromMinutes"":80,""toStart"":40,""toMinutes"":80},""battery"":{""capacity"":10,""power"":5,""roundtrip"":100,""initial"":75},""batteryUnits"":1,""reserve"":0,""demand"":3.75,""policy"":""release"",""loadId"":""flat"",""grid"":""outage"",""gridLimit"":{""enabled"":true,""power"":3.75},""outageStart"":90,""outageMinutes"":60,""duration"":240}"
127,"baseline","4:release",3.75,592.6983992293208,"false",0,0,0,0,588.9483992293208,0,0,10,0,0,0,0,588.9483992293208,0,0,10,0,0,0,0,0,0,0,0,5,1,"{""source"":""solarPv"",""sourceSettings"":{""irradiance"":0,""area"":20,""efficiency"":20,""incidence"":20},""profileId"":""steady"",""sourceUnits"":1,""companion"":{""enabled"":true,""source"":""wind"",""sourceSettings"":{""speed"":8,""radius"":40,""cp"":40,""rating"":3000},""profileId"":""steady"",""sourceUnits"":1,""offset"":0},""flex"":{""enabled"":true,""percent"":50,""fromStart"":160,""fromMinutes"":80,""toStart"":40,""toMinutes"":80},""battery"":{""capacity"":10,""power"":5,""roundtrip"":100,""initial"":75},""batteryUnits"":1,""reserve"":0,""demand"":3.75,""policy"":""backup"",""loadId"":""flat"",""grid"":""outage"",""gridLimit"":{""enabled"":false,""power"":2.5},""outageStart"":90,""outageMinutes"":60,""duration"":240}","{""source"":""solarPv"",""sourceSettings"":{""irradiance"":0,""area"":20,""efficiency"":20,""incidence"":20},""profileId"":""steady"",""sourceUnits"":1,""companion"":{""enabled"":true,""source"":""wind"",""sourceSettings"":{""speed"":8,""radius"":40,""cp"":40,""rating"":3000},""profileId"":""steady"",""sourceUnits"":1,""offset"":0},""flex"":{""enabled"":true,""percent"":50,""fromStart"":160,""fromMinutes"":80,""toStart"":40,""toMinutes"":80},""battery"":{""capacity"":10,""power"":5,""roundtrip"":100,""initial"":75},""batteryUnits"":1,""reserve"":0,""demand"":3.75,""policy"":""release"",""loadId"":""flat"",""grid"":""outage"",""gridLimit"":{""enabled"":true,""power"":3.75},""outageStart"":90,""outageMinutes"":60,""duration"":240}"
128,"baseline","4:release",3.75,592.6983992293208,"false",0,0,0,0,588.9483992293208,0,0,10,0,0,0,0,588.9483992293208,0,0,10,0,0,0,0,0,0,0,0,5,1,"{""source"":""solarPv"",""sourceSettings"":{""irradiance"":0,""area"":20,""efficiency"":20,""incidence"":20},""profileId"":""steady"",""sourceUnits"":1,""companion"":{""enabled"":true,""source"":""wind"",""sourceSettings"":{""speed"":8,""radius"":40,""cp"":40,""rating"":3000},""profileId"":""steady"",""sourceUnits"":1,""offset"":0},""flex"":{""enabled"":true,""percent"":50,""fromStart"":160,""fromMinutes"":80,""toStart"":40,""toMinutes"":80},""battery"":{""capacity"":10,""power"":5,""roundtrip"":100,""initial"":75},""batteryUnits"":1,""reserve"":0,""demand"":3.75,""policy"":""backup"",""loadId"":""flat"",""grid"":""outage"",""gridLimit"":{""enabled"":false,""power"":2.5},""outageStart"":90,""outageMinutes"":60,""duration"":240}","{""source"":""solarPv"",""sourceSettings"":{""irradiance"":0,""area"":20,""efficiency"":20,""incidence"":20},""profileId"":""steady"",""sourceUnits"":1,""companion"":{""enabled"":true,""source"":""wind"",""sourceSettings"":{""speed"":8,""radius"":40,""cp"":40,""rating"":3000},""profileId"":""steady"",""sourceUnits"":1,""offset"":0},""flex"":{""enabled"":true,""percent"":50,""fromStart"":160,""fromMinutes"":80,""toStart"":40,""toMinutes"":80},""battery"":{""capacity"":10,""power"":5,""roundtrip"":100,""initial"":75},""batteryUnits"":1,""reserve"":0,""demand"":3.75,""policy"":""release"",""loadId"":""flat"",""grid"":""outage"",""gridLimit"":{""enabled"":true,""power"":3.75},""outageStart"":90,""outageMinutes"":60,""duration"":240}"
129,"baseline","4:release",3.75,592.6983992293208,"false",0,0,0,0,588.9483992293208,0,0,10,0,0,0,0,588.9483992293208,0,0,10,0,0,0,0,0,0,0,0,5,1,"{""source"":""solarPv"",""sourceSettings"":{""irradiance"":0,""area"":20,""efficiency"":20,""incidence"":20},""profileId"":""steady"",""sourceUnits"":1,""companion"":{""enabled"":true,""source"":""wind"",""sourceSettings"":{""speed"":8,""radius"":40,""cp"":40,""rating"":3000},""profileId"":""steady"",""sourceUnits"":1,""offset"":0},""flex"":{""enabled"":true,""percent"":50,""fromStart"":160,""fromMinutes"":80,""toStart"":40,""toMinutes"":80},""battery"":{""capacity"":10,""power"":5,""roundtrip"":100,""initial"":75},""batteryUnits"":1,""reserve"":0,""demand"":3.75,""policy"":""backup"",""loadId"":""flat"",""grid"":""outage"",""gridLimit"":{""enabled"":false,""power"":2.5},""outageStart"":90,""outageMinutes"":60,""duration"":240}","{""source"":""solarPv"",""sourceSettings"":{""irradiance"":0,""area"":20,""efficiency"":20,""incidence"":20},""profileId"":""steady"",""sourceUnits"":1,""companion"":{""enabled"":true,""source"":""wind"",""sourceSettings"":{""speed"":8,""radius"":40,""cp"":40,""rating"":3000},""profileId"":""steady"",""sourceUnits"":1,""offset"":0},""flex"":{""enabled"":true,""percent"":50,""fromStart"":160,""fromMinutes"":80,""toStart"":40,""toMinutes"":80},""battery"":{""capacity"":10,""power"":5,""roundtrip"":100,""initial"":75},""batteryUnits"":1,""reserve"":0,""demand"":3.75,""policy"":""release"",""loadId"":""flat"",""grid"":""outage"",""gridLimit"":{""enabled"":true,""power"":3.75},""outageStart"":90,""outageMinutes"":60,""duration"":240}"
130,"baseline","4:release",3.75,592.6983992293208,"false",0,0,0,0,588.9483992293208,0,0,10,0,0,0,0,588.9483992293208,0,0,10,0,0,0,0,0,0,0,0,5,1,"{""source"":""solarPv"",""sourceSettings"":{""irradiance"":0,""area"":20,""efficiency"":20,""incidence"":20},""profileId"":""steady"",""sourceUnits"":1,""companion"":{""enabled"":true,""source"":""wind"",""sourceSettings"":{""speed"":8,""radius"":40,""cp"":40,""rating"":3000},""profileId"":""steady"",""sourceUnits"":1,""offset"":0},""flex"":{""enabled"":true,""percent"":50,""fromStart"":160,""fromMinutes"":80,""toStart"":40,""toMinutes"":80},""battery"":{""capacity"":10,""power"":5,""roundtrip"":100,""initial"":75},""batteryUnits"":1,""reserve"":0,""demand"":3.75,""policy"":""backup"",""loadId"":""flat"",""grid"":""outage"",""gridLimit"":{""enabled"":false,""power"":2.5},""outageStart"":90,""outageMinutes"":60,""duration"":240}","{""source"":""solarPv"",""sourceSettings"":{""irradiance"":0,""area"":20,""efficiency"":20,""incidence"":20},""profileId"":""steady"",""sourceUnits"":1,""companion"":{""enabled"":true,""source"":""wind"",""sourceSettings"":{""speed"":8,""radius"":40,""cp"":40,""rating"":3000},""profileId"":""steady"",""sourceUnits"":1,""offset"":0},""flex"":{""enabled"":true,""percent"":50,""fromStart"":160,""fromMinutes"":80,""toStart"":40,""toMinutes"":80},""battery"":{""capacity"":10,""power"":5,""roundtrip"":100,""initial"":75},""batteryUnits"":1,""reserve"":0,""demand"":3.75,""policy"":""release"",""loadId"":""flat"",""grid"":""outage"",""gridLimit"":{""enabled"":true,""power"":3.75},""outageStart"":90,""outageMinutes"":60,""duration"":240}"
131,"baseline","4:release",3.75,592.6983992293208,"false",0,0,0,0,588.9483992293208,0,0,10,0,0,0,0,588.9483992293208,0,0,10,0,0,0,0,0,0,0,0,5,1,"{""source"":""solarPv"",""sourceSettings"":{""irradiance"":0,""area"":20,""efficiency"":20,""incidence"":20},""profileId"":""steady"",""sourceUnits"":1,""companion"":{""enabled"":true,""source"":""wind"",""sourceSettings"":{""speed"":8,""radius"":40,""cp"":40,""rating"":3000},""profileId"":""steady"",""sourceUnits"":1,""offset"":0},""flex"":{""enabled"":true,""percent"":50,""fromStart"":160,""fromMinutes"":80,""toStart"":40,""toMinutes"":80},""battery"":{""capacity"":10,""power"":5,""roundtrip"":100,""initial"":75},""batteryUnits"":1,""reserve"":0,""demand"":3.75,""policy"":""backup"",""loadId"":""flat"",""grid"":""outage"",""gridLimit"":{""enabled"":false,""power"":2.5},""outageStart"":90,""outageMinutes"":60,""duration"":240}","{""source"":""solarPv"",""sourceSettings"":{""irradiance"":0,""area"":20,""efficiency"":20,""incidence"":20},""profileId"":""steady"",""sourceUnits"":1,""companion"":{""enabled"":true,""source"":""wind"",""sourceSettings"":{""speed"":8,""radius"":40,""cp"":40,""rating"":3000},""profileId"":""steady"",""sourceUnits"":1,""offset"":0},""flex"":{""enabled"":true,""percent"":50,""fromStart"":160,""fromMinutes"":80,""toStart"":40,""toMinutes"":80},""battery"":{""capacity"":10,""power"":5,""roundtrip"":100,""initial"":75},""batteryUnits"":1,""reserve"":0,""demand"":3.75,""policy"":""release"",""loadId"":""flat"",""grid"":""outage"",""gridLimit"":{""enabled"":true,""power"":3.75},""outageStart"":90,""outageMinutes"":60,""duration"":240}"
132,"baseline","4:release",3.75,592.6983992293208,"false",0,0,0,0,588.9483992293208,0,0,10,0,0,0,0,588.9483992293208,0,0,10,0,0,0,0,0,0,0,0,5,1,"{""source"":""solarPv"",""sourceSettings"":{""irradiance"":0,""area"":20,""efficiency"":20,""incidence"":20},""profileId"":""steady"",""sourceUnits"":1,""companion"":{""enabled"":true,""source"":""wind"",""sourceSettings"":{""speed"":8,""radius"":40,""cp"":40,""rating"":3000},""profileId"":""steady"",""sourceUnits"":1,""offset"":0},""flex"":{""enabled"":true,""percent"":50,""fromStart"":160,""fromMinutes"":80,""toStart"":40,""toMinutes"":80},""battery"":{""capacity"":10,""power"":5,""roundtrip"":100,""initial"":75},""batteryUnits"":1,""reserve"":0,""demand"":3.75,""policy"":""backup"",""loadId"":""flat"",""grid"":""outage"",""gridLimit"":{""enabled"":false,""power"":2.5},""outageStart"":90,""outageMinutes"":60,""duration"":240}","{""source"":""solarPv"",""sourceSettings"":{""irradiance"":0,""area"":20,""efficiency"":20,""incidence"":20},""profileId"":""steady"",""sourceUnits"":1,""companion"":{""enabled"":true,""source"":""wind"",""sourceSettings"":{""speed"":8,""radius"":40,""cp"":40,""rating"":3000},""profileId"":""steady"",""sourceUnits"":1,""offset"":0},""flex"":{""enabled"":true,""percent"":50,""fromStart"":160,""fromMinutes"":80,""toStart"":40,""toMinutes"":80},""battery"":{""capacity"":10,""power"":5,""roundtrip"":100,""initial"":75},""batteryUnits"":1,""reserve"":0,""demand"":3.75,""policy"":""release"",""loadId"":""flat"",""grid"":""outage"",""gridLimit"":{""enabled"":true,""power"":3.75},""outageStart"":90,""outageMinutes"":60,""duration"":240}"
133,"baseline","4:release",3.75,592.6983992293208,"false",0,0,0,0,588.9483992293208,0,0,10,0,0,0,0,588.9483992293208,0,0,10,0,0,0,0,0,0,0,0,5,1,"{""source"":""solarPv"",""sourceSettings"":{""irradiance"":0,""area"":20,""efficiency"":20,""incidence"":20},""profileId"":""steady"",""sourceUnits"":1,""companion"":{""enabled"":true,""source"":""wind"",""sourceSettings"":{""speed"":8,""radius"":40,""cp"":40,""rating"":3000},""profileId"":""steady"",""sourceUnits"":1,""offset"":0},""flex"":{""enabled"":true,""percent"":50,""fromStart"":160,""fromMinutes"":80,""toStart"":40,""toMinutes"":80},""battery"":{""capacity"":10,""power"":5,""roundtrip"":100,""initial"":75},""batteryUnits"":1,""reserve"":0,""demand"":3.75,""policy"":""backup"",""loadId"":""flat"",""grid"":""outage"",""gridLimit"":{""enabled"":false,""power"":2.5},""outageStart"":90,""outageMinutes"":60,""duration"":240}","{""source"":""solarPv"",""sourceSettings"":{""irradiance"":0,""area"":20,""efficiency"":20,""incidence"":20},""profileId"":""steady"",""sourceUnits"":1,""companion"":{""enabled"":true,""source"":""wind"",""sourceSettings"":{""speed"":8,""radius"":40,""cp"":40,""rating"":3000},""profileId"":""steady"",""sourceUnits"":1,""offset"":0},""flex"":{""enabled"":true,""percent"":50,""fromStart"":160,""fromMinutes"":80,""toStart"":40,""toMinutes"":80},""battery"":{""capacity"":10,""power"":5,""roundtrip"":100,""initial"":75},""batteryUnits"":1,""reserve"":0,""demand"":3.75,""policy"":""release"",""loadId"":""flat"",""grid"":""outage"",""gridLimit"":{""enabled"":true,""power"":3.75},""outageStart"":90,""outageMinutes"":60,""duration"":240}"
134,"baseline","4:release",3.75,592.6983992293208,"false",0,0,0,0,588.9483992293208,0,0,10,0,0,0,0,588.9483992293208,0,0,10,0,0,0,0,0,0,0,0,5,1,"{""source"":""solarPv"",""sourceSettings"":{""irradiance"":0,""area"":20,""efficiency"":20,""incidence"":20},""profileId"":""steady"",""sourceUnits"":1,""companion"":{""enabled"":true,""source"":""wind"",""sourceSettings"":{""speed"":8,""radius"":40,""cp"":40,""rating"":3000},""profileId"":""steady"",""sourceUnits"":1,""offset"":0},""flex"":{""enabled"":true,""percent"":50,""fromStart"":160,""fromMinutes"":80,""toStart"":40,""toMinutes"":80},""battery"":{""capacity"":10,""power"":5,""roundtrip"":100,""initial"":75},""batteryUnits"":1,""reserve"":0,""demand"":3.75,""policy"":""backup"",""loadId"":""flat"",""grid"":""outage"",""gridLimit"":{""enabled"":false,""power"":2.5},""outageStart"":90,""outageMinutes"":60,""duration"":240}","{""source"":""solarPv"",""sourceSettings"":{""irradiance"":0,""area"":20,""efficiency"":20,""incidence"":20},""profileId"":""steady"",""sourceUnits"":1,""companion"":{""enabled"":true,""source"":""wind"",""sourceSettings"":{""speed"":8,""radius"":40,""cp"":40,""rating"":3000},""profileId"":""steady"",""sourceUnits"":1,""offset"":0},""flex"":{""enabled"":true,""percent"":50,""fromStart"":160,""fromMinutes"":80,""toStart"":40,""toMinutes"":80},""battery"":{""capacity"":10,""power"":5,""roundtrip"":100,""initial"":75},""batteryUnits"":1,""reserve"":0,""demand"":3.75,""policy"":""release"",""loadId"":""flat"",""grid"":""outage"",""gridLimit"":{""enabled"":true,""power"":3.75},""outageStart"":90,""outageMinutes"":60,""duration"":240}"
135,"baseline","4:release",3.75,592.6983992293208,"false",0,0,0,0,588.9483992293208,0,0,10,0,0,0,0,588.9483992293208,0,0,10,0,0,0,0,0,0,0,0,5,1,"{""source"":""solarPv"",""sourceSettings"":{""irradiance"":0,""area"":20,""efficiency"":20,""incidence"":20},""profileId"":""steady"",""sourceUnits"":1,""companion"":{""enabled"":true,""source"":""wind"",""sourceSettings"":{""speed"":8,""radius"":40,""cp"":40,""rating"":3000},""profileId"":""steady"",""sourceUnits"":1,""offset"":0},""flex"":{""enabled"":true,""percent"":50,""fromStart"":160,""fromMinutes"":80,""toStart"":40,""toMinutes"":80},""battery"":{""capacity"":10,""power"":5,""roundtrip"":100,""initial"":75},""batteryUnits"":1,""reserve"":0,""demand"":3.75,""policy"":""backup"",""loadId"":""flat"",""grid"":""outage"",""gridLimit"":{""enabled"":false,""power"":2.5},""outageStart"":90,""outageMinutes"":60,""duration"":240}","{""source"":""solarPv"",""sourceSettings"":{""irradiance"":0,""area"":20,""efficiency"":20,""incidence"":20},""profileId"":""steady"",""sourceUnits"":1,""companion"":{""enabled"":true,""source"":""wind"",""sourceSettings"":{""speed"":8,""radius"":40,""cp"":40,""rating"":3000},""profileId"":""steady"",""sourceUnits"":1,""offset"":0},""flex"":{""enabled"":true,""percent"":50,""fromStart"":160,""fromMinutes"":80,""toStart"":40,""toMinutes"":80},""battery"":{""capacity"":10,""power"":5,""roundtrip"":100,""initial"":75},""batteryUnits"":1,""reserve"":0,""demand"":3.75,""policy"":""release"",""loadId"":""flat"",""grid"":""outage"",""gridLimit"":{""enabled"":true,""power"":3.75},""outageStart"":90,""outageMinutes"":60,""duration"":240}"
136,"baseline","4:release",3.75,592.6983992293208,"false",0,0,0,0,588.9483992293208,0,0,10,0,0,0,0,588.9483992293208,0,0,10,0,0,0,0,0,0,0,0,5,1,"{""source"":""solarPv"",""sourceSettings"":{""irradiance"":0,""area"":20,""efficiency"":20,""incidence"":20},""profileId"":""steady"",""sourceUnits"":1,""companion"":{""enabled"":true,""source"":""wind"",""sourceSettings"":{""speed"":8,""radius"":40,""cp"":40,""rating"":3000},""profileId"":""steady"",""sourceUnits"":1,""offset"":0},""flex"":{""enabled"":true,""percent"":50,""fromStart"":160,""fromMinutes"":80,""toStart"":40,""toMinutes"":80},""battery"":{""capacity"":10,""power"":5,""roundtrip"":100,""initial"":75},""batteryUnits"":1,""reserve"":0,""demand"":3.75,""policy"":""backup"",""loadId"":""flat"",""grid"":""outage"",""gridLimit"":{""enabled"":false,""power"":2.5},""outageStart"":90,""outageMinutes"":60,""duration"":240}","{""source"":""solarPv"",""sourceSettings"":{""irradiance"":0,""area"":20,""efficiency"":20,""incidence"":20},""profileId"":""steady"",""sourceUnits"":1,""companion"":{""enabled"":true,""source"":""wind"",""sourceSettings"":{""speed"":8,""radius"":40,""cp"":40,""rating"":3000},""profileId"":""steady"",""sourceUnits"":1,""offset"":0},""flex"":{""enabled"":true,""percent"":50,""fromStart"":160,""fromMinutes"":80,""toStart"":40,""toMinutes"":80},""battery"":{""capacity"":10,""power"":5,""roundtrip"":100,""initial"":75},""batteryUnits"":1,""reserve"":0,""demand"":3.75,""policy"":""release"",""loadId"":""flat"",""grid"":""outage"",""gridLimit"":{""enabled"":true,""power"":3.75},""outageStart"":90,""outageMinutes"":60,""duration"":240}"
137,"baseline","4:release",3.75,592.6983992293208,"false",0,0,0,0,588.9483992293208,0,0,10,0,0,0,0,588.9483992293208,0,0,10,0,0,0,0,0,0,0,0,5,1,"{""source"":""solarPv"",""sourceSettings"":{""irradiance"":0,""area"":20,""efficiency"":20,""incidence"":20},""profileId"":""steady"",""sourceUnits"":1,""companion"":{""enabled"":true,""source"":""wind"",""sourceSettings"":{""speed"":8,""radius"":40,""cp"":40,""rating"":3000},""profileId"":""steady"",""sourceUnits"":1,""offset"":0},""flex"":{""enabled"":true,""percent"":50,""fromStart"":160,""fromMinutes"":80,""toStart"":40,""toMinutes"":80},""battery"":{""capacity"":10,""power"":5,""roundtrip"":100,""initial"":75},""batteryUnits"":1,""reserve"":0,""demand"":3.75,""policy"":""backup"",""loadId"":""flat"",""grid"":""outage"",""gridLimit"":{""enabled"":false,""power"":2.5},""outageStart"":90,""outageMinutes"":60,""duration"":240}","{""source"":""solarPv"",""sourceSettings"":{""irradiance"":0,""area"":20,""efficiency"":20,""incidence"":20},""profileId"":""steady"",""sourceUnits"":1,""companion"":{""enabled"":true,""source"":""wind"",""sourceSettings"":{""speed"":8,""radius"":40,""cp"":40,""rating"":3000},""profileId"":""steady"",""sourceUnits"":1,""offset"":0},""flex"":{""enabled"":true,""percent"":50,""fromStart"":160,""fromMinutes"":80,""toStart"":40,""toMinutes"":80},""battery"":{""capacity"":10,""power"":5,""roundtrip"":100,""initial"":75},""batteryUnits"":1,""reserve"":0,""demand"":3.75,""policy"":""release"",""loadId"":""flat"",""grid"":""outage"",""gridLimit"":{""enabled"":true,""power"":3.75},""outageStart"":90,""outageMinutes"":60,""duration"":240}"
138,"baseline","4:release",3.75,592.6983992293208,"false",0,0,0,0,588.9483992293208,0,0,10,0,0,0,0,588.9483992293208,0,0,10,0,0,0,0,0,0,0,0,5,1,"{""source"":""solarPv"",""sourceSettings"":{""irradiance"":0,""area"":20,""efficiency"":20,""incidence"":20},""profileId"":""steady"",""sourceUnits"":1,""companion"":{""enabled"":true,""source"":""wind"",""sourceSettings"":{""speed"":8,""radius"":40,""cp"":40,""rating"":3000},""profileId"":""steady"",""sourceUnits"":1,""offset"":0},""flex"":{""enabled"":true,""percent"":50,""fromStart"":160,""fromMinutes"":80,""toStart"":40,""toMinutes"":80},""battery"":{""capacity"":10,""power"":5,""roundtrip"":100,""initial"":75},""batteryUnits"":1,""reserve"":0,""demand"":3.75,""policy"":""backup"",""loadId"":""flat"",""grid"":""outage"",""gridLimit"":{""enabled"":false,""power"":2.5},""outageStart"":90,""outageMinutes"":60,""duration"":240}","{""source"":""solarPv"",""sourceSettings"":{""irradiance"":0,""area"":20,""efficiency"":20,""incidence"":20},""profileId"":""steady"",""sourceUnits"":1,""companion"":{""enabled"":true,""source"":""wind"",""sourceSettings"":{""speed"":8,""radius"":40,""cp"":40,""rating"":3000},""profileId"":""steady"",""sourceUnits"":1,""offset"":0},""flex"":{""enabled"":true,""percent"":50,""fromStart"":160,""fromMinutes"":80,""toStart"":40,""toMinutes"":80},""battery"":{""capacity"":10,""power"":5,""roundtrip"":100,""initial"":75},""batteryUnits"":1,""reserve"":0,""demand"":3.75,""policy"":""release"",""loadId"":""flat"",""grid"":""outage"",""gridLimit"":{""enabled"":true,""power"":3.75},""outageStart"":90,""outageMinutes"":60,""duration"":240}"
139,"baseline","4:release",3.75,592.6983992293208,"false",0,0,0,0,588.9483992293208,0,0,10,0,0,0,0,588.9483992293208,0,0,10,0,0,0,0,0,0,0,0,5,1,"{""source"":""solarPv"",""sourceSettings"":{""irradiance"":0,""area"":20,""efficiency"":20,""incidence"":20},""profileId"":""steady"",""sourceUnits"":1,""companion"":{""enabled"":true,""source"":""wind"",""sourceSettings"":{""speed"":8,""radius"":40,""cp"":40,""rating"":3000},""profileId"":""steady"",""sourceUnits"":1,""offset"":0},""flex"":{""enabled"":true,""percent"":50,""fromStart"":160,""fromMinutes"":80,""toStart"":40,""toMinutes"":80},""battery"":{""capacity"":10,""power"":5,""roundtrip"":100,""initial"":75},""batteryUnits"":1,""reserve"":0,""demand"":3.75,""policy"":""backup"",""loadId"":""flat"",""grid"":""outage"",""gridLimit"":{""enabled"":false,""power"":2.5},""outageStart"":90,""outageMinutes"":60,""duration"":240}","{""source"":""solarPv"",""sourceSettings"":{""irradiance"":0,""area"":20,""efficiency"":20,""incidence"":20},""profileId"":""steady"",""sourceUnits"":1,""companion"":{""enabled"":true,""source"":""wind"",""sourceSettings"":{""speed"":8,""radius"":40,""cp"":40,""rating"":3000},""profileId"":""steady"",""sourceUnits"":1,""offset"":0},""flex"":{""enabled"":true,""percent"":50,""fromStart"":160,""fromMinutes"":80,""toStart"":40,""toMinutes"":80},""battery"":{""capacity"":10,""power"":5,""roundtrip"":100,""initial"":75},""batteryUnits"":1,""reserve"":0,""demand"":3.75,""policy"":""release"",""loadId"":""flat"",""grid"":""outage"",""gridLimit"":{""enabled"":true,""power"":3.75},""outageStart"":90,""outageMinutes"":60,""duration"":240}"
140,"baseline","4:release",3.75,592.6983992293208,"false",0,0,0,0,588.9483992293208,0,0,10,0,0,0,0,588.9483992293208,0,0,10,0,0,0,0,0,0,0,0,5,1,"{""source"":""solarPv"",""sourceSettings"":{""irradiance"":0,""area"":20,""efficiency"":20,""incidence"":20},""profileId"":""steady"",""sourceUnits"":1,""companion"":{""enabled"":true,""source"":""wind"",""sourceSettings"":{""speed"":8,""radius"":40,""cp"":40,""rating"":3000},""profileId"":""steady"",""sourceUnits"":1,""offset"":0},""flex"":{""enabled"":true,""percent"":50,""fromStart"":160,""fromMinutes"":80,""toStart"":40,""toMinutes"":80},""battery"":{""capacity"":10,""power"":5,""roundtrip"":100,""initial"":75},""batteryUnits"":1,""reserve"":0,""demand"":3.75,""policy"":""backup"",""loadId"":""flat"",""grid"":""outage"",""gridLimit"":{""enabled"":false,""power"":2.5},""outageStart"":90,""outageMinutes"":60,""duration"":240}","{""source"":""solarPv"",""sourceSettings"":{""irradiance"":0,""area"":20,""efficiency"":20,""incidence"":20},""profileId"":""steady"",""sourceUnits"":1,""companion"":{""enabled"":true,""source"":""wind"",""sourceSettings"":{""speed"":8,""radius"":40,""cp"":40,""rating"":3000},""profileId"":""steady"",""sourceUnits"":1,""offset"":0},""flex"":{""enabled"":true,""percent"":50,""fromStart"":160,""fromMinutes"":80,""toStart"":40,""toMinutes"":80},""battery"":{""capacity"":10,""power"":5,""roundtrip"":100,""initial"":75},""batteryUnits"":1,""reserve"":0,""demand"":3.75,""policy"":""release"",""loadId"":""flat"",""grid"":""outage"",""gridLimit"":{""enabled"":true,""power"":3.75},""outageStart"":90,""outageMinutes"":60,""duration"":240}"
141,"baseline","4:release",3.75,592.6983992293208,"false",0,0,0,0,588.9483992293208,0,0,10,0,0,0,0,588.9483992293208,0,0,10,0,0,0,0,0,0,0,0,5,1,"{""source"":""solarPv"",""sourceSettings"":{""irradiance"":0,""area"":20,""efficiency"":20,""incidence"":20},""profileId"":""steady"",""sourceUnits"":1,""companion"":{""enabled"":true,""source"":""wind"",""sourceSettings"":{""speed"":8,""radius"":40,""cp"":40,""rating"":3000},""profileId"":""steady"",""sourceUnits"":1,""offset"":0},""flex"":{""enabled"":true,""percent"":50,""fromStart"":160,""fromMinutes"":80,""toStart"":40,""toMinutes"":80},""battery"":{""capacity"":10,""power"":5,""roundtrip"":100,""initial"":75},""batteryUnits"":1,""reserve"":0,""demand"":3.75,""policy"":""backup"",""loadId"":""flat"",""grid"":""outage"",""gridLimit"":{""enabled"":false,""power"":2.5},""outageStart"":90,""outageMinutes"":60,""duration"":240}","{""source"":""solarPv"",""sourceSettings"":{""irradiance"":0,""area"":20,""efficiency"":20,""incidence"":20},""profileId"":""steady"",""sourceUnits"":1,""companion"":{""enabled"":true,""source"":""wind"",""sourceSettings"":{""speed"":8,""radius"":40,""cp"":40,""rating"":3000},""profileId"":""steady"",""sourceUnits"":1,""offset"":0},""flex"":{""enabled"":true,""percent"":50,""fromStart"":160,""fromMinutes"":80,""toStart"":40,""toMinutes"":80},""battery"":{""capacity"":10,""power"":5,""roundtrip"":100,""initial"":75},""batteryUnits"":1,""reserve"":0,""demand"":3.75,""policy"":""release"",""loadId"":""flat"",""grid"":""outage"",""gridLimit"":{""enabled"":true,""power"":3.75},""outageStart"":90,""outageMinutes"":60,""duration"":240}"
142,"baseline","4:release",3.75,592.6983992293208,"false",0,0,0,0,588.9483992293208,0,0,10,0,0,0,0,588.9483992293208,0,0,10,0,0,0,0,0,0,0,0,5,1,"{""source"":""solarPv"",""sourceSettings"":{""irradiance"":0,""area"":20,""efficiency"":20,""incidence"":20},""profileId"":""steady"",""sourceUnits"":1,""companion"":{""enabled"":true,""source"":""wind"",""sourceSettings"":{""speed"":8,""radius"":40,""cp"":40,""rating"":3000},""profileId"":""steady"",""sourceUnits"":1,""offset"":0},""flex"":{""enabled"":true,""percent"":50,""fromStart"":160,""fromMinutes"":80,""toStart"":40,""toMinutes"":80},""battery"":{""capacity"":10,""power"":5,""roundtrip"":100,""initial"":75},""batteryUnits"":1,""reserve"":0,""demand"":3.75,""policy"":""backup"",""loadId"":""flat"",""grid"":""outage"",""gridLimit"":{""enabled"":false,""power"":2.5},""outageStart"":90,""outageMinutes"":60,""duration"":240}","{""source"":""solarPv"",""sourceSettings"":{""irradiance"":0,""area"":20,""efficiency"":20,""incidence"":20},""profileId"":""steady"",""sourceUnits"":1,""companion"":{""enabled"":true,""source"":""wind"",""sourceSettings"":{""speed"":8,""radius"":40,""cp"":40,""rating"":3000},""profileId"":""steady"",""sourceUnits"":1,""offset"":0},""flex"":{""enabled"":true,""percent"":50,""fromStart"":160,""fromMinutes"":80,""toStart"":40,""toMinutes"":80},""battery"":{""capacity"":10,""power"":5,""roundtrip"":100,""initial"":75},""batteryUnits"":1,""reserve"":0,""demand"":3.75,""policy"":""release"",""loadId"":""flat"",""grid"":""outage"",""gridLimit"":{""enabled"":true,""power"":3.75},""outageStart"":90,""outageMinutes"":60,""duration"":240}"
143,"baseline","4:release",3.75,592.6983992293208,"false",0,0,0,0,588.9483992293208,0,0,10,0,0,0,0,588.9483992293208,0,0,10,0,0,0,0,0,0,0,0,5,1,"{""source"":""solarPv"",""sourceSettings"":{""irradiance"":0,""area"":20,""efficiency"":20,""incidence"":20},""profileId"":""steady"",""sourceUnits"":1,""companion"":{""enabled"":true,""source"":""wind"",""sourceSettings"":{""speed"":8,""radius"":40,""cp"":40,""rating"":3000},""profileId"":""steady"",""sourceUnits"":1,""offset"":0},""flex"":{""enabled"":true,""percent"":50,""fromStart"":160,""fromMinutes"":80,""toStart"":40,""toMinutes"":80},""battery"":{""capacity"":10,""power"":5,""roundtrip"":100,""initial"":75},""batteryUnits"":1,""reserve"":0,""demand"":3.75,""policy"":""backup"",""loadId"":""flat"",""grid"":""outage"",""gridLimit"":{""enabled"":false,""power"":2.5},""outageStart"":90,""outageMinutes"":60,""duration"":240}","{""source"":""solarPv"",""sourceSettings"":{""irradiance"":0,""area"":20,""efficiency"":20,""incidence"":20},""profileId"":""steady"",""sourceUnits"":1,""companion"":{""enabled"":true,""source"":""wind"",""sourceSettings"":{""speed"":8,""radius"":40,""cp"":40,""rating"":3000},""profileId"":""steady"",""sourceUnits"":1,""offset"":0},""flex"":{""enabled"":true,""percent"":50,""fromStart"":160,""fromMinutes"":80,""toStart"":40,""toMinutes"":80},""battery"":{""capacity"":10,""power"":5,""roundtrip"":100,""initial"":75},""batteryUnits"":1,""reserve"":0,""demand"":3.75,""policy"":""release"",""loadId"":""flat"",""grid"":""outage"",""gridLimit"":{""enabled"":true,""power"":3.75},""outageStart"":90,""outageMinutes"":60,""duration"":240}"
144,"baseline","4:release",3.75,592.6983992293208,"false",0,0,0,0,588.9483992293208,0,0,10,0,0,0,0,588.9483992293208,0,0,10,0,0,0,0,0,0,0,0,5,1,"{""source"":""solarPv"",""sourceSettings"":{""irradiance"":0,""area"":20,""efficiency"":20,""incidence"":20},""profileId"":""steady"",""sourceUnits"":1,""companion"":{""enabled"":true,""source"":""wind"",""sourceSettings"":{""speed"":8,""radius"":40,""cp"":40,""rating"":3000},""profileId"":""steady"",""sourceUnits"":1,""offset"":0},""flex"":{""enabled"":true,""percent"":50,""fromStart"":160,""fromMinutes"":80,""toStart"":40,""toMinutes"":80},""battery"":{""capacity"":10,""power"":5,""roundtrip"":100,""initial"":75},""batteryUnits"":1,""reserve"":0,""demand"":3.75,""policy"":""backup"",""loadId"":""flat"",""grid"":""outage"",""gridLimit"":{""enabled"":false,""power"":2.5},""outageStart"":90,""outageMinutes"":60,""duration"":240}","{""source"":""solarPv"",""sourceSettings"":{""irradiance"":0,""area"":20,""efficiency"":20,""incidence"":20},""profileId"":""steady"",""sourceUnits"":1,""companion"":{""enabled"":true,""source"":""wind"",""sourceSettings"":{""speed"":8,""radius"":40,""cp"":40,""rating"":3000},""profileId"":""steady"",""sourceUnits"":1,""offset"":0},""flex"":{""enabled"":true,""percent"":50,""fromStart"":160,""fromMinutes"":80,""toStart"":40,""toMinutes"":80},""battery"":{""capacity"":10,""power"":5,""roundtrip"":100,""initial"":75},""batteryUnits"":1,""reserve"":0,""demand"":3.75,""policy"":""release"",""loadId"":""flat"",""grid"":""outage"",""gridLimit"":{""enabled"":true,""power"":3.75},""outageStart"":90,""outageMinutes"":60,""duration"":240}"
145,"baseline","4:release",3.75,592.6983992293208,"false",0,0,0,0,588.9483992293208,0,0,10,0,0,0,0,588.9483992293208,0,0,10,0,0,0,0,0,0,0,0,5,1,"{""source"":""solarPv"",""sourceSettings"":{""irradiance"":0,""area"":20,""efficiency"":20,""incidence"":20},""profileId"":""steady"",""sourceUnits"":1,""companion"":{""enabled"":true,""source"":""wind"",""sourceSettings"":{""speed"":8,""radius"":40,""cp"":40,""rating"":3000},""profileId"":""steady"",""sourceUnits"":1,""offset"":0},""flex"":{""enabled"":true,""percent"":50,""fromStart"":160,""fromMinutes"":80,""toStart"":40,""toMinutes"":80},""battery"":{""capacity"":10,""power"":5,""roundtrip"":100,""initial"":75},""batteryUnits"":1,""reserve"":0,""demand"":3.75,""policy"":""backup"",""loadId"":""flat"",""grid"":""outage"",""gridLimit"":{""enabled"":false,""power"":2.5},""outageStart"":90,""outageMinutes"":60,""duration"":240}","{""source"":""solarPv"",""sourceSettings"":{""irradiance"":0,""area"":20,""efficiency"":20,""incidence"":20},""profileId"":""steady"",""sourceUnits"":1,""companion"":{""enabled"":true,""source"":""wind"",""sourceSettings"":{""speed"":8,""radius"":40,""cp"":40,""rating"":3000},""profileId"":""steady"",""sourceUnits"":1,""offset"":0},""flex"":{""enabled"":true,""percent"":50,""fromStart"":160,""fromMinutes"":80,""toStart"":40,""toMinutes"":80},""battery"":{""capacity"":10,""power"":5,""roundtrip"":100,""initial"":75},""batteryUnits"":1,""reserve"":0,""demand"":3.75,""policy"":""release"",""loadId"":""flat"",""grid"":""outage"",""gridLimit"":{""enabled"":true,""power"":3.75},""outageStart"":90,""outageMinutes"":60,""duration"":240}"
146,"baseline","4:release",3.75,592.6983992293208,"false",0,0,0,0,588.9483992293208,0,0,10,0,0,0,0,588.9483992293208,0,0,10,0,0,0,0,0,0,0,0,5,1,"{""source"":""solarPv"",""sourceSettings"":{""irradiance"":0,""area"":20,""efficiency"":20,""incidence"":20},""profileId"":""steady"",""sourceUnits"":1,""companion"":{""enabled"":true,""source"":""wind"",""sourceSettings"":{""speed"":8,""radius"":40,""cp"":40,""rating"":3000},""profileId"":""steady"",""sourceUnits"":1,""offset"":0},""flex"":{""enabled"":true,""percent"":50,""fromStart"":160,""fromMinutes"":80,""toStart"":40,""toMinutes"":80},""battery"":{""capacity"":10,""power"":5,""roundtrip"":100,""initial"":75},""batteryUnits"":1,""reserve"":0,""demand"":3.75,""policy"":""backup"",""loadId"":""flat"",""grid"":""outage"",""gridLimit"":{""enabled"":false,""power"":2.5},""outageStart"":90,""outageMinutes"":60,""duration"":240}","{""source"":""solarPv"",""sourceSettings"":{""irradiance"":0,""area"":20,""efficiency"":20,""incidence"":20},""profileId"":""steady"",""sourceUnits"":1,""companion"":{""enabled"":true,""source"":""wind"",""sourceSettings"":{""speed"":8,""radius"":40,""cp"":40,""rating"":3000},""profileId"":""steady"",""sourceUnits"":1,""offset"":0},""flex"":{""enabled"":true,""percent"":50,""fromStart"":160,""fromMinutes"":80,""toStart"":40,""toMinutes"":80},""battery"":{""capacity"":10,""power"":5,""roundtrip"":100,""initial"":75},""batteryUnits"":1,""reserve"":0,""demand"":3.75,""policy"":""release"",""loadId"":""flat"",""grid"":""outage"",""gridLimit"":{""enabled"":true,""power"":3.75},""outageStart"":90,""outageMinutes"":60,""duration"":240}"
147,"baseline","4:release",3.75,592.6983992293208,"false",0,0,0,0,588.9483992293208,0,0,10,0,0,0,0,588.9483992293208,0,0,10,0,0,0,0,0,0,0,0,5,1,"{""source"":""solarPv"",""sourceSettings"":{""irradiance"":0,""area"":20,""efficiency"":20,""incidence"":20},""profileId"":""steady"",""sourceUnits"":1,""companion"":{""enabled"":true,""source"":""wind"",""sourceSettings"":{""speed"":8,""radius"":40,""cp"":40,""rating"":3000},""profileId"":""steady"",""sourceUnits"":1,""offset"":0},""flex"":{""enabled"":true,""percent"":50,""fromStart"":160,""fromMinutes"":80,""toStart"":40,""toMinutes"":80},""battery"":{""capacity"":10,""power"":5,""roundtrip"":100,""initial"":75},""batteryUnits"":1,""reserve"":0,""demand"":3.75,""policy"":""backup"",""loadId"":""flat"",""grid"":""outage"",""gridLimit"":{""enabled"":false,""power"":2.5},""outageStart"":90,""outageMinutes"":60,""duration"":240}","{""source"":""solarPv"",""sourceSettings"":{""irradiance"":0,""area"":20,""efficiency"":20,""incidence"":20},""profileId"":""steady"",""sourceUnits"":1,""companion"":{""enabled"":true,""source"":""wind"",""sourceSettings"":{""speed"":8,""radius"":40,""cp"":40,""rating"":3000},""profileId"":""steady"",""sourceUnits"":1,""offset"":0},""flex"":{""enabled"":true,""percent"":50,""fromStart"":160,""fromMinutes"":80,""toStart"":40,""toMinutes"":80},""battery"":{""capacity"":10,""power"":5,""roundtrip"":100,""initial"":75},""batteryUnits"":1,""reserve"":0,""demand"":3.75,""policy"":""release"",""loadId"":""flat"",""grid"":""outage"",""gridLimit"":{""enabled"":true,""power"":3.75},""outageStart"":90,""outageMinutes"":60,""duration"":240}"
148,"baseline","4:release",3.75,592.6983992293208,"false",0,0,0,0,588.9483992293208,0,0,10,0,0,0,0,588.9483992293208,0,0,10,0,0,0,0,0,0,0,0,5,1,"{""source"":""solarPv"",""sourceSettings"":{""irradiance"":0,""area"":20,""efficiency"":20,""incidence"":20},""profileId"":""steady"",""sourceUnits"":1,""companion"":{""enabled"":true,""source"":""wind"",""sourceSettings"":{""speed"":8,""radius"":40,""cp"":40,""rating"":3000},""profileId"":""steady"",""sourceUnits"":1,""offset"":0},""flex"":{""enabled"":true,""percent"":50,""fromStart"":160,""fromMinutes"":80,""toStart"":40,""toMinutes"":80},""battery"":{""capacity"":10,""power"":5,""roundtrip"":100,""initial"":75},""batteryUnits"":1,""reserve"":0,""demand"":3.75,""policy"":""backup"",""loadId"":""flat"",""grid"":""outage"",""gridLimit"":{""enabled"":false,""power"":2.5},""outageStart"":90,""outageMinutes"":60,""duration"":240}","{""source"":""solarPv"",""sourceSettings"":{""irradiance"":0,""area"":20,""efficiency"":20,""incidence"":20},""profileId"":""steady"",""sourceUnits"":1,""companion"":{""enabled"":true,""source"":""wind"",""sourceSettings"":{""speed"":8,""radius"":40,""cp"":40,""rating"":3000},""profileId"":""steady"",""sourceUnits"":1,""offset"":0},""flex"":{""enabled"":true,""percent"":50,""fromStart"":160,""fromMinutes"":80,""toStart"":40,""toMinutes"":80},""battery"":{""capacity"":10,""power"":5,""roundtrip"":100,""initial"":75},""batteryUnits"":1,""reserve"":0,""demand"":3.75,""policy"":""release"",""loadId"":""flat"",""grid"":""outage"",""gridLimit"":{""enabled"":true,""power"":3.75},""outageStart"":90,""outageMinutes"":60,""duration"":240}"
149,"baseline","4:release",3.75,592.6983992293208,"false",0,0,0,0,588.9483992293208,0,0,10,0,0,0,0,588.9483992293208,0,0,10,0,0,0,0,0,0,0,0,5,1,"{""source"":""solarPv"",""sourceSettings"":{""irradiance"":0,""area"":20,""efficiency"":20,""incidence"":20},""profileId"":""steady"",""sourceUnits"":1,""companion"":{""enabled"":true,""source"":""wind"",""sourceSettings"":{""speed"":8,""radius"":40,""cp"":40,""rating"":3000},""profileId"":""steady"",""sourceUnits"":1,""offset"":0},""flex"":{""enabled"":true,""percent"":50,""fromStart"":160,""fromMinutes"":80,""toStart"":40,""toMinutes"":80},""battery"":{""capacity"":10,""power"":5,""roundtrip"":100,""initial"":75},""batteryUnits"":1,""reserve"":0,""demand"":3.75,""policy"":""backup"",""loadId"":""flat"",""grid"":""outage"",""gridLimit"":{""enabled"":false,""power"":2.5},""outageStart"":90,""outageMinutes"":60,""duration"":240}","{""source"":""solarPv"",""sourceSettings"":{""irradiance"":0,""area"":20,""efficiency"":20,""incidence"":20},""profileId"":""steady"",""sourceUnits"":1,""companion"":{""enabled"":true,""source"":""wind"",""sourceSettings"":{""speed"":8,""radius"":40,""cp"":40,""rating"":3000},""profileId"":""steady"",""sourceUnits"":1,""offset"":0},""flex"":{""enabled"":true,""percent"":50,""fromStart"":160,""fromMinutes"":80,""toStart"":40,""toMinutes"":80},""battery"":{""capacity"":10,""power"":5,""roundtrip"":100,""initial"":75},""batteryUnits"":1,""reserve"":0,""demand"":3.75,""policy"":""release"",""loadId"":""flat"",""grid"":""outage"",""gridLimit"":{""enabled"":true,""power"":3.75},""outageStart"":90,""outageMinutes"":60,""duration"":240}"
150,"baseline","4:release",3.75,592.6983992293208,"true",0,0,0,0,588.9483992293208,0,0,10,0,0,0,0,588.9483992293208,0,0,10,0,0,0,0,0,0,0,0,5,1,"{""source"":""solarPv"",""sourceSettings"":{""irradiance"":0,""area"":20,""efficiency"":20,""incidence"":20},""profileId"":""steady"",""sourceUnits"":1,""companion"":{""enabled"":true,""source"":""wind"",""sourceSettings"":{""speed"":8,""radius"":40,""cp"":40,""rating"":3000},""profileId"":""steady"",""sourceUnits"":1,""offset"":0},""flex"":{""enabled"":true,""percent"":50,""fromStart"":160,""fromMinutes"":80,""toStart"":40,""toMinutes"":80},""battery"":{""capacity"":10,""power"":5,""roundtrip"":100,""initial"":75},""batteryUnits"":1,""reserve"":0,""demand"":3.75,""policy"":""backup"",""loadId"":""flat"",""grid"":""outage"",""gridLimit"":{""enabled"":false,""power"":2.5},""outageStart"":90,""outageMinutes"":60,""duration"":240}","{""source"":""solarPv"",""sourceSettings"":{""irradiance"":0,""area"":20,""efficiency"":20,""incidence"":20},""profileId"":""steady"",""sourceUnits"":1,""companion"":{""enabled"":true,""source"":""wind"",""sourceSettings"":{""speed"":8,""radius"":40,""cp"":40,""rating"":3000},""profileId"":""steady"",""sourceUnits"":1,""offset"":0},""flex"":{""enabled"":true,""percent"":50,""fromStart"":160,""fromMinutes"":80,""toStart"":40,""toMinutes"":80},""battery"":{""capacity"":10,""power"":5,""roundtrip"":100,""initial"":75},""batteryUnits"":1,""reserve"":0,""demand"":3.75,""policy"":""release"",""loadId"":""flat"",""grid"":""outage"",""gridLimit"":{""enabled"":true,""power"":3.75},""outageStart"":90,""outageMinutes"":60,""duration"":240}"
151,"baseline","4:release",3.75,592.6983992293208,"true",0,0,0,0,588.9483992293208,0,0,10,0,0,0,0,588.9483992293208,0,0,10,0,0,0,0,0,0,0,0,5,1,"{""source"":""solarPv"",""sourceSettings"":{""irradiance"":0,""area"":20,""efficiency"":20,""incidence"":20},""profileId"":""steady"",""sourceUnits"":1,""companion"":{""enabled"":true,""source"":""wind"",""sourceSettings"":{""speed"":8,""radius"":40,""cp"":40,""rating"":3000},""profileId"":""steady"",""sourceUnits"":1,""offset"":0},""flex"":{""enabled"":true,""percent"":50,""fromStart"":160,""fromMinutes"":80,""toStart"":40,""toMinutes"":80},""battery"":{""capacity"":10,""power"":5,""roundtrip"":100,""initial"":75},""batteryUnits"":1,""reserve"":0,""demand"":3.75,""policy"":""backup"",""loadId"":""flat"",""grid"":""outage"",""gridLimit"":{""enabled"":false,""power"":2.5},""outageStart"":90,""outageMinutes"":60,""duration"":240}","{""source"":""solarPv"",""sourceSettings"":{""irradiance"":0,""area"":20,""efficiency"":20,""incidence"":20},""profileId"":""steady"",""sourceUnits"":1,""companion"":{""enabled"":true,""source"":""wind"",""sourceSettings"":{""speed"":8,""radius"":40,""cp"":40,""rating"":3000},""profileId"":""steady"",""sourceUnits"":1,""offset"":0},""flex"":{""enabled"":true,""percent"":50,""fromStart"":160,""fromMinutes"":80,""toStart"":40,""toMinutes"":80},""battery"":{""capacity"":10,""power"":5,""roundtrip"":100,""initial"":75},""batteryUnits"":1,""reserve"":0,""demand"":3.75,""policy"":""release"",""loadId"":""flat"",""grid"":""outage"",""gridLimit"":{""enabled"":true,""power"":3.75},""outageStart"":90,""outageMinutes"":60,""duration"":240}"
152,"baseline","4:release",3.75,592.6983992293208,"true",0,0,0,0,588.9483992293208,0,0,10,0,0,0,0,588.9483992293208,0,0,10,0,0,0,0,0,0,0,0,5,1,"{""source"":""solarPv"",""sourceSettings"":{""irradiance"":0,""area"":20,""efficiency"":20,""incidence"":20},""profileId"":""steady"",""sourceUnits"":1,""companion"":{""enabled"":true,""source"":""wind"",""sourceSettings"":{""speed"":8,""radius"":40,""cp"":40,""rating"":3000},""profileId"":""steady"",""sourceUnits"":1,""offset"":0},""flex"":{""enabled"":true,""percent"":50,""fromStart"":160,""fromMinutes"":80,""toStart"":40,""toMinutes"":80},""battery"":{""capacity"":10,""power"":5,""roundtrip"":100,""initial"":75},""batteryUnits"":1,""reserve"":0,""demand"":3.75,""policy"":""backup"",""loadId"":""flat"",""grid"":""outage"",""gridLimit"":{""enabled"":false,""power"":2.5},""outageStart"":90,""outageMinutes"":60,""duration"":240}","{""source"":""solarPv"",""sourceSettings"":{""irradiance"":0,""area"":20,""efficiency"":20,""incidence"":20},""profileId"":""steady"",""sourceUnits"":1,""companion"":{""enabled"":true,""source"":""wind"",""sourceSettings"":{""speed"":8,""radius"":40,""cp"":40,""rating"":3000},""profileId"":""steady"",""sourceUnits"":1,""offset"":0},""flex"":{""enabled"":true,""percent"":50,""fromStart"":160,""fromMinutes"":80,""toStart"":40,""toMinutes"":80},""battery"":{""capacity"":10,""power"":5,""roundtrip"":100,""initial"":75},""batteryUnits"":1,""reserve"":0,""demand"":3.75,""policy"":""release"",""loadId"":""flat"",""grid"":""outage"",""gridLimit"":{""enabled"":true,""power"":3.75},""outageStart"":90,""outageMinutes"":60,""duration"":240}"
153,"baseline","4:release",3.75,592.6983992293208,"true",0,0,0,0,588.9483992293208,0,0,10,0,0,0,0,588.9483992293208,0,0,10,0,0,0,0,0,0,0,0,5,1,"{""source"":""solarPv"",""sourceSettings"":{""irradiance"":0,""area"":20,""efficiency"":20,""incidence"":20},""profileId"":""steady"",""sourceUnits"":1,""companion"":{""enabled"":true,""source"":""wind"",""sourceSettings"":{""speed"":8,""radius"":40,""cp"":40,""rating"":3000},""profileId"":""steady"",""sourceUnits"":1,""offset"":0},""flex"":{""enabled"":true,""percent"":50,""fromStart"":160,""fromMinutes"":80,""toStart"":40,""toMinutes"":80},""battery"":{""capacity"":10,""power"":5,""roundtrip"":100,""initial"":75},""batteryUnits"":1,""reserve"":0,""demand"":3.75,""policy"":""backup"",""loadId"":""flat"",""grid"":""outage"",""gridLimit"":{""enabled"":false,""power"":2.5},""outageStart"":90,""outageMinutes"":60,""duration"":240}","{""source"":""solarPv"",""sourceSettings"":{""irradiance"":0,""area"":20,""efficiency"":20,""incidence"":20},""profileId"":""steady"",""sourceUnits"":1,""companion"":{""enabled"":true,""source"":""wind"",""sourceSettings"":{""speed"":8,""radius"":40,""cp"":40,""rating"":3000},""profileId"":""steady"",""sourceUnits"":1,""offset"":0},""flex"":{""enabled"":true,""percent"":50,""fromStart"":160,""fromMinutes"":80,""toStart"":40,""toMinutes"":80},""battery"":{""capacity"":10,""power"":5,""roundtrip"":100,""initial"":75},""batteryUnits"":1,""reserve"":0,""demand"":3.75,""policy"":""release"",""loadId"":""flat"",""grid"":""outage"",""gridLimit"":{""enabled"":true,""power"":3.75},""outageStart"":90,""outageMinutes"":60,""duration"":240}"
154,"baseline","4:release",3.75,592.6983992293208,"true",0,0,0,0,588.9483992293208,0,0,10,0,0,0,0,588.9483992293208,0,0,10,0,0,0,0,0,0,0,0,5,1,"{""source"":""solarPv"",""sourceSettings"":{""irradiance"":0,""area"":20,""efficiency"":20,""incidence"":20},""profileId"":""steady"",""sourceUnits"":1,""companion"":{""enabled"":true,""source"":""wind"",""sourceSettings"":{""speed"":8,""radius"":40,""cp"":40,""rating"":3000},""profileId"":""steady"",""sourceUnits"":1,""offset"":0},""flex"":{""enabled"":true,""percent"":50,""fromStart"":160,""fromMinutes"":80,""toStart"":40,""toMinutes"":80},""battery"":{""capacity"":10,""power"":5,""roundtrip"":100,""initial"":75},""batteryUnits"":1,""reserve"":0,""demand"":3.75,""policy"":""backup"",""loadId"":""flat"",""grid"":""outage"",""gridLimit"":{""enabled"":false,""power"":2.5},""outageStart"":90,""outageMinutes"":60,""duration"":240}","{""source"":""solarPv"",""sourceSettings"":{""irradiance"":0,""area"":20,""efficiency"":20,""incidence"":20},""profileId"":""steady"",""sourceUnits"":1,""companion"":{""enabled"":true,""source"":""wind"",""sourceSettings"":{""speed"":8,""radius"":40,""cp"":40,""rating"":3000},""profileId"":""steady"",""sourceUnits"":1,""offset"":0},""flex"":{""enabled"":true,""percent"":50,""fromStart"":160,""fromMinutes"":80,""toStart"":40,""toMinutes"":80},""battery"":{""capacity"":10,""power"":5,""roundtrip"":100,""initial"":75},""batteryUnits"":1,""reserve"":0,""demand"":3.75,""policy"":""release"",""loadId"":""flat"",""grid"":""outage"",""gridLimit"":{""enabled"":true,""power"":3.75},""outageStart"":90,""outageMinutes"":60,""duration"":240}"
155,"baseline","4:release",3.75,592.6983992293208,"true",0,0,0,0,588.9483992293208,0,0,10,0,0,0,0,588.9483992293208,0,0,10,0,0,0,0,0,0,0,0,5,1,"{""source"":""solarPv"",""sourceSettings"":{""irradiance"":0,""area"":20,""efficiency"":20,""incidence"":20},""profileId"":""steady"",""sourceUnits"":1,""companion"":{""enabled"":true,""source"":""wind"",""sourceSettings"":{""speed"":8,""radius"":40,""cp"":40,""rating"":3000},""profileId"":""steady"",""sourceUnits"":1,""offset"":0},""flex"":{""enabled"":true,""percent"":50,""fromStart"":160,""fromMinutes"":80,""toStart"":40,""toMinutes"":80},""battery"":{""capacity"":10,""power"":5,""roundtrip"":100,""initial"":75},""batteryUnits"":1,""reserve"":0,""demand"":3.75,""policy"":""backup"",""loadId"":""flat"",""grid"":""outage"",""gridLimit"":{""enabled"":false,""power"":2.5},""outageStart"":90,""outageMinutes"":60,""duration"":240}","{""source"":""solarPv"",""sourceSettings"":{""irradiance"":0,""area"":20,""efficiency"":20,""incidence"":20},""profileId"":""steady"",""sourceUnits"":1,""companion"":{""enabled"":true,""source"":""wind"",""sourceSettings"":{""speed"":8,""radius"":40,""cp"":40,""rating"":3000},""profileId"":""steady"",""sourceUnits"":1,""offset"":0},""flex"":{""enabled"":true,""percent"":50,""fromStart"":160,""fromMinutes"":80,""toStart"":40,""toMinutes"":80},""battery"":{""capacity"":10,""power"":5,""roundtrip"":100,""initial"":75},""batteryUnits"":1,""reserve"":0,""demand"":3.75,""policy"":""release"",""loadId"":""flat"",""grid"":""outage"",""gridLimit"":{""enabled"":true,""power"":3.75},""outageStart"":90,""outageMinutes"":60,""duration"":240}"
156,"baseline","4:release",3.75,592.6983992293208,"true",0,0,0,0,588.9483992293208,0,0,10,0,0,0,0,588.9483992293208,0,0,10,0,0,0,0,0,0,0,0,5,1,"{""source"":""solarPv"",""sourceSettings"":{""irradiance"":0,""area"":20,""efficiency"":20,""incidence"":20},""profileId"":""steady"",""sourceUnits"":1,""companion"":{""enabled"":true,""source"":""wind"",""sourceSettings"":{""speed"":8,""radius"":40,""cp"":40,""rating"":3000},""profileId"":""steady"",""sourceUnits"":1,""offset"":0},""flex"":{""enabled"":true,""percent"":50,""fromStart"":160,""fromMinutes"":80,""toStart"":40,""toMinutes"":80},""battery"":{""capacity"":10,""power"":5,""roundtrip"":100,""initial"":75},""batteryUnits"":1,""reserve"":0,""demand"":3.75,""policy"":""backup"",""loadId"":""flat"",""grid"":""outage"",""gridLimit"":{""enabled"":false,""power"":2.5},""outageStart"":90,""outageMinutes"":60,""duration"":240}","{""source"":""solarPv"",""sourceSettings"":{""irradiance"":0,""area"":20,""efficiency"":20,""incidence"":20},""profileId"":""steady"",""sourceUnits"":1,""companion"":{""enabled"":true,""source"":""wind"",""sourceSettings"":{""speed"":8,""radius"":40,""cp"":40,""rating"":3000},""profileId"":""steady"",""sourceUnits"":1,""offset"":0},""flex"":{""enabled"":true,""percent"":50,""fromStart"":160,""fromMinutes"":80,""toStart"":40,""toMinutes"":80},""battery"":{""capacity"":10,""power"":5,""roundtrip"":100,""initial"":75},""batteryUnits"":1,""reserve"":0,""demand"":3.75,""policy"":""release"",""loadId"":""flat"",""grid"":""outage"",""gridLimit"":{""enabled"":true,""power"":3.75},""outageStart"":90,""outageMinutes"":60,""duration"":240}"
157,"baseline","4:release",3.75,592.6983992293208,"true",0,0,0,0,588.9483992293208,0,0,10,0,0,0,0,588.9483992293208,0,0,10,0,0,0,0,0,0,0,0,5,1,"{""source"":""solarPv"",""sourceSettings"":{""irradiance"":0,""area"":20,""efficiency"":20,""incidence"":20},""profileId"":""steady"",""sourceUnits"":1,""companion"":{""enabled"":true,""source"":""wind"",""sourceSettings"":{""speed"":8,""radius"":40,""cp"":40,""rating"":3000},""profileId"":""steady"",""sourceUnits"":1,""offset"":0},""flex"":{""enabled"":true,""percent"":50,""fromStart"":160,""fromMinutes"":80,""toStart"":40,""toMinutes"":80},""battery"":{""capacity"":10,""power"":5,""roundtrip"":100,""initial"":75},""batteryUnits"":1,""reserve"":0,""demand"":3.75,""policy"":""backup"",""loadId"":""flat"",""grid"":""outage"",""gridLimit"":{""enabled"":false,""power"":2.5},""outageStart"":90,""outageMinutes"":60,""duration"":240}","{""source"":""solarPv"",""sourceSettings"":{""irradiance"":0,""area"":20,""efficiency"":20,""incidence"":20},""profileId"":""steady"",""sourceUnits"":1,""companion"":{""enabled"":true,""source"":""wind"",""sourceSettings"":{""speed"":8,""radius"":40,""cp"":40,""rating"":3000},""profileId"":""steady"",""sourceUnits"":1,""offset"":0},""flex"":{""enabled"":true,""percent"":50,""fromStart"":160,""fromMinutes"":80,""toStart"":40,""toMinutes"":80},""battery"":{""capacity"":10,""power"":5,""roundtrip"":100,""initial"":75},""batteryUnits"":1,""reserve"":0,""demand"":3.75,""policy"":""release"",""loadId"":""flat"",""grid"":""outage"",""gridLimit"":{""enabled"":true,""power"":3.75},""outageStart"":90,""outageMinutes"":60,""duration"":240}"
158,"baseline","4:release",3.75,592.6983992293208,"true",0,0,0,0,588.9483992293208,0,0,10,0,0,0,0,588.9483992293208,0,0,10,0,0,0,0,0,0,0,0,5,1,"{""source"":""solarPv"",""sourceSettings"":{""irradiance"":0,""area"":20,""efficiency"":20,""incidence"":20},""profileId"":""steady"",""sourceUnits"":1,""companion"":{""enabled"":true,""source"":""wind"",""sourceSettings"":{""speed"":8,""radius"":40,""cp"":40,""rating"":3000},""profileId"":""steady"",""sourceUnits"":1,""offset"":0},""flex"":{""enabled"":true,""percent"":50,""fromStart"":160,""fromMinutes"":80,""toStart"":40,""toMinutes"":80},""battery"":{""capacity"":10,""power"":5,""roundtrip"":100,""initial"":75},""batteryUnits"":1,""reserve"":0,""demand"":3.75,""policy"":""backup"",""loadId"":""flat"",""grid"":""outage"",""gridLimit"":{""enabled"":false,""power"":2.5},""outageStart"":90,""outageMinutes"":60,""duration"":240}","{""source"":""solarPv"",""sourceSettings"":{""irradiance"":0,""area"":20,""efficiency"":20,""incidence"":20},""profileId"":""steady"",""sourceUnits"":1,""companion"":{""enabled"":true,""source"":""wind"",""sourceSettings"":{""speed"":8,""radius"":40,""cp"":40,""rating"":3000},""profileId"":""steady"",""sourceUnits"":1,""offset"":0},""flex"":{""enabled"":true,""percent"":50,""fromStart"":160,""fromMinutes"":80,""toStart"":40,""toMinutes"":80},""battery"":{""capacity"":10,""power"":5,""roundtrip"":100,""initial"":75},""batteryUnits"":1,""reserve"":0,""demand"":3.75,""policy"":""release"",""loadId"":""flat"",""grid"":""outage"",""gridLimit"":{""enabled"":true,""power"":3.75},""outageStart"":90,""outageMinutes"":60,""duration"":240}"
159,"baseline","4:release",3.75,592.6983992293208,"true",0,0,0,0,588.9483992293208,0,0,10,0,0,0,0,588.9483992293208,0,0,10,0,0,0,0,0,0,0,0,5,1,"{""source"":""solarPv"",""sourceSettings"":{""irradiance"":0,""area"":20,""efficiency"":20,""incidence"":20},""profileId"":""steady"",""sourceUnits"":1,""companion"":{""enabled"":true,""source"":""wind"",""sourceSettings"":{""speed"":8,""radius"":40,""cp"":40,""rating"":3000},""profileId"":""steady"",""sourceUnits"":1,""offset"":0},""flex"":{""enabled"":true,""percent"":50,""fromStart"":160,""fromMinutes"":80,""toStart"":40,""toMinutes"":80},""battery"":{""capacity"":10,""power"":5,""roundtrip"":100,""initial"":75},""batteryUnits"":1,""reserve"":0,""demand"":3.75,""policy"":""backup"",""loadId"":""flat"",""grid"":""outage"",""gridLimit"":{""enabled"":false,""power"":2.5},""outageStart"":90,""outageMinutes"":60,""duration"":240}","{""source"":""solarPv"",""sourceSettings"":{""irradiance"":0,""area"":20,""efficiency"":20,""incidence"":20},""profileId"":""steady"",""sourceUnits"":1,""companion"":{""enabled"":true,""source"":""wind"",""sourceSettings"":{""speed"":8,""radius"":40,""cp"":40,""rating"":3000},""profileId"":""steady"",""sourceUnits"":1,""offset"":0},""flex"":{""enabled"":true,""percent"":50,""fromStart"":160,""fromMinutes"":80,""toStart"":40,""toMinutes"":80},""battery"":{""capacity"":10,""power"":5,""roundtrip"":100,""initial"":75},""batteryUnits"":1,""reserve"":0,""demand"":3.75,""policy"":""release"",""loadId"":""flat"",""grid"":""outage"",""gridLimit"":{""enabled"":true,""power"":3.75},""outageStart"":90,""outageMinutes"":60,""duration"":240}"
160,"baseline","4:release",1.875,592.6983992293208,"true",0,0,0,0,590.8233992293208,0,0,10,0,0,0,0,590.8233992293208,0,0,10,0,0,0,0,0,0,0,0,5,1,"{""source"":""solarPv"",""sourceSettings"":{""irradiance"":0,""area"":20,""efficiency"":20,""incidence"":20},""profileId"":""steady"",""sourceUnits"":1,""companion"":{""enabled"":true,""source"":""wind"",""sourceSettings"":{""speed"":8,""radius"":40,""cp"":40,""rating"":3000},""profileId"":""steady"",""sourceUnits"":1,""offset"":0},""flex"":{""enabled"":true,""percent"":50,""fromStart"":160,""fromMinutes"":80,""toStart"":40,""toMinutes"":80},""battery"":{""capacity"":10,""power"":5,""roundtrip"":100,""initial"":75},""batteryUnits"":1,""reserve"":0,""demand"":3.75,""policy"":""backup"",""loadId"":""flat"",""grid"":""outage"",""gridLimit"":{""enabled"":false,""power"":2.5},""outageStart"":90,""outageMinutes"":60,""duration"":240}","{""source"":""solarPv"",""sourceSettings"":{""irradiance"":0,""area"":20,""efficiency"":20,""incidence"":20},""profileId"":""steady"",""sourceUnits"":1,""companion"":{""enabled"":true,""source"":""wind"",""sourceSettings"":{""speed"":8,""radius"":40,""cp"":40,""rating"":3000},""profileId"":""steady"",""sourceUnits"":1,""offset"":0},""flex"":{""enabled"":true,""percent"":50,""fromStart"":160,""fromMinutes"":80,""toStart"":40,""toMinutes"":80},""battery"":{""capacity"":10,""power"":5,""roundtrip"":100,""initial"":75},""batteryUnits"":1,""reserve"":0,""demand"":3.75,""policy"":""release"",""loadId"":""flat"",""grid"":""outage"",""gridLimit"":{""enabled"":true,""power"":3.75},""outageStart"":90,""outageMinutes"":60,""duration"":240}"
161,"baseline","4:release",1.875,592.6983992293208,"true",0,0,0,0,590.8233992293208,0,0,10,0,0,0,0,590.8233992293208,0,0,10,0,0,0,0,0,0,0,0,5,1,"{""source"":""solarPv"",""sourceSettings"":{""irradiance"":0,""area"":20,""efficiency"":20,""incidence"":20},""profileId"":""steady"",""sourceUnits"":1,""companion"":{""enabled"":true,""source"":""wind"",""sourceSettings"":{""speed"":8,""radius"":40,""cp"":40,""rating"":3000},""profileId"":""steady"",""sourceUnits"":1,""offset"":0},""flex"":{""enabled"":true,""percent"":50,""fromStart"":160,""fromMinutes"":80,""toStart"":40,""toMinutes"":80},""battery"":{""capacity"":10,""power"":5,""roundtrip"":100,""initial"":75},""batteryUnits"":1,""reserve"":0,""demand"":3.75,""policy"":""backup"",""loadId"":""flat"",""grid"":""outage"",""gridLimit"":{""enabled"":false,""power"":2.5},""outageStart"":90,""outageMinutes"":60,""duration"":240}","{""source"":""solarPv"",""sourceSettings"":{""irradiance"":0,""area"":20,""efficiency"":20,""incidence"":20},""profileId"":""steady"",""sourceUnits"":1,""companion"":{""enabled"":true,""source"":""wind"",""sourceSettings"":{""speed"":8,""radius"":40,""cp"":40,""rating"":3000},""profileId"":""steady"",""sourceUnits"":1,""offset"":0},""flex"":{""enabled"":true,""percent"":50,""fromStart"":160,""fromMinutes"":80,""toStart"":40,""toMinutes"":80},""battery"":{""capacity"":10,""power"":5,""roundtrip"":100,""initial"":75},""batteryUnits"":1,""reserve"":0,""demand"":3.75,""policy"":""release"",""loadId"":""flat"",""grid"":""outage"",""gridLimit"":{""enabled"":true,""power"":3.75},""outageStart"":90,""outageMinutes"":60,""duration"":240}"
162,"baseline","4:release",1.875,592.6983992293208,"true",0,0,0,0,590.8233992293208,0,0,10,0,0,0,0,590.8233992293208,0,0,10,0,0,0,0,0,0,0,0,5,1,"{""source"":""solarPv"",""sourceSettings"":{""irradiance"":0,""area"":20,""efficiency"":20,""incidence"":20},""profileId"":""steady"",""sourceUnits"":1,""companion"":{""enabled"":true,""source"":""wind"",""sourceSettings"":{""speed"":8,""radius"":40,""cp"":40,""rating"":3000},""profileId"":""steady"",""sourceUnits"":1,""offset"":0},""flex"":{""enabled"":true,""percent"":50,""fromStart"":160,""fromMinutes"":80,""toStart"":40,""toMinutes"":80},""battery"":{""capacity"":10,""power"":5,""roundtrip"":100,""initial"":75},""batteryUnits"":1,""reserve"":0,""demand"":3.75,""policy"":""backup"",""loadId"":""flat"",""grid"":""outage"",""gridLimit"":{""enabled"":false,""power"":2.5},""outageStart"":90,""outageMinutes"":60,""duration"":240}","{""source"":""solarPv"",""sourceSettings"":{""irradiance"":0,""area"":20,""efficiency"":20,""incidence"":20},""profileId"":""steady"",""sourceUnits"":1,""companion"":{""enabled"":true,""source"":""wind"",""sourceSettings"":{""speed"":8,""radius"":40,""cp"":40,""rating"":3000},""profileId"":""steady"",""sourceUnits"":1,""offset"":0},""flex"":{""enabled"":true,""percent"":50,""fromStart"":160,""fromMinutes"":80,""toStart"":40,""toMinutes"":80},""battery"":{""capacity"":10,""power"":5,""roundtrip"":100,""initial"":75},""batteryUnits"":1,""reserve"":0,""demand"":3.75,""policy"":""release"",""loadId"":""flat"",""grid"":""outage"",""gridLimit"":{""enabled"":true,""power"":3.75},""outageStart"":90,""outageMinutes"":60,""duration"":240}"
163,"baseline","4:release",1.875,592.6983992293208,"true",0,0,0,0,590.8233992293208,0,0,10,0,0,0,0,590.8233992293208,0,0,10,0,0,0,0,0,0,0,0,5,1,"{""source"":""solarPv"",""sourceSettings"":{""irradiance"":0,""area"":20,""efficiency"":20,""incidence"":20},""profileId"":""steady"",""sourceUnits"":1,""companion"":{""enabled"":true,""source"":""wind"",""sourceSettings"":{""speed"":8,""radius"":40,""cp"":40,""rating"":3000},""profileId"":""steady"",""sourceUnits"":1,""offset"":0},""flex"":{""enabled"":true,""percent"":50,""fromStart"":160,""fromMinutes"":80,""toStart"":40,""toMinutes"":80},""battery"":{""capacity"":10,""power"":5,""roundtrip"":100,""initial"":75},""batteryUnits"":1,""reserve"":0,""demand"":3.75,""policy"":""backup"",""loadId"":""flat"",""grid"":""outage"",""gridLimit"":{""enabled"":false,""power"":2.5},""outageStart"":90,""outageMinutes"":60,""duration"":240}","{""source"":""solarPv"",""sourceSettings"":{""irradiance"":0,""area"":20,""efficiency"":20,""incidence"":20},""profileId"":""steady"",""sourceUnits"":1,""companion"":{""enabled"":true,""source"":""wind"",""sourceSettings"":{""speed"":8,""radius"":40,""cp"":40,""rating"":3000},""profileId"":""steady"",""sourceUnits"":1,""offset"":0},""flex"":{""enabled"":true,""percent"":50,""fromStart"":160,""fromMinutes"":80,""toStart"":40,""toMinutes"":80},""battery"":{""capacity"":10,""power"":5,""roundtrip"":100,""initial"":75},""batteryUnits"":1,""reserve"":0,""demand"":3.75,""policy"":""release"",""loadId"":""flat"",""grid"":""outage"",""gridLimit"":{""enabled"":true,""power"":3.75},""outageStart"":90,""outageMinutes"":60,""duration"":240}"
164,"baseline","4:release",1.875,592.6983992293208,"true",0,0,0,0,590.8233992293208,0,0,10,0,0,0,0,590.8233992293208,0,0,10,0,0,0,0,0,0,0,0,5,1,"{""source"":""solarPv"",""sourceSettings"":{""irradiance"":0,""area"":20,""efficiency"":20,""incidence"":20},""profileId"":""steady"",""sourceUnits"":1,""companion"":{""enabled"":true,""source"":""wind"",""sourceSettings"":{""speed"":8,""radius"":40,""cp"":40,""rating"":3000},""profileId"":""steady"",""sourceUnits"":1,""offset"":0},""flex"":{""enabled"":true,""percent"":50,""fromStart"":160,""fromMinutes"":80,""toStart"":40,""toMinutes"":80},""battery"":{""capacity"":10,""power"":5,""roundtrip"":100,""initial"":75},""batteryUnits"":1,""reserve"":0,""demand"":3.75,""policy"":""backup"",""loadId"":""flat"",""grid"":""outage"",""gridLimit"":{""enabled"":false,""power"":2.5},""outageStart"":90,""outageMinutes"":60,""duration"":240}","{""source"":""solarPv"",""sourceSettings"":{""irradiance"":0,""area"":20,""efficiency"":20,""incidence"":20},""profileId"":""steady"",""sourceUnits"":1,""companion"":{""enabled"":true,""source"":""wind"",""sourceSettings"":{""speed"":8,""radius"":40,""cp"":40,""rating"":3000},""profileId"":""steady"",""sourceUnits"":1,""offset"":0},""flex"":{""enabled"":true,""percent"":50,""fromStart"":160,""fromMinutes"":80,""toStart"":40,""toMinutes"":80},""battery"":{""capacity"":10,""power"":5,""roundtrip"":100,""initial"":75},""batteryUnits"":1,""reserve"":0,""demand"":3.75,""policy"":""release"",""loadId"":""flat"",""grid"":""outage"",""gridLimit"":{""enabled"":true,""power"":3.75},""outageStart"":90,""outageMinutes"":60,""duration"":240}"
165,"baseline","4:release",1.875,592.6983992293208,"true",0,0,0,0,590.8233992293208,0,0,10,0,0,0,0,590.8233992293208,0,0,10,0,0,0,0,0,0,0,0,5,1,"{""source"":""solarPv"",""sourceSettings"":{""irradiance"":0,""area"":20,""efficiency"":20,""incidence"":20},""profileId"":""steady"",""sourceUnits"":1,""companion"":{""enabled"":true,""source"":""wind"",""sourceSettings"":{""speed"":8,""radius"":40,""cp"":40,""rating"":3000},""profileId"":""steady"",""sourceUnits"":1,""offset"":0},""flex"":{""enabled"":true,""percent"":50,""fromStart"":160,""fromMinutes"":80,""toStart"":40,""toMinutes"":80},""battery"":{""capacity"":10,""power"":5,""roundtrip"":100,""initial"":75},""batteryUnits"":1,""reserve"":0,""demand"":3.75,""policy"":""backup"",""loadId"":""flat"",""grid"":""outage"",""gridLimit"":{""enabled"":false,""power"":2.5},""outageStart"":90,""outageMinutes"":60,""duration"":240}","{""source"":""solarPv"",""sourceSettings"":{""irradiance"":0,""area"":20,""efficiency"":20,""incidence"":20},""profileId"":""steady"",""sourceUnits"":1,""companion"":{""enabled"":true,""source"":""wind"",""sourceSettings"":{""speed"":8,""radius"":40,""cp"":40,""rating"":3000},""profileId"":""steady"",""sourceUnits"":1,""offset"":0},""flex"":{""enabled"":true,""percent"":50,""fromStart"":160,""fromMinutes"":80,""toStart"":40,""toMinutes"":80},""battery"":{""capacity"":10,""power"":5,""roundtrip"":100,""initial"":75},""batteryUnits"":1,""reserve"":0,""demand"":3.75,""policy"":""release"",""loadId"":""flat"",""grid"":""outage"",""gridLimit"":{""enabled"":true,""power"":3.75},""outageStart"":90,""outageMinutes"":60,""duration"":240}"
166,"baseline","4:release",1.875,592.6983992293208,"true",0,0,0,0,590.8233992293208,0,0,10,0,0,0,0,590.8233992293208,0,0,10,0,0,0,0,0,0,0,0,5,1,"{""source"":""solarPv"",""sourceSettings"":{""irradiance"":0,""area"":20,""efficiency"":20,""incidence"":20},""profileId"":""steady"",""sourceUnits"":1,""companion"":{""enabled"":true,""source"":""wind"",""sourceSettings"":{""speed"":8,""radius"":40,""cp"":40,""rating"":3000},""profileId"":""steady"",""sourceUnits"":1,""offset"":0},""flex"":{""enabled"":true,""percent"":50,""fromStart"":160,""fromMinutes"":80,""toStart"":40,""toMinutes"":80},""battery"":{""capacity"":10,""power"":5,""roundtrip"":100,""initial"":75},""batteryUnits"":1,""reserve"":0,""demand"":3.75,""policy"":""backup"",""loadId"":""flat"",""grid"":""outage"",""gridLimit"":{""enabled"":false,""power"":2.5},""outageStart"":90,""outageMinutes"":60,""duration"":240}","{""source"":""solarPv"",""sourceSettings"":{""irradiance"":0,""area"":20,""efficiency"":20,""incidence"":20},""profileId"":""steady"",""sourceUnits"":1,""companion"":{""enabled"":true,""source"":""wind"",""sourceSettings"":{""speed"":8,""radius"":40,""cp"":40,""rating"":3000},""profileId"":""steady"",""sourceUnits"":1,""offset"":0},""flex"":{""enabled"":true,""percent"":50,""fromStart"":160,""fromMinutes"":80,""toStart"":40,""toMinutes"":80},""battery"":{""capacity"":10,""power"":5,""roundtrip"":100,""initial"":75},""batteryUnits"":1,""reserve"":0,""demand"":3.75,""policy"":""release"",""loadId"":""flat"",""grid"":""outage"",""gridLimit"":{""enabled"":true,""power"":3.75},""outageStart"":90,""outageMinutes"":60,""duration"":240}"
167,"baseline","4:release",1.875,592.6983992293208,"true",0,0,0,0,590.8233992293208,0,0,10,0,0,0,0,590.8233992293208,0,0,10,0,0,0,0,0,0,0,0,5,1,"{""source"":""solarPv"",""sourceSettings"":{""irradiance"":0,""area"":20,""efficiency"":20,""incidence"":20},""profileId"":""steady"",""sourceUnits"":1,""companion"":{""enabled"":true,""source"":""wind"",""sourceSettings"":{""speed"":8,""radius"":40,""cp"":40,""rating"":3000},""profileId"":""steady"",""sourceUnits"":1,""offset"":0},""flex"":{""enabled"":true,""percent"":50,""fromStart"":160,""fromMinutes"":80,""toStart"":40,""toMinutes"":80},""battery"":{""capacity"":10,""power"":5,""roundtrip"":100,""initial"":75},""batteryUnits"":1,""reserve"":0,""demand"":3.75,""policy"":""backup"",""loadId"":""flat"",""grid"":""outage"",""gridLimit"":{""enabled"":false,""power"":2.5},""outageStart"":90,""outageMinutes"":60,""duration"":240}","{""source"":""solarPv"",""sourceSettings"":{""irradiance"":0,""area"":20,""efficiency"":20,""incidence"":20},""profileId"":""steady"",""sourceUnits"":1,""companion"":{""enabled"":true,""source"":""wind"",""sourceSettings"":{""speed"":8,""radius"":40,""cp"":40,""rating"":3000},""profileId"":""steady"",""sourceUnits"":1,""offset"":0},""flex"":{""enabled"":true,""percent"":50,""fromStart"":160,""fromMinutes"":80,""toStart"":40,""toMinutes"":80},""battery"":{""capacity"":10,""power"":5,""roundtrip"":100,""initial"":75},""batteryUnits"":1,""reserve"":0,""demand"":3.75,""policy"":""release"",""loadId"":""flat"",""grid"":""outage"",""gridLimit"":{""enabled"":true,""power"":3.75},""outageStart"":90,""outageMinutes"":60,""duration"":240}"
168,"baseline","4:release",1.875,592.6983992293208,"true",0,0,0,0,590.8233992293208,0,0,10,0,0,0,0,590.8233992293208,0,0,10,0,0,0,0,0,0,0,0,5,1,"{""source"":""solarPv"",""sourceSettings"":{""irradiance"":0,""area"":20,""efficiency"":20,""incidence"":20},""profileId"":""steady"",""sourceUnits"":1,""companion"":{""enabled"":true,""source"":""wind"",""sourceSettings"":{""speed"":8,""radius"":40,""cp"":40,""rating"":3000},""profileId"":""steady"",""sourceUnits"":1,""offset"":0},""flex"":{""enabled"":true,""percent"":50,""fromStart"":160,""fromMinutes"":80,""toStart"":40,""toMinutes"":80},""battery"":{""capacity"":10,""power"":5,""roundtrip"":100,""initial"":75},""batteryUnits"":1,""reserve"":0,""demand"":3.75,""policy"":""backup"",""loadId"":""flat"",""grid"":""outage"",""gridLimit"":{""enabled"":false,""power"":2.5},""outageStart"":90,""outageMinutes"":60,""duration"":240}","{""source"":""solarPv"",""sourceSettings"":{""irradiance"":0,""area"":20,""efficiency"":20,""incidence"":20},""profileId"":""steady"",""sourceUnits"":1,""companion"":{""enabled"":true,""source"":""wind"",""sourceSettings"":{""speed"":8,""radius"":40,""cp"":40,""rating"":3000},""profileId"":""steady"",""sourceUnits"":1,""offset"":0},""flex"":{""enabled"":true,""percent"":50,""fromStart"":160,""fromMinutes"":80,""toStart"":40,""toMinutes"":80},""battery"":{""capacity"":10,""power"":5,""roundtrip"":100,""initial"":75},""batteryUnits"":1,""reserve"":0,""demand"":3.75,""policy"":""release"",""loadId"":""flat"",""grid"":""outage"",""gridLimit"":{""enabled"":true,""power"":3.75},""outageStart"":90,""outageMinutes"":60,""duration"":240}"
169,"baseline","4:release",1.875,592.6983992293208,"true",0,0,0,0,590.8233992293208,0,0,10,0,0,0,0,590.8233992293208,0,0,10,0,0,0,0,0,0,0,0,5,1,"{""source"":""solarPv"",""sourceSettings"":{""irradiance"":0,""area"":20,""efficiency"":20,""incidence"":20},""profileId"":""steady"",""sourceUnits"":1,""companion"":{""enabled"":true,""source"":""wind"",""sourceSettings"":{""speed"":8,""radius"":40,""cp"":40,""rating"":3000},""profileId"":""steady"",""sourceUnits"":1,""offset"":0},""flex"":{""enabled"":true,""percent"":50,""fromStart"":160,""fromMinutes"":80,""toStart"":40,""toMinutes"":80},""battery"":{""capacity"":10,""power"":5,""roundtrip"":100,""initial"":75},""batteryUnits"":1,""reserve"":0,""demand"":3.75,""policy"":""backup"",""loadId"":""flat"",""grid"":""outage"",""gridLimit"":{""enabled"":false,""power"":2.5},""outageStart"":90,""outageMinutes"":60,""duration"":240}","{""source"":""solarPv"",""sourceSettings"":{""irradiance"":0,""area"":20,""efficiency"":20,""incidence"":20},""profileId"":""steady"",""sourceUnits"":1,""companion"":{""enabled"":true,""source"":""wind"",""sourceSettings"":{""speed"":8,""radius"":40,""cp"":40,""rating"":3000},""profileId"":""steady"",""sourceUnits"":1,""offset"":0},""flex"":{""enabled"":true,""percent"":50,""fromStart"":160,""fromMinutes"":80,""toStart"":40,""toMinutes"":80},""battery"":{""capacity"":10,""power"":5,""roundtrip"":100,""initial"":75},""batteryUnits"":1,""reserve"":0,""demand"":3.75,""policy"":""release"",""loadId"":""flat"",""grid"":""outage"",""gridLimit"":{""enabled"":true,""power"":3.75},""outageStart"":90,""outageMinutes"":60,""duration"":240}"
170,"baseline","4:release",1.875,592.6983992293208,"true",0,0,0,0,590.8233992293208,0,0,10,0,0,0,0,590.8233992293208,0,0,10,0,0,0,0,0,0,0,0,5,1,"{""source"":""solarPv"",""sourceSettings"":{""irradiance"":0,""area"":20,""efficiency"":20,""incidence"":20},""profileId"":""steady"",""sourceUnits"":1,""companion"":{""enabled"":true,""source"":""wind"",""sourceSettings"":{""speed"":8,""radius"":40,""cp"":40,""rating"":3000},""profileId"":""steady"",""sourceUnits"":1,""offset"":0},""flex"":{""enabled"":true,""percent"":50,""fromStart"":160,""fromMinutes"":80,""toStart"":40,""toMinutes"":80},""battery"":{""capacity"":10,""power"":5,""roundtrip"":100,""initial"":75},""batteryUnits"":1,""reserve"":0,""demand"":3.75,""policy"":""backup"",""loadId"":""flat"",""grid"":""outage"",""gridLimit"":{""enabled"":false,""power"":2.5},""outageStart"":90,""outageMinutes"":60,""duration"":240}","{""source"":""solarPv"",""sourceSettings"":{""irradiance"":0,""area"":20,""efficiency"":20,""incidence"":20},""profileId"":""steady"",""sourceUnits"":1,""companion"":{""enabled"":true,""source"":""wind"",""sourceSettings"":{""speed"":8,""radius"":40,""cp"":40,""rating"":3000},""profileId"":""steady"",""sourceUnits"":1,""offset"":0},""flex"":{""enabled"":true,""percent"":50,""fromStart"":160,""fromMinutes"":80,""toStart"":40,""toMinutes"":80},""battery"":{""capacity"":10,""power"":5,""roundtrip"":100,""initial"":75},""batteryUnits"":1,""reserve"":0,""demand"":3.75,""policy"":""release"",""loadId"":""flat"",""grid"":""outage"",""gridLimit"":{""enabled"":true,""power"":3.75},""outageStart"":90,""outageMinutes"":60,""duration"":240}"
171,"baseline","4:release",1.875,592.6983992293208,"true",0,0,0,0,590.8233992293208,0,0,10,0,0,0,0,590.8233992293208,0,0,10,0,0,0,0,0,0,0,0,5,1,"{""source"":""solarPv"",""sourceSettings"":{""irradiance"":0,""area"":20,""efficiency"":20,""incidence"":20},""profileId"":""steady"",""sourceUnits"":1,""companion"":{""enabled"":true,""source"":""wind"",""sourceSettings"":{""speed"":8,""radius"":40,""cp"":40,""rating"":3000},""profileId"":""steady"",""sourceUnits"":1,""offset"":0},""flex"":{""enabled"":true,""percent"":50,""fromStart"":160,""fromMinutes"":80,""toStart"":40,""toMinutes"":80},""battery"":{""capacity"":10,""power"":5,""roundtrip"":100,""initial"":75},""batteryUnits"":1,""reserve"":0,""demand"":3.75,""policy"":""backup"",""loadId"":""flat"",""grid"":""outage"",""gridLimit"":{""enabled"":false,""power"":2.5},""outageStart"":90,""outageMinutes"":60,""duration"":240}","{""source"":""solarPv"",""sourceSettings"":{""irradiance"":0,""area"":20,""efficiency"":20,""incidence"":20},""profileId"":""steady"",""sourceUnits"":1,""companion"":{""enabled"":true,""source"":""wind"",""sourceSettings"":{""speed"":8,""radius"":40,""cp"":40,""rating"":3000},""profileId"":""steady"",""sourceUnits"":1,""offset"":0},""flex"":{""enabled"":true,""percent"":50,""fromStart"":160,""fromMinutes"":80,""toStart"":40,""toMinutes"":80},""battery"":{""capacity"":10,""power"":5,""roundtrip"":100,""initial"":75},""batteryUnits"":1,""reserve"":0,""demand"":3.75,""policy"":""release"",""loadId"":""flat"",""grid"":""outage"",""gridLimit"":{""enabled"":true,""power"":3.75},""outageStart"":90,""outageMinutes"":60,""duration"":240}"
172,"baseline","4:release",1.875,592.6983992293208,"true",0,0,0,0,590.8233992293208,0,0,10,0,0,0,0,590.8233992293208,0,0,10,0,0,0,0,0,0,0,0,5,1,"{""source"":""solarPv"",""sourceSettings"":{""irradiance"":0,""area"":20,""efficiency"":20,""incidence"":20},""profileId"":""steady"",""sourceUnits"":1,""companion"":{""enabled"":true,""source"":""wind"",""sourceSettings"":{""speed"":8,""radius"":40,""cp"":40,""rating"":3000},""profileId"":""steady"",""sourceUnits"":1,""offset"":0},""flex"":{""enabled"":true,""percent"":50,""fromStart"":160,""fromMinutes"":80,""toStart"":40,""toMinutes"":80},""battery"":{""capacity"":10,""power"":5,""roundtrip"":100,""initial"":75},""batteryUnits"":1,""reserve"":0,""demand"":3.75,""policy"":""backup"",""loadId"":""flat"",""grid"":""outage"",""gridLimit"":{""enabled"":false,""power"":2.5},""outageStart"":90,""outageMinutes"":60,""duration"":240}","{""source"":""solarPv"",""sourceSettings"":{""irradiance"":0,""area"":20,""efficiency"":20,""incidence"":20},""profileId"":""steady"",""sourceUnits"":1,""companion"":{""enabled"":true,""source"":""wind"",""sourceSettings"":{""speed"":8,""radius"":40,""cp"":40,""rating"":3000},""profileId"":""steady"",""sourceUnits"":1,""offset"":0},""flex"":{""enabled"":true,""percent"":50,""fromStart"":160,""fromMinutes"":80,""toStart"":40,""toMinutes"":80},""battery"":{""capacity"":10,""power"":5,""roundtrip"":100,""initial"":75},""batteryUnits"":1,""reserve"":0,""demand"":3.75,""policy"":""release"",""loadId"":""flat"",""grid"":""outage"",""gridLimit"":{""enabled"":true,""power"":3.75},""outageStart"":90,""outageMinutes"":60,""duration"":240}"
173,"baseline","4:release",1.875,592.6983992293208,"true",0,0,0,0,590.8233992293208,0,0,10,0,0,0,0,590.8233992293208,0,0,10,0,0,0,0,0,0,0,0,5,1,"{""source"":""solarPv"",""sourceSettings"":{""irradiance"":0,""area"":20,""efficiency"":20,""incidence"":20},""profileId"":""steady"",""sourceUnits"":1,""companion"":{""enabled"":true,""source"":""wind"",""sourceSettings"":{""speed"":8,""radius"":40,""cp"":40,""rating"":3000},""profileId"":""steady"",""sourceUnits"":1,""offset"":0},""flex"":{""enabled"":true,""percent"":50,""fromStart"":160,""fromMinutes"":80,""toStart"":40,""toMinutes"":80},""battery"":{""capacity"":10,""power"":5,""roundtrip"":100,""initial"":75},""batteryUnits"":1,""reserve"":0,""demand"":3.75,""policy"":""backup"",""loadId"":""flat"",""grid"":""outage"",""gridLimit"":{""enabled"":false,""power"":2.5},""outageStart"":90,""outageMinutes"":60,""duration"":240}","{""source"":""solarPv"",""sourceSettings"":{""irradiance"":0,""area"":20,""efficiency"":20,""incidence"":20},""profileId"":""steady"",""sourceUnits"":1,""companion"":{""enabled"":true,""source"":""wind"",""sourceSettings"":{""speed"":8,""radius"":40,""cp"":40,""rating"":3000},""profileId"":""steady"",""sourceUnits"":1,""offset"":0},""flex"":{""enabled"":true,""percent"":50,""fromStart"":160,""fromMinutes"":80,""toStart"":40,""toMinutes"":80},""battery"":{""capacity"":10,""power"":5,""roundtrip"":100,""initial"":75},""batteryUnits"":1,""reserve"":0,""demand"":3.75,""policy"":""release"",""loadId"":""flat"",""grid"":""outage"",""gridLimit"":{""enabled"":true,""power"":3.75},""outageStart"":90,""outageMinutes"":60,""duration"":240}"
174,"baseline","4:release",1.875,592.6983992293208,"true",0,0,0,0,590.8233992293208,0,0,10,0,0,0,0,590.8233992293208,0,0,10,0,0,0,0,0,0,0,0,5,1,"{""source"":""solarPv"",""sourceSettings"":{""irradiance"":0,""area"":20,""efficiency"":20,""incidence"":20},""profileId"":""steady"",""sourceUnits"":1,""companion"":{""enabled"":true,""source"":""wind"",""sourceSettings"":{""speed"":8,""radius"":40,""cp"":40,""rating"":3000},""profileId"":""steady"",""sourceUnits"":1,""offset"":0},""flex"":{""enabled"":true,""percent"":50,""fromStart"":160,""fromMinutes"":80,""toStart"":40,""toMinutes"":80},""battery"":{""capacity"":10,""power"":5,""roundtrip"":100,""initial"":75},""batteryUnits"":1,""reserve"":0,""demand"":3.75,""policy"":""backup"",""loadId"":""flat"",""grid"":""outage"",""gridLimit"":{""enabled"":false,""power"":2.5},""outageStart"":90,""outageMinutes"":60,""duration"":240}","{""source"":""solarPv"",""sourceSettings"":{""irradiance"":0,""area"":20,""efficiency"":20,""incidence"":20},""profileId"":""steady"",""sourceUnits"":1,""companion"":{""enabled"":true,""source"":""wind"",""sourceSettings"":{""speed"":8,""radius"":40,""cp"":40,""rating"":3000},""profileId"":""steady"",""sourceUnits"":1,""offset"":0},""flex"":{""enabled"":true,""percent"":50,""fromStart"":160,""fromMinutes"":80,""toStart"":40,""toMinutes"":80},""battery"":{""capacity"":10,""power"":5,""roundtrip"":100,""initial"":75},""batteryUnits"":1,""reserve"":0,""demand"":3.75,""policy"":""release"",""loadId"":""flat"",""grid"":""outage"",""gridLimit"":{""enabled"":true,""power"":3.75},""outageStart"":90,""outageMinutes"":60,""duration"":240}"
175,"baseline","4:release",1.875,592.6983992293208,"true",0,0,0,0,590.8233992293208,0,0,10,0,0,0,0,590.8233992293208,0,0,10,0,0,0,0,0,0,0,0,5,1,"{""source"":""solarPv"",""sourceSettings"":{""irradiance"":0,""area"":20,""efficiency"":20,""incidence"":20},""profileId"":""steady"",""sourceUnits"":1,""companion"":{""enabled"":true,""source"":""wind"",""sourceSettings"":{""speed"":8,""radius"":40,""cp"":40,""rating"":3000},""profileId"":""steady"",""sourceUnits"":1,""offset"":0},""flex"":{""enabled"":true,""percent"":50,""fromStart"":160,""fromMinutes"":80,""toStart"":40,""toMinutes"":80},""battery"":{""capacity"":10,""power"":5,""roundtrip"":100,""initial"":75},""batteryUnits"":1,""reserve"":0,""demand"":3.75,""policy"":""backup"",""loadId"":""flat"",""grid"":""outage"",""gridLimit"":{""enabled"":false,""power"":2.5},""outageStart"":90,""outageMinutes"":60,""duration"":240}","{""source"":""solarPv"",""sourceSettings"":{""irradiance"":0,""area"":20,""efficiency"":20,""incidence"":20},""profileId"":""steady"",""sourceUnits"":1,""companion"":{""enabled"":true,""source"":""wind"",""sourceSettings"":{""speed"":8,""radius"":40,""cp"":40,""rating"":3000},""profileId"":""steady"",""sourceUnits"":1,""offset"":0},""flex"":{""enabled"":true,""percent"":50,""fromStart"":160,""fromMinutes"":80,""toStart"":40,""toMinutes"":80},""battery"":{""capacity"":10,""power"":5,""roundtrip"":100,""initial"":75},""batteryUnits"":1,""reserve"":0,""demand"":3.75,""policy"":""release"",""loadId"":""flat"",""grid"":""outage"",""gridLimit"":{""enabled"":true,""power"":3.75},""outageStart"":90,""outageMinutes"":60,""duration"":240}"
176,"baseline","4:release",1.875,592.6983992293208,"true",0,0,0,0,590.8233992293208,0,0,10,0,0,0,0,590.8233992293208,0,0,10,0,0,0,0,0,0,0,0,5,1,"{""source"":""solarPv"",""sourceSettings"":{""irradiance"":0,""area"":20,""efficiency"":20,""incidence"":20},""profileId"":""steady"",""sourceUnits"":1,""companion"":{""enabled"":true,""source"":""wind"",""sourceSettings"":{""speed"":8,""radius"":40,""cp"":40,""rating"":3000},""profileId"":""steady"",""sourceUnits"":1,""offset"":0},""flex"":{""enabled"":true,""percent"":50,""fromStart"":160,""fromMinutes"":80,""toStart"":40,""toMinutes"":80},""battery"":{""capacity"":10,""power"":5,""roundtrip"":100,""initial"":75},""batteryUnits"":1,""reserve"":0,""demand"":3.75,""policy"":""backup"",""loadId"":""flat"",""grid"":""outage"",""gridLimit"":{""enabled"":false,""power"":2.5},""outageStart"":90,""outageMinutes"":60,""duration"":240}","{""source"":""solarPv"",""sourceSettings"":{""irradiance"":0,""area"":20,""efficiency"":20,""incidence"":20},""profileId"":""steady"",""sourceUnits"":1,""companion"":{""enabled"":true,""source"":""wind"",""sourceSettings"":{""speed"":8,""radius"":40,""cp"":40,""rating"":3000},""profileId"":""steady"",""sourceUnits"":1,""offset"":0},""flex"":{""enabled"":true,""percent"":50,""fromStart"":160,""fromMinutes"":80,""toStart"":40,""toMinutes"":80},""battery"":{""capacity"":10,""power"":5,""roundtrip"":100,""initial"":75},""batteryUnits"":1,""reserve"":0,""demand"":3.75,""policy"":""release"",""loadId"":""flat"",""grid"":""outage"",""gridLimit"":{""enabled"":true,""power"":3.75},""outageStart"":90,""outageMinutes"":60,""duration"":240}"
177,"baseline","4:release",1.875,592.6983992293208,"true",0,0,0,0,590.8233992293208,0,0,10,0,0,0,0,590.8233992293208,0,0,10,0,0,0,0,0,0,0,0,5,1,"{""source"":""solarPv"",""sourceSettings"":{""irradiance"":0,""area"":20,""efficiency"":20,""incidence"":20},""profileId"":""steady"",""sourceUnits"":1,""companion"":{""enabled"":true,""source"":""wind"",""sourceSettings"":{""speed"":8,""radius"":40,""cp"":40,""rating"":3000},""profileId"":""steady"",""sourceUnits"":1,""offset"":0},""flex"":{""enabled"":true,""percent"":50,""fromStart"":160,""fromMinutes"":80,""toStart"":40,""toMinutes"":80},""battery"":{""capacity"":10,""power"":5,""roundtrip"":100,""initial"":75},""batteryUnits"":1,""reserve"":0,""demand"":3.75,""policy"":""backup"",""loadId"":""flat"",""grid"":""outage"",""gridLimit"":{""enabled"":false,""power"":2.5},""outageStart"":90,""outageMinutes"":60,""duration"":240}","{""source"":""solarPv"",""sourceSettings"":{""irradiance"":0,""area"":20,""efficiency"":20,""incidence"":20},""profileId"":""steady"",""sourceUnits"":1,""companion"":{""enabled"":true,""source"":""wind"",""sourceSettings"":{""speed"":8,""radius"":40,""cp"":40,""rating"":3000},""profileId"":""steady"",""sourceUnits"":1,""offset"":0},""flex"":{""enabled"":true,""percent"":50,""fromStart"":160,""fromMinutes"":80,""toStart"":40,""toMinutes"":80},""battery"":{""capacity"":10,""power"":5,""roundtrip"":100,""initial"":75},""batteryUnits"":1,""reserve"":0,""demand"":3.75,""policy"":""release"",""loadId"":""flat"",""grid"":""outage"",""gridLimit"":{""enabled"":true,""power"":3.75},""outageStart"":90,""outageMinutes"":60,""duration"":240}"
178,"baseline","4:release",1.875,592.6983992293208,"true",0,0,0,0,590.8233992293208,0,0,10,0,0,0,0,590.8233992293208,0,0,10,0,0,0,0,0,0,0,0,5,1,"{""source"":""solarPv"",""sourceSettings"":{""irradiance"":0,""area"":20,""efficiency"":20,""incidence"":20},""profileId"":""steady"",""sourceUnits"":1,""companion"":{""enabled"":true,""source"":""wind"",""sourceSettings"":{""speed"":8,""radius"":40,""cp"":40,""rating"":3000},""profileId"":""steady"",""sourceUnits"":1,""offset"":0},""flex"":{""enabled"":true,""percent"":50,""fromStart"":160,""fromMinutes"":80,""toStart"":40,""toMinutes"":80},""battery"":{""capacity"":10,""power"":5,""roundtrip"":100,""initial"":75},""batteryUnits"":1,""reserve"":0,""demand"":3.75,""policy"":""backup"",""loadId"":""flat"",""grid"":""outage"",""gridLimit"":{""enabled"":false,""power"":2.5},""outageStart"":90,""outageMinutes"":60,""duration"":240}","{""source"":""solarPv"",""sourceSettings"":{""irradiance"":0,""area"":20,""efficiency"":20,""incidence"":20},""profileId"":""steady"",""sourceUnits"":1,""companion"":{""enabled"":true,""source"":""wind"",""sourceSettings"":{""speed"":8,""radius"":40,""cp"":40,""rating"":3000},""profileId"":""steady"",""sourceUnits"":1,""offset"":0},""flex"":{""enabled"":true,""percent"":50,""fromStart"":160,""fromMinutes"":80,""toStart"":40,""toMinutes"":80},""battery"":{""capacity"":10,""power"":5,""roundtrip"":100,""initial"":75},""batteryUnits"":1,""reserve"":0,""demand"":3.75,""policy"":""release"",""loadId"":""flat"",""grid"":""outage"",""gridLimit"":{""enabled"":true,""power"":3.75},""outageStart"":90,""outageMinutes"":60,""duration"":240}"
179,"baseline","4:release",1.875,592.6983992293208,"true",0,0,0,0,590.8233992293208,0,0,10,0,0,0,0,590.8233992293208,0,0,10,0,0,0,0,0,0,0,0,5,1,"{""source"":""solarPv"",""sourceSettings"":{""irradiance"":0,""area"":20,""efficiency"":20,""incidence"":20},""profileId"":""steady"",""sourceUnits"":1,""companion"":{""enabled"":true,""source"":""wind"",""sourceSettings"":{""speed"":8,""radius"":40,""cp"":40,""rating"":3000},""profileId"":""steady"",""sourceUnits"":1,""offset"":0},""flex"":{""enabled"":true,""percent"":50,""fromStart"":160,""fromMinutes"":80,""toStart"":40,""toMinutes"":80},""battery"":{""capacity"":10,""power"":5,""roundtrip"":100,""initial"":75},""batteryUnits"":1,""reserve"":0,""demand"":3.75,""policy"":""backup"",""loadId"":""flat"",""grid"":""outage"",""gridLimit"":{""enabled"":false,""power"":2.5},""outageStart"":90,""outageMinutes"":60,""duration"":240}","{""source"":""solarPv"",""sourceSettings"":{""irradiance"":0,""area"":20,""efficiency"":20,""incidence"":20},""profileId"":""steady"",""sourceUnits"":1,""companion"":{""enabled"":true,""source"":""wind"",""sourceSettings"":{""speed"":8,""radius"":40,""cp"":40,""rating"":3000},""profileId"":""steady"",""sourceUnits"":1,""offset"":0},""flex"":{""enabled"":true,""percent"":50,""fromStart"":160,""fromMinutes"":80,""toStart"":40,""toMinutes"":80},""battery"":{""capacity"":10,""power"":5,""roundtrip"":100,""initial"":75},""batteryUnits"":1,""reserve"":0,""demand"":3.75,""policy"":""release"",""loadId"":""flat"",""grid"":""outage"",""gridLimit"":{""enabled"":true,""power"":3.75},""outageStart"":90,""outageMinutes"":60,""duration"":240}"
180,"baseline","4:release",1.875,592.6983992293208,"true",0,0,0,0,590.8233992293208,0,0,10,0,0,0,0,590.8233992293208,0,0,10,0,0,0,0,0,0,0,0,5,1,"{""source"":""solarPv"",""sourceSettings"":{""irradiance"":0,""area"":20,""efficiency"":20,""incidence"":20},""profileId"":""steady"",""sourceUnits"":1,""companion"":{""enabled"":true,""source"":""wind"",""sourceSettings"":{""speed"":8,""radius"":40,""cp"":40,""rating"":3000},""profileId"":""steady"",""sourceUnits"":1,""offset"":0},""flex"":{""enabled"":true,""percent"":50,""fromStart"":160,""fromMinutes"":80,""toStart"":40,""toMinutes"":80},""battery"":{""capacity"":10,""power"":5,""roundtrip"":100,""initial"":75},""batteryUnits"":1,""reserve"":0,""demand"":3.75,""policy"":""backup"",""loadId"":""flat"",""grid"":""outage"",""gridLimit"":{""enabled"":false,""power"":2.5},""outageStart"":90,""outageMinutes"":60,""duration"":240}","{""source"":""solarPv"",""sourceSettings"":{""irradiance"":0,""area"":20,""efficiency"":20,""incidence"":20},""profileId"":""steady"",""sourceUnits"":1,""companion"":{""enabled"":true,""source"":""wind"",""sourceSettings"":{""speed"":8,""radius"":40,""cp"":40,""rating"":3000},""profileId"":""steady"",""sourceUnits"":1,""offset"":0},""flex"":{""enabled"":true,""percent"":50,""fromStart"":160,""fromMinutes"":80,""toStart"":40,""toMinutes"":80},""battery"":{""capacity"":10,""power"":5,""roundtrip"":100,""initial"":75},""batteryUnits"":1,""reserve"":0,""demand"":3.75,""policy"":""release"",""loadId"":""flat"",""grid"":""outage"",""gridLimit"":{""enabled"":true,""power"":3.75},""outageStart"":90,""outageMinutes"":60,""duration"":240}"
181,"baseline","4:release",1.875,592.6983992293208,"true",0,0,0,0,590.8233992293208,0,0,10,0,0,0,0,590.8233992293208,0,0,10,0,0,0,0,0,0,0,0,5,1,"{""source"":""solarPv"",""sourceSettings"":{""irradiance"":0,""area"":20,""efficiency"":20,""incidence"":20},""profileId"":""steady"",""sourceUnits"":1,""companion"":{""enabled"":true,""source"":""wind"",""sourceSettings"":{""speed"":8,""radius"":40,""cp"":40,""rating"":3000},""profileId"":""steady"",""sourceUnits"":1,""offset"":0},""flex"":{""enabled"":true,""percent"":50,""fromStart"":160,""fromMinutes"":80,""toStart"":40,""toMinutes"":80},""battery"":{""capacity"":10,""power"":5,""roundtrip"":100,""initial"":75},""batteryUnits"":1,""reserve"":0,""demand"":3.75,""policy"":""backup"",""loadId"":""flat"",""grid"":""outage"",""gridLimit"":{""enabled"":false,""power"":2.5},""outageStart"":90,""outageMinutes"":60,""duration"":240}","{""source"":""solarPv"",""sourceSettings"":{""irradiance"":0,""area"":20,""efficiency"":20,""incidence"":20},""profileId"":""steady"",""sourceUnits"":1,""companion"":{""enabled"":true,""source"":""wind"",""sourceSettings"":{""speed"":8,""radius"":40,""cp"":40,""rating"":3000},""profileId"":""steady"",""sourceUnits"":1,""offset"":0},""flex"":{""enabled"":true,""percent"":50,""fromStart"":160,""fromMinutes"":80,""toStart"":40,""toMinutes"":80},""battery"":{""capacity"":10,""power"":5,""roundtrip"":100,""initial"":75},""batteryUnits"":1,""reserve"":0,""demand"":3.75,""policy"":""release"",""loadId"":""flat"",""grid"":""outage"",""gridLimit"":{""enabled"":true,""power"":3.75},""outageStart"":90,""outageMinutes"":60,""duration"":240}"
182,"baseline","4:release",1.875,592.6983992293208,"true",0,0,0,0,590.8233992293208,0,0,10,0,0,0,0,590.8233992293208,0,0,10,0,0,0,0,0,0,0,0,5,1,"{""source"":""solarPv"",""sourceSettings"":{""irradiance"":0,""area"":20,""efficiency"":20,""incidence"":20},""profileId"":""steady"",""sourceUnits"":1,""companion"":{""enabled"":true,""source"":""wind"",""sourceSettings"":{""speed"":8,""radius"":40,""cp"":40,""rating"":3000},""profileId"":""steady"",""sourceUnits"":1,""offset"":0},""flex"":{""enabled"":true,""percent"":50,""fromStart"":160,""fromMinutes"":80,""toStart"":40,""toMinutes"":80},""battery"":{""capacity"":10,""power"":5,""roundtrip"":100,""initial"":75},""batteryUnits"":1,""reserve"":0,""demand"":3.75,""policy"":""backup"",""loadId"":""flat"",""grid"":""outage"",""gridLimit"":{""enabled"":false,""power"":2.5},""outageStart"":90,""outageMinutes"":60,""duration"":240}","{""source"":""solarPv"",""sourceSettings"":{""irradiance"":0,""area"":20,""efficiency"":20,""incidence"":20},""profileId"":""steady"",""sourceUnits"":1,""companion"":{""enabled"":true,""source"":""wind"",""sourceSettings"":{""speed"":8,""radius"":40,""cp"":40,""rating"":3000},""profileId"":""steady"",""sourceUnits"":1,""offset"":0},""flex"":{""enabled"":true,""percent"":50,""fromStart"":160,""fromMinutes"":80,""toStart"":40,""toMinutes"":80},""battery"":{""capacity"":10,""power"":5,""roundtrip"":100,""initial"":75},""batteryUnits"":1,""reserve"":0,""demand"":3.75,""policy"":""release"",""loadId"":""flat"",""grid"":""outage"",""gridLimit"":{""enabled"":true,""power"":3.75},""outageStart"":90,""outageMinutes"":60,""duration"":240}"
183,"baseline","4:release",1.875,592.6983992293208,"true",0,0,0,0,590.8233992293208,0,0,10,0,0,0,0,590.8233992293208,0,0,10,0,0,0,0,0,0,0,0,5,1,"{""source"":""solarPv"",""sourceSettings"":{""irradiance"":0,""area"":20,""efficiency"":20,""incidence"":20},""profileId"":""steady"",""sourceUnits"":1,""companion"":{""enabled"":true,""source"":""wind"",""sourceSettings"":{""speed"":8,""radius"":40,""cp"":40,""rating"":3000},""profileId"":""steady"",""sourceUnits"":1,""offset"":0},""flex"":{""enabled"":true,""percent"":50,""fromStart"":160,""fromMinutes"":80,""toStart"":40,""toMinutes"":80},""battery"":{""capacity"":10,""power"":5,""roundtrip"":100,""initial"":75},""batteryUnits"":1,""reserve"":0,""demand"":3.75,""policy"":""backup"",""loadId"":""flat"",""grid"":""outage"",""gridLimit"":{""enabled"":false,""power"":2.5},""outageStart"":90,""outageMinutes"":60,""duration"":240}","{""source"":""solarPv"",""sourceSettings"":{""irradiance"":0,""area"":20,""efficiency"":20,""incidence"":20},""profileId"":""steady"",""sourceUnits"":1,""companion"":{""enabled"":true,""source"":""wind"",""sourceSettings"":{""speed"":8,""radius"":40,""cp"":40,""rating"":3000},""profileId"":""steady"",""sourceUnits"":1,""offset"":0},""flex"":{""enabled"":true,""percent"":50,""fromStart"":160,""fromMinutes"":80,""toStart"":40,""toMinutes"":80},""battery"":{""capacity"":10,""power"":5,""roundtrip"":100,""initial"":75},""batteryUnits"":1,""reserve"":0,""demand"":3.75,""policy"":""release"",""loadId"":""flat"",""grid"":""outage"",""gridLimit"":{""enabled"":true,""power"":3.75},""outageStart"":90,""outageMinutes"":60,""duration"":240}"
184,"baseline","4:release",1.875,592.6983992293208,"true",0,0,0,0,590.8233992293208,0,0,10,0,0,0,0,590.8233992293208,0,0,10,0,0,0,0,0,0,0,0,5,1,"{""source"":""solarPv"",""sourceSettings"":{""irradiance"":0,""area"":20,""efficiency"":20,""incidence"":20},""profileId"":""steady"",""sourceUnits"":1,""companion"":{""enabled"":true,""source"":""wind"",""sourceSettings"":{""speed"":8,""radius"":40,""cp"":40,""rating"":3000},""profileId"":""steady"",""sourceUnits"":1,""offset"":0},""flex"":{""enabled"":true,""percent"":50,""fromStart"":160,""fromMinutes"":80,""toStart"":40,""toMinutes"":80},""battery"":{""capacity"":10,""power"":5,""roundtrip"":100,""initial"":75},""batteryUnits"":1,""reserve"":0,""demand"":3.75,""policy"":""backup"",""loadId"":""flat"",""grid"":""outage"",""gridLimit"":{""enabled"":false,""power"":2.5},""outageStart"":90,""outageMinutes"":60,""duration"":240}","{""source"":""solarPv"",""sourceSettings"":{""irradiance"":0,""area"":20,""efficiency"":20,""incidence"":20},""profileId"":""steady"",""sourceUnits"":1,""companion"":{""enabled"":true,""source"":""wind"",""sourceSettings"":{""speed"":8,""radius"":40,""cp"":40,""rating"":3000},""profileId"":""steady"",""sourceUnits"":1,""offset"":0},""flex"":{""enabled"":true,""percent"":50,""fromStart"":160,""fromMinutes"":80,""toStart"":40,""toMinutes"":80},""battery"":{""capacity"":10,""power"":5,""roundtrip"":100,""initial"":75},""batteryUnits"":1,""reserve"":0,""demand"":3.75,""policy"":""release"",""loadId"":""flat"",""grid"":""outage"",""gridLimit"":{""enabled"":true,""power"":3.75},""outageStart"":90,""outageMinutes"":60,""duration"":240}"
185,"baseline","4:release",1.875,592.6983992293208,"true",0,0,0,0,590.8233992293208,0,0,10,0,0,0,0,590.8233992293208,0,0,10,0,0,0,0,0,0,0,0,5,1,"{""source"":""solarPv"",""sourceSettings"":{""irradiance"":0,""area"":20,""efficiency"":20,""incidence"":20},""profileId"":""steady"",""sourceUnits"":1,""companion"":{""enabled"":true,""source"":""wind"",""sourceSettings"":{""speed"":8,""radius"":40,""cp"":40,""rating"":3000},""profileId"":""steady"",""sourceUnits"":1,""offset"":0},""flex"":{""enabled"":true,""percent"":50,""fromStart"":160,""fromMinutes"":80,""toStart"":40,""toMinutes"":80},""battery"":{""capacity"":10,""power"":5,""roundtrip"":100,""initial"":75},""batteryUnits"":1,""reserve"":0,""demand"":3.75,""policy"":""backup"",""loadId"":""flat"",""grid"":""outage"",""gridLimit"":{""enabled"":false,""power"":2.5},""outageStart"":90,""outageMinutes"":60,""duration"":240}","{""source"":""solarPv"",""sourceSettings"":{""irradiance"":0,""area"":20,""efficiency"":20,""incidence"":20},""profileId"":""steady"",""sourceUnits"":1,""companion"":{""enabled"":true,""source"":""wind"",""sourceSettings"":{""speed"":8,""radius"":40,""cp"":40,""rating"":3000},""profileId"":""steady"",""sourceUnits"":1,""offset"":0},""flex"":{""enabled"":true,""percent"":50,""fromStart"":160,""fromMinutes"":80,""toStart"":40,""toMinutes"":80},""battery"":{""capacity"":10,""power"":5,""roundtrip"":100,""initial"":75},""batteryUnits"":1,""reserve"":0,""demand"":3.75,""policy"":""release"",""loadId"":""flat"",""grid"":""outage"",""gridLimit"":{""enabled"":true,""power"":3.75},""outageStart"":90,""outageMinutes"":60,""duration"":240}"
186,"baseline","4:release",1.875,592.6983992293208,"true",0,0,0,0,590.8233992293208,0,0,10,0,0,0,0,590.8233992293208,0,0,10,0,0,0,0,0,0,0,0,5,1,"{""source"":""solarPv"",""sourceSettings"":{""irradiance"":0,""area"":20,""efficiency"":20,""incidence"":20},""profileId"":""steady"",""sourceUnits"":1,""companion"":{""enabled"":true,""source"":""wind"",""sourceSettings"":{""speed"":8,""radius"":40,""cp"":40,""rating"":3000},""profileId"":""steady"",""sourceUnits"":1,""offset"":0},""flex"":{""enabled"":true,""percent"":50,""fromStart"":160,""fromMinutes"":80,""toStart"":40,""toMinutes"":80},""battery"":{""capacity"":10,""power"":5,""roundtrip"":100,""initial"":75},""batteryUnits"":1,""reserve"":0,""demand"":3.75,""policy"":""backup"",""loadId"":""flat"",""grid"":""outage"",""gridLimit"":{""enabled"":false,""power"":2.5},""outageStart"":90,""outageMinutes"":60,""duration"":240}","{""source"":""solarPv"",""sourceSettings"":{""irradiance"":0,""area"":20,""efficiency"":20,""incidence"":20},""profileId"":""steady"",""sourceUnits"":1,""companion"":{""enabled"":true,""source"":""wind"",""sourceSettings"":{""speed"":8,""radius"":40,""cp"":40,""rating"":3000},""profileId"":""steady"",""sourceUnits"":1,""offset"":0},""flex"":{""enabled"":true,""percent"":50,""fromStart"":160,""fromMinutes"":80,""toStart"":40,""toMinutes"":80},""battery"":{""capacity"":10,""power"":5,""roundtrip"":100,""initial"":75},""batteryUnits"":1,""reserve"":0,""demand"":3.75,""policy"":""release"",""loadId"":""flat"",""grid"":""outage"",""gridLimit"":{""enabled"":true,""power"":3.75},""outageStart"":90,""outageMinutes"":60,""duration"":240}"
187,"baseline","4:release",1.875,592.6983992293208,"true",0,0,0,0,590.8233992293208,0,0,10,0,0,0,0,590.8233992293208,0,0,10,0,0,0,0,0,0,0,0,5,1,"{""source"":""solarPv"",""sourceSettings"":{""irradiance"":0,""area"":20,""efficiency"":20,""incidence"":20},""profileId"":""steady"",""sourceUnits"":1,""companion"":{""enabled"":true,""source"":""wind"",""sourceSettings"":{""speed"":8,""radius"":40,""cp"":40,""rating"":3000},""profileId"":""steady"",""sourceUnits"":1,""offset"":0},""flex"":{""enabled"":true,""percent"":50,""fromStart"":160,""fromMinutes"":80,""toStart"":40,""toMinutes"":80},""battery"":{""capacity"":10,""power"":5,""roundtrip"":100,""initial"":75},""batteryUnits"":1,""reserve"":0,""demand"":3.75,""policy"":""backup"",""loadId"":""flat"",""grid"":""outage"",""gridLimit"":{""enabled"":false,""power"":2.5},""outageStart"":90,""outageMinutes"":60,""duration"":240}","{""source"":""solarPv"",""sourceSettings"":{""irradiance"":0,""area"":20,""efficiency"":20,""incidence"":20},""profileId"":""steady"",""sourceUnits"":1,""companion"":{""enabled"":true,""source"":""wind"",""sourceSettings"":{""speed"":8,""radius"":40,""cp"":40,""rating"":3000},""profileId"":""steady"",""sourceUnits"":1,""offset"":0},""flex"":{""enabled"":true,""percent"":50,""fromStart"":160,""fromMinutes"":80,""toStart"":40,""toMinutes"":80},""battery"":{""capacity"":10,""power"":5,""roundtrip"":100,""initial"":75},""batteryUnits"":1,""reserve"":0,""demand"":3.75,""policy"":""release"",""loadId"":""flat"",""grid"":""outage"",""gridLimit"":{""enabled"":true,""power"":3.75},""outageStart"":90,""outageMinutes"":60,""duration"":240}"
188,"baseline","4:release",1.875,592.6983992293208,"true",0,0,0,0,590.8233992293208,0,0,10,0,0,0,0,590.8233992293208,0,0,10,0,0,0,0,0,0,0,0,5,1,"{""source"":""solarPv"",""sourceSettings"":{""irradiance"":0,""area"":20,""efficiency"":20,""incidence"":20},""profileId"":""steady"",""sourceUnits"":1,""companion"":{""enabled"":true,""source"":""wind"",""sourceSettings"":{""speed"":8,""radius"":40,""cp"":40,""rating"":3000},""profileId"":""steady"",""sourceUnits"":1,""offset"":0},""flex"":{""enabled"":true,""percent"":50,""fromStart"":160,""fromMinutes"":80,""toStart"":40,""toMinutes"":80},""battery"":{""capacity"":10,""power"":5,""roundtrip"":100,""initial"":75},""batteryUnits"":1,""reserve"":0,""demand"":3.75,""policy"":""backup"",""loadId"":""flat"",""grid"":""outage"",""gridLimit"":{""enabled"":false,""power"":2.5},""outageStart"":90,""outageMinutes"":60,""duration"":240}","{""source"":""solarPv"",""sourceSettings"":{""irradiance"":0,""area"":20,""efficiency"":20,""incidence"":20},""profileId"":""steady"",""sourceUnits"":1,""companion"":{""enabled"":true,""source"":""wind"",""sourceSettings"":{""speed"":8,""radius"":40,""cp"":40,""rating"":3000},""profileId"":""steady"",""sourceUnits"":1,""offset"":0},""flex"":{""enabled"":true,""percent"":50,""fromStart"":160,""fromMinutes"":80,""toStart"":40,""toMinutes"":80},""battery"":{""capacity"":10,""power"":5,""roundtrip"":100,""initial"":75},""batteryUnits"":1,""reserve"":0,""demand"":3.75,""policy"":""release"",""loadId"":""flat"",""grid"":""outage"",""gridLimit"":{""enabled"":true,""power"":3.75},""outageStart"":90,""outageMinutes"":60,""duration"":240}"
189,"baseline","4:release",1.875,592.6983992293208,"true",0,0,0,0,590.8233992293208,0,0,10,0,0,0,0,590.8233992293208,0,0,10,0,0,0,0,0,0,0,0,5,1,"{""source"":""solarPv"",""sourceSettings"":{""irradiance"":0,""area"":20,""efficiency"":20,""incidence"":20},""profileId"":""steady"",""sourceUnits"":1,""companion"":{""enabled"":true,""source"":""wind"",""sourceSettings"":{""speed"":8,""radius"":40,""cp"":40,""rating"":3000},""profileId"":""steady"",""sourceUnits"":1,""offset"":0},""flex"":{""enabled"":true,""percent"":50,""fromStart"":160,""fromMinutes"":80,""toStart"":40,""toMinutes"":80},""battery"":{""capacity"":10,""power"":5,""roundtrip"":100,""initial"":75},""batteryUnits"":1,""reserve"":0,""demand"":3.75,""policy"":""backup"",""loadId"":""flat"",""grid"":""outage"",""gridLimit"":{""enabled"":false,""power"":2.5},""outageStart"":90,""outageMinutes"":60,""duration"":240}","{""source"":""solarPv"",""sourceSettings"":{""irradiance"":0,""area"":20,""efficiency"":20,""incidence"":20},""profileId"":""steady"",""sourceUnits"":1,""companion"":{""enabled"":true,""source"":""wind"",""sourceSettings"":{""speed"":8,""radius"":40,""cp"":40,""rating"":3000},""profileId"":""steady"",""sourceUnits"":1,""offset"":0},""flex"":{""enabled"":true,""percent"":50,""fromStart"":160,""fromMinutes"":80,""toStart"":40,""toMinutes"":80},""battery"":{""capacity"":10,""power"":5,""roundtrip"":100,""initial"":75},""batteryUnits"":1,""reserve"":0,""demand"":3.75,""policy"":""release"",""loadId"":""flat"",""grid"":""outage"",""gridLimit"":{""enabled"":true,""power"":3.75},""outageStart"":90,""outageMinutes"":60,""duration"":240}"
190,"baseline","4:release",1.875,592.6983992293208,"true",0,0,0,0,590.8233992293208,0,0,10,0,0,0,0,590.8233992293208,0,0,10,0,0,0,0,0,0,0,0,5,1,"{""source"":""solarPv"",""sourceSettings"":{""irradiance"":0,""area"":20,""efficiency"":20,""incidence"":20},""profileId"":""steady"",""sourceUnits"":1,""companion"":{""enabled"":true,""source"":""wind"",""sourceSettings"":{""speed"":8,""radius"":40,""cp"":40,""rating"":3000},""profileId"":""steady"",""sourceUnits"":1,""offset"":0},""flex"":{""enabled"":true,""percent"":50,""fromStart"":160,""fromMinutes"":80,""toStart"":40,""toMinutes"":80},""battery"":{""capacity"":10,""power"":5,""roundtrip"":100,""initial"":75},""batteryUnits"":1,""reserve"":0,""demand"":3.75,""policy"":""backup"",""loadId"":""flat"",""grid"":""outage"",""gridLimit"":{""enabled"":false,""power"":2.5},""outageStart"":90,""outageMinutes"":60,""duration"":240}","{""source"":""solarPv"",""sourceSettings"":{""irradiance"":0,""area"":20,""efficiency"":20,""incidence"":20},""profileId"":""steady"",""sourceUnits"":1,""companion"":{""enabled"":true,""source"":""wind"",""sourceSettings"":{""speed"":8,""radius"":40,""cp"":40,""rating"":3000},""profileId"":""steady"",""sourceUnits"":1,""offset"":0},""flex"":{""enabled"":true,""percent"":50,""fromStart"":160,""fromMinutes"":80,""toStart"":40,""toMinutes"":80},""battery"":{""capacity"":10,""power"":5,""roundtrip"":100,""initial"":75},""batteryUnits"":1,""reserve"":0,""demand"":3.75,""policy"":""release"",""loadId"":""flat"",""grid"":""outage"",""gridLimit"":{""enabled"":true,""power"":3.75},""outageStart"":90,""outageMinutes"":60,""duration"":240}"
191,"baseline","4:release",1.875,592.6983992293208,"true",0,0,0,0,590.8233992293208,0,0,10,0,0,0,0,590.8233992293208,0,0,10,0,0,0,0,0,0,0,0,5,1,"{""source"":""solarPv"",""sourceSettings"":{""irradiance"":0,""area"":20,""efficiency"":20,""incidence"":20},""profileId"":""steady"",""sourceUnits"":1,""companion"":{""enabled"":true,""source"":""wind"",""sourceSettings"":{""speed"":8,""radius"":40,""cp"":40,""rating"":3000},""profileId"":""steady"",""sourceUnits"":1,""offset"":0},""flex"":{""enabled"":true,""percent"":50,""fromStart"":160,""fromMinutes"":80,""toStart"":40,""toMinutes"":80},""battery"":{""capacity"":10,""power"":5,""roundtrip"":100,""initial"":75},""batteryUnits"":1,""reserve"":0,""demand"":3.75,""policy"":""backup"",""loadId"":""flat"",""grid"":""outage"",""gridLimit"":{""enabled"":false,""power"":2.5},""outageStart"":90,""outageMinutes"":60,""duration"":240}","{""source"":""solarPv"",""sourceSettings"":{""irradiance"":0,""area"":20,""efficiency"":20,""incidence"":20},""profileId"":""steady"",""sourceUnits"":1,""companion"":{""enabled"":true,""source"":""wind"",""sourceSettings"":{""speed"":8,""radius"":40,""cp"":40,""rating"":3000},""profileId"":""steady"",""sourceUnits"":1,""offset"":0},""flex"":{""enabled"":true,""percent"":50,""fromStart"":160,""fromMinutes"":80,""toStart"":40,""toMinutes"":80},""battery"":{""capacity"":10,""power"":5,""roundtrip"":100,""initial"":75},""batteryUnits"":1,""reserve"":0,""demand"":3.75,""policy"":""release"",""loadId"":""flat"",""grid"":""outage"",""gridLimit"":{""enabled"":true,""power"":3.75},""outageStart"":90,""outageMinutes"":60,""duration"":240}"
192,"baseline","4:release",1.875,592.6983992293208,"true",0,0,0,0,590.8233992293208,0,0,10,0,0,0,0,590.8233992293208,0,0,10,0,0,0,0,0,0,0,0,5,1,"{""source"":""solarPv"",""sourceSettings"":{""irradiance"":0,""area"":20,""efficiency"":20,""incidence"":20},""profileId"":""steady"",""sourceUnits"":1,""companion"":{""enabled"":true,""source"":""wind"",""sourceSettings"":{""speed"":8,""radius"":40,""cp"":40,""rating"":3000},""profileId"":""steady"",""sourceUnits"":1,""offset"":0},""flex"":{""enabled"":true,""percent"":50,""fromStart"":160,""fromMinutes"":80,""toStart"":40,""toMinutes"":80},""battery"":{""capacity"":10,""power"":5,""roundtrip"":100,""initial"":75},""batteryUnits"":1,""reserve"":0,""demand"":3.75,""policy"":""backup"",""loadId"":""flat"",""grid"":""outage"",""gridLimit"":{""enabled"":false,""power"":2.5},""outageStart"":90,""outageMinutes"":60,""duration"":240}","{""source"":""solarPv"",""sourceSettings"":{""irradiance"":0,""area"":20,""efficiency"":20,""incidence"":20},""profileId"":""steady"",""sourceUnits"":1,""companion"":{""enabled"":true,""source"":""wind"",""sourceSettings"":{""speed"":8,""radius"":40,""cp"":40,""rating"":3000},""profileId"":""steady"",""sourceUnits"":1,""offset"":0},""flex"":{""enabled"":true,""percent"":50,""fromStart"":160,""fromMinutes"":80,""toStart"":40,""toMinutes"":80},""battery"":{""capacity"":10,""power"":5,""roundtrip"":100,""initial"":75},""batteryUnits"":1,""reserve"":0,""demand"":3.75,""policy"":""release"",""loadId"":""flat"",""grid"":""outage"",""gridLimit"":{""enabled"":true,""power"":3.75},""outageStart"":90,""outageMinutes"":60,""duration"":240}"
193,"baseline","4:release",1.875,592.6983992293208,"true",0,0,0,0,590.8233992293208,0,0,10,0,0,0,0,590.8233992293208,0,0,10,0,0,0,0,0,0,0,0,5,1,"{""source"":""solarPv"",""sourceSettings"":{""irradiance"":0,""area"":20,""efficiency"":20,""incidence"":20},""profileId"":""steady"",""sourceUnits"":1,""companion"":{""enabled"":true,""source"":""wind"",""sourceSettings"":{""speed"":8,""radius"":40,""cp"":40,""rating"":3000},""profileId"":""steady"",""sourceUnits"":1,""offset"":0},""flex"":{""enabled"":true,""percent"":50,""fromStart"":160,""fromMinutes"":80,""toStart"":40,""toMinutes"":80},""battery"":{""capacity"":10,""power"":5,""roundtrip"":100,""initial"":75},""batteryUnits"":1,""reserve"":0,""demand"":3.75,""policy"":""backup"",""loadId"":""flat"",""grid"":""outage"",""gridLimit"":{""enabled"":false,""power"":2.5},""outageStart"":90,""outageMinutes"":60,""duration"":240}","{""source"":""solarPv"",""sourceSettings"":{""irradiance"":0,""area"":20,""efficiency"":20,""incidence"":20},""profileId"":""steady"",""sourceUnits"":1,""companion"":{""enabled"":true,""source"":""wind"",""sourceSettings"":{""speed"":8,""radius"":40,""cp"":40,""rating"":3000},""profileId"":""steady"",""sourceUnits"":1,""offset"":0},""flex"":{""enabled"":true,""percent"":50,""fromStart"":160,""fromMinutes"":80,""toStart"":40,""toMinutes"":80},""battery"":{""capacity"":10,""power"":5,""roundtrip"":100,""initial"":75},""batteryUnits"":1,""reserve"":0,""demand"":3.75,""policy"":""release"",""loadId"":""flat"",""grid"":""outage"",""gridLimit"":{""enabled"":true,""power"":3.75},""outageStart"":90,""outageMinutes"":60,""duration"":240}"
194,"baseline","4:release",1.875,592.6983992293208,"true",0,0,0,0,590.8233992293208,0,0,10,0,0,0,0,590.8233992293208,0,0,10,0,0,0,0,0,0,0,0,5,1,"{""source"":""solarPv"",""sourceSettings"":{""irradiance"":0,""area"":20,""efficiency"":20,""incidence"":20},""profileId"":""steady"",""sourceUnits"":1,""companion"":{""enabled"":true,""source"":""wind"",""sourceSettings"":{""speed"":8,""radius"":40,""cp"":40,""rating"":3000},""profileId"":""steady"",""sourceUnits"":1,""offset"":0},""flex"":{""enabled"":true,""percent"":50,""fromStart"":160,""fromMinutes"":80,""toStart"":40,""toMinutes"":80},""battery"":{""capacity"":10,""power"":5,""roundtrip"":100,""initial"":75},""batteryUnits"":1,""reserve"":0,""demand"":3.75,""policy"":""backup"",""loadId"":""flat"",""grid"":""outage"",""gridLimit"":{""enabled"":false,""power"":2.5},""outageStart"":90,""outageMinutes"":60,""duration"":240}","{""source"":""solarPv"",""sourceSettings"":{""irradiance"":0,""area"":20,""efficiency"":20,""incidence"":20},""profileId"":""steady"",""sourceUnits"":1,""companion"":{""enabled"":true,""source"":""wind"",""sourceSettings"":{""speed"":8,""radius"":40,""cp"":40,""rating"":3000},""profileId"":""steady"",""sourceUnits"":1,""offset"":0},""flex"":{""enabled"":true,""percent"":50,""fromStart"":160,""fromMinutes"":80,""toStart"":40,""toMinutes"":80},""battery"":{""capacity"":10,""power"":5,""roundtrip"":100,""initial"":75},""batteryUnits"":1,""reserve"":0,""demand"":3.75,""policy"":""release"",""loadId"":""flat"",""grid"":""outage"",""gridLimit"":{""enabled"":true,""power"":3.75},""outageStart"":90,""outageMinutes"":60,""duration"":240}"
195,"baseline","4:release",1.875,592.6983992293208,"true",0,0,0,0,590.8233992293208,0,0,10,0,0,0,0,590.8233992293208,0,0,10,0,0,0,0,0,0,0,0,5,1,"{""source"":""solarPv"",""sourceSettings"":{""irradiance"":0,""area"":20,""efficiency"":20,""incidence"":20},""profileId"":""steady"",""sourceUnits"":1,""companion"":{""enabled"":true,""source"":""wind"",""sourceSettings"":{""speed"":8,""radius"":40,""cp"":40,""rating"":3000},""profileId"":""steady"",""sourceUnits"":1,""offset"":0},""flex"":{""enabled"":true,""percent"":50,""fromStart"":160,""fromMinutes"":80,""toStart"":40,""toMinutes"":80},""battery"":{""capacity"":10,""power"":5,""roundtrip"":100,""initial"":75},""batteryUnits"":1,""reserve"":0,""demand"":3.75,""policy"":""backup"",""loadId"":""flat"",""grid"":""outage"",""gridLimit"":{""enabled"":false,""power"":2.5},""outageStart"":90,""outageMinutes"":60,""duration"":240}","{""source"":""solarPv"",""sourceSettings"":{""irradiance"":0,""area"":20,""efficiency"":20,""incidence"":20},""profileId"":""steady"",""sourceUnits"":1,""companion"":{""enabled"":true,""source"":""wind"",""sourceSettings"":{""speed"":8,""radius"":40,""cp"":40,""rating"":3000},""profileId"":""steady"",""sourceUnits"":1,""offset"":0},""flex"":{""enabled"":true,""percent"":50,""fromStart"":160,""fromMinutes"":80,""toStart"":40,""toMinutes"":80},""battery"":{""capacity"":10,""power"":5,""roundtrip"":100,""initial"":75},""batteryUnits"":1,""reserve"":0,""demand"":3.75,""policy"":""release"",""loadId"":""flat"",""grid"":""outage"",""gridLimit"":{""enabled"":true,""power"":3.75},""outageStart"":90,""outageMinutes"":60,""duration"":240}"
196,"baseline","4:release",1.875,592.6983992293208,"true",0,0,0,0,590.8233992293208,0,0,10,0,0,0,0,590.8233992293208,0,0,10,0,0,0,0,0,0,0,0,5,1,"{""source"":""solarPv"",""sourceSettings"":{""irradiance"":0,""area"":20,""efficiency"":20,""incidence"":20},""profileId"":""steady"",""sourceUnits"":1,""companion"":{""enabled"":true,""source"":""wind"",""sourceSettings"":{""speed"":8,""radius"":40,""cp"":40,""rating"":3000},""profileId"":""steady"",""sourceUnits"":1,""offset"":0},""flex"":{""enabled"":true,""percent"":50,""fromStart"":160,""fromMinutes"":80,""toStart"":40,""toMinutes"":80},""battery"":{""capacity"":10,""power"":5,""roundtrip"":100,""initial"":75},""batteryUnits"":1,""reserve"":0,""demand"":3.75,""policy"":""backup"",""loadId"":""flat"",""grid"":""outage"",""gridLimit"":{""enabled"":false,""power"":2.5},""outageStart"":90,""outageMinutes"":60,""duration"":240}","{""source"":""solarPv"",""sourceSettings"":{""irradiance"":0,""area"":20,""efficiency"":20,""incidence"":20},""profileId"":""steady"",""sourceUnits"":1,""companion"":{""enabled"":true,""source"":""wind"",""sourceSettings"":{""speed"":8,""radius"":40,""cp"":40,""rating"":3000},""profileId"":""steady"",""sourceUnits"":1,""offset"":0},""flex"":{""enabled"":true,""percent"":50,""fromStart"":160,""fromMinutes"":80,""toStart"":40,""toMinutes"":80},""battery"":{""capacity"":10,""power"":5,""roundtrip"":100,""initial"":75},""batteryUnits"":1,""reserve"":0,""demand"":3.75,""policy"":""release"",""loadId"":""flat"",""grid"":""outage"",""gridLimit"":{""enabled"":true,""power"":3.75},""outageStart"":90,""outageMinutes"":60,""duration"":240}"
197,"baseline","4:release",1.875,592.6983992293208,"true",0,0,0,0,590.8233992293208,0,0,10,0,0,0,0,590.8233992293208,0,0,10,0,0,0,0,0,0,0,0,5,1,"{""source"":""solarPv"",""sourceSettings"":{""irradiance"":0,""area"":20,""efficiency"":20,""incidence"":20},""profileId"":""steady"",""sourceUnits"":1,""companion"":{""enabled"":true,""source"":""wind"",""sourceSettings"":{""speed"":8,""radius"":40,""cp"":40,""rating"":3000},""profileId"":""steady"",""sourceUnits"":1,""offset"":0},""flex"":{""enabled"":true,""percent"":50,""fromStart"":160,""fromMinutes"":80,""toStart"":40,""toMinutes"":80},""battery"":{""capacity"":10,""power"":5,""roundtrip"":100,""initial"":75},""batteryUnits"":1,""reserve"":0,""demand"":3.75,""policy"":""backup"",""loadId"":""flat"",""grid"":""outage"",""gridLimit"":{""enabled"":false,""power"":2.5},""outageStart"":90,""outageMinutes"":60,""duration"":240}","{""source"":""solarPv"",""sourceSettings"":{""irradiance"":0,""area"":20,""efficiency"":20,""incidence"":20},""profileId"":""steady"",""sourceUnits"":1,""companion"":{""enabled"":true,""source"":""wind"",""sourceSettings"":{""speed"":8,""radius"":40,""cp"":40,""rating"":3000},""profileId"":""steady"",""sourceUnits"":1,""offset"":0},""flex"":{""enabled"":true,""percent"":50,""fromStart"":160,""fromMinutes"":80,""toStart"":40,""toMinutes"":80},""battery"":{""capacity"":10,""power"":5,""roundtrip"":100,""initial"":75},""batteryUnits"":1,""reserve"":0,""demand"":3.75,""policy"":""release"",""loadId"":""flat"",""grid"":""outage"",""gridLimit"":{""enabled"":true,""power"":3.75},""outageStart"":90,""outageMinutes"":60,""duration"":240}"
198,"baseline","4:release",1.875,592.6983992293208,"true",0,0,0,0,590.8233992293208,0,0,10,0,0,0,0,590.8233992293208,0,0,10,0,0,0,0,0,0,0,0,5,1,"{""source"":""solarPv"",""sourceSettings"":{""irradiance"":0,""area"":20,""efficiency"":20,""incidence"":20},""profileId"":""steady"",""sourceUnits"":1,""companion"":{""enabled"":true,""source"":""wind"",""sourceSettings"":{""speed"":8,""radius"":40,""cp"":40,""rating"":3000},""profileId"":""steady"",""sourceUnits"":1,""offset"":0},""flex"":{""enabled"":true,""percent"":50,""fromStart"":160,""fromMinutes"":80,""toStart"":40,""toMinutes"":80},""battery"":{""capacity"":10,""power"":5,""roundtrip"":100,""initial"":75},""batteryUnits"":1,""reserve"":0,""demand"":3.75,""policy"":""backup"",""loadId"":""flat"",""grid"":""outage"",""gridLimit"":{""enabled"":false,""power"":2.5},""outageStart"":90,""outageMinutes"":60,""duration"":240}","{""source"":""solarPv"",""sourceSettings"":{""irradiance"":0,""area"":20,""efficiency"":20,""incidence"":20},""profileId"":""steady"",""sourceUnits"":1,""companion"":{""enabled"":true,""source"":""wind"",""sourceSettings"":{""speed"":8,""radius"":40,""cp"":40,""rating"":3000},""profileId"":""steady"",""sourceUnits"":1,""offset"":0},""flex"":{""enabled"":true,""percent"":50,""fromStart"":160,""fromMinutes"":80,""toStart"":40,""toMinutes"":80},""battery"":{""capacity"":10,""power"":5,""roundtrip"":100,""initial"":75},""batteryUnits"":1,""reserve"":0,""demand"":3.75,""policy"":""release"",""loadId"":""flat"",""grid"":""outage"",""gridLimit"":{""enabled"":true,""power"":3.75},""outageStart"":90,""outageMinutes"":60,""duration"":240}"
199,"baseline","4:release",1.875,592.6983992293208,"true",0,0,0,0,590.8233992293208,0,0,10,0,0,0,0,590.8233992293208,0,0,10,0,0,0,0,0,0,0,0,5,1,"{""source"":""solarPv"",""sourceSettings"":{""irradiance"":0,""area"":20,""efficiency"":20,""incidence"":20},""profileId"":""steady"",""sourceUnits"":1,""companion"":{""enabled"":true,""source"":""wind"",""sourceSettings"":{""speed"":8,""radius"":40,""cp"":40,""rating"":3000},""profileId"":""steady"",""sourceUnits"":1,""offset"":0},""flex"":{""enabled"":true,""percent"":50,""fromStart"":160,""fromMinutes"":80,""toStart"":40,""toMinutes"":80},""battery"":{""capacity"":10,""power"":5,""roundtrip"":100,""initial"":75},""batteryUnits"":1,""reserve"":0,""demand"":3.75,""policy"":""backup"",""loadId"":""flat"",""grid"":""outage"",""gridLimit"":{""enabled"":false,""power"":2.5},""outageStart"":90,""outageMinutes"":60,""duration"":240}","{""source"":""solarPv"",""sourceSettings"":{""irradiance"":0,""area"":20,""efficiency"":20,""incidence"":20},""profileId"":""steady"",""sourceUnits"":1,""companion"":{""enabled"":true,""source"":""wind"",""sourceSettings"":{""speed"":8,""radius"":40,""cp"":40,""rating"":3000},""profileId"":""steady"",""sourceUnits"":1,""offset"":0},""flex"":{""enabled"":true,""percent"":50,""fromStart"":160,""fromMinutes"":80,""toStart"":40,""toMinutes"":80},""battery"":{""capacity"":10,""power"":5,""roundtrip"":100,""initial"":75},""batteryUnits"":1,""reserve"":0,""demand"":3.75,""policy"":""release"",""loadId"":""flat"",""grid"":""outage"",""gridLimit"":{""enabled"":true,""power"":3.75},""outageStart"":90,""outageMinutes"":60,""duration"":240}"
200,"baseline","4:release",1.875,592.6983992293208,"true",0,0,0,0,590.8233992293208,0,0,10,0,0,0,0,590.8233992293208,0,0,10,0,0,0,0,0,0,0,0,5,1,"{""source"":""solarPv"",""sourceSettings"":{""irradiance"":0,""area"":20,""efficiency"":20,""incidence"":20},""profileId"":""steady"",""sourceUnits"":1,""companion"":{""enabled"":true,""source"":""wind"",""sourceSettings"":{""speed"":8,""radius"":40,""cp"":40,""rating"":3000},""profileId"":""steady"",""sourceUnits"":1,""offset"":0},""flex"":{""enabled"":true,""percent"":50,""fromStart"":160,""fromMinutes"":80,""toStart"":40,""toMinutes"":80},""battery"":{""capacity"":10,""power"":5,""roundtrip"":100,""initial"":75},""batteryUnits"":1,""reserve"":0,""demand"":3.75,""policy"":""backup"",""loadId"":""flat"",""grid"":""outage"",""gridLimit"":{""enabled"":false,""power"":2.5},""outageStart"":90,""outageMinutes"":60,""duration"":240}","{""source"":""solarPv"",""sourceSettings"":{""irradiance"":0,""area"":20,""efficiency"":20,""incidence"":20},""profileId"":""steady"",""sourceUnits"":1,""companion"":{""enabled"":true,""source"":""wind"",""sourceSettings"":{""speed"":8,""radius"":40,""cp"":40,""rating"":3000},""profileId"":""steady"",""sourceUnits"":1,""offset"":0},""flex"":{""enabled"":true,""percent"":50,""fromStart"":160,""fromMinutes"":80,""toStart"":40,""toMinutes"":80},""battery"":{""capacity"":10,""power"":5,""roundtrip"":100,""initial"":75},""batteryUnits"":1,""reserve"":0,""demand"":3.75,""policy"":""release"",""loadId"":""flat"",""grid"":""outage"",""gridLimit"":{""enabled"":true,""power"":3.75},""outageStart"":90,""outageMinutes"":60,""duration"":240}"
201,"baseline","4:release",1.875,592.6983992293208,"true",0,0,0,0,590.8233992293208,0,0,10,0,0,0,0,590.8233992293208,0,0,10,0,0,0,0,0,0,0,0,5,1,"{""source"":""solarPv"",""sourceSettings"":{""irradiance"":0,""area"":20,""efficiency"":20,""incidence"":20},""profileId"":""steady"",""sourceUnits"":1,""companion"":{""enabled"":true,""source"":""wind"",""sourceSettings"":{""speed"":8,""radius"":40,""cp"":40,""rating"":3000},""profileId"":""steady"",""sourceUnits"":1,""offset"":0},""flex"":{""enabled"":true,""percent"":50,""fromStart"":160,""fromMinutes"":80,""toStart"":40,""toMinutes"":80},""battery"":{""capacity"":10,""power"":5,""roundtrip"":100,""initial"":75},""batteryUnits"":1,""reserve"":0,""demand"":3.75,""policy"":""backup"",""loadId"":""flat"",""grid"":""outage"",""gridLimit"":{""enabled"":false,""power"":2.5},""outageStart"":90,""outageMinutes"":60,""duration"":240}","{""source"":""solarPv"",""sourceSettings"":{""irradiance"":0,""area"":20,""efficiency"":20,""incidence"":20},""profileId"":""steady"",""sourceUnits"":1,""companion"":{""enabled"":true,""source"":""wind"",""sourceSettings"":{""speed"":8,""radius"":40,""cp"":40,""rating"":3000},""profileId"":""steady"",""sourceUnits"":1,""offset"":0},""flex"":{""enabled"":true,""percent"":50,""fromStart"":160,""fromMinutes"":80,""toStart"":40,""toMinutes"":80},""battery"":{""capacity"":10,""power"":5,""roundtrip"":100,""initial"":75},""batteryUnits"":1,""reserve"":0,""demand"":3.75,""policy"":""release"",""loadId"":""flat"",""grid"":""outage"",""gridLimit"":{""enabled"":true,""power"":3.75},""outageStart"":90,""outageMinutes"":60,""duration"":240}"
202,"baseline","4:release",1.875,592.6983992293208,"true",0,0,0,0,590.8233992293208,0,0,10,0,0,0,0,590.8233992293208,0,0,10,0,0,0,0,0,0,0,0,5,1,"{""source"":""solarPv"",""sourceSettings"":{""irradiance"":0,""area"":20,""efficiency"":20,""incidence"":20},""profileId"":""steady"",""sourceUnits"":1,""companion"":{""enabled"":true,""source"":""wind"",""sourceSettings"":{""speed"":8,""radius"":40,""cp"":40,""rating"":3000},""profileId"":""steady"",""sourceUnits"":1,""offset"":0},""flex"":{""enabled"":true,""percent"":50,""fromStart"":160,""fromMinutes"":80,""toStart"":40,""toMinutes"":80},""battery"":{""capacity"":10,""power"":5,""roundtrip"":100,""initial"":75},""batteryUnits"":1,""reserve"":0,""demand"":3.75,""policy"":""backup"",""loadId"":""flat"",""grid"":""outage"",""gridLimit"":{""enabled"":false,""power"":2.5},""outageStart"":90,""outageMinutes"":60,""duration"":240}","{""source"":""solarPv"",""sourceSettings"":{""irradiance"":0,""area"":20,""efficiency"":20,""incidence"":20},""profileId"":""steady"",""sourceUnits"":1,""companion"":{""enabled"":true,""source"":""wind"",""sourceSettings"":{""speed"":8,""radius"":40,""cp"":40,""rating"":3000},""profileId"":""steady"",""sourceUnits"":1,""offset"":0},""flex"":{""enabled"":true,""percent"":50,""fromStart"":160,""fromMinutes"":80,""toStart"":40,""toMinutes"":80},""battery"":{""capacity"":10,""power"":5,""roundtrip"":100,""initial"":75},""batteryUnits"":1,""reserve"":0,""demand"":3.75,""policy"":""release"",""loadId"":""flat"",""grid"":""outage"",""gridLimit"":{""enabled"":true,""power"":3.75},""outageStart"":90,""outageMinutes"":60,""duration"":240}"
203,"baseline","4:release",1.875,592.6983992293208,"true",0,0,0,0,590.8233992293208,0,0,10,0,0,0,0,590.8233992293208,0,0,10,0,0,0,0,0,0,0,0,5,1,"{""source"":""solarPv"",""sourceSettings"":{""irradiance"":0,""area"":20,""efficiency"":20,""incidence"":20},""profileId"":""steady"",""sourceUnits"":1,""companion"":{""enabled"":true,""source"":""wind"",""sourceSettings"":{""speed"":8,""radius"":40,""cp"":40,""rating"":3000},""profileId"":""steady"",""sourceUnits"":1,""offset"":0},""flex"":{""enabled"":true,""percent"":50,""fromStart"":160,""fromMinutes"":80,""toStart"":40,""toMinutes"":80},""battery"":{""capacity"":10,""power"":5,""roundtrip"":100,""initial"":75},""batteryUnits"":1,""reserve"":0,""demand"":3.75,""policy"":""backup"",""loadId"":""flat"",""grid"":""outage"",""gridLimit"":{""enabled"":false,""power"":2.5},""outageStart"":90,""outageMinutes"":60,""duration"":240}","{""source"":""solarPv"",""sourceSettings"":{""irradiance"":0,""area"":20,""efficiency"":20,""incidence"":20},""profileId"":""steady"",""sourceUnits"":1,""companion"":{""enabled"":true,""source"":""wind"",""sourceSettings"":{""speed"":8,""radius"":40,""cp"":40,""rating"":3000},""profileId"":""steady"",""sourceUnits"":1,""offset"":0},""flex"":{""enabled"":true,""percent"":50,""fromStart"":160,""fromMinutes"":80,""toStart"":40,""toMinutes"":80},""battery"":{""capacity"":10,""power"":5,""roundtrip"":100,""initial"":75},""batteryUnits"":1,""reserve"":0,""demand"":3.75,""policy"":""release"",""loadId"":""flat"",""grid"":""outage"",""gridLimit"":{""enabled"":true,""power"":3.75},""outageStart"":90,""outageMinutes"":60,""duration"":240}"
204,"baseline","4:release",1.875,592.6983992293208,"true",0,0,0,0,590.8233992293208,0,0,10,0,0,0,0,590.8233992293208,0,0,10,0,0,0,0,0,0,0,0,5,1,"{""source"":""solarPv"",""sourceSettings"":{""irradiance"":0,""area"":20,""efficiency"":20,""incidence"":20},""profileId"":""steady"",""sourceUnits"":1,""companion"":{""enabled"":true,""source"":""wind"",""sourceSettings"":{""speed"":8,""radius"":40,""cp"":40,""rating"":3000},""profileId"":""steady"",""sourceUnits"":1,""offset"":0},""flex"":{""enabled"":true,""percent"":50,""fromStart"":160,""fromMinutes"":80,""toStart"":40,""toMinutes"":80},""battery"":{""capacity"":10,""power"":5,""roundtrip"":100,""initial"":75},""batteryUnits"":1,""reserve"":0,""demand"":3.75,""policy"":""backup"",""loadId"":""flat"",""grid"":""outage"",""gridLimit"":{""enabled"":false,""power"":2.5},""outageStart"":90,""outageMinutes"":60,""duration"":240}","{""source"":""solarPv"",""sourceSettings"":{""irradiance"":0,""area"":20,""efficiency"":20,""incidence"":20},""profileId"":""steady"",""sourceUnits"":1,""companion"":{""enabled"":true,""source"":""wind"",""sourceSettings"":{""speed"":8,""radius"":40,""cp"":40,""rating"":3000},""profileId"":""steady"",""sourceUnits"":1,""offset"":0},""flex"":{""enabled"":true,""percent"":50,""fromStart"":160,""fromMinutes"":80,""toStart"":40,""toMinutes"":80},""battery"":{""capacity"":10,""power"":5,""roundtrip"":100,""initial"":75},""batteryUnits"":1,""reserve"":0,""demand"":3.75,""policy"":""release"",""loadId"":""flat"",""grid"":""outage"",""gridLimit"":{""enabled"":true,""power"":3.75},""outageStart"":90,""outageMinutes"":60,""duration"":240}"
205,"baseline","4:release",1.875,592.6983992293208,"true",0,0,0,0,590.8233992293208,0,0,10,0,0,0,0,590.8233992293208,0,0,10,0,0,0,0,0,0,0,0,5,1,"{""source"":""solarPv"",""sourceSettings"":{""irradiance"":0,""area"":20,""efficiency"":20,""incidence"":20},""profileId"":""steady"",""sourceUnits"":1,""companion"":{""enabled"":true,""source"":""wind"",""sourceSettings"":{""speed"":8,""radius"":40,""cp"":40,""rating"":3000},""profileId"":""steady"",""sourceUnits"":1,""offset"":0},""flex"":{""enabled"":true,""percent"":50,""fromStart"":160,""fromMinutes"":80,""toStart"":40,""toMinutes"":80},""battery"":{""capacity"":10,""power"":5,""roundtrip"":100,""initial"":75},""batteryUnits"":1,""reserve"":0,""demand"":3.75,""policy"":""backup"",""loadId"":""flat"",""grid"":""outage"",""gridLimit"":{""enabled"":false,""power"":2.5},""outageStart"":90,""outageMinutes"":60,""duration"":240}","{""source"":""solarPv"",""sourceSettings"":{""irradiance"":0,""area"":20,""efficiency"":20,""incidence"":20},""profileId"":""steady"",""sourceUnits"":1,""companion"":{""enabled"":true,""source"":""wind"",""sourceSettings"":{""speed"":8,""radius"":40,""cp"":40,""rating"":3000},""profileId"":""steady"",""sourceUnits"":1,""offset"":0},""flex"":{""enabled"":true,""percent"":50,""fromStart"":160,""fromMinutes"":80,""toStart"":40,""toMinutes"":80},""battery"":{""capacity"":10,""power"":5,""roundtrip"":100,""initial"":75},""batteryUnits"":1,""reserve"":0,""demand"":3.75,""policy"":""release"",""loadId"":""flat"",""grid"":""outage"",""gridLimit"":{""enabled"":true,""power"":3.75},""outageStart"":90,""outageMinutes"":60,""duration"":240}"
206,"baseline","4:release",1.875,592.6983992293208,"true",0,0,0,0,590.8233992293208,0,0,10,0,0,0,0,590.8233992293208,0,0,10,0,0,0,0,0,0,0,0,5,1,"{""source"":""solarPv"",""sourceSettings"":{""irradiance"":0,""area"":20,""efficiency"":20,""incidence"":20},""profileId"":""steady"",""sourceUnits"":1,""companion"":{""enabled"":true,""source"":""wind"",""sourceSettings"":{""speed"":8,""radius"":40,""cp"":40,""rating"":3000},""profileId"":""steady"",""sourceUnits"":1,""offset"":0},""flex"":{""enabled"":true,""percent"":50,""fromStart"":160,""fromMinutes"":80,""toStart"":40,""toMinutes"":80},""battery"":{""capacity"":10,""power"":5,""roundtrip"":100,""initial"":75},""batteryUnits"":1,""reserve"":0,""demand"":3.75,""policy"":""backup"",""loadId"":""flat"",""grid"":""outage"",""gridLimit"":{""enabled"":false,""power"":2.5},""outageStart"":90,""outageMinutes"":60,""duration"":240}","{""source"":""solarPv"",""sourceSettings"":{""irradiance"":0,""area"":20,""efficiency"":20,""incidence"":20},""profileId"":""steady"",""sourceUnits"":1,""companion"":{""enabled"":true,""source"":""wind"",""sourceSettings"":{""speed"":8,""radius"":40,""cp"":40,""rating"":3000},""profileId"":""steady"",""sourceUnits"":1,""offset"":0},""flex"":{""enabled"":true,""percent"":50,""fromStart"":160,""fromMinutes"":80,""toStart"":40,""toMinutes"":80},""battery"":{""capacity"":10,""power"":5,""roundtrip"":100,""initial"":75},""batteryUnits"":1,""reserve"":0,""demand"":3.75,""policy"":""release"",""loadId"":""flat"",""grid"":""outage"",""gridLimit"":{""enabled"":true,""power"":3.75},""outageStart"":90,""outageMinutes"":60,""duration"":240}"
207,"baseline","4:release",1.875,592.6983992293208,"true",0,0,0,0,590.8233992293208,0,0,10,0,0,0,0,590.8233992293208,0,0,10,0,0,0,0,0,0,0,0,5,1,"{""source"":""solarPv"",""sourceSettings"":{""irradiance"":0,""area"":20,""efficiency"":20,""incidence"":20},""profileId"":""steady"",""sourceUnits"":1,""companion"":{""enabled"":true,""source"":""wind"",""sourceSettings"":{""speed"":8,""radius"":40,""cp"":40,""rating"":3000},""profileId"":""steady"",""sourceUnits"":1,""offset"":0},""flex"":{""enabled"":true,""percent"":50,""fromStart"":160,""fromMinutes"":80,""toStart"":40,""toMinutes"":80},""battery"":{""capacity"":10,""power"":5,""roundtrip"":100,""initial"":75},""batteryUnits"":1,""reserve"":0,""demand"":3.75,""policy"":""backup"",""loadId"":""flat"",""grid"":""outage"",""gridLimit"":{""enabled"":false,""power"":2.5},""outageStart"":90,""outageMinutes"":60,""duration"":240}","{""source"":""solarPv"",""sourceSettings"":{""irradiance"":0,""area"":20,""efficiency"":20,""incidence"":20},""profileId"":""steady"",""sourceUnits"":1,""companion"":{""enabled"":true,""source"":""wind"",""sourceSettings"":{""speed"":8,""radius"":40,""cp"":40,""rating"":3000},""profileId"":""steady"",""sourceUnits"":1,""offset"":0},""flex"":{""enabled"":true,""percent"":50,""fromStart"":160,""fromMinutes"":80,""toStart"":40,""toMinutes"":80},""battery"":{""capacity"":10,""power"":5,""roundtrip"":100,""initial"":75},""batteryUnits"":1,""reserve"":0,""demand"":3.75,""policy"":""release"",""loadId"":""flat"",""grid"":""outage"",""gridLimit"":{""enabled"":true,""power"":3.75},""outageStart"":90,""outageMinutes"":60,""duration"":240}"
208,"baseline","4:release",1.875,592.6983992293208,"true",0,0,0,0,590.8233992293208,0,0,10,0,0,0,0,590.8233992293208,0,0,10,0,0,0,0,0,0,0,0,5,1,"{""source"":""solarPv"",""sourceSettings"":{""irradiance"":0,""area"":20,""efficiency"":20,""incidence"":20},""profileId"":""steady"",""sourceUnits"":1,""companion"":{""enabled"":true,""source"":""wind"",""sourceSettings"":{""speed"":8,""radius"":40,""cp"":40,""rating"":3000},""profileId"":""steady"",""sourceUnits"":1,""offset"":0},""flex"":{""enabled"":true,""percent"":50,""fromStart"":160,""fromMinutes"":80,""toStart"":40,""toMinutes"":80},""battery"":{""capacity"":10,""power"":5,""roundtrip"":100,""initial"":75},""batteryUnits"":1,""reserve"":0,""demand"":3.75,""policy"":""backup"",""loadId"":""flat"",""grid"":""outage"",""gridLimit"":{""enabled"":false,""power"":2.5},""outageStart"":90,""outageMinutes"":60,""duration"":240}","{""source"":""solarPv"",""sourceSettings"":{""irradiance"":0,""area"":20,""efficiency"":20,""incidence"":20},""profileId"":""steady"",""sourceUnits"":1,""companion"":{""enabled"":true,""source"":""wind"",""sourceSettings"":{""speed"":8,""radius"":40,""cp"":40,""rating"":3000},""profileId"":""steady"",""sourceUnits"":1,""offset"":0},""flex"":{""enabled"":true,""percent"":50,""fromStart"":160,""fromMinutes"":80,""toStart"":40,""toMinutes"":80},""battery"":{""capacity"":10,""power"":5,""roundtrip"":100,""initial"":75},""batteryUnits"":1,""reserve"":0,""demand"":3.75,""policy"":""release"",""loadId"":""flat"",""grid"":""outage"",""gridLimit"":{""enabled"":true,""power"":3.75},""outageStart"":90,""outageMinutes"":60,""duration"":240}"
209,"baseline","4:release",1.875,592.6983992293208,"true",0,0,0,0,590.8233992293208,0,0,10,0,0,0,0,590.8233992293208,0,0,10,0,0,0,0,0,0,0,0,5,1,"{""source"":""solarPv"",""sourceSettings"":{""irradiance"":0,""area"":20,""efficiency"":20,""incidence"":20},""profileId"":""steady"",""sourceUnits"":1,""companion"":{""enabled"":true,""source"":""wind"",""sourceSettings"":{""speed"":8,""radius"":40,""cp"":40,""rating"":3000},""profileId"":""steady"",""sourceUnits"":1,""offset"":0},""flex"":{""enabled"":true,""percent"":50,""fromStart"":160,""fromMinutes"":80,""toStart"":40,""toMinutes"":80},""battery"":{""capacity"":10,""power"":5,""roundtrip"":100,""initial"":75},""batteryUnits"":1,""reserve"":0,""demand"":3.75,""policy"":""backup"",""loadId"":""flat"",""grid"":""outage"",""gridLimit"":{""enabled"":false,""power"":2.5},""outageStart"":90,""outageMinutes"":60,""duration"":240}","{""source"":""solarPv"",""sourceSettings"":{""irradiance"":0,""area"":20,""efficiency"":20,""incidence"":20},""profileId"":""steady"",""sourceUnits"":1,""companion"":{""enabled"":true,""source"":""wind"",""sourceSettings"":{""speed"":8,""radius"":40,""cp"":40,""rating"":3000},""profileId"":""steady"",""sourceUnits"":1,""offset"":0},""flex"":{""enabled"":true,""percent"":50,""fromStart"":160,""fromMinutes"":80,""toStart"":40,""toMinutes"":80},""battery"":{""capacity"":10,""power"":5,""roundtrip"":100,""initial"":75},""batteryUnits"":1,""reserve"":0,""demand"":3.75,""policy"":""release"",""loadId"":""flat"",""grid"":""outage"",""gridLimit"":{""enabled"":true,""power"":3.75},""outageStart"":90,""outageMinutes"":60,""duration"":240}"
210,"baseline","4:release",1.875,592.6983992293208,"true",0,0,0,0,590.8233992293208,0,0,10,0,0,0,0,590.8233992293208,0,0,10,0,0,0,0,0,0,0,0,5,1,"{""source"":""solarPv"",""sourceSettings"":{""irradiance"":0,""area"":20,""efficiency"":20,""incidence"":20},""profileId"":""steady"",""sourceUnits"":1,""companion"":{""enabled"":true,""source"":""wind"",""sourceSettings"":{""speed"":8,""radius"":40,""cp"":40,""rating"":3000},""profileId"":""steady"",""sourceUnits"":1,""offset"":0},""flex"":{""enabled"":true,""percent"":50,""fromStart"":160,""fromMinutes"":80,""toStart"":40,""toMinutes"":80},""battery"":{""capacity"":10,""power"":5,""roundtrip"":100,""initial"":75},""batteryUnits"":1,""reserve"":0,""demand"":3.75,""policy"":""backup"",""loadId"":""flat"",""grid"":""outage"",""gridLimit"":{""enabled"":false,""power"":2.5},""outageStart"":90,""outageMinutes"":60,""duration"":240}","{""source"":""solarPv"",""sourceSettings"":{""irradiance"":0,""area"":20,""efficiency"":20,""incidence"":20},""profileId"":""steady"",""sourceUnits"":1,""companion"":{""enabled"":true,""source"":""wind"",""sourceSettings"":{""speed"":8,""radius"":40,""cp"":40,""rating"":3000},""profileId"":""steady"",""sourceUnits"":1,""offset"":0},""flex"":{""enabled"":true,""percent"":50,""fromStart"":160,""fromMinutes"":80,""toStart"":40,""toMinutes"":80},""battery"":{""capacity"":10,""power"":5,""roundtrip"":100,""initial"":75},""batteryUnits"":1,""reserve"":0,""demand"":3.75,""policy"":""release"",""loadId"":""flat"",""grid"":""outage"",""gridLimit"":{""enabled"":true,""power"":3.75},""outageStart"":90,""outageMinutes"":60,""duration"":240}"
211,"baseline","4:release",1.875,592.6983992293208,"true",0,0,0,0,590.8233992293208,0,0,10,0,0,0,0,590.8233992293208,0,0,10,0,0,0,0,0,0,0,0,5,1,"{""source"":""solarPv"",""sourceSettings"":{""irradiance"":0,""area"":20,""efficiency"":20,""incidence"":20},""profileId"":""steady"",""sourceUnits"":1,""companion"":{""enabled"":true,""source"":""wind"",""sourceSettings"":{""speed"":8,""radius"":40,""cp"":40,""rating"":3000},""profileId"":""steady"",""sourceUnits"":1,""offset"":0},""flex"":{""enabled"":true,""percent"":50,""fromStart"":160,""fromMinutes"":80,""toStart"":40,""toMinutes"":80},""battery"":{""capacity"":10,""power"":5,""roundtrip"":100,""initial"":75},""batteryUnits"":1,""reserve"":0,""demand"":3.75,""policy"":""backup"",""loadId"":""flat"",""grid"":""outage"",""gridLimit"":{""enabled"":false,""power"":2.5},""outageStart"":90,""outageMinutes"":60,""duration"":240}","{""source"":""solarPv"",""sourceSettings"":{""irradiance"":0,""area"":20,""efficiency"":20,""incidence"":20},""profileId"":""steady"",""sourceUnits"":1,""companion"":{""enabled"":true,""source"":""wind"",""sourceSettings"":{""speed"":8,""radius"":40,""cp"":40,""rating"":3000},""profileId"":""steady"",""sourceUnits"":1,""offset"":0},""flex"":{""enabled"":true,""percent"":50,""fromStart"":160,""fromMinutes"":80,""toStart"":40,""toMinutes"":80},""battery"":{""capacity"":10,""power"":5,""roundtrip"":100,""initial"":75},""batteryUnits"":1,""reserve"":0,""demand"":3.75,""policy"":""release"",""loadId"":""flat"",""grid"":""outage"",""gridLimit"":{""enabled"":true,""power"":3.75},""outageStart"":90,""outageMinutes"":60,""duration"":240}"
212,"baseline","4:release",1.875,592.6983992293208,"true",0,0,0,0,590.8233992293208,0,0,10,0,0,0,0,590.8233992293208,0,0,10,0,0,0,0,0,0,0,0,5,1,"{""source"":""solarPv"",""sourceSettings"":{""irradiance"":0,""area"":20,""efficiency"":20,""incidence"":20},""profileId"":""steady"",""sourceUnits"":1,""companion"":{""enabled"":true,""source"":""wind"",""sourceSettings"":{""speed"":8,""radius"":40,""cp"":40,""rating"":3000},""profileId"":""steady"",""sourceUnits"":1,""offset"":0},""flex"":{""enabled"":true,""percent"":50,""fromStart"":160,""fromMinutes"":80,""toStart"":40,""toMinutes"":80},""battery"":{""capacity"":10,""power"":5,""roundtrip"":100,""initial"":75},""batteryUnits"":1,""reserve"":0,""demand"":3.75,""policy"":""backup"",""loadId"":""flat"",""grid"":""outage"",""gridLimit"":{""enabled"":false,""power"":2.5},""outageStart"":90,""outageMinutes"":60,""duration"":240}","{""source"":""solarPv"",""sourceSettings"":{""irradiance"":0,""area"":20,""efficiency"":20,""incidence"":20},""profileId"":""steady"",""sourceUnits"":1,""companion"":{""enabled"":true,""source"":""wind"",""sourceSettings"":{""speed"":8,""radius"":40,""cp"":40,""rating"":3000},""profileId"":""steady"",""sourceUnits"":1,""offset"":0},""flex"":{""enabled"":true,""percent"":50,""fromStart"":160,""fromMinutes"":80,""toStart"":40,""toMinutes"":80},""battery"":{""capacity"":10,""power"":5,""roundtrip"":100,""initial"":75},""batteryUnits"":1,""reserve"":0,""demand"":3.75,""policy"":""release"",""loadId"":""flat"",""grid"":""outage"",""gridLimit"":{""enabled"":true,""power"":3.75},""outageStart"":90,""outageMinutes"":60,""duration"":240}"
213,"baseline","4:release",1.875,592.6983992293208,"true",0,0,0,0,590.8233992293208,0,0,10,0,0,0,0,590.8233992293208,0,0,10,0,0,0,0,0,0,0,0,5,1,"{""source"":""solarPv"",""sourceSettings"":{""irradiance"":0,""area"":20,""efficiency"":20,""incidence"":20},""profileId"":""steady"",""sourceUnits"":1,""companion"":{""enabled"":true,""source"":""wind"",""sourceSettings"":{""speed"":8,""radius"":40,""cp"":40,""rating"":3000},""profileId"":""steady"",""sourceUnits"":1,""offset"":0},""flex"":{""enabled"":true,""percent"":50,""fromStart"":160,""fromMinutes"":80,""toStart"":40,""toMinutes"":80},""battery"":{""capacity"":10,""power"":5,""roundtrip"":100,""initial"":75},""batteryUnits"":1,""reserve"":0,""demand"":3.75,""policy"":""backup"",""loadId"":""flat"",""grid"":""outage"",""gridLimit"":{""enabled"":false,""power"":2.5},""outageStart"":90,""outageMinutes"":60,""duration"":240}","{""source"":""solarPv"",""sourceSettings"":{""irradiance"":0,""area"":20,""efficiency"":20,""incidence"":20},""profileId"":""steady"",""sourceUnits"":1,""companion"":{""enabled"":true,""source"":""wind"",""sourceSettings"":{""speed"":8,""radius"":40,""cp"":40,""rating"":3000},""profileId"":""steady"",""sourceUnits"":1,""offset"":0},""flex"":{""enabled"":true,""percent"":50,""fromStart"":160,""fromMinutes"":80,""toStart"":40,""toMinutes"":80},""battery"":{""capacity"":10,""power"":5,""roundtrip"":100,""initial"":75},""batteryUnits"":1,""reserve"":0,""demand"":3.75,""policy"":""release"",""loadId"":""flat"",""grid"":""outage"",""gridLimit"":{""enabled"":true,""power"":3.75},""outageStart"":90,""outageMinutes"":60,""duration"":240}"
214,"baseline","4:release",1.875,592.6983992293208,"true",0,0,0,0,590.8233992293208,0,0,10,0,0,0,0,590.8233992293208,0,0,10,0,0,0,0,0,0,0,0,5,1,"{""source"":""solarPv"",""sourceSettings"":{""irradiance"":0,""area"":20,""efficiency"":20,""incidence"":20},""profileId"":""steady"",""sourceUnits"":1,""companion"":{""enabled"":true,""source"":""wind"",""sourceSettings"":{""speed"":8,""radius"":40,""cp"":40,""rating"":3000},""profileId"":""steady"",""sourceUnits"":1,""offset"":0},""flex"":{""enabled"":true,""percent"":50,""fromStart"":160,""fromMinutes"":80,""toStart"":40,""toMinutes"":80},""battery"":{""capacity"":10,""power"":5,""roundtrip"":100,""initial"":75},""batteryUnits"":1,""reserve"":0,""demand"":3.75,""policy"":""backup"",""loadId"":""flat"",""grid"":""outage"",""gridLimit"":{""enabled"":false,""power"":2.5},""outageStart"":90,""outageMinutes"":60,""duration"":240}","{""source"":""solarPv"",""sourceSettings"":{""irradiance"":0,""area"":20,""efficiency"":20,""incidence"":20},""profileId"":""steady"",""sourceUnits"":1,""companion"":{""enabled"":true,""source"":""wind"",""sourceSettings"":{""speed"":8,""radius"":40,""cp"":40,""rating"":3000},""profileId"":""steady"",""sourceUnits"":1,""offset"":0},""flex"":{""enabled"":true,""percent"":50,""fromStart"":160,""fromMinutes"":80,""toStart"":40,""toMinutes"":80},""battery"":{""capacity"":10,""power"":5,""roundtrip"":100,""initial"":75},""batteryUnits"":1,""reserve"":0,""demand"":3.75,""policy"":""release"",""loadId"":""flat"",""grid"":""outage"",""gridLimit"":{""enabled"":true,""power"":3.75},""outageStart"":90,""outageMinutes"":60,""duration"":240}"
215,"baseline","4:release",1.875,592.6983992293208,"true",0,0,0,0,590.8233992293208,0,0,10,0,0,0,0,590.8233992293208,0,0,10,0,0,0,0,0,0,0,0,5,1,"{""source"":""solarPv"",""sourceSettings"":{""irradiance"":0,""area"":20,""efficiency"":20,""incidence"":20},""profileId"":""steady"",""sourceUnits"":1,""companion"":{""enabled"":true,""source"":""wind"",""sourceSettings"":{""speed"":8,""radius"":40,""cp"":40,""rating"":3000},""profileId"":""steady"",""sourceUnits"":1,""offset"":0},""flex"":{""enabled"":true,""percent"":50,""fromStart"":160,""fromMinutes"":80,""toStart"":40,""toMinutes"":80},""battery"":{""capacity"":10,""power"":5,""roundtrip"":100,""initial"":75},""batteryUnits"":1,""reserve"":0,""demand"":3.75,""policy"":""backup"",""loadId"":""flat"",""grid"":""outage"",""gridLimit"":{""enabled"":false,""power"":2.5},""outageStart"":90,""outageMinutes"":60,""duration"":240}","{""source"":""solarPv"",""sourceSettings"":{""irradiance"":0,""area"":20,""efficiency"":20,""incidence"":20},""profileId"":""steady"",""sourceUnits"":1,""companion"":{""enabled"":true,""source"":""wind"",""sourceSettings"":{""speed"":8,""radius"":40,""cp"":40,""rating"":3000},""profileId"":""steady"",""sourceUnits"":1,""offset"":0},""flex"":{""enabled"":true,""percent"":50,""fromStart"":160,""fromMinutes"":80,""toStart"":40,""toMinutes"":80},""battery"":{""capacity"":10,""power"":5,""roundtrip"":100,""initial"":75},""batteryUnits"":1,""reserve"":0,""demand"":3.75,""policy"":""release"",""loadId"":""flat"",""grid"":""outage"",""gridLimit"":{""enabled"":true,""power"":3.75},""outageStart"":90,""outageMinutes"":60,""duration"":240}"
216,"baseline","4:release",1.875,592.6983992293208,"true",0,0,0,0,590.8233992293208,0,0,10,0,0,0,0,590.8233992293208,0,0,10,0,0,0,0,0,0,0,0,5,1,"{""source"":""solarPv"",""sourceSettings"":{""irradiance"":0,""area"":20,""efficiency"":20,""incidence"":20},""profileId"":""steady"",""sourceUnits"":1,""companion"":{""enabled"":true,""source"":""wind"",""sourceSettings"":{""speed"":8,""radius"":40,""cp"":40,""rating"":3000},""profileId"":""steady"",""sourceUnits"":1,""offset"":0},""flex"":{""enabled"":true,""percent"":50,""fromStart"":160,""fromMinutes"":80,""toStart"":40,""toMinutes"":80},""battery"":{""capacity"":10,""power"":5,""roundtrip"":100,""initial"":75},""batteryUnits"":1,""reserve"":0,""demand"":3.75,""policy"":""backup"",""loadId"":""flat"",""grid"":""outage"",""gridLimit"":{""enabled"":false,""power"":2.5},""outageStart"":90,""outageMinutes"":60,""duration"":240}","{""source"":""solarPv"",""sourceSettings"":{""irradiance"":0,""area"":20,""efficiency"":20,""incidence"":20},""profileId"":""steady"",""sourceUnits"":1,""companion"":{""enabled"":true,""source"":""wind"",""sourceSettings"":{""speed"":8,""radius"":40,""cp"":40,""rating"":3000},""profileId"":""steady"",""sourceUnits"":1,""offset"":0},""flex"":{""enabled"":true,""percent"":50,""fromStart"":160,""fromMinutes"":80,""toStart"":40,""toMinutes"":80},""battery"":{""capacity"":10,""power"":5,""roundtrip"":100,""initial"":75},""batteryUnits"":1,""reserve"":0,""demand"":3.75,""policy"":""release"",""loadId"":""flat"",""grid"":""outage"",""gridLimit"":{""enabled"":true,""power"":3.75},""outageStart"":90,""outageMinutes"":60,""duration"":240}"
217,"baseline","4:release",1.875,592.6983992293208,"true",0,0,0,0,590.8233992293208,0,0,10,0,0,0,0,590.8233992293208,0,0,10,0,0,0,0,0,0,0,0,5,1,"{""source"":""solarPv"",""sourceSettings"":{""irradiance"":0,""area"":20,""efficiency"":20,""incidence"":20},""profileId"":""steady"",""sourceUnits"":1,""companion"":{""enabled"":true,""source"":""wind"",""sourceSettings"":{""speed"":8,""radius"":40,""cp"":40,""rating"":3000},""profileId"":""steady"",""sourceUnits"":1,""offset"":0},""flex"":{""enabled"":true,""percent"":50,""fromStart"":160,""fromMinutes"":80,""toStart"":40,""toMinutes"":80},""battery"":{""capacity"":10,""power"":5,""roundtrip"":100,""initial"":75},""batteryUnits"":1,""reserve"":0,""demand"":3.75,""policy"":""backup"",""loadId"":""flat"",""grid"":""outage"",""gridLimit"":{""enabled"":false,""power"":2.5},""outageStart"":90,""outageMinutes"":60,""duration"":240}","{""source"":""solarPv"",""sourceSettings"":{""irradiance"":0,""area"":20,""efficiency"":20,""incidence"":20},""profileId"":""steady"",""sourceUnits"":1,""companion"":{""enabled"":true,""source"":""wind"",""sourceSettings"":{""speed"":8,""radius"":40,""cp"":40,""rating"":3000},""profileId"":""steady"",""sourceUnits"":1,""offset"":0},""flex"":{""enabled"":true,""percent"":50,""fromStart"":160,""fromMinutes"":80,""toStart"":40,""toMinutes"":80},""battery"":{""capacity"":10,""power"":5,""roundtrip"":100,""initial"":75},""batteryUnits"":1,""reserve"":0,""demand"":3.75,""policy"":""release"",""loadId"":""flat"",""grid"":""outage"",""gridLimit"":{""enabled"":true,""power"":3.75},""outageStart"":90,""outageMinutes"":60,""duration"":240}"
218,"baseline","4:release",1.875,592.6983992293208,"true",0,0,0,0,590.8233992293208,0,0,10,0,0,0,0,590.8233992293208,0,0,10,0,0,0,0,0,0,0,0,5,1,"{""source"":""solarPv"",""sourceSettings"":{""irradiance"":0,""area"":20,""efficiency"":20,""incidence"":20},""profileId"":""steady"",""sourceUnits"":1,""companion"":{""enabled"":true,""source"":""wind"",""sourceSettings"":{""speed"":8,""radius"":40,""cp"":40,""rating"":3000},""profileId"":""steady"",""sourceUnits"":1,""offset"":0},""flex"":{""enabled"":true,""percent"":50,""fromStart"":160,""fromMinutes"":80,""toStart"":40,""toMinutes"":80},""battery"":{""capacity"":10,""power"":5,""roundtrip"":100,""initial"":75},""batteryUnits"":1,""reserve"":0,""demand"":3.75,""policy"":""backup"",""loadId"":""flat"",""grid"":""outage"",""gridLimit"":{""enabled"":false,""power"":2.5},""outageStart"":90,""outageMinutes"":60,""duration"":240}","{""source"":""solarPv"",""sourceSettings"":{""irradiance"":0,""area"":20,""efficiency"":20,""incidence"":20},""profileId"":""steady"",""sourceUnits"":1,""companion"":{""enabled"":true,""source"":""wind"",""sourceSettings"":{""speed"":8,""radius"":40,""cp"":40,""rating"":3000},""profileId"":""steady"",""sourceUnits"":1,""offset"":0},""flex"":{""enabled"":true,""percent"":50,""fromStart"":160,""fromMinutes"":80,""toStart"":40,""toMinutes"":80},""battery"":{""capacity"":10,""power"":5,""roundtrip"":100,""initial"":75},""batteryUnits"":1,""reserve"":0,""demand"":3.75,""policy"":""release"",""loadId"":""flat"",""grid"":""outage"",""gridLimit"":{""enabled"":true,""power"":3.75},""outageStart"":90,""outageMinutes"":60,""duration"":240}"
219,"baseline","4:release",1.875,592.6983992293208,"true",0,0,0,0,590.8233992293208,0,0,10,0,0,0,0,590.8233992293208,0,0,10,0,0,0,0,0,0,0,0,5,1,"{""source"":""solarPv"",""sourceSettings"":{""irradiance"":0,""area"":20,""efficiency"":20,""incidence"":20},""profileId"":""steady"",""sourceUnits"":1,""companion"":{""enabled"":true,""source"":""wind"",""sourceSettings"":{""speed"":8,""radius"":40,""cp"":40,""rating"":3000},""profileId"":""steady"",""sourceUnits"":1,""offset"":0},""flex"":{""enabled"":true,""percent"":50,""fromStart"":160,""fromMinutes"":80,""toStart"":40,""toMinutes"":80},""battery"":{""capacity"":10,""power"":5,""roundtrip"":100,""initial"":75},""batteryUnits"":1,""reserve"":0,""demand"":3.75,""policy"":""backup"",""loadId"":""flat"",""grid"":""outage"",""gridLimit"":{""enabled"":false,""power"":2.5},""outageStart"":90,""outageMinutes"":60,""duration"":240}","{""source"":""solarPv"",""sourceSettings"":{""irradiance"":0,""area"":20,""efficiency"":20,""incidence"":20},""profileId"":""steady"",""sourceUnits"":1,""companion"":{""enabled"":true,""source"":""wind"",""sourceSettings"":{""speed"":8,""radius"":40,""cp"":40,""rating"":3000},""profileId"":""steady"",""sourceUnits"":1,""offset"":0},""flex"":{""enabled"":true,""percent"":50,""fromStart"":160,""fromMinutes"":80,""toStart"":40,""toMinutes"":80},""battery"":{""capacity"":10,""power"":5,""roundtrip"":100,""initial"":75},""batteryUnits"":1,""reserve"":0,""demand"":3.75,""policy"":""release"",""loadId"":""flat"",""grid"":""outage"",""gridLimit"":{""enabled"":true,""power"":3.75},""outageStart"":90,""outageMinutes"":60,""duration"":240}"
220,"baseline","4:release",1.875,592.6983992293208,"true",0,0,0,0,590.8233992293208,0,0,10,0,0,0,0,590.8233992293208,0,0,10,0,0,0,0,0,0,0,0,5,1,"{""source"":""solarPv"",""sourceSettings"":{""irradiance"":0,""area"":20,""efficiency"":20,""incidence"":20},""profileId"":""steady"",""sourceUnits"":1,""companion"":{""enabled"":true,""source"":""wind"",""sourceSettings"":{""speed"":8,""radius"":40,""cp"":40,""rating"":3000},""profileId"":""steady"",""sourceUnits"":1,""offset"":0},""flex"":{""enabled"":true,""percent"":50,""fromStart"":160,""fromMinutes"":80,""toStart"":40,""toMinutes"":80},""battery"":{""capacity"":10,""power"":5,""roundtrip"":100,""initial"":75},""batteryUnits"":1,""reserve"":0,""demand"":3.75,""policy"":""backup"",""loadId"":""flat"",""grid"":""outage"",""gridLimit"":{""enabled"":false,""power"":2.5},""outageStart"":90,""outageMinutes"":60,""duration"":240}","{""source"":""solarPv"",""sourceSettings"":{""irradiance"":0,""area"":20,""efficiency"":20,""incidence"":20},""profileId"":""steady"",""sourceUnits"":1,""companion"":{""enabled"":true,""source"":""wind"",""sourceSettings"":{""speed"":8,""radius"":40,""cp"":40,""rating"":3000},""profileId"":""steady"",""sourceUnits"":1,""offset"":0},""flex"":{""enabled"":true,""percent"":50,""fromStart"":160,""fromMinutes"":80,""toStart"":40,""toMinutes"":80},""battery"":{""capacity"":10,""power"":5,""roundtrip"":100,""initial"":75},""batteryUnits"":1,""reserve"":0,""demand"":3.75,""policy"":""release"",""loadId"":""flat"",""grid"":""outage"",""gridLimit"":{""enabled"":true,""power"":3.75},""outageStart"":90,""outageMinutes"":60,""duration"":240}"
221,"baseline","4:release",1.875,592.6983992293208,"true",0,0,0,0,590.8233992293208,0,0,10,0,0,0,0,590.8233992293208,0,0,10,0,0,0,0,0,0,0,0,5,1,"{""source"":""solarPv"",""sourceSettings"":{""irradiance"":0,""area"":20,""efficiency"":20,""incidence"":20},""profileId"":""steady"",""sourceUnits"":1,""companion"":{""enabled"":true,""source"":""wind"",""sourceSettings"":{""speed"":8,""radius"":40,""cp"":40,""rating"":3000},""profileId"":""steady"",""sourceUnits"":1,""offset"":0},""flex"":{""enabled"":true,""percent"":50,""fromStart"":160,""fromMinutes"":80,""toStart"":40,""toMinutes"":80},""battery"":{""capacity"":10,""power"":5,""roundtrip"":100,""initial"":75},""batteryUnits"":1,""reserve"":0,""demand"":3.75,""policy"":""backup"",""loadId"":""flat"",""grid"":""outage"",""gridLimit"":{""enabled"":false,""power"":2.5},""outageStart"":90,""outageMinutes"":60,""duration"":240}","{""source"":""solarPv"",""sourceSettings"":{""irradiance"":0,""area"":20,""efficiency"":20,""incidence"":20},""profileId"":""steady"",""sourceUnits"":1,""companion"":{""enabled"":true,""source"":""wind"",""sourceSettings"":{""speed"":8,""radius"":40,""cp"":40,""rating"":3000},""profileId"":""steady"",""sourceUnits"":1,""offset"":0},""flex"":{""enabled"":true,""percent"":50,""fromStart"":160,""fromMinutes"":80,""toStart"":40,""toMinutes"":80},""battery"":{""capacity"":10,""power"":5,""roundtrip"":100,""initial"":75},""batteryUnits"":1,""reserve"":0,""demand"":3.75,""policy"":""release"",""loadId"":""flat"",""grid"":""outage"",""gridLimit"":{""enabled"":true,""power"":3.75},""outageStart"":90,""outageMinutes"":60,""duration"":240}"
222,"baseline","4:release",1.875,592.6983992293208,"true",0,0,0,0,590.8233992293208,0,0,10,0,0,0,0,590.8233992293208,0,0,10,0,0,0,0,0,0,0,0,5,1,"{""source"":""solarPv"",""sourceSettings"":{""irradiance"":0,""area"":20,""efficiency"":20,""incidence"":20},""profileId"":""steady"",""sourceUnits"":1,""companion"":{""enabled"":true,""source"":""wind"",""sourceSettings"":{""speed"":8,""radius"":40,""cp"":40,""rating"":3000},""profileId"":""steady"",""sourceUnits"":1,""offset"":0},""flex"":{""enabled"":true,""percent"":50,""fromStart"":160,""fromMinutes"":80,""toStart"":40,""toMinutes"":80},""battery"":{""capacity"":10,""power"":5,""roundtrip"":100,""initial"":75},""batteryUnits"":1,""reserve"":0,""demand"":3.75,""policy"":""backup"",""loadId"":""flat"",""grid"":""outage"",""gridLimit"":{""enabled"":false,""power"":2.5},""outageStart"":90,""outageMinutes"":60,""duration"":240}","{""source"":""solarPv"",""sourceSettings"":{""irradiance"":0,""area"":20,""efficiency"":20,""incidence"":20},""profileId"":""steady"",""sourceUnits"":1,""companion"":{""enabled"":true,""source"":""wind"",""sourceSettings"":{""speed"":8,""radius"":40,""cp"":40,""rating"":3000},""profileId"":""steady"",""sourceUnits"":1,""offset"":0},""flex"":{""enabled"":true,""percent"":50,""fromStart"":160,""fromMinutes"":80,""toStart"":40,""toMinutes"":80},""battery"":{""capacity"":10,""power"":5,""roundtrip"":100,""initial"":75},""batteryUnits"":1,""reserve"":0,""demand"":3.75,""policy"":""release"",""loadId"":""flat"",""grid"":""outage"",""gridLimit"":{""enabled"":true,""power"":3.75},""outageStart"":90,""outageMinutes"":60,""duration"":240}"
223,"baseline","4:release",1.875,592.6983992293208,"true",0,0,0,0,590.8233992293208,0,0,10,0,0,0,0,590.8233992293208,0,0,10,0,0,0,0,0,0,0,0,5,1,"{""source"":""solarPv"",""sourceSettings"":{""irradiance"":0,""area"":20,""efficiency"":20,""incidence"":20},""profileId"":""steady"",""sourceUnits"":1,""companion"":{""enabled"":true,""source"":""wind"",""sourceSettings"":{""speed"":8,""radius"":40,""cp"":40,""rating"":3000},""profileId"":""steady"",""sourceUnits"":1,""offset"":0},""flex"":{""enabled"":true,""percent"":50,""fromStart"":160,""fromMinutes"":80,""toStart"":40,""toMinutes"":80},""battery"":{""capacity"":10,""power"":5,""roundtrip"":100,""initial"":75},""batteryUnits"":1,""reserve"":0,""demand"":3.75,""policy"":""backup"",""loadId"":""flat"",""grid"":""outage"",""gridLimit"":{""enabled"":false,""power"":2.5},""outageStart"":90,""outageMinutes"":60,""duration"":240}","{""source"":""solarPv"",""sourceSettings"":{""irradiance"":0,""area"":20,""efficiency"":20,""incidence"":20},""profileId"":""steady"",""sourceUnits"":1,""companion"":{""enabled"":true,""source"":""wind"",""sourceSettings"":{""speed"":8,""radius"":40,""cp"":40,""rating"":3000},""profileId"":""steady"",""sourceUnits"":1,""offset"":0},""flex"":{""enabled"":true,""percent"":50,""fromStart"":160,""fromMinutes"":80,""toStart"":40,""toMinutes"":80},""battery"":{""capacity"":10,""power"":5,""roundtrip"":100,""initial"":75},""batteryUnits"":1,""reserve"":0,""demand"":3.75,""policy"":""release"",""loadId"":""flat"",""grid"":""outage"",""gridLimit"":{""enabled"":true,""power"":3.75},""outageStart"":90,""outageMinutes"":60,""duration"":240}"
224,"baseline","4:release",1.875,592.6983992293208,"true",0,0,0,0,590.8233992293208,0,0,10,0,0,0,0,590.8233992293208,0,0,10,0,0,0,0,0,0,0,0,5,1,"{""source"":""solarPv"",""sourceSettings"":{""irradiance"":0,""area"":20,""efficiency"":20,""incidence"":20},""profileId"":""steady"",""sourceUnits"":1,""companion"":{""enabled"":true,""source"":""wind"",""sourceSettings"":{""speed"":8,""radius"":40,""cp"":40,""rating"":3000},""profileId"":""steady"",""sourceUnits"":1,""offset"":0},""flex"":{""enabled"":true,""percent"":50,""fromStart"":160,""fromMinutes"":80,""toStart"":40,""toMinutes"":80},""battery"":{""capacity"":10,""power"":5,""roundtrip"":100,""initial"":75},""batteryUnits"":1,""reserve"":0,""demand"":3.75,""policy"":""backup"",""loadId"":""flat"",""grid"":""outage"",""gridLimit"":{""enabled"":false,""power"":2.5},""outageStart"":90,""outageMinutes"":60,""duration"":240}","{""source"":""solarPv"",""sourceSettings"":{""irradiance"":0,""area"":20,""efficiency"":20,""incidence"":20},""profileId"":""steady"",""sourceUnits"":1,""companion"":{""enabled"":true,""source"":""wind"",""sourceSettings"":{""speed"":8,""radius"":40,""cp"":40,""rating"":3000},""profileId"":""steady"",""sourceUnits"":1,""offset"":0},""flex"":{""enabled"":true,""percent"":50,""fromStart"":160,""fromMinutes"":80,""toStart"":40,""toMinutes"":80},""battery"":{""capacity"":10,""power"":5,""roundtrip"":100,""initial"":75},""batteryUnits"":1,""reserve"":0,""demand"":3.75,""policy"":""release"",""loadId"":""flat"",""grid"":""outage"",""gridLimit"":{""enabled"":true,""power"":3.75},""outageStart"":90,""outageMinutes"":60,""duration"":240}"
225,"baseline","4:release",1.875,592.6983992293208,"true",0,0,0,0,590.8233992293208,0,0,10,0,0,0,0,590.8233992293208,0,0,10,0,0,0,0,0,0,0,0,5,1,"{""source"":""solarPv"",""sourceSettings"":{""irradiance"":0,""area"":20,""efficiency"":20,""incidence"":20},""profileId"":""steady"",""sourceUnits"":1,""companion"":{""enabled"":true,""source"":""wind"",""sourceSettings"":{""speed"":8,""radius"":40,""cp"":40,""rating"":3000},""profileId"":""steady"",""sourceUnits"":1,""offset"":0},""flex"":{""enabled"":true,""percent"":50,""fromStart"":160,""fromMinutes"":80,""toStart"":40,""toMinutes"":80},""battery"":{""capacity"":10,""power"":5,""roundtrip"":100,""initial"":75},""batteryUnits"":1,""reserve"":0,""demand"":3.75,""policy"":""backup"",""loadId"":""flat"",""grid"":""outage"",""gridLimit"":{""enabled"":false,""power"":2.5},""outageStart"":90,""outageMinutes"":60,""duration"":240}","{""source"":""solarPv"",""sourceSettings"":{""irradiance"":0,""area"":20,""efficiency"":20,""incidence"":20},""profileId"":""steady"",""sourceUnits"":1,""companion"":{""enabled"":true,""source"":""wind"",""sourceSettings"":{""speed"":8,""radius"":40,""cp"":40,""rating"":3000},""profileId"":""steady"",""sourceUnits"":1,""offset"":0},""flex"":{""enabled"":true,""percent"":50,""fromStart"":160,""fromMinutes"":80,""toStart"":40,""toMinutes"":80},""battery"":{""capacity"":10,""power"":5,""roundtrip"":100,""initial"":75},""batteryUnits"":1,""reserve"":0,""demand"":3.75,""policy"":""release"",""loadId"":""flat"",""grid"":""outage"",""gridLimit"":{""enabled"":true,""power"":3.75},""outageStart"":90,""outageMinutes"":60,""duration"":240}"
226,"baseline","4:release",1.875,592.6983992293208,"true",0,0,0,0,590.8233992293208,0,0,10,0,0,0,0,590.8233992293208,0,0,10,0,0,0,0,0,0,0,0,5,1,"{""source"":""solarPv"",""sourceSettings"":{""irradiance"":0,""area"":20,""efficiency"":20,""incidence"":20},""profileId"":""steady"",""sourceUnits"":1,""companion"":{""enabled"":true,""source"":""wind"",""sourceSettings"":{""speed"":8,""radius"":40,""cp"":40,""rating"":3000},""profileId"":""steady"",""sourceUnits"":1,""offset"":0},""flex"":{""enabled"":true,""percent"":50,""fromStart"":160,""fromMinutes"":80,""toStart"":40,""toMinutes"":80},""battery"":{""capacity"":10,""power"":5,""roundtrip"":100,""initial"":75},""batteryUnits"":1,""reserve"":0,""demand"":3.75,""policy"":""backup"",""loadId"":""flat"",""grid"":""outage"",""gridLimit"":{""enabled"":false,""power"":2.5},""outageStart"":90,""outageMinutes"":60,""duration"":240}","{""source"":""solarPv"",""sourceSettings"":{""irradiance"":0,""area"":20,""efficiency"":20,""incidence"":20},""profileId"":""steady"",""sourceUnits"":1,""companion"":{""enabled"":true,""source"":""wind"",""sourceSettings"":{""speed"":8,""radius"":40,""cp"":40,""rating"":3000},""profileId"":""steady"",""sourceUnits"":1,""offset"":0},""flex"":{""enabled"":true,""percent"":50,""fromStart"":160,""fromMinutes"":80,""toStart"":40,""toMinutes"":80},""battery"":{""capacity"":10,""power"":5,""roundtrip"":100,""initial"":75},""batteryUnits"":1,""reserve"":0,""demand"":3.75,""policy"":""release"",""loadId"":""flat"",""grid"":""outage"",""gridLimit"":{""enabled"":true,""power"":3.75},""outageStart"":90,""outageMinutes"":60,""duration"":240}"
227,"baseline","4:release",1.875,592.6983992293208,"true",0,0,0,0,590.8233992293208,0,0,10,0,0,0,0,590.8233992293208,0,0,10,0,0,0,0,0,0,0,0,5,1,"{""source"":""solarPv"",""sourceSettings"":{""irradiance"":0,""area"":20,""efficiency"":20,""incidence"":20},""profileId"":""steady"",""sourceUnits"":1,""companion"":{""enabled"":true,""source"":""wind"",""sourceSettings"":{""speed"":8,""radius"":40,""cp"":40,""rating"":3000},""profileId"":""steady"",""sourceUnits"":1,""offset"":0},""flex"":{""enabled"":true,""percent"":50,""fromStart"":160,""fromMinutes"":80,""toStart"":40,""toMinutes"":80},""battery"":{""capacity"":10,""power"":5,""roundtrip"":100,""initial"":75},""batteryUnits"":1,""reserve"":0,""demand"":3.75,""policy"":""backup"",""loadId"":""flat"",""grid"":""outage"",""gridLimit"":{""enabled"":false,""power"":2.5},""outageStart"":90,""outageMinutes"":60,""duration"":240}","{""source"":""solarPv"",""sourceSettings"":{""irradiance"":0,""area"":20,""efficiency"":20,""incidence"":20},""profileId"":""steady"",""sourceUnits"":1,""companion"":{""enabled"":true,""source"":""wind"",""sourceSettings"":{""speed"":8,""radius"":40,""cp"":40,""rating"":3000},""profileId"":""steady"",""sourceUnits"":1,""offset"":0},""flex"":{""enabled"":true,""percent"":50,""fromStart"":160,""fromMinutes"":80,""toStart"":40,""toMinutes"":80},""battery"":{""capacity"":10,""power"":5,""roundtrip"":100,""initial"":75},""batteryUnits"":1,""reserve"":0,""demand"":3.75,""policy"":""release"",""loadId"":""flat"",""grid"":""outage"",""gridLimit"":{""enabled"":true,""power"":3.75},""outageStart"":90,""outageMinutes"":60,""duration"":240}"
228,"baseline","4:release",1.875,592.6983992293208,"true",0,0,0,0,590.8233992293208,0,0,10,0,0,0,0,590.8233992293208,0,0,10,0,0,0,0,0,0,0,0,5,1,"{""source"":""solarPv"",""sourceSettings"":{""irradiance"":0,""area"":20,""efficiency"":20,""incidence"":20},""profileId"":""steady"",""sourceUnits"":1,""companion"":{""enabled"":true,""source"":""wind"",""sourceSettings"":{""speed"":8,""radius"":40,""cp"":40,""rating"":3000},""profileId"":""steady"",""sourceUnits"":1,""offset"":0},""flex"":{""enabled"":true,""percent"":50,""fromStart"":160,""fromMinutes"":80,""toStart"":40,""toMinutes"":80},""battery"":{""capacity"":10,""power"":5,""roundtrip"":100,""initial"":75},""batteryUnits"":1,""reserve"":0,""demand"":3.75,""policy"":""backup"",""loadId"":""flat"",""grid"":""outage"",""gridLimit"":{""enabled"":false,""power"":2.5},""outageStart"":90,""outageMinutes"":60,""duration"":240}","{""source"":""solarPv"",""sourceSettings"":{""irradiance"":0,""area"":20,""efficiency"":20,""incidence"":20},""profileId"":""steady"",""sourceUnits"":1,""companion"":{""enabled"":true,""source"":""wind"",""sourceSettings"":{""speed"":8,""radius"":40,""cp"":40,""rating"":3000},""profileId"":""steady"",""sourceUnits"":1,""offset"":0},""flex"":{""enabled"":true,""percent"":50,""fromStart"":160,""fromMinutes"":80,""toStart"":40,""toMinutes"":80},""battery"":{""capacity"":10,""power"":5,""roundtrip"":100,""initial"":75},""batteryUnits"":1,""reserve"":0,""demand"":3.75,""policy"":""release"",""loadId"":""flat"",""grid"":""outage"",""gridLimit"":{""enabled"":true,""power"":3.75},""outageStart"":90,""outageMinutes"":60,""duration"":240}"
229,"baseline","4:release",1.875,592.6983992293208,"true",0,0,0,0,590.8233992293208,0,0,10,0,0,0,0,590.8233992293208,0,0,10,0,0,0,0,0,0,0,0,5,1,"{""source"":""solarPv"",""sourceSettings"":{""irradiance"":0,""area"":20,""efficiency"":20,""incidence"":20},""profileId"":""steady"",""sourceUnits"":1,""companion"":{""enabled"":true,""source"":""wind"",""sourceSettings"":{""speed"":8,""radius"":40,""cp"":40,""rating"":3000},""profileId"":""steady"",""sourceUnits"":1,""offset"":0},""flex"":{""enabled"":true,""percent"":50,""fromStart"":160,""fromMinutes"":80,""toStart"":40,""toMinutes"":80},""battery"":{""capacity"":10,""power"":5,""roundtrip"":100,""initial"":75},""batteryUnits"":1,""reserve"":0,""demand"":3.75,""policy"":""backup"",""loadId"":""flat"",""grid"":""outage"",""gridLimit"":{""enabled"":false,""power"":2.5},""outageStart"":90,""outageMinutes"":60,""duration"":240}","{""source"":""solarPv"",""sourceSettings"":{""irradiance"":0,""area"":20,""efficiency"":20,""incidence"":20},""profileId"":""steady"",""sourceUnits"":1,""companion"":{""enabled"":true,""source"":""wind"",""sourceSettings"":{""speed"":8,""radius"":40,""cp"":40,""rating"":3000},""profileId"":""steady"",""sourceUnits"":1,""offset"":0},""flex"":{""enabled"":true,""percent"":50,""fromStart"":160,""fromMinutes"":80,""toStart"":40,""toMinutes"":80},""battery"":{""capacity"":10,""power"":5,""roundtrip"":100,""initial"":75},""batteryUnits"":1,""reserve"":0,""demand"":3.75,""policy"":""release"",""loadId"":""flat"",""grid"":""outage"",""gridLimit"":{""enabled"":true,""power"":3.75},""outageStart"":90,""outageMinutes"":60,""duration"":240}"
230,"baseline","4:release",1.875,592.6983992293208,"true",0,0,0,0,590.8233992293208,0,0,10,0,0,0,0,590.8233992293208,0,0,10,0,0,0,0,0,0,0,0,5,1,"{""source"":""solarPv"",""sourceSettings"":{""irradiance"":0,""area"":20,""efficiency"":20,""incidence"":20},""profileId"":""steady"",""sourceUnits"":1,""companion"":{""enabled"":true,""source"":""wind"",""sourceSettings"":{""speed"":8,""radius"":40,""cp"":40,""rating"":3000},""profileId"":""steady"",""sourceUnits"":1,""offset"":0},""flex"":{""enabled"":true,""percent"":50,""fromStart"":160,""fromMinutes"":80,""toStart"":40,""toMinutes"":80},""battery"":{""capacity"":10,""power"":5,""roundtrip"":100,""initial"":75},""batteryUnits"":1,""reserve"":0,""demand"":3.75,""policy"":""backup"",""loadId"":""flat"",""grid"":""outage"",""gridLimit"":{""enabled"":false,""power"":2.5},""outageStart"":90,""outageMinutes"":60,""duration"":240}","{""source"":""solarPv"",""sourceSettings"":{""irradiance"":0,""area"":20,""efficiency"":20,""incidence"":20},""profileId"":""steady"",""sourceUnits"":1,""companion"":{""enabled"":true,""source"":""wind"",""sourceSettings"":{""speed"":8,""radius"":40,""cp"":40,""rating"":3000},""profileId"":""steady"",""sourceUnits"":1,""offset"":0},""flex"":{""enabled"":true,""percent"":50,""fromStart"":160,""fromMinutes"":80,""toStart"":40,""toMinutes"":80},""battery"":{""capacity"":10,""power"":5,""roundtrip"":100,""initial"":75},""batteryUnits"":1,""reserve"":0,""demand"":3.75,""policy"":""release"",""loadId"":""flat"",""grid"":""outage"",""gridLimit"":{""enabled"":true,""power"":3.75},""outageStart"":90,""outageMinutes"":60,""duration"":240}"
231,"baseline","4:release",1.875,592.6983992293208,"true",0,0,0,0,590.8233992293208,0,0,10,0,0,0,0,590.8233992293208,0,0,10,0,0,0,0,0,0,0,0,5,1,"{""source"":""solarPv"",""sourceSettings"":{""irradiance"":0,""area"":20,""efficiency"":20,""incidence"":20},""profileId"":""steady"",""sourceUnits"":1,""companion"":{""enabled"":true,""source"":""wind"",""sourceSettings"":{""speed"":8,""radius"":40,""cp"":40,""rating"":3000},""profileId"":""steady"",""sourceUnits"":1,""offset"":0},""flex"":{""enabled"":true,""percent"":50,""fromStart"":160,""fromMinutes"":80,""toStart"":40,""toMinutes"":80},""battery"":{""capacity"":10,""power"":5,""roundtrip"":100,""initial"":75},""batteryUnits"":1,""reserve"":0,""demand"":3.75,""policy"":""backup"",""loadId"":""flat"",""grid"":""outage"",""gridLimit"":{""enabled"":false,""power"":2.5},""outageStart"":90,""outageMinutes"":60,""duration"":240}","{""source"":""solarPv"",""sourceSettings"":{""irradiance"":0,""area"":20,""efficiency"":20,""incidence"":20},""profileId"":""steady"",""sourceUnits"":1,""companion"":{""enabled"":true,""source"":""wind"",""sourceSettings"":{""speed"":8,""radius"":40,""cp"":40,""rating"":3000},""profileId"":""steady"",""sourceUnits"":1,""offset"":0},""flex"":{""enabled"":true,""percent"":50,""fromStart"":160,""fromMinutes"":80,""toStart"":40,""toMinutes"":80},""battery"":{""capacity"":10,""power"":5,""roundtrip"":100,""initial"":75},""batteryUnits"":1,""reserve"":0,""demand"":3.75,""policy"":""release"",""loadId"":""flat"",""grid"":""outage"",""gridLimit"":{""enabled"":true,""power"":3.75},""outageStart"":90,""outageMinutes"":60,""duration"":240}"
232,"baseline","4:release",1.875,592.6983992293208,"true",0,0,0,0,590.8233992293208,0,0,10,0,0,0,0,590.8233992293208,0,0,10,0,0,0,0,0,0,0,0,5,1,"{""source"":""solarPv"",""sourceSettings"":{""irradiance"":0,""area"":20,""efficiency"":20,""incidence"":20},""profileId"":""steady"",""sourceUnits"":1,""companion"":{""enabled"":true,""source"":""wind"",""sourceSettings"":{""speed"":8,""radius"":40,""cp"":40,""rating"":3000},""profileId"":""steady"",""sourceUnits"":1,""offset"":0},""flex"":{""enabled"":true,""percent"":50,""fromStart"":160,""fromMinutes"":80,""toStart"":40,""toMinutes"":80},""battery"":{""capacity"":10,""power"":5,""roundtrip"":100,""initial"":75},""batteryUnits"":1,""reserve"":0,""demand"":3.75,""policy"":""backup"",""loadId"":""flat"",""grid"":""outage"",""gridLimit"":{""enabled"":false,""power"":2.5},""outageStart"":90,""outageMinutes"":60,""duration"":240}","{""source"":""solarPv"",""sourceSettings"":{""irradiance"":0,""area"":20,""efficiency"":20,""incidence"":20},""profileId"":""steady"",""sourceUnits"":1,""companion"":{""enabled"":true,""source"":""wind"",""sourceSettings"":{""speed"":8,""radius"":40,""cp"":40,""rating"":3000},""profileId"":""steady"",""sourceUnits"":1,""offset"":0},""flex"":{""enabled"":true,""percent"":50,""fromStart"":160,""fromMinutes"":80,""toStart"":40,""toMinutes"":80},""battery"":{""capacity"":10,""power"":5,""roundtrip"":100,""initial"":75},""batteryUnits"":1,""reserve"":0,""demand"":3.75,""policy"":""release"",""loadId"":""flat"",""grid"":""outage"",""gridLimit"":{""enabled"":true,""power"":3.75},""outageStart"":90,""outageMinutes"":60,""duration"":240}"
233,"baseline","4:release",1.875,592.6983992293208,"true",0,0,0,0,590.8233992293208,0,0,10,0,0,0,0,590.8233992293208,0,0,10,0,0,0,0,0,0,0,0,5,1,"{""source"":""solarPv"",""sourceSettings"":{""irradiance"":0,""area"":20,""efficiency"":20,""incidence"":20},""profileId"":""steady"",""sourceUnits"":1,""companion"":{""enabled"":true,""source"":""wind"",""sourceSettings"":{""speed"":8,""radius"":40,""cp"":40,""rating"":3000},""profileId"":""steady"",""sourceUnits"":1,""offset"":0},""flex"":{""enabled"":true,""percent"":50,""fromStart"":160,""fromMinutes"":80,""toStart"":40,""toMinutes"":80},""battery"":{""capacity"":10,""power"":5,""roundtrip"":100,""initial"":75},""batteryUnits"":1,""reserve"":0,""demand"":3.75,""policy"":""backup"",""loadId"":""flat"",""grid"":""outage"",""gridLimit"":{""enabled"":false,""power"":2.5},""outageStart"":90,""outageMinutes"":60,""duration"":240}","{""source"":""solarPv"",""sourceSettings"":{""irradiance"":0,""area"":20,""efficiency"":20,""incidence"":20},""profileId"":""steady"",""sourceUnits"":1,""companion"":{""enabled"":true,""source"":""wind"",""sourceSettings"":{""speed"":8,""radius"":40,""cp"":40,""rating"":3000},""profileId"":""steady"",""sourceUnits"":1,""offset"":0},""flex"":{""enabled"":true,""percent"":50,""fromStart"":160,""fromMinutes"":80,""toStart"":40,""toMinutes"":80},""battery"":{""capacity"":10,""power"":5,""roundtrip"":100,""initial"":75},""batteryUnits"":1,""reserve"":0,""demand"":3.75,""policy"":""release"",""loadId"":""flat"",""grid"":""outage"",""gridLimit"":{""enabled"":true,""power"":3.75},""outageStart"":90,""outageMinutes"":60,""duration"":240}"
234,"baseline","4:release",1.875,592.6983992293208,"true",0,0,0,0,590.8233992293208,0,0,10,0,0,0,0,590.8233992293208,0,0,10,0,0,0,0,0,0,0,0,5,1,"{""source"":""solarPv"",""sourceSettings"":{""irradiance"":0,""area"":20,""efficiency"":20,""incidence"":20},""profileId"":""steady"",""sourceUnits"":1,""companion"":{""enabled"":true,""source"":""wind"",""sourceSettings"":{""speed"":8,""radius"":40,""cp"":40,""rating"":3000},""profileId"":""steady"",""sourceUnits"":1,""offset"":0},""flex"":{""enabled"":true,""percent"":50,""fromStart"":160,""fromMinutes"":80,""toStart"":40,""toMinutes"":80},""battery"":{""capacity"":10,""power"":5,""roundtrip"":100,""initial"":75},""batteryUnits"":1,""reserve"":0,""demand"":3.75,""policy"":""backup"",""loadId"":""flat"",""grid"":""outage"",""gridLimit"":{""enabled"":false,""power"":2.5},""outageStart"":90,""outageMinutes"":60,""duration"":240}","{""source"":""solarPv"",""sourceSettings"":{""irradiance"":0,""area"":20,""efficiency"":20,""incidence"":20},""profileId"":""steady"",""sourceUnits"":1,""companion"":{""enabled"":true,""source"":""wind"",""sourceSettings"":{""speed"":8,""radius"":40,""cp"":40,""rating"":3000},""profileId"":""steady"",""sourceUnits"":1,""offset"":0},""flex"":{""enabled"":true,""percent"":50,""fromStart"":160,""fromMinutes"":80,""toStart"":40,""toMinutes"":80},""battery"":{""capacity"":10,""power"":5,""roundtrip"":100,""initial"":75},""batteryUnits"":1,""reserve"":0,""demand"":3.75,""policy"":""release"",""loadId"":""flat"",""grid"":""outage"",""gridLimit"":{""enabled"":true,""power"":3.75},""outageStart"":90,""outageMinutes"":60,""duration"":240}"
235,"baseline","4:release",1.875,592.6983992293208,"true",0,0,0,0,590.8233992293208,0,0,10,0,0,0,0,590.8233992293208,0,0,10,0,0,0,0,0,0,0,0,5,1,"{""source"":""solarPv"",""sourceSettings"":{""irradiance"":0,""area"":20,""efficiency"":20,""incidence"":20},""profileId"":""steady"",""sourceUnits"":1,""companion"":{""enabled"":true,""source"":""wind"",""sourceSettings"":{""speed"":8,""radius"":40,""cp"":40,""rating"":3000},""profileId"":""steady"",""sourceUnits"":1,""offset"":0},""flex"":{""enabled"":true,""percent"":50,""fromStart"":160,""fromMinutes"":80,""toStart"":40,""toMinutes"":80},""battery"":{""capacity"":10,""power"":5,""roundtrip"":100,""initial"":75},""batteryUnits"":1,""reserve"":0,""demand"":3.75,""policy"":""backup"",""loadId"":""flat"",""grid"":""outage"",""gridLimit"":{""enabled"":false,""power"":2.5},""outageStart"":90,""outageMinutes"":60,""duration"":240}","{""source"":""solarPv"",""sourceSettings"":{""irradiance"":0,""area"":20,""efficiency"":20,""incidence"":20},""profileId"":""steady"",""sourceUnits"":1,""companion"":{""enabled"":true,""source"":""wind"",""sourceSettings"":{""speed"":8,""radius"":40,""cp"":40,""rating"":3000},""profileId"":""steady"",""sourceUnits"":1,""offset"":0},""flex"":{""enabled"":true,""percent"":50,""fromStart"":160,""fromMinutes"":80,""toStart"":40,""toMinutes"":80},""battery"":{""capacity"":10,""power"":5,""roundtrip"":100,""initial"":75},""batteryUnits"":1,""reserve"":0,""demand"":3.75,""policy"":""release"",""loadId"":""flat"",""grid"":""outage"",""gridLimit"":{""enabled"":true,""power"":3.75},""outageStart"":90,""outageMinutes"":60,""duration"":240}"
236,"baseline","4:release",1.875,592.6983992293208,"true",0,0,0,0,590.8233992293208,0,0,10,0,0,0,0,590.8233992293208,0,0,10,0,0,0,0,0,0,0,0,5,1,"{""source"":""solarPv"",""sourceSettings"":{""irradiance"":0,""area"":20,""efficiency"":20,""incidence"":20},""profileId"":""steady"",""sourceUnits"":1,""companion"":{""enabled"":true,""source"":""wind"",""sourceSettings"":{""speed"":8,""radius"":40,""cp"":40,""rating"":3000},""profileId"":""steady"",""sourceUnits"":1,""offset"":0},""flex"":{""enabled"":true,""percent"":50,""fromStart"":160,""fromMinutes"":80,""toStart"":40,""toMinutes"":80},""battery"":{""capacity"":10,""power"":5,""roundtrip"":100,""initial"":75},""batteryUnits"":1,""reserve"":0,""demand"":3.75,""policy"":""backup"",""loadId"":""flat"",""grid"":""outage"",""gridLimit"":{""enabled"":false,""power"":2.5},""outageStart"":90,""outageMinutes"":60,""duration"":240}","{""source"":""solarPv"",""sourceSettings"":{""irradiance"":0,""area"":20,""efficiency"":20,""incidence"":20},""profileId"":""steady"",""sourceUnits"":1,""companion"":{""enabled"":true,""source"":""wind"",""sourceSettings"":{""speed"":8,""radius"":40,""cp"":40,""rating"":3000},""profileId"":""steady"",""sourceUnits"":1,""offset"":0},""flex"":{""enabled"":true,""percent"":50,""fromStart"":160,""fromMinutes"":80,""toStart"":40,""toMinutes"":80},""battery"":{""capacity"":10,""power"":5,""roundtrip"":100,""initial"":75},""batteryUnits"":1,""reserve"":0,""demand"":3.75,""policy"":""release"",""loadId"":""flat"",""grid"":""outage"",""gridLimit"":{""enabled"":true,""power"":3.75},""outageStart"":90,""outageMinutes"":60,""duration"":240}"
237,"baseline","4:release",1.875,592.6983992293208,"true",0,0,0,0,590.8233992293208,0,0,10,0,0,0,0,590.8233992293208,0,0,10,0,0,0,0,0,0,0,0,5,1,"{""source"":""solarPv"",""sourceSettings"":{""irradiance"":0,""area"":20,""efficiency"":20,""incidence"":20},""profileId"":""steady"",""sourceUnits"":1,""companion"":{""enabled"":true,""source"":""wind"",""sourceSettings"":{""speed"":8,""radius"":40,""cp"":40,""rating"":3000},""profileId"":""steady"",""sourceUnits"":1,""offset"":0},""flex"":{""enabled"":true,""percent"":50,""fromStart"":160,""fromMinutes"":80,""toStart"":40,""toMinutes"":80},""battery"":{""capacity"":10,""power"":5,""roundtrip"":100,""initial"":75},""batteryUnits"":1,""reserve"":0,""demand"":3.75,""policy"":""backup"",""loadId"":""flat"",""grid"":""outage"",""gridLimit"":{""enabled"":false,""power"":2.5},""outageStart"":90,""outageMinutes"":60,""duration"":240}","{""source"":""solarPv"",""sourceSettings"":{""irradiance"":0,""area"":20,""efficiency"":20,""incidence"":20},""profileId"":""steady"",""sourceUnits"":1,""companion"":{""enabled"":true,""source"":""wind"",""sourceSettings"":{""speed"":8,""radius"":40,""cp"":40,""rating"":3000},""profileId"":""steady"",""sourceUnits"":1,""offset"":0},""flex"":{""enabled"":true,""percent"":50,""fromStart"":160,""fromMinutes"":80,""toStart"":40,""toMinutes"":80},""battery"":{""capacity"":10,""power"":5,""roundtrip"":100,""initial"":75},""batteryUnits"":1,""reserve"":0,""demand"":3.75,""policy"":""release"",""loadId"":""flat"",""grid"":""outage"",""gridLimit"":{""enabled"":true,""power"":3.75},""outageStart"":90,""outageMinutes"":60,""duration"":240}"
238,"baseline","4:release",1.875,592.6983992293208,"true",0,0,0,0,590.8233992293208,0,0,10,0,0,0,0,590.8233992293208,0,0,10,0,0,0,0,0,0,0,0,5,1,"{""source"":""solarPv"",""sourceSettings"":{""irradiance"":0,""area"":20,""efficiency"":20,""incidence"":20},""profileId"":""steady"",""sourceUnits"":1,""companion"":{""enabled"":true,""source"":""wind"",""sourceSettings"":{""speed"":8,""radius"":40,""cp"":40,""rating"":3000},""profileId"":""steady"",""sourceUnits"":1,""offset"":0},""flex"":{""enabled"":true,""percent"":50,""fromStart"":160,""fromMinutes"":80,""toStart"":40,""toMinutes"":80},""battery"":{""capacity"":10,""power"":5,""roundtrip"":100,""initial"":75},""batteryUnits"":1,""reserve"":0,""demand"":3.75,""policy"":""backup"",""loadId"":""flat"",""grid"":""outage"",""gridLimit"":{""enabled"":false,""power"":2.5},""outageStart"":90,""outageMinutes"":60,""duration"":240}","{""source"":""solarPv"",""sourceSettings"":{""irradiance"":0,""area"":20,""efficiency"":20,""incidence"":20},""profileId"":""steady"",""sourceUnits"":1,""companion"":{""enabled"":true,""source"":""wind"",""sourceSettings"":{""speed"":8,""radius"":40,""cp"":40,""rating"":3000},""profileId"":""steady"",""sourceUnits"":1,""offset"":0},""flex"":{""enabled"":true,""percent"":50,""fromStart"":160,""fromMinutes"":80,""toStart"":40,""toMinutes"":80},""battery"":{""capacity"":10,""power"":5,""roundtrip"":100,""initial"":75},""batteryUnits"":1,""reserve"":0,""demand"":3.75,""policy"":""release"",""loadId"":""flat"",""grid"":""outage"",""gridLimit"":{""enabled"":true,""power"":3.75},""outageStart"":90,""outageMinutes"":60,""duration"":240}"
239,"baseline","4:release",1.875,592.6983992293208,"true",0,0,0,0,590.8233992293208,0,0,10,0,0,0,0,590.8233992293208,0,0,10,0,0,0,0,0,0,0,0,5,1,"{""source"":""solarPv"",""sourceSettings"":{""irradiance"":0,""area"":20,""efficiency"":20,""incidence"":20},""profileId"":""steady"",""sourceUnits"":1,""companion"":{""enabled"":true,""source"":""wind"",""sourceSettings"":{""speed"":8,""radius"":40,""cp"":40,""rating"":3000},""profileId"":""steady"",""sourceUnits"":1,""offset"":0},""flex"":{""enabled"":true,""percent"":50,""fromStart"":160,""fromMinutes"":80,""toStart"":40,""toMinutes"":80},""battery"":{""capacity"":10,""power"":5,""roundtrip"":100,""initial"":75},""batteryUnits"":1,""reserve"":0,""demand"":3.75,""policy"":""backup"",""loadId"":""flat"",""grid"":""outage"",""gridLimit"":{""enabled"":false,""power"":2.5},""outageStart"":90,""outageMinutes"":60,""duration"":240}","{""source"":""solarPv"",""sourceSettings"":{""irradiance"":0,""area"":20,""efficiency"":20,""incidence"":20},""profileId"":""steady"",""sourceUnits"":1,""companion"":{""enabled"":true,""source"":""wind"",""sourceSettings"":{""speed"":8,""radius"":40,""cp"":40,""rating"":3000},""profileId"":""steady"",""sourceUnits"":1,""offset"":0},""flex"":{""enabled"":true,""percent"":50,""fromStart"":160,""fromMinutes"":80,""toStart"":40,""toMinutes"":80},""battery"":{""capacity"":10,""power"":5,""roundtrip"":100,""initial"":75},""batteryUnits"":1,""reserve"":0,""demand"":3.75,""policy"":""release"",""loadId"":""flat"",""grid"":""outage"",""gridLimit"":{""enabled"":true,""power"":3.75},""outageStart"":90,""outageMinutes"":60,""duration"":240}"
240,"baseline","4:release",0,0,"true",0,0,0,0,0,0,0,10,0,0,0,0,0,0,0,10,0,0,0,0,0,0,0,0,5,1,"{""source"":""solarPv"",""sourceSettings"":{""irradiance"":0,""area"":20,""efficiency"":20,""incidence"":20},""profileId"":""steady"",""sourceUnits"":1,""companion"":{""enabled"":true,""source"":""wind"",""sourceSettings"":{""speed"":8,""radius"":40,""cp"":40,""rating"":3000},""profileId"":""steady"",""sourceUnits"":1,""offset"":0},""flex"":{""enabled"":true,""percent"":50,""fromStart"":160,""fromMinutes"":80,""toStart"":40,""toMinutes"":80},""battery"":{""capacity"":10,""power"":5,""roundtrip"":100,""initial"":75},""batteryUnits"":1,""reserve"":0,""demand"":3.75,""policy"":""backup"",""loadId"":""flat"",""grid"":""outage"",""gridLimit"":{""enabled"":false,""power"":2.5},""outageStart"":90,""outageMinutes"":60,""duration"":240}","{""source"":""solarPv"",""sourceSettings"":{""irradiance"":0,""area"":20,""efficiency"":20,""incidence"":20},""profileId"":""steady"",""sourceUnits"":1,""companion"":{""enabled"":true,""source"":""wind"",""sourceSettings"":{""speed"":8,""radius"":40,""cp"":40,""rating"":3000},""profileId"":""steady"",""sourceUnits"":1,""offset"":0},""flex"":{""enabled"":true,""percent"":50,""fromStart"":160,""fromMinutes"":80,""toStart"":40,""toMinutes"":80},""battery"":{""capacity"":10,""power"":5,""roundtrip"":100,""initial"":75},""batteryUnits"":1,""reserve"":0,""demand"":3.75,""policy"":""release"",""loadId"":""flat"",""grid"":""outage"",""gridLimit"":{""enabled"":true,""power"":3.75},""outageStart"":90,""outageMinutes"":60,""duration"":240}"